Endpoint,Gene,HR,Lower CI,CI Width,Upper CI,SE,Statistic,P-value,FDR,Global ZPH P-value,Global ZPH ChiSq,Gene ZPH P-value
DSS,A2M,1.114818825,0.826466645,0.677309726,1.503776371,0.152700572,0.711797613,0.476590111,0.999506409,0.526883641,2.22580424,0.323478864
DSS,ABCB1,0.934883541,0.641615461,0.720582439,1.362197901,0.192061086,-0.350582798,0.725901363,0.999506409,0.383597151,3.052527564,0.515112529
DSS,ABCF1,0.858071214,0.639152414,0.512820406,1.151972819,0.150280389,-1.018550617,0.308416359,0.999506409,0.231246302,4.295774077,0.097833821
DSS,ABL1,1.022179831,0.732500752,0.693916358,1.42641711,0.170017587,0.129030392,0.8973336,0.999506409,0.622649887,1.764684876,0.622975514
DSS,ACOT12,0.805956961,0.568084856,0.57534753,1.143432386,0.178452024,-1.208867971,0.226713573,0.999506409,0.619344634,1.779781165,0.937118099
DSS,ACSF3,0.854120181,0.603224533,0.606144854,1.209369386,0.177443273,-0.888641006,0.374196046,0.999506409,0.11339602,5.963572388,0.02506023
DSS,ACTA2,1.203923254,0.901923473,0.705121079,1.607044551,0.147355364,1.25944246,0.207870561,0.999506409,0.616718349,1.791812028,0.525330429
DSS,ACTB,0.854394873,0.628953996,0.531688283,1.160642279,0.156296419,-1.006816487,0.31402297,0.999506409,0.663240905,1.583042487,0.606329932
DSS,ACTR3B,1.01856221,0.694924777,0.797997924,1.492922701,0.195076905,0.094280944,0.924885987,0.999506409,0.641260763,1.680576143,0.581508845
DSS,ACVR1B,0.911535978,0.630588775,0.687065252,1.317654026,0.188001984,-0.492676795,0.622240976,0.999506409,0.650079784,1.641220928,0.907444232
DSS,ACVR1C,0.818723499,0.569284037,0.608174182,1.177458219,0.185394694,-1.078827314,0.280664716,0.999506409,0.351638253,3.271434552,0.525147045
DSS,ACVR2A,0.94682619,0.7218344,0.520112277,1.241946676,0.138431008,-0.394707381,0.693058855,0.999506409,0.606498961,1.83893572,0.814305979
DSS,ACY1,0.927192901,0.639423299,0.70504863,1.344471929,0.18959275,-0.398715897,0.690102553,0.999506409,0.647163908,1.654199136,0.935675274
DSS,ADA,1.045305951,0.70563474,0.842849865,1.548484604,0.200497133,0.220998763,0.825093396,0.999506409,0.636402725,1.702389325,0.671544971
DSS,ADAM12,0.70704698,0.499586807,0.501070987,1.000657794,0.177205166,-1.956253158,0.050435339,0.999506409,0.70607977,1.397675191,0.740226372
DSS,ADGRE1,0.880731228,0.614880619,0.646644744,1.261525363,0.183332129,-0.692746963,0.488468361,0.999506409,0.483642658,2.454103932,0.815045695
DSS,ADGRE5,0.919807657,0.659262979,0.624058171,1.28332115,0.169922544,-0.491934136,0.622765905,0.999506409,0.380306079,3.074331662,0.142923348
DSS,ADH1A.B.C,0.984433753,0.679508585,0.74668357,1.426192155,0.189134464,-0.08294984,0.933891424,0.999506409,0.573936025,1.992638458,0.964881067
DSS,ADH6,0.883779724,0.621161099,0.636268901,1.25743,0.179910134,-0.686717446,0.492260801,0.999506409,0.488635026,2.426963971,0.701262792
DSS,ADM,0.983882617,0.73524722,0.581350759,1.316597979,0.148625079,-0.109326641,0.912943417,0.999506409,0.297788208,3.683028241,0.08020609
DSS,ADORA2A,1.101316974,0.768328917,0.810290669,1.578619586,0.183699331,0.525351464,0.599338888,0.999506409,0.649158184,1.645319284,0.774552577
DSS,AFDN,1.055695235,0.74135617,0.761959612,1.503315781,0.180347012,0.300529184,0.763773539,0.999506409,0.569014046,2.016379507,0.535851294
DSS,AICDA,0.967122411,0.673262152,0.715982374,1.389244525,0.184794363,-0.180904886,0.856442234,0.999506409,0.605188312,1.845015868,0.933404127
DSS,AIRE,1.039575262,0.719902879,0.78129507,1.501197948,0.187478544,0.207022237,0.835992492,0.999506409,0.540150069,2.158593854,0.816067627
DSS,AKAP1,1.0812299,0.778129954,0.72426446,1.502394414,0.167840289,0.465318486,0.641703399,0.999506409,0.074440125,6.921568167,0.069708407
DSS,AKR1C4,0.760620294,0.55124185,0.4982852,1.04952705,0.164268649,-1.665692168,0.095774743,0.999506409,0.588969944,1.92097301,0.728749695
DSS,AKT1,1.054603808,0.7686508,0.678286082,1.446936882,0.161372184,0.329456773,0.741810462,0.999506409,0.399471588,2.949534505,0.690370349
DSS,AKT2,1.086520292,0.737849169,0.862107022,1.59995619,0.197450593,0.420258029,0.674296967,0.999506409,0.389851189,3.011528061,0.149777766
DSS,AKT3,1.303501757,0.865521719,1.097591155,1.963112874,0.208920733,1.268683574,0.204553943,0.999506409,0.718856268,1.343390459,0.803240773
DSS,ALCAM,0.93553925,0.663220392,0.656452072,1.319672463,0.175521465,-0.3796241,0.704224468,0.999506409,0.524393378,2.238559298,0.588541653
DSS,ALDOA,1.009570763,0.734481149,0.653210186,1.387691335,0.162307167,0.058686588,0.953201742,0.999506409,0.527649436,2.221890858,0.322423882
DSS,ALDOC,0.900713441,0.626008905,0.669954614,1.295963518,0.185627169,-0.563323344,0.573214725,0.999506409,0.191102978,4.749292543,0.093761675
DSS,ALK,0.886096491,0.636451655,0.597211557,1.233663211,0.168838506,-0.716243174,0.473841208,0.999506409,0.613641654,1.805947019,0.973010395
DSS,ALKBH2,0.966925783,0.703128811,0.626564205,1.329693016,0.162544638,-0.206918767,0.836073299,0.999506409,0.439940725,2.701686748,0.313980386
DSS,ALKBH3,0.974064859,0.657843835,0.784447325,1.442291161,0.200264048,-0.131213704,0.895606255,0.999506409,0.445034788,2.671835537,0.474214093
DSS,AMBP,0.964738399,0.663264092,0.73997813,1.403242223,0.191168684,-0.187783388,0.851046459,0.999506409,0.639031018,1.690575898,0.650543932
DSS,AMER1,0.824916946,0.573413416,0.613318441,1.186731856,0.185552266,-1.037295708,0.299598065,0.999506409,0.640924936,1.682080931,0.964252935
DSS,AMH,1.027904028,0.737865085,0.694085975,1.43195106,0.169143969,0.162712301,0.870744962,0.999506409,0.632332075,1.720742849,0.879038913
DSS,ANGPT1,1.076283088,0.743520669,0.814452543,1.557973212,0.188713791,0.389550333,0.696869085,0.999506409,0.383108801,3.055752893,0.41372999
DSS,ANGPT2,0.925745105,0.680844576,0.577892041,1.258736618,0.156770677,-0.492160578,0.622605831,0.999506409,0.617209548,1.789559449,0.500789301
DSS,ANGPTL4,0.917189637,0.66933307,0.587495358,1.256828427,0.160733797,-0.537789988,0.590722045,0.999506409,0.537936659,2.169722654,0.294358891
DSS,ANKRD28,0.733892082,0.538724282,0.461040544,0.999764826,0.157736616,-1.96145509,0.049825959,0.999506409,0.5867872,1.931300734,0.746612627
DSS,ANLN,0.952939451,0.728786261,0.5172493,1.24603556,0.136824388,-0.352304976,0.724609557,0.999506409,0.439805158,2.702485012,0.207569923
DSS,ANP32B,0.995879975,0.728698218,0.632327375,1.361025593,0.159373879,-0.025904719,0.979333336,0.999506409,0.507698177,2.325264542,0.312195991
DSS,ANXA1,1.237950103,0.864241267,0.909014091,1.773255358,0.183350397,1.164201839,0.244342225,0.999506409,0.651900268,1.633134855,0.467689059
DSS,APC,0.876971842,0.643874232,0.550582036,1.194456268,0.157641402,-0.832778654,0.404969576,0.999506409,0.610018797,1.822648578,0.650410445
DSS,APH1B,0.872154113,0.652006717,0.514626659,1.166633375,0.14842685,-0.921592934,0.356740946,0.999506409,0.611289192,1.81678486,0.913157701
DSS,API5,1.253002892,0.85908938,0.968446013,1.827535393,0.192567465,1.171241386,0.241501764,0.999506409,0.181769883,4.867379237,0.092058769
DSS,APLNR,0.881840119,0.632983254,0.595551607,1.228534861,0.169169844,-0.743303347,0.457298046,0.999506409,0.622165867,1.766892471,0.5875483
DSS,APOA1,0.930031176,0.649988733,0.680738932,1.330727664,0.182790644,-0.396831967,0.691491376,0.999506409,0.633219639,1.716735068,0.855519012
DSS,APOA2,1.019569052,0.708294289,0.75934574,1.467640029,0.185858338,0.104273179,0.916952562,0.999506409,0.63605483,1.703955164,0.87427147
DSS,APOA4,0.88117502,0.620357402,0.631291104,1.251648506,0.17906477,-0.706442774,0.479912829,0.999506409,0.613149061,1.808214227,0.926593535
DSS,APOB,0.861288961,0.611830452,0.600627464,1.212457916,0.174480173,-0.855829162,0.392092282,0.999506409,0.570602793,2.008700767,0.796658749
DSS,APOC2,0.900793455,0.656568951,0.579293403,1.235862354,0.161354126,-0.647515434,0.517298409,0.999506409,0.602702023,1.856573202,0.53426256
DSS,APOC3,0.881047685,0.599981532,0.693799994,1.293781527,0.196030579,-0.646039661,0.518253671,0.999506409,0.629512221,1.733498278,0.841205201
DSS,APOE,1.016770626,0.724105957,0.703616735,1.427722692,0.173191499,0.09602984,0.923496873,0.999506409,0.639992185,1.686262848,0.649664069
DSS,APOL6,0.895211741,0.613211941,0.69368378,1.306895721,0.193039084,-0.57343313,0.566351464,0.999506409,0.404875502,2.915261828,0.156714766
DSS,APOM,0.91393542,0.647498986,0.642507593,1.290006579,0.175841336,-0.511798697,0.608791902,0.999506409,0.640095156,1.685801011,0.90740948
DSS,APP,1.113407011,0.751644671,0.897638855,1.649283526,0.20047117,0.535861061,0.592054578,0.999506409,0.661836168,1.589221791,0.773104222
DSS,AQP9,0.853498273,0.595607647,0.627444655,1.223052301,0.183555097,-0.863020215,0.388126353,0.999506409,0.597416459,1.881245903,0.747122973
DSS,AR,0.70714126,0.505355839,0.484142496,0.989498335,0.171415208,-2.021552434,0.04322261,0.999506409,0.655387973,1.617678687,0.756514705
DSS,AREG,0.955912036,0.636001208,0.800737918,1.436739126,0.207894347,-0.216886046,0.828297153,0.999506409,0.440980079,2.695573362,0.879530453
DSS,ARG1,0.862676578,0.605789982,0.622706526,1.228496508,0.18036377,-0.818986114,0.412794336,0.999506409,0.528691571,2.216572072,0.875569187
DSS,ARG2,1.038643242,0.75026354,0.687604256,1.437867796,0.165944903,0.228481173,0.819272191,0.999506409,0.270709669,3.915721537,0.113108671
DSS,ARID1A,1.027259568,0.751139897,0.65374117,1.404881067,0.159726408,0.168379439,0.866284783,0.999506409,0.589570762,1.918134706,0.505660224
DSS,ARID1B,0.872548536,0.636021363,0.56101539,1.197036753,0.161322418,-0.845121216,0.398043164,0.999506409,0.614076365,1.803947168,0.994314725
DSS,ARID2,1.05427561,0.734520017,0.778709082,1.513229098,0.18438703,0.286646549,0.774382969,0.999506409,0.462157495,2.573481868,0.347108951
DSS,ARMH3,0.717398604,0.50705501,0.507944836,1.014999846,0.177050254,-1.875872262,0.060672822,0.999506409,0.564736921,2.03712605,0.447396394
DSS,ARNT,1.055989311,0.741385406,0.762708707,1.504094113,0.180468998,0.30186937,0.762751646,0.999506409,0.127760518,5.689014531,0.216670049
DSS,ARNT2,1.002191926,0.705435096,0.718350965,1.423786061,0.17915127,0.012221668,0.990248763,0.999506409,0.354289663,3.252634291,0.583402543
DSS,ASCL1,1.006006582,0.724189234,0.67330357,1.397492804,0.167702654,0.035709718,0.971513822,0.999506409,0.630190879,1.730425278,0.899953144
DSS,ASL,0.885466868,0.624997714,0.629489391,1.254487106,0.177741555,-0.684365783,0.493744217,0.999506409,0.269905355,3.922948932,0.354884444
DSS,ASNS,1.529928112,1.076096222,1.099062451,2.175158672,0.179534353,2.36846454,0.017862093,0.999506409,0.291107442,3.738614881,0.240208505
DSS,ASPA,0.806440144,0.555481697,0.615296222,1.170777919,0.190204524,-1.131022527,0.25804561,0.999506409,0.499030481,2.371134833,0.943812847
DSS,ASPG,0.926250445,0.649314189,0.671987426,1.321301615,0.181242078,-0.422697772,0.672515781,0.999506409,0.646478623,1.65725408,0.636419786
DSS,ASXL1,1.556825607,1.009868197,1.390153885,2.400022082,0.220835209,2.004430734,0.04502394,0.999506409,0.078070138,6.813953878,0.18294153
DSS,ATF1,0.753696875,0.543052436,0.502995683,1.04604812,0.167240003,-1.690773794,0.090880014,0.999506409,0.56447487,2.03840071,0.580727884
DSS,ATF2,0.882902705,0.645688773,0.561575809,1.207264582,0.159644462,-0.780110187,0.435326021,0.999506409,0.28124023,3.822843293,0.256544889
DSS,ATF3,1.283784721,0.883540952,0.981797839,1.865338791,0.190631138,1.310449756,0.190043731,0.999506409,0.369734659,3.145477766,0.094968117
DSS,ATG10,0.811196149,0.587122508,0.533664353,1.120786861,0.164939962,-1.268615501,0.204578233,0.999506409,0.62363278,1.760205178,0.595213455
DSS,ATG12,0.945845851,0.69294199,0.598110343,1.291052334,0.158744407,-0.350725249,0.725794481,0.999506409,0.624240804,1.757436178,0.931617216
DSS,ATG16L1,0.929821264,0.676179358,0.602427529,1.278606887,0.162520341,-0.447715651,0.654358425,0.999506409,0.496035039,2.387129073,0.545582483
DSS,ATG5,0.875247408,0.670801052,0.471203753,1.142004805,0.135734127,-0.981688863,0.326253154,0.999506409,0.237552289,4.231244371,0.124993465
DSS,ATG7,0.889557937,0.657790326,0.545196845,1.202987172,0.15400202,-0.759929249,0.447296877,0.999506409,0.487348208,2.433938734,0.478826616
DSS,ATM,1.040410189,0.728425988,0.757590958,1.486016945,0.181883088,0.217805011,0.82758104,0.999506409,0.16577626,5.083609062,0.117780973
DSS,ATOX1,0.720794573,0.50920368,0.511104769,1.020308449,0.177302281,-1.846570168,0.064809461,0.999506409,0.377398139,3.093731783,0.422234733
DSS,ATP11C,1.220805827,0.837621244,0.941663698,1.779284943,0.192197619,1.038052165,0.29924577,0.999506409,0.691984142,1.458056497,0.780575896
DSS,ATP2A2,0.980529227,0.696009198,0.685348361,1.381357558,0.174865243,-0.112445589,0.91047011,0.999506409,0.640300787,1.684878861,0.75693877
DSS,ATP5F1D,0.906831362,0.638227502,0.650252101,1.288479603,0.179218445,-0.545695931,0.58527497,0.999506409,0.363776824,3.186346962,0.135019215
DSS,ATP5ME,0.944705467,0.691185915,0.600027346,1.291213261,0.159423523,-0.356798511,0.721242651,0.999506409,0.509703522,2.314737249,0.31912874
DSS,ATR,1.363032893,0.881012628,1.227763805,2.108776434,0.22265491,1.390996881,0.164226372,0.999506409,0.038557621,8.392612188,0.008641946
DSS,ATRX,1.21685132,0.823822885,0.973562405,1.79738529,0.199017103,0.986179751,0.324044914,0.999506409,0.560860362,2.05602471,0.368890346
DSS,AURKA,0.988627948,0.74412324,0.569349001,1.313472241,0.144957462,-0.078900446,0.937111808,0.999506409,0.51902292,2.266221076,0.471814146
DSS,AURKB,0.93633776,0.680233839,0.608629417,1.288863257,0.163033427,-0.403469482,0.686602881,0.999506409,0.599704454,1.870548294,0.41442503
DSS,AXIN1,1.030930949,0.776736048,0.59157771,1.368313758,0.144450063,0.210884143,0.832977678,0.999506409,0.574766012,1.988648878,0.784524863
DSS,AXIN2,1.059738979,0.73318562,0.798550238,1.531735858,0.187951927,0.308709961,0.757542166,0.999506409,0.404311278,2.918822218,0.171855068
DSS,AXL,0.94296191,0.692580962,0.591279282,1.283860244,0.157452253,-0.372998091,0.709149865,0.999506409,0.495203208,2.391583859,0.256887141
DSS,B2M,0.930236787,0.66319732,0.641603608,1.304800928,0.172639193,-0.418885856,0.675299554,0.999506409,0.308159535,3.598902376,0.203917138
DSS,BAD,0.830862088,0.638987489,0.441365133,1.080352622,0.133971312,-1.383068167,0.166643965,0.999506409,0.630224372,1.730273671,0.499415898
DSS,BAG1,1.076646101,0.751820982,0.789991302,1.541812285,0.183221625,0.403067853,0.686898309,0.999506409,0.369089947,3.149872874,0.415703568
DSS,BAGE,1.023486815,0.7140413,0.752996055,1.467037355,0.183692007,0.126381349,0.899430065,0.999506409,0.635699156,1.705556544,0.817947386
DSS,BAIAP3,1.233172701,0.876239604,0.859261626,1.73550123,0.174342992,1.202172095,0.229296858,0.999506409,0.656630323,1.612184101,0.778567599
DSS,BAMBI,1.042285508,0.728665829,0.762222088,1.490887917,0.182633945,0.226770033,0.820602567,0.999506409,0.510189386,2.312191381,0.304355688
DSS,BAP1,0.739611336,0.540388167,0.471893303,1.01228147,0.16012392,-1.883731372,0.059601321,0.999506409,0.098693931,6.281399232,0.090525242
DSS,BATF,0.939659634,0.663777162,0.666428634,1.330205796,0.177335516,-0.350959368,0.725618831,0.999506409,0.580149343,1.962867547,0.422964328
DSS,BATF3,1.130715923,0.794567922,0.814505969,1.609073891,0.180007286,0.682477886,0.494936821,0.999506409,0.617913699,1.786332249,0.833452887
DSS,BAX,0.80772696,0.56811583,0.580281744,1.148397574,0.179543481,-1.189300764,0.234321335,0.999506409,0.519300999,2.264783527,0.823029756
DSS,BBC3,1.047610316,0.750205979,0.712708747,1.462914727,0.170370045,0.273003867,0.784850243,0.999506409,0.554011516,2.089639941,0.35002482
DSS,BBS1,1.004463066,0.736615056,0.633090928,1.369705984,0.158239117,0.028141814,0.977549045,0.999506409,0.149849601,5.319382849,0.07283794
DSS,BCAT1,0.971309037,0.7047763,0.633862989,1.338639289,0.16365823,-0.177874311,0.858821686,0.999506409,0.603230993,1.854111748,0.502428064
DSS,BCL10,0.915344948,0.636040351,0.681260306,1.317300658,0.185737586,-0.476232595,0.63390868,0.999506409,0.218291149,4.433587846,0.299810057
DSS,BCL2,1.362558226,0.978090617,0.920061648,1.898152265,0.169144404,1.828993301,0.067400612,0.999506409,0.66114499,1.592264816,0.309844088
DSS,BCL2A1,0.839774989,0.598349305,0.5802633,1.178612605,0.172941587,-1.009712564,0.312633021,0.999506409,0.469078324,2.534556411,0.81302327
DSS,BCL2L1,1.210464269,0.866382732,0.824814116,1.691196849,0.170631959,1.119391591,0.262973117,0.999506409,0.595091011,1.892146154,0.917525506
DSS,BCL6,0.742996313,0.52650568,0.521998716,1.048504396,0.175732291,-1.690436035,0.090944566,0.999506409,0.052307709,7.713989738,0.013204453
DSS,BCL6B,0.841949899,0.612211626,0.545688032,1.157899659,0.162575688,-1.058182627,0.28997219,0.999506409,0.366971833,3.16435902,0.141405781
DSS,BCOR,0.940356151,0.684349667,0.607781731,1.292131398,0.162140577,-0.379279463,0.704480349,0.999506409,0.618001562,1.785929722,0.522958933
DSS,BDNF,0.84888567,0.59599882,0.613075523,1.209074342,0.180455268,-0.907874664,0.363944445,0.999506409,0.458040885,2.596856637,0.490093097
DSS,BID,0.988731072,0.7083469,0.671752502,1.380099402,0.170150285,-0.066605258,0.94689596,0.999506409,0.434464854,2.734091507,0.685249182
DSS,BIRC3,0.879257422,0.608924715,0.660679877,1.269604592,0.187443788,-0.686486159,0.492406589,0.999506409,0.582297932,1.952623196,0.985829748
DSS,BIRC5,0.921229445,0.683904254,0.557005836,1.24091009,0.1519881,-0.539819553,0.589321481,0.999506409,0.67342661,1.538442721,0.67889743
DSS,BIRC7,0.99363529,0.694241362,0.727902496,1.422143858,0.182937312,-0.034902948,0.97215713,0.999506409,0.512080744,2.302298365,0.640803879
DSS,BLK,1.059440882,0.744058151,0.764446235,1.508504385,0.180297898,0.320254977,0.74877505,0.999506409,0.636195426,1.703322297,0.915419988
DSS,BLM,1.332144244,0.921310924,1.004866484,1.926177408,0.188139969,1.524343069,0.127423034,0.999506409,0.111045879,6.01162774,0.082412819
DSS,BLVRA,0.688872213,0.491799914,0.473114704,0.964914618,0.171933686,-2.167693259,0.030182033,0.999506409,0.624885318,1.754502804,0.69865473
DSS,BMI1,0.752465712,0.532338119,0.531280336,1.063618455,0.176572929,-1.610665071,0.107252743,0.999506409,0.660401265,1.595541111,0.883731489
DSS,BMP2,1.194320207,0.861221647,0.795031143,1.656252791,0.16682987,1.064420653,0.287138182,0.999506409,0.401270651,2.938081449,0.397993598
DSS,BMP4,1.030035691,0.729111293,0.726048618,1.455159911,0.176290151,0.167867873,0.866687225,0.999506409,0.629905025,1.731719398,0.715374991
DSS,BMP5,1.271102733,0.882579064,0.9480809,1.830659964,0.186121645,1.288860398,0.197446624,0.999506409,0.496705837,2.38354088,0.350598368
DSS,BMP6,0.938268139,0.67643661,0.62501143,1.30144804,0.166940328,-0.381690327,0.702691076,0.999506409,0.511005658,2.307918356,0.806187243
DSS,BMP7,1.540258961,1.098468113,1.061264736,2.159732849,0.172469483,2.504504289,0.012262312,0.999506409,0.500308337,2.364334151,0.399816493
DSS,BMP8A,0.972934983,0.717524256,0.601737737,1.319261994,0.155365357,-0.176603208,0.859820074,0.999506409,0.041889346,8.208723212,0.010682248
DSS,BMPR1B,0.853535155,0.608415619,0.588993254,1.197408873,0.172721795,-0.916899619,0.359195244,0.999506409,0.421654752,2.811229036,0.404798388
DSS,BNIP3,0.782472244,0.577658297,0.482246523,1.05990482,0.154837508,-1.584220973,0.113143442,0.999506409,0.672447121,1.542716187,0.719452739
DSS,BNIP3L,1.066988074,0.768066135,0.71418064,1.482246774,0.167716976,0.38660246,0.699050536,0.999506409,0.589061871,1.920538613,0.54793035
DSS,BRAF,0.9436039,0.644347049,0.737498842,1.38184589,0.19463062,-0.298251108,0.765511517,0.999506409,0.283595501,3.802499761,0.50069001
DSS,BRCA1,1.344796969,0.956796792,0.933342163,1.890138955,0.173680384,1.705679373,0.088067792,0.999506409,0.472745954,2.514112957,0.437904515
DSS,BRCA2,1.126402733,0.770525836,0.876119944,1.64664578,0.193733777,0.614395354,0.538954105,0.999506409,0.007311364,12.02106038,0.001258015
DSS,BRD2,0.874127592,0.643509575,0.543883864,1.187393439,0.156272997,-0.860858437,0.389316015,0.999506409,0.50338425,2.348018766,0.395873859
DSS,BRD3,1.019741971,0.750960132,0.633765425,1.384725557,0.156101001,0.125237029,0.900335903,0.999506409,0.503660969,2.346554732,0.377949073
DSS,BRD4,1.216113129,0.858729376,0.863502543,1.722231919,0.17753452,1.102094471,0.270420603,0.999506409,0.49660609,2.384074201,0.324166936
DSS,BRD7,1.074987856,0.80189679,0.639185037,1.441081827,0.149535776,0.483558965,0.628698903,0.999506409,0.619543672,1.778870675,0.968175947
DSS,BRIP1,1.205940805,0.887813413,0.750248375,1.638061788,0.156254755,1.198427615,0.230750587,0.999506409,0.431409073,2.752320486,0.298770446
DSS,BST1,0.887775795,0.615008055,0.66651315,1.281521205,0.187291127,-0.63556695,0.525058717,0.999506409,0.418720022,2.829172931,0.770664332
DSS,BST2,1.062096443,0.782820706,0.658184679,1.441005385,0.15566425,0.387017129,0.698743527,0.999506409,0.610368126,1.821035419,0.532389574
DSS,BTK,0.922760273,0.646849298,0.669510672,1.31635997,0.18125646,-0.443492078,0.657409848,0.999506409,0.635049916,1.708481035,0.660762588
DSS,BTLA,0.835806684,0.585614847,0.607272963,1.19288781,0.1815008,-0.988193618,0.323057833,0.999506409,0.653880596,1.624353166,0.658430683
DSS,C1orf43,0.972804062,0.705033901,0.637238779,1.342272679,0.164256487,-0.167863033,0.866691033,0.999506409,0.559157272,2.064356507,0.320635213
DSS,C1QA,0.937236598,0.680342057,0.610791472,1.291133529,0.163441809,-0.396590827,0.691669218,0.999506409,0.356651731,3.235988134,0.203063397
DSS,C1QB,0.953670269,0.695684935,0.611641033,1.307325968,0.160932091,-0.294765931,0.768172694,0.999506409,0.444991544,2.672087774,0.289869689
DSS,C1QBP,0.749357172,0.506275967,0.602874393,1.10915036,0.200071955,-1.442178865,0.149251921,0.999506409,0.636812071,1.700547544,0.541041974
DSS,C1R,1.007499901,0.747469973,0.610519092,1.357989065,0.152315585,0.049055495,0.960875071,0.999506409,0.628279358,1.739085865,0.886021737
DSS,C1S,0.992022095,0.734168799,0.60626931,1.340438109,0.153577519,-0.052155413,0.95840486,0.999506409,0.638945176,1.690961283,0.994727091
DSS,C2,0.919165165,0.652767935,0.641512243,1.294280179,0.174617568,-0.482708879,0.629302458,0.999506409,0.630174327,1.730500202,0.983084337
DSS,C3,1.073849511,0.756868514,0.766715505,1.523584019,0.178480627,0.399202243,0.689744191,0.999506409,0.474739164,2.503055362,0.632601606
DSS,C3AR1,0.966908471,0.690736908,0.662762492,1.3534994,0.171607657,-0.196095218,0.844535639,0.999506409,0.631261185,1.72558292,0.80949061
DSS,C4B,0.993413208,0.738626091,0.597462376,1.336088468,0.151204243,-0.043706314,0.965138506,0.999506409,0.628175434,1.739557177,0.952205339
DSS,C4BPA,0.90586148,0.631998883,0.666397431,1.298396314,0.183676219,-0.538278047,0.590385105,0.999506409,0.584928761,1.940114305,0.868865953
DSS,C5,1.119541713,0.779095393,0.829659655,1.608755048,0.1849734,0.610463001,0.541555146,0.999506409,0.546975401,2.124483929,0.950504366
DSS,C5AR1,0.892452295,0.646667071,0.584988499,1.23165557,0.164360915,-0.692270528,0.488767455,0.999506409,0.490722601,2.415679293,0.251010064
DSS,C6,0.973154079,0.687639663,0.689577089,1.377216751,0.177185639,-0.153583861,0.877937863,0.999506409,0.635288007,1.707408352,0.854636455
DSS,C7,0.786588352,0.567681734,0.522226921,1.089908655,0.166403118,-1.442582509,0.149138113,0.999506409,0.685399104,1.486458957,0.90849565
DSS,C8A,0.935044659,0.659481394,0.666270208,1.325751602,0.178136198,-0.377020437,0.706158417,0.999506409,0.620471712,1.774627805,0.901324436
DSS,C8B,0.915371034,0.638255998,0.674546598,1.312802595,0.183977887,-0.480632731,0.630777548,0.999506409,0.600598842,1.866373789,0.950366632
DSS,C8G,1.050762939,0.745350271,0.735970386,1.481320658,0.175216239,0.282602282,0.777481731,0.999506409,0.588634051,1.922560632,0.614932358
DSS,C9,0.905169998,0.616626808,0.71210674,1.328733548,0.195849914,-0.508718677,0.610949429,0.999506409,0.532479523,2.197304361,0.694705995
DSS,CACNA1C,0.992386558,0.712672146,0.669213039,1.381885186,0.168927194,-0.04524181,0.963914569,0.999506409,0.584832566,1.94057102,0.450263375
DSS,CACNA1D,0.925610567,0.642858988,0.689867065,1.332726053,0.185987191,-0.415629091,0.677681436,0.999506409,0.088767392,6.52280665,0.058193421
DSS,CACNA1E,0.929208233,0.65193773,0.67246474,1.32440247,0.180811389,-0.406071866,0.684689797,0.999506409,0.586353074,1.933357878,0.883444434
DSS,CACNA1G,0.889807602,0.640056396,0.596955801,1.237012197,0.168089298,-0.69457139,0.487323947,0.999506409,0.632075664,1.721901295,0.775482105
DSS,CACNA1H,0.981173057,0.717549501,0.624100888,1.34165039,0.159649319,-0.119051093,0.905234877,0.999506409,0.54061577,2.15625659,0.811318226
DSS,CACNA2D1,1.204288249,0.866705278,0.806655002,1.67336028,0.167832176,1.107586948,0.268040243,0.999506409,0.500685278,2.36233064,0.38646178
DSS,CACNA2D2,0.747753016,0.545155526,0.480486782,1.025642309,0.161228273,-1.802925405,0.071399931,0.999506409,0.641756412,1.678356056,0.888182146
DSS,CACNA2D3,1.157184153,0.834249672,0.77087552,1.605125192,0.166948045,0.874461276,0.3818671,0.999506409,0.210069512,4.5250186,0.106876081
DSS,CACNA2D4,0.957425486,0.666867512,0.707713714,1.374581226,0.184522015,-0.235784234,0.813600102,0.999506409,0.622050809,1.767417403,0.976962729
DSS,CACNB3,1.34805542,0.728535566,1.765856608,2.494392174,0.313976156,0.951228679,0.341488303,0.999506409,0.234925453,4.257931639,0.097636611
DSS,CACNB4,0.562075642,0.266837159,0.917139721,1.183976881,0.38010793,-1.515671729,0.12960238,0.999506409,0.514121651,2.291654069,0.17817767
DSS,CACNG1,0.925610925,0.645115322,0.68295046,1.328065781,0.184199754,-0.419660171,0.674733725,0.999506409,0.638076392,1.694863359,0.878812584
DSS,CACNG4,0.917231072,0.667441783,0.59306192,1.260503703,0.162200561,-0.532648293,0.594277065,0.999506409,0.476257641,2.494655982,0.229948449
DSS,CACNG6,1.025605298,0.700902259,0.799829425,1.500731684,0.194222857,0.130175063,0.896427923,0.999506409,0.62504697,1.753767366,0.947904564
DSS,CALML3,1.24558826,0.883517544,0.872520155,1.756037698,0.175233856,1.253227665,0.210122864,0.999506409,0.594215197,1.896258689,0.451538992
DSS,CALML5,0.8922287,0.631370998,0.629491563,1.260862561,0.176446532,-0.646273903,0.518101986,0.999506409,0.620217521,1.775789542,0.565366942
DSS,CALML6,0.971798264,0.691580132,0.673976542,1.365556674,0.173558908,-0.164826133,0.869080834,0.999506409,0.578782787,1.969396612,0.820106964
DSS,CAMK2B,1.090571369,0.819177404,0.632700913,1.451878317,0.146000825,0.593844253,0.552616288,0.999506409,0.491822314,2.409749623,0.334751418
DSS,CAPN2,0.950647383,0.716010603,0.546164068,1.262174671,0.144619103,-0.349968086,0.726362649,0.999506409,0.578915323,1.968762929,0.667660658
DSS,CARD11,1.009941948,0.707867474,0.73305583,1.440923304,0.181325393,0.05455856,0.956490154,0.999506409,0.586034208,1.934869507,0.866402639
DSS,CARD9,0.928695539,0.663568812,0.636183963,1.299752775,0.171507435,-0.431318462,0.666236828,0.999506409,0.596887619,1.883722325,0.839605403
DSS,CASP1,0.985659695,0.678661157,0.752870655,1.431531811,0.190406146,-0.075859529,0.939530855,0.999506409,0.621129413,1.771623266,0.479404526
DSS,CASP10,0.976758559,0.685839351,0.70524047,1.391079821,0.180409477,-0.130346715,0.896292122,0.999506409,0.629130768,1.735226395,0.773432693
DSS,CASP12,0.983423268,0.682772496,0.733689547,1.416462043,0.186165618,-0.089789206,0.928454726,0.999506409,0.56056295,2.057478414,0.899102271
DSS,CASP3,0.781101479,0.560234843,0.528807599,1.089042442,0.169568942,-1.456930731,0.145135502,0.999506409,0.321771024,3.492231839,0.308967545
DSS,CASP7,0.78360803,0.55108929,0.563143114,1.114232405,0.179601304,-1.357709216,0.174555971,0.999506409,0.624343989,1.756966429,0.530335768
DSS,CASP8,0.8310577,0.571851744,0.635903427,1.20775517,0.190727718,-0.970263025,0.331915403,0.999506409,0.5076891,2.325312267,0.746240655
DSS,CASP9,1.077762015,0.795680547,0.664165324,1.459845871,0.154821304,0.483697532,0.628600545,0.999506409,0.202789714,4.608785462,0.06737327
DSS,CBL,0.749970726,0.548935029,0.47569641,1.02463144,0.159214192,-1.807132276,0.070741657,0.999506409,0.708755396,1.386273646,0.77136393
DSS,CBLC,0.918245987,0.67832608,0.564698059,1.243024139,0.154511613,-0.551997115,0.58095033,0.999506409,0.484942601,2.447016093,0.296944373
DSS,CCL1,0.908749608,0.632039058,0.674566663,1.306605722,0.185267896,-0.516472004,0.605524788,0.999506409,0.613572065,1.806267238,0.872666139
DSS,CCL11,0.919603511,0.660217852,0.62067847,1.280896321,0.169070837,-0.495725161,0.620088332,0.999506409,0.644789555,1.66479173,0.985788159
DSS,CCL13,0.904467267,0.636037167,0.650147162,1.286184328,0.179640604,-0.558944704,0.576199459,0.999506409,0.644367999,1.66667474,0.895155052
DSS,CCL15,1.145009344,0.853985394,0.681224,1.535209394,0.14962213,0.905031881,0.365448498,0.999506409,0.38875148,3.018696743,0.236851632
DSS,CCL16,0.907590754,0.635673326,0.660151026,1.295824352,0.181691488,-0.533661291,0.593575895,0.999506409,0.602566475,1.857204173,0.988132368
DSS,CCL18,0.908731691,0.650573638,0.618757359,1.269330997,0.170510983,-0.561285827,0.574602702,0.999506409,0.495808445,2.388341999,0.402521973
DSS,CCL19,1.033142354,0.703794608,0.812817072,1.51661168,0.195857529,0.166472982,0.867784744,0.999506409,0.568161571,2.020505826,0.87563946
DSS,CCL2,0.929168294,0.644795926,0.694160608,1.338956534,0.186409551,-0.394107494,0.693501678,0.999506409,0.626856765,1.745541606,0.897704517
DSS,CCL21,1.26375622,0.836977889,1.071172618,1.908150507,0.210231434,1.113479601,0.265502505,0.999506409,0.489770483,2.420821464,0.225929183
DSS,CCL24,0.807214007,0.560254567,0.602778261,1.163032828,0.186328708,-1.149401289,0.250390549,0.999506409,0.295334354,3.703314414,0.473263005
DSS,CCL25,0.987176636,0.704092285,0.679984392,1.384076677,0.172421307,-0.074853237,0.940331483,0.999506409,0.635854867,1.704855412,0.913579846
DSS,CCL27,0.996833676,0.693030381,0.740784651,1.433815032,0.185467741,-0.017099185,0.986357489,0.999506409,0.304904575,3.625029468,0.29345384
DSS,CCL28,0.840894583,0.597618649,0.58558355,1.1832022,0.174244766,-0.994514658,0.319972373,0.999506409,0.586569664,1.932331422,0.669867636
DSS,CCL3.L1,0.999817914,0.726961065,0.648127518,1.375088583,0.162605159,-0.001119906,0.999106445,0.999506409,0.331551773,3.418016695,0.135256467
DSS,CCL4,0.923807485,0.664515117,0.619760062,1.284275179,0.16808782,-0.471489119,0.637291488,0.999506409,0.517632228,2.273419053,0.284646963
DSS,CCL5,0.860825656,0.602345445,0.627880196,1.230225641,0.182177269,-0.822623403,0.410722186,0.999506409,0.544398791,2.137324275,0.365289906
DSS,CCL7,0.895109706,0.61979849,0.67291422,1.29271271,0.187529914,-0.590887017,0.554596125,0.999506409,0.615780625,1.796115439,0.924984294
DSS,CCL8,0.815056781,0.569180227,0.597967759,1.167147986,0.183197577,-1.116267486,0.264307655,0.999506409,0.627674982,1.741827447,0.818142437
DSS,CCNA1,0.790065155,0.547276353,0.593286262,1.140562616,0.187330751,-1.257881372,0.208434662,0.999506409,0.007707114,11.90742268,0.02468504
DSS,CCNA2,0.863622928,0.642745669,0.517658202,1.160403871,0.150710494,-0.972852168,0.330626781,0.999506409,0.24183728,4.188286183,0.071159929
DSS,CCNB1,0.808020714,0.578201259,0.550985965,1.129187224,0.170750937,-1.248412382,0.211880077,0.999506409,0.593596702,1.899165346,0.661115208
DSS,CCND1,0.954833882,0.699698699,0.603301785,1.303000483,0.158619021,-0.291376777,0.770763173,0.999506409,0.605613544,1.843042276,0.503588434
DSS,CCND2,0.759191268,0.46800023,0.763561946,1.231562176,0.246833596,-1.116142767,0.264361028,0.999506409,0.603052599,1.854941714,0.638085069
DSS,CCND3,0.955900128,0.61592949,0.867592682,1.483522172,0.224249501,-0.201123479,0.840602023,0.999506409,0.016157664,10.30312298,0.014399014
DSS,CCNE1,0.911900539,0.643957672,0.647373466,1.291331138,0.177502205,-0.519567364,0.60336515,0.999506409,0.624580891,1.755888108,0.643143454
DSS,CCNE2,1.218520682,0.920548173,0.692395827,1.612944,0.14307585,1.381348194,0.167171926,0.999506409,0.521086933,2.255564713,0.408490925
DSS,CCNO,1.019587015,0.749145668,0.638511935,1.387657603,0.157257731,0.123349473,0.901830366,0.999506409,0.366535792,3.167350099,0.186358802
DSS,CCR1,0.890387619,0.633816369,0.617003507,1.250819876,0.17342034,-0.669462322,0.503200608,0.999506409,0.46614114,2.551020033,0.776502487
DSS,CCR4,0.839202112,0.587115554,0.612410128,1.199525682,0.182263512,-0.961814591,0.336142748,0.999506409,0.285331505,3.78760216,0.389124275
DSS,CCR5,0.833188815,0.585054017,0.601509244,1.186563261,0.180389083,-1.011674267,0.311693823,0.999506409,0.449850659,2.643868642,0.74269485
DSS,CCR6,0.898534406,0.629473391,0.653129005,1.282602396,0.181575488,-0.589233061,0.555704942,0.999506409,0.482479863,2.46045662,0.523732527
DSS,CCR7,0.874207845,0.599781455,0.674414921,1.274196376,0.192224353,-0.699376123,0.484317006,0.999506409,0.575206431,1.986533478,0.964645281
DSS,CCRL2,0.843495486,0.584306332,0.633350563,1.217656896,0.18731424,-0.908637427,0.363541544,0.999506409,0.40711142,2.90119342,0.688770376
DSS,CD14,0.916345946,0.690063802,0.526765557,1.216829359,0.14470159,-0.603734313,0.546020297,0.999506409,0.479179239,2.478554481,0.27819472
DSS,CD160,0.939312672,0.66020983,0.676196045,1.336405874,0.179896519,-0.348016026,0.727828148,0.999506409,0.609371273,1.825640322,0.981003157
DSS,CD163,0.844659121,0.604712615,0.575102413,1.179815028,0.170503036,-0.990141549,0.322104937,0.999506409,0.585406939,1.937844772,0.504610711
DSS,CD164,1.034908457,0.741630994,0.702531296,1.44416229,0.170011516,0.20182736,0.840051692,0.999506409,0.448928156,2.649206988,0.283832632
DSS,CD180,0.841925115,0.611356191,0.548095384,1.159451575,0.163274082,-1.05383662,0.291957724,0.999506409,0.633522818,1.715366833,0.935883496
DSS,CD19,0.884807268,0.622999716,0.633636334,1.25663605,0.178995015,-0.683736548,0.49414154,0.999506409,0.578001812,1.973132636,0.979624589
DSS,CD1A,0.90066654,0.625020199,0.672858199,1.297878399,0.186407058,-0.561245862,0.574629942,0.999506409,0.508468615,2.321216308,0.812741457
DSS,CD1C,0.879260818,0.613634303,0.646235921,1.259870223,0.183514812,-0.701162498,0.483201611,0.999506409,0.545822671,2.130223066,0.888764949
DSS,CD1D,0.861915166,0.610768405,0.605564574,1.216332979,0.175737416,-0.845570804,0.397792218,0.999506409,0.544795301,2.135345444,0.794231383
DSS,CD1E,0.868838279,0.604532063,0.644169206,1.24870127,0.185055593,-0.759762342,0.447396656,0.999506409,0.36261595,3.194377291,0.482960981
DSS,CD2,0.866808708,0.60866519,0.625769353,1.234434543,0.180385952,-0.792395207,0.428130273,0.999506409,0.454556017,2.616776391,0.51088002
DSS,CD200,0.849617696,0.608321625,0.57830433,1.186625955,0.170453514,-0.956089416,0.339027062,0.999506409,0.670849255,1.549694511,0.810029115
DSS,CD207,0.825061272,0.581240292,0.58992095,1.171161242,0.178724405,-1.075944978,0.281951865,0.999506409,0.490569172,2.416507402,0.836704942
DSS,CD209,0.949127739,0.683250639,0.635216426,1.318467065,0.167697792,-0.311345098,0.755538287,0.999506409,0.638710699,1.692014108,0.698366867
DSS,CD22,0.911452195,0.639014124,0.661027726,1.300041849,0.181183222,-0.511725822,0.608842911,0.999506409,0.595516867,1.890147914,0.97650401
DSS,CD24,0.947786067,0.71250014,0.548269336,1.260769477,0.145588747,-0.368342136,0.712618137,0.999506409,0.184739612,4.829202243,0.051096627
DSS,CD244,0.910514687,0.639052423,0.658238638,1.297291061,0.180627574,-0.518997444,0.603762524,0.999506409,0.503699631,2.346350229,0.769529113
DSS,CD247,0.946714103,0.664890717,0.683101621,1.347992338,0.180296404,-0.303711712,0.761347534,0.999506409,0.55591166,2.080284347,0.92447858
DSS,CD27,0.914189095,0.647807895,0.642299416,1.290107311,0.175739578,-0.510515858,0.609690108,0.999506409,0.538673328,2.166015059,0.86942407
DSS,CD274,0.886828158,0.607551445,0.68693018,1.294481624,0.192970064,-0.622397317,0.533680644,0.999506409,0.170304281,5.02047098,0.294729321
DSS,CD276,0.826872576,0.602485299,0.532344476,1.134829775,0.16152712,-1.176921102,0.239226999,0.999506409,0.65851242,1.60387098,0.882368283
DSS,CD28,0.888675078,0.609420701,0.686471271,1.295891972,0.19246417,-0.613223761,0.539728396,0.999506409,0.478258973,2.483617893,0.918488466
DSS,CD300A,0.927754501,0.645314464,0.688497906,1.33381237,0.185222492,-0.404854327,0.685584592,0.999506409,0.596607357,1.885035304,0.334163111
DSS,CD33,0.835941763,0.558587885,0.692421399,1.251009284,0.205691016,-0.871191819,0.383649426,0.999506409,0.59802503,1.878397892,0.759199634
DSS,CD34,0.917621413,0.636657449,0.68592043,1.322577879,0.186510135,-0.46094212,0.644840132,0.999506409,0.298646695,3.675966331,0.075144537
DSS,CD36,0.928754713,0.661541696,0.642359966,1.303901662,0.173100965,-0.426979763,0.669394068,0.999506409,0.63112724,1.726188655,0.550182371
DSS,CD37,0.936821605,0.636801669,0.741389943,1.378191612,0.196960057,-0.331348426,0.740381317,0.999506409,0.633640695,1.714834968,0.492079394
DSS,CD38,0.872769751,0.59306162,0.691336178,1.284397798,0.197132944,-0.690313346,0.489997157,0.999506409,0.377793729,3.091085147,0.786136986
DSS,CD3D,0.879136262,0.57686886,0.762916698,1.339785558,0.214965656,-0.599236996,0.549014855,0.999506409,0.610335268,1.821187131,0.654911352
DSS,CD3E,0.810404915,0.558806157,0.616478185,1.175284342,0.189662348,-1.108397437,0.267690211,0.999506409,0.597989888,1.878562301,0.931092069
DSS,CD3EAP,0.788951326,0.571865708,0.516578985,1.088444693,0.164186915,-1.443785274,0.148799386,0.999506409,0.538556657,2.166602007,0.626895965
DSS,CD4,0.964709793,0.690652193,0.656863956,1.34751615,0.170508727,-0.210710362,0.833113289,0.999506409,0.521304543,2.254443046,0.258166031
DSS,CD40,0.982261066,0.673125226,0.76024373,1.433368956,0.192822799,-0.092821774,0.926045152,0.999506409,0.565838533,2.03177215,0.275222724
DSS,CD44,0.965269642,0.716734367,0.583252804,1.299987171,0.151891664,-0.23271715,0.815981051,0.999506409,0.220923668,4.404984338,0.055339929
DSS,CD46,1.104545673,0.788950264,0.757435103,1.546385367,0.171679732,0.579183655,0.562465259,0.999506409,0.648232636,1.649438515,0.627631897
DSS,CD47,0.877887027,0.553160151,0.840081266,1.393241417,0.235652469,-0.552667091,0.580491392,0.999506409,0.272591279,3.898889333,0.247385285
DSS,CD48,0.883196689,0.602368765,0.692579505,1.29494827,0.195247517,-0.636153303,0.524676506,0.999506409,0.497080856,2.381536474,0.974092387
DSS,CD5,0.798386656,0.515167846,0.722140066,1.237307913,0.223524642,-1.007326373,0.31377796,0.999506409,0.517991512,2.27155807,0.731713229
DSS,CD53,0.930590622,0.668607455,0.62662026,1.295227715,0.168687966,-0.426443084,0.669785013,0.999506409,0.613100038,1.808439925,0.577808786
DSS,CD55,0.973193375,0.694720107,0.668570427,1.363290534,0.17197957,-0.157998275,0.874458158,0.999506409,0.548570556,2.116556418,0.844892583
DSS,CD58,1.138485941,0.803337302,0.810119754,1.613457057,0.177901156,0.729052362,0.465969633,0.999506409,0.498995446,2.371321478,0.374109033
DSS,CD59,0.965166106,0.693998995,0.648287692,1.342286687,0.168283554,-0.210686436,0.83313196,0.999506409,0.146886759,5.365839635,0.031810003
DSS,CD6,0.831890266,0.576650187,0.623455926,1.200106113,0.186975231,-0.984380324,0.324928549,0.999506409,0.617440929,1.788498752,0.795092186
DSS,CD63,0.884563402,0.636045858,0.594136528,1.230182386,0.168280402,-0.728908926,0.466057374,0.999506409,0.527523765,2.222532775,0.682606184
DSS,CD68,0.960876192,0.710904519,0.587839588,1.298744108,0.153731109,-0.259607253,0.795166741,0.999506409,0.377608302,3.092325422,0.165662272
DSS,CD69,0.834636722,0.576877561,0.630689702,1.207567263,0.18845577,-0.959157219,0.337479549,0.999506409,0.503098046,2.349533638,0.835477254
DSS,CD7,0.833926846,0.583015978,0.609805505,1.192821484,0.182621259,-0.994460318,0.319998815,0.999506409,0.635833731,1.704950574,0.753797953
DSS,CD70,0.958730783,0.655273364,0.747446119,1.402719483,0.194165716,-0.217056702,0.828164156,0.999506409,0.491562247,2.411150977,0.921858217
DSS,CD74,0.955085187,0.689158672,0.634466426,1.323625098,0.166497447,-0.276008685,0.782541396,0.999506409,0.305776134,3.618009355,0.194682065
DSS,CD79A,0.994367821,0.699725787,0.713352568,1.413078354,0.179298526,-0.031501094,0.97486992,0.999506409,0.559113265,2.06457203,0.979280194
DSS,CD79B,0.906064233,0.632902409,0.664220785,1.297123194,0.183061508,-0.538863026,0.589981372,0.999506409,0.634435575,1.711249962,0.744404474
DSS,CD80,0.878029458,0.618818847,0.626999268,1.245818115,0.178507142,-0.728683083,0.466195543,0.999506409,0.513768775,2.293492202,0.255396535
DSS,CD81,1.023916166,0.744974389,0.662328105,1.407302494,0.162268335,0.145651671,0.884196375,0.999506409,0.640883143,1.682268228,0.785238385
DSS,CD83,0.830529089,0.584597991,0.595321508,1.179919499,0.179155608,-1.03648625,0.299975351,0.999506409,0.592633624,1.903695382,0.749761688
DSS,CD84,0.940931325,0.660525922,0.679848058,1.34037398,0.18053076,-0.337256225,0.735923756,0.999506409,0.542444974,2.14709029,0.956327975
DSS,CD86,0.813687085,0.547460213,0.661918397,1.20937861,0.202190494,-1.019728474,0.307857253,0.999506409,0.653872494,1.624389064,0.502166108
DSS,CD8A,0.946721114,0.665992955,0.679788349,1.345781305,0.179455064,-0.305094332,0.760294308,0.999506409,0.552348848,2.097845049,0.86186362
DSS,CD8B,0.861362013,0.597386906,0.644596323,1.241983229,0.186712556,-0.799305676,0.424113188,0.999506409,0.496774188,2.383175467,0.810640454
DSS,CD9,0.948378321,0.670844197,0.669886547,1.340730744,0.176644358,-0.300047986,0.764140554,0.999506409,0.342056933,3.340416394,0.152449418
DSS,CD96,0.841208011,0.591362681,0.605248028,1.196610709,0.179804051,-0.961693086,0.336203796,0.999506409,0.648635422,1.64764547,0.810573124
DSS,CD99,0.891661118,0.670948207,0.514030813,1.18497902,0.145101748,-0.790267054,0.429371823,0.999506409,0.081424499,6.718721118,0.02693248
DSS,CDC14A,0.984561854,0.722008095,0.620583562,1.342591656,0.158247996,-0.09831755,0.921680143,0.999506409,0.544822546,2.135209512,0.724490073
DSS,CDC14B,0.930909902,0.645134031,0.698142257,1.343276288,0.187097521,-0.382649547,0.701979628,0.999506409,0.061093704,7.366352991,0.092421524
DSS,CDC20,0.800797878,0.58681738,0.505988089,1.092805468,0.158622769,-1.400471711,0.161372109,0.999506409,0.695501307,1.442938418,0.511793053
DSS,CDC25A,0.877988028,0.621033667,0.620224285,1.241257952,0.176660217,-0.736568329,0.461384901,0.999506409,0.034045654,8.668069765,0.031731976
DSS,CDC25B,0.934621731,0.692951449,0.567624284,1.260575733,0.152646654,-0.442940577,0.657808717,0.999506409,0.415326553,2.850052327,0.186240796
DSS,CDC25C,0.920888463,0.661342082,0.620952793,1.282294875,0.168915195,-0.487915574,0.625609642,0.999506409,0.647317355,1.653515336,0.948363097
DSS,CDC6,1.044300768,0.733935106,0.751978411,1.485913517,0.179943208,0.240895673,0.809635976,0.999506409,0.62896162,1.735992897,0.762791441
DSS,CDC7,0.968187243,0.702273406,0.632515194,1.334788601,0.163830921,-0.197336237,0.843564424,0.999506409,0.601888426,1.860361838,0.369375918
DSS,CDH1,1.0814228,0.795554588,0.674458016,1.470012604,0.156632161,0.499754207,0.617248158,0.999506409,0.321224659,3.496435962,0.355670944
DSS,CDH11,0.885703811,0.634374799,0.602230506,1.236605305,0.170279992,-0.712782997,0.475980049,0.999506409,0.579469373,1.966114967,0.356340851
DSS,CDH2,1.029675857,0.726231227,0.733678965,1.459910192,0.178131269,0.16417135,0.869596254,0.999506409,0.626073343,1.749100584,0.752079576
DSS,CDH3,1.134398132,0.848613409,0.667812218,1.516425627,0.148091382,0.85151633,0.394482596,0.999506409,0.608721546,1.828644277,0.868822808
DSS,CDH5,0.846089975,0.615245146,0.548304458,1.163549604,0.162556511,-1.028132126,0.30388768,0.999506409,0.255249185,4.058186641,0.09985242
DSS,CDK1,0.96198773,0.731661692,0.53315838,1.264820071,0.139636984,-0.277530938,0.781372454,0.999506409,0.640618003,1.683456651,0.923355812
DSS,CDK2,0.883150739,0.638917721,0.581826675,1.220744396,0.16516641,-0.7523284,0.451853593,0.999506409,0.681053591,1.505274167,0.740828238
DSS,CDK4,0.720565564,0.491354445,0.565346555,1.056700999,0.195345763,-1.677634901,0.093418395,0.999506409,0.269387907,3.927608924,0.086251071
DSS,CDK6,1.129575269,0.795531363,0.808352968,1.603884331,0.178874052,0.68115913,0.495770806,0.999506409,0.41330063,2.862585216,0.492390022
DSS,CDKN1A,1.17659632,0.867194144,0.72919452,1.596388664,0.15567541,1.044646654,0.296186309,0.999506409,0.727267472,1.307860087,0.914809926
DSS,CDKN1B,1.151520741,0.834851557,0.753454777,1.588306334,0.164076891,0.859861805,0.389865225,0.999506409,0.576477795,1.980433145,0.388987325
DSS,CDKN1C,0.901063901,0.626284376,0.670117361,1.296401738,0.185601183,-0.561306237,0.574588791,0.999506409,0.518845725,2.267137402,0.605338602
DSS,CDKN2A,0.981888591,0.725051592,0.604654069,1.32970566,0.154714597,-0.118136416,0.90595957,0.999506409,0.251915939,4.089927003,0.133971074
DSS,CDKN2B,0.985951911,0.696742519,0.698466104,1.395208624,0.177141853,-0.079866485,0.936343446,0.999506409,0.116929718,5.89307737,0.225088171
DSS,CDKN2C,0.83802175,0.604708312,0.556645749,1.16135406,0.16648155,-1.061446296,0.288487127,0.999506409,0.682758019,1.497887333,0.715646399
DSS,CDKN2D,0.889068046,0.653822819,0.555131605,1.208954424,0.156807666,-0.749845381,0.453347833,0.999506409,0.616825766,1.79131933,0.617973238
DSS,CEACAM1,1.091698326,0.764573216,0.794211749,1.558784966,0.181723783,0.482790857,0.629244244,0.999506409,0.618958677,1.781547216,0.967475038
DSS,CEACAM3,0.862941613,0.60490072,0.626157868,1.231058588,0.181270008,-0.813197111,0.416105055,0.999506409,0.640098974,1.68578389,0.708573358
DSS,CEACAM6,1.24901128,0.924144916,0.763933599,1.688078515,0.153696011,1.446701581,0.147980521,0.999506409,0.606274562,1.839976113,0.596020169
DSS,CEACAM8,1.222688916,0.859494346,0.879863445,1.739357791,0.179831619,1.118003967,0.263565299,0.999506409,0.621791502,1.768600665,0.827166826
DSS,CEBPA,0.85568293,0.613191075,0.580879264,1.19407034,0.170015014,-0.916715393,0.359291798,0.999506409,0.589776551,1.917162989,0.920651909
DSS,CEBPB,1.445335726,1.065442888,0.895239739,1.960682627,0.155590135,2.367384222,0.017914324,0.999506409,0.295376122,3.702967859,0.234678167
DSS,CENPF,0.982178553,0.73358985,0.58141568,1.315005531,0.148892038,-0.120773153,0.903870715,0.999506409,0.368313579,3.155174271,0.149873397
DSS,CEP55,0.73624083,0.535846745,0.475730849,1.011577593,0.16209945,-1.888951493,0.058898329,0.999506409,0.742382854,1.244372243,0.657433447
DSS,CES3,0.83156411,0.59690915,0.561556706,1.158465856,0.169157942,-1.090382631,0.27554463,0.999506409,0.626061346,1.749155109,0.696834462
DSS,CFB,1.045250088,0.742498915,0.728948009,1.471446925,0.174487923,0.253634604,0.79977786,0.999506409,0.586620174,1.932092079,0.946545082
DSS,CFD,0.913701297,0.68390921,0.536793841,1.220703051,0.147797886,-0.610641817,0.541436732,0.999506409,0.622479934,1.765459902,0.655923748
DSS,CFI,0.893732587,0.621741972,0.662967719,1.284709691,0.185146994,-0.606807954,0.543978369,0.999506409,0.438044827,2.712868666,0.750441697
DSS,CFP,0.970083668,0.689741655,0.674627622,1.364369277,0.174016059,-0.174541104,0.86144023,0.999506409,0.560376348,2.058390768,0.788460353
DSS,CGAS,0.788010883,0.584592847,0.477618494,1.062211341,0.152347842,-1.563811965,0.117861734,0.999506409,0.591788903,1.907672716,0.398924007
DSS,CHAD,0.968249097,0.684838581,0.684106365,1.368944945,0.176690096,-0.182612915,0.85510175,0.999506409,0.610982292,1.818200699,0.913925117
DSS,CHEK1,0.910578569,0.676422059,0.5493708,1.225792859,0.151667561,-0.617634324,0.536816414,0.999506409,0.315674206,3.539507174,0.146121921
DSS,CHEK2,1.228809325,0.866242658,0.876885948,1.743128607,0.178388929,1.15503621,0.248075599,0.999506409,0.54379218,2.140353655,0.492485161
DSS,CHIT1,0.947072663,0.682019145,0.633114947,1.315134092,0.167512308,-0.324629632,0.745461398,0.999506409,0.618519783,1.783556331,0.56403424
DSS,CHUK,0.804150208,0.565962374,0.576618102,1.142580475,0.179216803,-1.216231943,0.223896579,0.999506409,0.460169627,2.584748389,0.464344732
DSS,CIC,1.076812618,0.7991171,0.651891037,1.451008137,0.152172788,0.486324783,0.626736911,0.999506409,0.638170602,1.694440072,0.752972302
DSS,CKLF,1.20131144,0.859994485,0.818096712,1.678091198,0.170535342,1.07551798,0.282142887,0.999506409,0.39526678,2.976473248,0.313221994
DSS,CLCF1,0.930060558,0.663812999,0.639283871,1.30309687,0.17206909,-0.421374806,0.673481413,0.999506409,0.635721916,1.705454056,0.829187279
DSS,CLEC14A,1.068872895,0.752479453,0.765820166,1.518299619,0.17907794,0.371931487,0.709943861,0.999506409,0.454101885,2.619381282,0.182061191
DSS,CLEC4A,0.91280033,0.634473023,0.678749781,1.313222804,0.185576058,-0.491648114,0.622968124,0.999506409,0.587106804,1.929786913,0.99037474
DSS,CLEC4C,0.901664128,0.638794838,0.633911438,1.272706276,0.175849533,-0.588646385,0.556098511,0.999506409,0.566518289,2.028472123,0.694514218
DSS,CLEC4E,0.92520505,0.656684908,0.646838858,1.303523766,0.174906825,-0.444464592,0.656706723,0.999506409,0.639161118,1.68999188,0.728676188
DSS,CLEC5A,0.894027442,0.635871626,0.621119619,1.256991245,0.173850018,-0.644341657,0.519353908,0.999506409,0.551651502,2.101291628,0.847284849
DSS,CLEC6A,0.857987472,0.611438381,0.592513687,1.203952067,0.172847725,-0.886131309,0.375546773,0.999506409,0.56997303,2.011742767,0.79894571
DSS,CLEC7A,0.970789185,0.688289534,0.680947678,1.369237212,0.17546228,-0.16895908,0.865828828,0.999506409,0.640791385,1.682679476,0.843653831
DSS,CLECL1,0.85792554,0.616073687,0.578647413,1.1947211,0.168957561,-0.906961281,0.364427273,0.999506409,0.590291609,1.914731924,0.787919523
DSS,CLU,1.193171958,0.854662012,0.811095096,1.665757108,0.170240102,1.03744811,0.299527067,0.999506409,0.561153094,2.054594411,0.276473837
DSS,CMA1,0.865991506,0.613371491,0.609282807,1.222654297,0.175974829,-0.817617947,0.413575376,0.999506409,0.624360257,1.756892373,0.980657397
DSS,CMKLR1,0.770251605,0.513698488,0.641234898,1.154933386,0.206677638,-1.263020331,0.206581873,0.999506409,0.617840044,1.78666971,0.645054618
DSS,CMTM4,1.118918062,0.81945485,0.708362858,1.527817708,0.158920359,0.707034666,0.479544935,0.999506409,0.646751625,1.656036839,0.881767604
DSS,CMTM6,0.751796951,0.537766588,0.513244515,1.051011103,0.170942764,-1.668915359,0.095134155,0.999506409,0.60194597,1.860093768,0.737975615
DSS,CNOT2,0.987471238,0.675460393,0.768146747,1.44360714,0.193755014,-0.065071392,0.948117158,0.999506409,0.243630726,4.170512976,0.108793687
DSS,CNTFR,0.764234837,0.54998853,0.511951592,1.061940122,0.167848848,-1.601918401,0.109173655,0.999506409,0.59053976,1.913561157,0.911757823
DSS,COL11A1,0.790134434,0.565954298,0.537160258,1.103114556,0.170253012,-1.383541915,0.166498764,0.999506409,0.620931332,1.772527941,0.751931528
DSS,COL11A2,0.853763081,0.606123263,0.596456217,1.202579479,0.174784009,-0.904553842,0.365701798,0.999506409,0.624885186,1.754503404,0.958016343
DSS,COL17A1,0.86007905,0.615251588,0.587079273,1.202330861,0.170917953,-0.881890828,0.377835847,0.999506409,0.630611323,1.728522482,0.91529471
DSS,COL1A1,0.983329342,0.728565915,0.598612002,1.327177917,0.152995668,-0.10988009,0.912504473,0.999506409,0.390908542,3.00465163,0.466763804
DSS,COL1A2,0.947372287,0.68462047,0.626345665,1.310966135,0.165731368,-0.326209459,0.744265885,0.999506409,0.226234217,4.348227087,0.248351031
DSS,COL24A1,0.856030574,0.604751073,0.606967894,1.211718966,0.177293651,-0.876789354,0.380601062,0.999506409,0.455296154,2.612535472,0.381072662
DSS,COL27A1,0.919010131,0.677743365,0.568420985,1.24616435,0.155374512,-0.543577786,0.586732049,0.999506409,0.414137168,2.857403984,0.204855548
DSS,COL2A1,0.972515139,0.698571936,0.655312534,1.35388447,0.168802838,-0.165101707,0.868863929,0.999506409,0.582503259,1.95164555,0.834553996
DSS,COL3A1,0.995617893,0.742840648,0.591570697,1.334411345,0.149432333,-0.029389467,0.976553974,0.999506409,0.47734442,2.48865747,0.627976064
DSS,COL4A4,0.83001546,0.579265508,0.610043462,1.18930897,0.183515307,-1.015233849,0.309994369,0.999506409,0.57720975,1.976925213,0.949034156
DSS,COL4A5,1.010308624,0.68095079,0.818017317,1.498968107,0.201289969,0.05095064,0.959364853,0.999506409,0.487427437,2.433508883,0.311478322
DSS,COL4A6,0.969434208,0.648888015,0.799439989,1.448328004,0.204826447,-0.15155596,0.879537171,0.999506409,0.306690803,3.610661124,0.085977175
DSS,COL5A1,1.023487049,0.764668116,0.605240893,1.369909008,0.148741941,0.15607886,0.875970862,0.999506409,0.443286668,2.682048039,0.416199521
DSS,COL5A2,0.96700173,0.724616893,0.565847565,1.290464458,0.147225763,-0.227915236,0.819712138,0.999506409,0.404813392,2.915653555,0.287647928
DSS,COL6A3,1.000385296,0.750496434,0.582981907,1.333478341,0.146638205,0.002627019,0.997903944,0.999506409,0.303261591,3.638311882,0.267426317
DSS,COL6A6,1.023552643,0.730176089,0.704628515,1.434804604,0.172324144,0.135091688,0.892539382,0.999506409,0.414259822,2.856645044,0.24131888
DSS,COLEC12,0.800590284,0.573000056,0.545577151,1.118577207,0.170647776,-1.30330423,0.192470918,0.999506409,0.606287101,1.839917973,0.536808309
DSS,COMP,1.114312881,0.807933832,0.728941033,1.536874864,0.1640403,0.659825451,0.509365849,0.999506409,0.641756831,1.678354178,0.884599127
DSS,COX4I1,0.951773447,0.680828243,0.649716875,1.330545118,0.170930166,-0.289172178,0.772449622,0.999506409,0.521848479,2.251640873,0.783942487
DSS,COX5B,0.841505953,0.617315009,0.529801551,1.14711656,0.158071091,-1.091674573,0.274976165,0.999506409,0.637304124,1.698334562,0.975379118
DSS,COX6A1,0.924490645,0.670863267,0.603141429,1.274004696,0.163614022,-0.479863193,0.631324675,0.999506409,0.60227453,1.858563471,0.928010538
DSS,COX6B1,0.958102603,0.690267053,0.639595924,1.329862977,0.167286909,-0.255850295,0.798066436,0.999506409,0.643252757,1.671659729,0.802076421
DSS,CPA3,1.033891373,0.730532281,0.732690356,1.463222638,0.177203039,0.188087721,0.850807886,0.999506409,0.595543776,1.890021682,0.581998011
DSS,CPSF7,1.09425459,0.782137683,0.748786008,1.530923691,0.171328598,0.525734716,0.59907254,0.999506409,0.508092812,2.323190367,0.299104885
DSS,CR1,0.977638092,0.686975503,0.704305895,1.391281398,0.180024185,-0.125626048,0.900027943,0.999506409,0.555282411,2.083380011,0.730189711
DSS,CR2,0.932408358,0.650732473,0.685277917,1.33601039,0.183509627,-0.381366413,0.70293138,0.999506409,0.617529197,1.788094177,0.97111849
DSS,CRABP2,0.992996038,0.723875325,0.63829451,1.362169834,0.1612823,-0.043579519,0.965239577,0.999506409,0.483875855,2.45283135,0.47670102
DSS,CREB1,1.259965105,0.892901124,0.885024813,1.777925936,0.175698868,1.315227744,0.188433374,0.999506409,0.090999576,6.466337221,0.068169337
DSS,CREB3L1,1.04515202,0.768942333,0.651635904,1.420578237,0.156585352,0.282033714,0.777917659,0.999506409,0.567267959,2.024835884,0.496281632
DSS,CREB3L3,0.986458092,0.700492227,0.688673178,1.389165405,0.174665237,-0.078060385,0.937780019,0.999506409,0.562178031,2.049590671,0.777220384
DSS,CREB3L4,1.05370537,0.779714711,0.644261253,1.423975964,0.15364571,0.340477299,0.733497115,0.999506409,0.602014906,1.859772648,0.565247422
DSS,CREB5,1.016421642,0.717767087,0.721575805,1.439342892,0.177502455,0.091763603,0.926885863,0.999506409,0.638448365,1.693192289,0.580518241
DSS,CREBBP,0.955699597,0.715022551,0.562366137,1.277388689,0.148028002,-0.306101846,0.759527102,0.999506409,0.625419298,1.752073901,0.868944732
DSS,CRLF2,0.904490499,0.6422597,0.631528869,1.273788569,0.174686405,-0.57464963,0.56552828,0.999506409,0.628284773,1.739061312,0.98995793
DSS,CRP,0.930117831,0.649165178,0.683499,1.332664178,0.183485046,-0.394822374,0.692973982,0.999506409,0.305596221,3.61945703,0.351450403
DSS,CSF1,0.942381807,0.658734482,0.689431576,1.348166058,0.182702319,-0.32481674,0.745319774,0.999506409,0.576843088,1.978682079,0.400529853
DSS,CSF1R,0.86737844,0.621818486,0.58809305,1.209911536,0.16981289,-0.837862797,0.402107765,0.999506409,0.626215388,1.748455092,0.752387644
DSS,CSF2RB,0.997482972,0.695844665,0.734032331,1.429876996,0.183732266,-0.013716705,0.989055996,0.999506409,0.631160659,1.726037518,0.485846523
DSS,CSF3,0.953507412,0.684110797,0.644879169,1.328989965,0.169404802,-0.281031473,0.77868626,0.999506409,0.640154291,1.685535803,0.840282964
DSS,CSF3R,0.962483438,0.66859371,0.716962801,1.385556511,0.18589132,-0.205703098,0.837022839,0.999506409,0.621587234,1.769532985,0.845866462
DSS,CST2,1.417262788,1.001833879,1.003123082,2.004956961,0.176990598,1.970315946,0.048802172,0.999506409,0.361495586,3.202148447,0.101554872
DSS,CT45A1,0.956442694,0.651436561,0.752817793,1.404254354,0.195942813,-0.227282662,0.820203954,0.999506409,0.641639126,1.678881307,0.864568266
DSS,CTAG1B,0.954927567,0.679504316,0.662483713,1.341988029,0.173611306,-0.26564968,0.790509021,0.999506409,0.637390518,1.697946114,0.859046408
DSS,CTAGE1,0.970574628,0.695355709,0.65936835,1.354724059,0.170138213,-0.175545411,0.860651092,0.999506409,0.468264704,2.539108717,0.440992367
DSS,CTCFL,0.97271367,0.6751255,0.726350055,1.401475555,0.186325447,-0.148479534,0.881964337,0.999506409,0.313779252,3.554365466,0.318038789
DSS,CTLA4,0.919715918,0.637965211,0.687933687,1.325898898,0.186626431,-0.448438308,0.6538369,0.999506409,0.509349161,2.316595216,0.842026844
DSS,CTNNB1,0.899710256,0.648013424,0.601155983,1.249169407,0.167432343,-0.631195287,0.527912843,0.999506409,0.613122688,1.808335644,0.997160061
DSS,CTSG,0.983540455,0.690119806,0.711595979,1.401715785,0.18076534,-0.09181245,0.926847052,0.999506409,0.641171179,1.680977511,0.659618695
DSS,CTSH,1.059392946,0.792826906,0.622757514,1.415584419,0.147883539,0.390145192,0.696429187,0.999506409,0.5467829,2.125441732,0.31772247
DSS,CTSL,1.0237036,0.787677442,0.542777137,1.330454579,0.133723703,0.175189819,0.860930484,0.999506409,0.482790704,2.458757231,0.223927297
DSS,CTSS,0.974498599,0.717650851,0.605621486,1.323272337,0.156094659,-0.165490594,0.868557853,0.999506409,0.512733531,2.298890293,0.349665065
DSS,CTSW,0.988986387,0.683339713,0.748004103,1.431343816,0.18862002,-0.058714404,0.953179587,0.999506409,0.618995964,1.78137657,0.922794425
DSS,CUL1,0.999831832,0.680510248,0.788481137,1.468991386,0.196301676,-0.000856753,0.99931641,0.999506409,0.017225785,10.163559,0.008929162
DSS,CX3CL1,0.992087971,0.70289464,0.697370048,1.400264688,0.175821994,-0.045179187,0.963964484,0.999506409,0.641409003,1.67991205,0.844442665
DSS,CXADR,1.389980631,0.961162184,1.048952433,2.010114616,0.18821873,1.749506083,0.080203578,0.999506409,0.306352599,3.613375902,0.108394317
DSS,CXCL1,1.05873429,0.755233326,0.72896799,1.484201316,0.172351465,0.331149655,0.740531446,0.999506409,0.638608649,1.692472398,0.929612719
DSS,CXCL10,0.874149013,0.5929697,0.695690575,1.288660275,0.198017697,-0.679254554,0.496976587,0.999506409,0.646502667,1.657146863,0.852438212
DSS,CXCL11,0.996164571,0.702818524,0.709130391,1.411948915,0.177969475,-0.021592483,0.98277303,0.999506409,0.625258158,1.752806739,0.983603722
DSS,CXCL12,0.755506623,0.550258957,0.487053113,1.03731207,0.161737436,-1.733468372,0.083012454,0.999506409,0.607520548,1.834202377,0.914410698
DSS,CXCL13,0.875182204,0.611156764,0.642112339,1.253269103,0.183206735,-0.727719872,0.466785083,0.999506409,0.439223275,2.705913602,0.471595325
DSS,CXCL14,1.012164786,0.751128836,0.612788385,1.36391722,0.152181102,0.079453948,0.93667156,0.999506409,0.543507947,2.141773943,0.452365667
DSS,CXCL16,0.948023833,0.687885491,0.618653458,1.306538949,0.163654668,-0.326147967,0.744312407,0.999506409,0.56434621,2.039026682,0.353183626
DSS,CXCL2,1.040384544,0.716811835,0.793207875,1.51001971,0.190070995,0.208292689,0.83500044,0.999506409,0.609070704,1.827029722,0.868919428
DSS,CXCL8,0.840035353,0.60109753,0.572854049,1.173951579,0.170761698,-1.020786882,0.307355421,0.999506409,0.57646661,1.980486775,0.632141369
DSS,CXCL9,0.880102005,0.612907615,0.650871006,1.263778621,0.184607271,-0.691833331,0.489042002,0.999506409,0.643665759,1.669813082,0.973937029
DSS,CXCR1,0.93099457,0.647843176,0.690059145,1.337902322,0.185005843,-0.386484193,0.699138107,0.999506409,0.541179578,2.153428901,0.753240141
DSS,CXCR3,0.973623949,0.677802409,0.720752069,1.398554478,0.184783664,-0.144656396,0.884982168,0.999506409,0.564904799,2.036309682,0.807855069
DSS,CXCR4,1.014933724,0.739898251,0.652307316,1.392205567,0.161261083,0.091921209,0.92676064,0.999506409,0.35622507,3.238987854,0.242676705
DSS,CXCR5,1.00152273,0.699986141,0.732967628,1.432953768,0.182766784,0.008325208,0.993357522,0.999506409,0.62329286,1.761753929,0.890413903
DSS,CXXC4,0.929867831,0.689038317,0.565832656,1.254870973,0.152934227,-0.475451582,0.634465136,0.999506409,0.120154421,5.830498954,0.045567096
DSS,CXXC5,0.849099708,0.619282958,0.54491881,1.164201767,0.161030679,-1.015822941,0.30971371,0.999506409,0.615648184,1.796723564,0.615008484
DSS,CYBB,0.900777638,0.640294513,0.626935388,1.267229901,0.174151254,-0.600034996,0.548482913,0.999506409,0.636967738,1.699847329,0.780425411
DSS,CYFIP2,1.019040159,0.757673655,0.612893791,1.370567445,0.15120874,0.124735935,0.900732608,0.999506409,0.585934681,1.935341442,0.441039585
DSS,CYLD,0.807421819,0.569546913,0.575099787,1.1446467,0.178067087,-1.201283463,0.229641263,0.999506409,0.612699353,1.810285059,0.678291578
DSS,CYP19A1,1.00392876,0.705850916,0.722032696,1.427883611,0.179734065,0.02181591,0.982594803,0.999506409,0.349438389,3.287126718,0.501162099
DSS,CYP4A11.22,0.908762486,0.633210522,0.671014892,1.304225414,0.184330338,-0.519022056,0.603745361,0.999506409,0.511985253,2.302797179,0.592659508
DSS,DAB2,0.925084306,0.686266482,0.560743238,1.24700972,0.152359364,-0.511096937,0.609283181,0.999506409,0.452636347,2.627801907,0.265597878
DSS,DAXX,0.76871232,0.576431405,0.448701207,1.025132612,0.146870279,-1.790957828,0.073300063,0.999506409,0.55308238,2.094222967,0.573272339
DSS,DDB2,1.095644409,0.821720849,0.639160509,1.460881359,0.146787,0.622280527,0.533757424,0.999506409,0.292325412,3.72839635,0.199585267
DSS,DDIT3,1.184253369,0.927996712,0.583275929,1.511272641,0.124410244,1.359313369,0.174047309,0.999506409,0.6706934,1.550375636,0.996833378
DSS,DDIT4,0.996004783,0.727018563,0.637493402,1.364511965,0.160615221,-0.024924283,0.980115358,0.999506409,0.606885966,1.837142,0.812189226
DSS,DDX43,0.884470166,0.639152099,0.58479362,1.223945718,0.16574097,-0.740713031,0.458867457,0.999506409,0.653592395,1.625630256,0.747395442
DSS,DDX58,1.289260541,0.853229155,1.094890799,1.948119954,0.210614049,1.206324226,0.2276925,0.999506409,0.622199748,1.766737909,0.82653854
DSS,DEFB1,1.326435068,0.976068081,0.826500844,1.802568924,0.156491592,1.805176498,0.071047067,0.999506409,0.240837777,4.198243756,0.076471981
DSS,DEFB134,1.013583291,0.720919767,0.704136301,1.425056068,0.173839569,0.077611014,0.938137481,0.999506409,0.638997685,1.690725541,0.766140456
DSS,DEPTOR,1.190481089,0.832442674,0.870071227,1.7025139,0.182528059,0.955236707,0.339458007,0.999506409,0.319033661,3.513358774,0.438597933
DSS,DGLUCY,1.019305655,0.741714563,0.659072303,1.400786866,0.162203216,0.11788709,0.906157123,0.999506409,0.362349878,3.19622096,0.296189054
DSS,DIPK2B,0.99727871,0.685576312,0.765122621,1.450698933,0.191212933,-0.014251127,0.988629631,0.999506409,0.605895283,1.841735153,0.426047903
DSS,DKK2,0.923892657,0.631135757,0.721311212,1.352446969,0.194429546,-0.407136611,0.683907655,0.999506409,0.472797834,2.51382468,0.827942019
DSS,DKK4,1.276356331,0.88929136,0.942600367,1.831891726,0.184360408,1.323545573,0.185654011,0.999506409,0.537281432,2.173023478,0.99946949
DSS,DLL1,0.725726018,0.515830725,0.505198517,1.021029242,0.174183762,-1.840485686,0.065696964,0.999506409,0.232915338,4.278538944,0.104006378
DSS,DLL3,0.971411996,0.69593224,0.660006187,1.355938426,0.170155361,-0.170459512,0.864648773,0.999506409,0.517647843,2.273338149,0.733188591
DSS,DLL4,1.00107327,0.731982147,0.637105469,1.369087616,0.159733471,0.006715529,0.994641823,0.999506409,0.631019227,1.72667717,0.796881745
DSS,DMBT1,1.327015314,0.945578228,0.916742193,1.862320421,0.172906725,1.636329046,0.10177074,0.999506409,0.590586847,1.913339042,0.503097038
DSS,DNAJC14,0.820775769,0.608647956,0.498187048,1.106835004,0.152558886,-1.294616996,0.195452386,0.999506409,0.599696197,1.870586853,0.363270718
DSS,DNMT1,1.146322424,0.817634432,0.789508133,1.607142565,0.172400552,0.792102604,0.428300852,0.999506409,0.380810962,3.070976278,0.168602781
DSS,DNMT3A,1.037329381,0.776080079,0.610442101,1.386522181,0.148037963,0.247568302,0.804468439,0.999506409,0.414369261,2.855968024,0.244376798
DSS,DOCK9,1.021944366,0.719923098,0.730746131,1.45066923,0.178736924,0.121446946,0.903337035,0.999506409,0.640450048,1.68420961,0.760767986
DSS,DPP4,0.846898108,0.593417299,0.615237062,1.208654361,0.181474014,-0.915695231,0.359826767,0.999506409,0.558389661,2.068117641,0.947368766
DSS,DSC3,1.062783643,0.720456389,0.847312446,1.567768835,0.198351573,0.306987959,0.758852537,0.999506409,0.515255583,2.285753854,0.980511548
DSS,DSP,1.195005784,0.877515955,0.749849129,1.627365083,0.157559613,1.130689661,0.258185734,0.999506409,0.405617935,2.910583227,0.249997298
DSS,DST,1.017972682,0.747885099,0.637713279,1.385598378,0.157308506,0.113236614,0.909842969,0.999506409,0.277005963,3.859805521,0.292693303
DSS,DTX1,1.066216026,0.766506571,0.716607411,1.483113983,0.168384708,0.380770658,0.703373434,0.999506409,0.458940835,2.591732248,0.361772654
DSS,DTX3,1.066238481,0.777232215,0.685476712,1.462708926,0.161305581,0.397611887,0.690916297,0.999506409,0.62520324,1.753056526,0.778433718
DSS,DTX3L,0.886775294,0.603512344,0.699477445,1.302989789,0.196342956,-0.612009027,0.540531785,0.999506409,0.247361508,4.133920706,0.162952983
DSS,DTX4,0.983243933,0.691237767,0.707367283,1.39860505,0.179785643,-0.093989918,0.925117166,0.999506409,0.635747803,1.705337488,0.796872295
DSS,DUOX1,0.847354006,0.588923681,0.630264536,1.219188216,0.18562686,-0.892310084,0.372226751,0.999506409,0.132297699,5.608386971,0.027587243
DSS,DUSP1,1.085157161,0.798300657,0.67679028,1.475090937,0.156632886,0.521760327,0.601837216,0.999506409,0.343202124,3.332083499,0.106033746
DSS,DUSP10,0.967593552,0.692650128,0.659024033,1.351674162,0.170557781,-0.193149583,0.846841822,0.999506409,0.638930553,1.691026934,0.787341357
DSS,DUSP2,0.850132255,0.588820747,0.638589895,1.227410642,0.187386162,-0.866463915,0.386235807,0.999506409,0.626628853,1.746576703,0.825787468
DSS,DUSP4,0.784021065,0.583457742,0.470070194,1.053527936,0.150749638,-1.614062849,0.106513795,0.999506409,0.572955228,1.997358069,0.391898677
DSS,DUSP5,1.114341239,0.776187083,0.823628767,1.59981585,0.184506,0.586774486,0.557355174,0.999506409,0.631099942,1.72631211,0.860355421
DSS,DUSP6,0.96575658,0.63864936,0.821754156,1.460403516,0.21100196,-0.165133368,0.868839009,0.999506409,0.455035557,2.614028033,0.351398636
DSS,DUSP8,1.226159652,0.877122903,0.836966977,1.71408988,0.170919063,1.192886549,0.232913808,0.999506409,0.338600439,3.36571595,0.267268114
DSS,E2F1,1.347158212,0.940108932,0.990343152,1.930452084,0.183552797,1.623496624,0.104483285,0.999506409,0.269026203,3.930871143,0.136159471
DSS,E2F3,0.951071541,0.700841229,0.589803555,1.290644784,0.155772208,-0.322047126,0.747416993,0.999506409,0.651735991,1.633864004,0.794039132
DSS,E2F4,0.953818864,0.696709913,0.60909959,1.305809503,0.160260421,-0.295029151,0.767971611,0.999506409,0.575818073,1.983597512,0.503244057
DSS,E2F5,1.074270217,0.777465429,0.706917615,1.484383044,0.164981432,0.43424016,0.664114053,0.999506409,0.144977557,5.396247412,0.11222967
DSS,EBI3,0.974488654,0.692047563,0.680153116,1.372200679,0.174624734,-0.147988217,0.882352067,0.999506409,0.480508847,2.471252295,0.738545789
DSS,ECSIT,1.243493816,0.898733884,0.821771927,1.720505811,0.165662897,1.315472651,0.188351103,0.999506409,0.528208294,2.219037623,0.489403934
DSS,EDN1,0.99521572,0.700892405,0.712240799,1.413133204,0.178883456,-0.026809417,0.978611742,0.999506409,0.444507363,2.674913306,0.529014113
DSS,EFNA1,1.427101725,1.03006516,0.947110082,1.977175242,0.166341607,2.138043679,0.032513198,0.999506409,0.308101218,3.599368316,0.160154099
DSS,EFNA2,0.892415076,0.647624357,0.582108064,1.229732421,0.163584906,-0.695809444,0.486548174,0.999506409,0.615687025,1.796545213,0.921558085
DSS,EFNA3,1.032173057,0.725321812,0.74351754,1.468839352,0.180006465,0.175917815,0.86035851,0.999506409,0.405794798,2.909469746,0.397879901
DSS,EFNA5,0.985123664,0.684706855,0.73264223,1.417349085,0.185603606,-0.080753272,0.93563817,0.999506409,0.504303858,2.343155764,0.398440957
DSS,EGFR,1.228368135,0.86007184,0.894302858,1.754374698,0.181853304,1.131057636,0.258030833,0.999506409,0.54633979,2.127647384,0.662182874
DSS,EGR1,0.974513161,0.71813308,0.604290197,1.322423277,0.155759558,-0.165750694,0.86835315,0.999506409,0.228843214,4.320791227,0.056949121
DSS,EGR2,0.923151348,0.656759501,0.640836363,1.297595864,0.17371508,-0.460305941,0.645296637,0.999506409,0.55286505,2.095295756,0.353702622
DSS,EHHADH,0.831739325,0.565275165,0.658536438,1.223811603,0.197047728,-0.934982603,0.349797265,0.999506409,0.509721602,2.31464248,0.206375923
DSS,EIF2AK2,1.169049033,0.827544896,0.823937275,1.651482171,0.176269843,0.886088189,0.375570007,0.999506409,0.573932295,1.992656395,0.634805829
DSS,EIF2B4,0.867343564,0.637804693,0.541686248,1.179490941,0.156841174,-0.907415503,0.364187114,0.999506409,0.461392878,2.577810848,0.673708272
DSS,EIF4EBP1,1.169919312,0.847966976,0.766142105,1.614109081,0.164211369,0.955687677,0.33923005,0.999506409,0.507389405,2.326888287,0.384383805
DSS,EIF5AL1,1.00176781,0.686174142,0.776339063,1.462513205,0.193059711,0.009148718,0.992700481,0.999506409,0.622270264,1.76641623,0.670389369
DSS,ELANE,0.9528908,0.68805605,0.631605155,1.319661205,0.166140812,-0.290446201,0.771474903,0.999506409,0.463970489,2.5632402,0.518052143
DSS,ELK1,0.786637724,0.561744792,0.539821109,1.101565901,0.171799165,-1.396907035,0.162441529,0.999506409,0.607083083,1.836228668,0.282600095
DSS,ELMO1,0.790349798,0.578239645,0.502026658,1.080266303,0.159435193,-1.475707113,0.140022536,0.999506409,0.695923428,1.441126354,0.828204194
DSS,ELOB,0.821619411,0.576117275,0.595620645,1.171737919,0.181108452,-1.084863753,0.277982004,0.999506409,0.634215217,1.712243533,0.883667431
DSS,ENDOG,0.950849367,0.679995129,0.649594568,1.329589697,0.171059276,-0.294632508,0.768274626,0.999506409,0.310001736,3.584223834,0.265971688
DSS,ENG,1.067695526,0.781867103,0.676147604,1.458014707,0.158968793,0.412046983,0.680304987,0.999506409,0.214349654,4.477015319,0.136269233
DSS,ENO1,1.119232766,0.829626752,0.680307664,1.509934415,0.15276954,0.737342143,0.46091431,0.999506409,0.607017238,1.836533738,0.638301718
DSS,ENTPD1,0.942286213,0.664607393,0.671374297,1.33598169,0.178121939,-0.333738872,0.738576614,0.999506409,0.639347787,1.689154041,0.607887151
DSS,EP300,0.933199691,0.679517076,0.602072001,1.281589077,0.161858507,-0.427138933,0.669278137,0.999506409,0.63528678,1.707413881,0.896938636
DSS,EPCAM,1.157199186,0.841332502,0.750321156,1.591653658,0.162641214,0.897697372,0.369346911,0.999506409,0.436138997,2.72414909,0.239354119
DSS,EPHA2,1.092072613,0.78142727,0.744783342,1.526210612,0.170773836,0.515754476,0.606025901,0.999506409,0.597311914,1.881735346,0.552532257
DSS,EPM2AIP1,0.949177549,0.696409439,0.597280694,1.293690133,0.157991735,-0.3301401,0.741294105,0.999506409,0.231265618,4.295573961,0.356651232
DSS,EPO,0.994755014,0.682190345,0.768339621,1.450529966,0.192446277,-0.027326012,0.97819971,0.999506409,0.591292915,1.910009807,0.979348086
DSS,EPOR,1.170267003,0.82517427,0.834505276,1.659679546,0.178264811,0.882013279,0.377769626,0.999506409,0.632286839,1.7209472,0.671805223
DSS,ERBB2,1.100515562,0.827433675,0.636290294,1.463723969,0.145515474,0.658203282,0.510407516,0.999506409,0.608928139,1.827688894,0.420682189
DSS,ERCC2,0.857810536,0.621897196,0.561319129,1.183216325,0.164088961,-0.934688254,0.349948982,0.999506409,0.45040807,2.6406473,0.276664151
DSS,ERCC3,0.769964055,0.543180263,0.548252338,1.0914326,0.178014798,-1.468481553,0.141973463,0.999506409,0.026315816,9.235702441,0.059393543
DSS,ERCC6,0.911562738,0.624176214,0.707093078,1.331269292,0.193231969,-0.479190157,0.631803356,0.999506409,0.613287802,1.807575542,0.357704112
DSS,ERG,0.879436462,0.61714774,0.636050547,1.253198287,0.180703766,-0.710964488,0.477106242,0.999506409,0.681315915,1.504136686,0.957244517
DSS,ERO1A,1.065501779,0.822845384,0.556871951,1.379717336,0.131855896,0.481175618,0.630391688,0.999506409,0.366181126,3.169785242,0.282202181
DSS,ESR1,0.95477686,0.652394021,0.744919295,1.397313316,0.194304057,-0.238171149,0.811748353,0.999506409,0.620187522,1.775926664,0.751930622
DSS,ESR2,0.999519324,0.707670081,0.70405963,1.411729711,0.176174916,-0.002729056,0.997822531,0.999506409,0.638959227,1.690898196,0.683538458
DSS,ETS1,0.865250392,0.608812615,0.620889631,1.229702246,0.17934432,-0.807030541,0.419648887,0.999506409,0.559294426,2.063684863,0.43705847
DSS,ETS2,1.079929742,0.789326772,0.688195957,1.477522729,0.159937056,0.480789049,0.630666434,0.999506409,0.574819537,1.988391729,0.997365389
DSS,ETV1,0.926407833,0.649339432,0.672359868,1.3216993,0.181308931,-0.42160481,0.673313495,0.999506409,0.140954429,5.461584512,0.055454687
DSS,ETV4,0.774151549,0.539446398,0.571527044,1.110973442,0.184301463,-1.388961434,0.164844478,0.999506409,0.355543422,3.243786765,0.120923987
DSS,ETV7,0.985571472,0.682291846,0.741367446,1.423659292,0.187638221,-0.077455602,0.93826111,0.999506409,0.578218046,1.972097871,0.907603145
DSS,EWSR1,1.128457056,0.793847511,0.810258199,1.60410571,0.179449802,0.673454418,0.500658238,0.999506409,0.625207805,1.753035764,0.487400492
DSS,EXO1,1.102658657,0.771159731,0.805499507,1.576659238,0.182444157,0.535639101,0.592208,0.999506409,0.417566947,2.836251765,0.448862106
DSS,EYA1,1.139624401,0.812706895,0.785340054,1.598046949,0.172494747,0.757696899,0.448632456,0.999506409,0.616209906,1.79414487,0.88466124
DSS,EZH2,1.154332398,0.840499132,0.74484847,1.585347603,0.161881304,0.886588895,0.375300275,0.999506409,0.584868415,1.940400812,0.48363659
DSS,F12,0.905095445,0.639700519,0.640895228,1.280595747,0.177064618,-0.563155294,0.573329142,0.999506409,0.518303598,2.269942349,0.904270788
DSS,F13A1,0.815554207,0.556631259,0.638286658,1.194917917,0.194883623,-1.046200728,0.295468367,0.999506409,0.648598379,1.647810345,0.622566683
DSS,F2RL1,0.819536952,0.589154409,0.55085372,1.140008129,0.168396556,-1.181828155,0.237273894,0.999506409,0.611977609,1.813610584,0.897516397
DSS,FAAP24,0.909539772,0.623076043,0.704631234,1.327707277,0.192998524,-0.491281233,0.623227551,0.999506409,0.605262691,1.844670598,0.807644352
DSS,FADD,0.804395563,0.562797677,0.586908954,1.149706631,0.182233422,-1.194424904,0.2323118,0.999506409,0.572896831,1.997639255,0.955951468
DSS,FAM124B,0.852906653,0.582607344,0.666003348,1.248610692,0.194461052,-0.818185286,0.413251396,0.999506409,0.595721232,1.889189311,0.747113374
DSS,FAM30A,0.91321382,0.65896572,0.606592494,1.265558214,0.166481902,-0.545315918,0.585536258,0.999506409,0.636221292,1.703205874,0.594059824
DSS,FANCA,1.18094023,0.870445244,0.731746092,1.602191336,0.155646406,1.068517613,0.28528709,0.999506409,0.620893292,1.772701696,0.884300408
DSS,FANCB,1.073038343,0.765778814,0.737803245,1.503582059,0.172123624,0.409555622,0.682131957,0.999506409,0.338638896,3.365433221,0.466001593
DSS,FANCC,1.024660047,0.727108221,0.716869693,1.443977914,0.175024057,0.139185988,0.889303181,0.999506409,0.4553443,2.612259787,0.73435007
DSS,FANCE,0.922794648,0.641739434,0.685200935,1.326940369,0.185321962,-0.433561959,0.664606564,0.999506409,0.639273456,1.689487648,0.977245354
DSS,FANCF,0.799345008,0.572768647,0.542782013,1.11555066,0.170059643,-1.31696517,0.1878503,0.999506409,0.649070451,1.645709605,0.945046119
DSS,FANCG,1.214769304,0.88096279,0.794095997,1.675058787,0.163928561,1.186822995,0.235297447,0.999506409,0.390227386,3.00907968,0.234019697
DSS,FANCL,0.998390332,0.731383061,0.631491345,1.362874406,0.158781983,-0.010145765,0.991904989,0.999506409,0.332771947,3.408893717,0.154305496
DSS,FAP,0.893964269,0.653195718,0.570284613,1.223480331,0.160099371,-0.700124378,0.483849633,0.999506409,0.554555397,2.086959745,0.334067469
DSS,FAS,0.771748251,0.547789093,0.539482215,1.087271308,0.174884873,-1.481528262,0.13846586,0.999506409,0.498764067,2.372554363,0.23715887
DSS,FASLG,1.022036242,0.71652024,0.741300518,1.457820759,0.181200134,0.120292147,0.904251724,0.999506409,0.535103237,2.184017727,0.835069698
DSS,FBP1,0.781379393,0.543235313,0.580686019,1.123921332,0.185471892,-1.330090862,0.183488336,0.999506409,0.431326188,2.752816408,0.777638253
DSS,FBXW7,0.911515601,0.640653076,0.656243361,1.296896437,0.179911787,-0.514955527,0.606584097,0.999506409,0.06422562,7.254076826,0.096552193
DSS,FCAR,0.945132803,0.658847651,0.696968089,1.35581574,0.184101916,-0.306514077,0.759213264,0.999506409,0.454873266,2.614957904,0.511664088
DSS,FCER1A,0.930838361,0.64500691,0.698327617,1.343334528,0.187158854,-0.382934788,0.701768117,0.999506409,0.521198132,2.254991495,0.849164679
DSS,FCER1G,0.9656885,0.715653845,0.587426248,1.303080093,0.152882771,-0.228370801,0.819357987,0.999506409,0.566935036,2.026450297,0.430260576
DSS,FCER2,0.946100261,0.66682974,0.675500467,1.342330208,0.178479706,-0.310437151,0.756228547,0.999506409,0.565369778,2.034049435,0.862957348
DSS,FCGR1A,1.062005274,0.732089405,0.808508225,1.54059763,0.189805285,0.316950546,0.751281127,0.999506409,0.538305364,2.167866529,0.649478041
DSS,FCGR3A.B,1.143168717,0.841970851,0.710143114,1.552113965,0.15603035,0.857551002,0.391140441,0.999506409,0.639114947,1.690199132,0.993765634
DSS,FCGRT,1.016872816,0.752203124,0.622465886,1.374669009,0.153819628,0.108777085,0.913379299,0.999506409,0.125255391,5.73470648,0.041054725
DSS,FCN1,0.981319862,0.679555831,0.737529605,1.417085436,0.187482562,-0.100579039,0.919884637,0.999506409,0.627535044,1.742462465,0.867849404
DSS,FCRL2,0.939382393,0.656521519,0.687591742,1.344113262,0.182792726,-0.342095933,0.732278698,0.999506409,0.503407998,2.3478931,0.67944406
DSS,FEN1,0.876547159,0.666915142,0.485157849,1.15207299,0.139455467,-0.94485197,0.344734455,0.999506409,0.682596612,1.498586463,0.772252428
DSS,FEZ1,0.763337337,0.49664449,0.676596937,1.173241427,0.219302802,-1.231426241,0.218163487,0.999506409,0.626078177,1.749078615,0.427424567
DSS,FGCR2A.B,1.136414271,0.840290924,0.696602261,1.536893186,0.154025809,0.830237025,0.406404785,0.999506409,0.649657499,1.643098421,0.412505448
DSS,FGF1,0.878745693,0.619583884,0.626726767,1.246310651,0.178292789,-0.724985782,0.468460753,0.999506409,0.585380051,1.937972355,0.917720623
DSS,FGF10,0.995817459,0.681451223,0.773755515,1.455206738,0.193544011,-0.021655606,0.982722677,0.999506409,0.611992397,1.813542418,0.908144902
DSS,FGF11,0.880999342,0.61064768,0.660395944,1.271043624,0.187011964,-0.677488207,0.49809625,0.999506409,0.524324514,2.238912657,0.90116521
DSS,FGF12,0.786056769,0.56275541,0.535208703,1.097964113,0.170505134,-1.411841731,0.157996568,0.999506409,0.503449348,2.347674299,0.480151155
DSS,FGF13,1.156887095,0.805832276,0.85504405,1.660876326,0.184499569,0.789881839,0.429596779,0.999506409,0.598935492,1.874140627,0.93318484
DSS,FGF14,0.918226213,0.646899371,0.656455395,1.303354766,0.178703809,-0.477390494,0.633084082,0.999506409,0.250025758,4.108096473,0.33900705
DSS,FGF16,0.865745924,0.59372772,0.668662398,1.262390117,0.192437539,-0.749145952,0.453769241,0.999506409,0.523083761,2.245285214,0.882202309
DSS,FGF17,1.029187992,0.750360664,0.661264403,1.411625067,0.161212879,0.178460519,0.858361324,0.999506409,0.619512736,1.779012179,0.944205824
DSS,FGF18,0.898970677,0.666395776,0.546319411,1.212715187,0.152740901,-0.697291048,0.48562067,0.999506409,0.593980543,1.897361225,0.639782224
DSS,FGF19,0.984888263,0.685958059,0.728129694,1.414087752,0.184550181,-0.082509175,0.934241823,0.999506409,0.533127584,2.194018078,0.673532612
DSS,FGF2,0.896371956,0.632830173,0.6368354,1.269665573,0.177632529,-0.615877188,0.537975578,0.999506409,0.495266388,2.391245299,0.851034712
DSS,FGF20,1.032005543,0.732463613,0.721581913,1.454045526,0.174924465,0.180100809,0.857073428,0.999506409,0.478393337,2.482878132,0.636665538
DSS,FGF21,0.959872729,0.670561423,0.703444932,1.374006355,0.183006116,-0.223788024,0.822922249,0.999506409,0.641930018,1.677578685,0.632289473
DSS,FGF22,0.964279093,0.67576083,0.700220327,1.375981157,0.181402087,-0.200518701,0.841074933,0.999506409,0.569465045,2.014198227,0.976514298
DSS,FGF23,0.907730703,0.636192376,0.658974087,1.295166463,0.181353719,-0.533805031,0.593476433,0.999506409,0.551833736,2.100390649,0.855427584
DSS,FGF3,0.999399436,0.681990492,0.782544931,1.464535423,0.194972368,-0.003081176,0.997541581,0.999506409,0.526165924,2.229475765,0.888565589
DSS,FGF4,0.883542554,0.620405054,0.637881674,1.258286727,0.180394579,-0.686361107,0.492485424,0.999506409,0.574687466,1.989026262,0.882568652
DSS,FGF5,1.061662311,0.778632658,0.668939379,1.447572037,0.1581926,0.378247134,0.705247014,0.999506409,0.410834599,2.877910022,0.55286247
DSS,FGF6,0.894170893,0.624132878,0.656910976,1.281043853,0.183438892,-0.609785444,0.542003945,0.999506409,0.563536365,2.042969144,0.967306867
DSS,FGF7,0.881878117,0.625734003,0.617140782,1.242874785,0.175068774,-0.71801166,0.472750097,0.999506409,0.523119372,2.245102159,0.91209159
DSS,FGF8,1.023036229,0.711419157,0.759729204,1.471148361,0.185344422,0.122878804,0.90220307,0.999506409,0.589042975,1.920627902,0.967258511
DSS,FGF9,0.995983327,0.717029783,0.666431284,1.383461066,0.167662846,-0.024005089,0.98084855,0.999506409,0.568734459,2.017732348,0.857185813
DSS,FGFR1,1.146353936,0.807201074,0.820803881,1.628004955,0.178967011,0.763193257,0.44534815,0.999506409,0.56094852,2.055593909,0.715011307
DSS,FGFR2,0.849611714,0.622001545,0.538510146,1.16051169,0.159103363,-1.024339386,0.305675001,0.999506409,0.633440181,1.715739732,0.791890996
DSS,FGFR3,1.311305448,0.895428515,1.024905661,1.920334175,0.194634216,1.392474415,0.163778784,0.999506409,0.589807152,1.917018513,0.675501086
DSS,FGFR4,0.905264514,0.643824222,0.629044697,1.272868918,0.173881481,-0.572390437,0.567057493,0.999506409,0.589207554,1.919850292,0.989684577
DSS,FGL1,0.889977994,0.632382585,0.620120011,1.252502596,0.174341045,-0.668566274,0.503772192,0.999506409,0.668693348,1.559123676,0.845076351
DSS,FH,0.906637001,0.635407555,0.658235627,1.293643182,0.181368403,-0.540409062,0.58891496,0.999506409,0.120195235,5.829717233,0.021263779
DSS,FLG,0.919052327,0.636466608,0.690637074,1.327103682,0.18745809,-0.450299155,0.652494748,0.999506409,0.546915068,2.124784095,0.535755066
DSS,FLNA,1.008841184,0.716071987,0.705238374,1.421310361,0.17488939,0.05033084,0.959858748,0.999506409,0.267071388,3.94857067,0.146328734
DSS,FLNB,0.970290767,0.713232845,0.606762694,1.319995538,0.157037502,-0.192052802,0.847700845,0.999506409,0.54424422,2.138095962,0.424655665
DSS,FLNC,0.944150164,0.681533108,0.626429077,1.307962185,0.166299176,-0.345582308,0.729656644,0.999506409,0.629128151,1.73523825,0.724019144
DSS,FLT1,0.981475227,0.708594449,0.650848352,1.3594428,0.16621398,-0.112496584,0.910429678,0.999506409,0.552109433,2.099027988,0.536877022
DSS,FLT3LG,0.891445341,0.628998868,0.634397358,1.263396226,0.177918916,-0.645862497,0.518368409,0.999506409,0.635655432,1.705753443,0.792930321
DSS,FN1,0.951216704,0.698854507,0.59585449,1.294708997,0.157298467,-0.317952066,0.750521297,0.999506409,0.618836437,1.782106703,0.956176074
DSS,FOLH1,0.830472128,0.583213523,0.599344715,1.182558237,0.180330355,-1.030114487,0.302956265,0.999506409,0.650576521,1.639013302,0.802692215
DSS,FOS,1.133035186,0.818742471,0.749233759,1.56797623,0.165761069,0.7534944,0.451152875,0.999506409,0.481500712,2.465815308,0.241880845
DSS,FOSL1,0.903165703,0.635639809,0.647647164,1.283286973,0.179224709,-0.568276778,0.569847044,0.999506409,0.577716389,1.974498896,0.956848877
DSS,FOXA1,1.121750314,0.819945035,0.714699012,1.534644047,0.15990509,0.718490237,0.472455065,0.999506409,0.136997847,5.527587707,0.047622021
DSS,FOXA2,0.922120202,0.6839336,0.55932403,1.24325763,0.152459306,-0.531812031,0.594856189,0.999506409,0.361819778,3.199897627,0.145171182
DSS,FOXC1,0.924770267,0.651957138,0.659785609,1.311742747,0.178353546,-0.438510665,0.661016141,0.999506409,0.621092962,1.771789731,0.93351297
DSS,FOXJ1,1.058702729,0.762548483,0.707327193,1.469875677,0.16741813,0.340729631,0.73330713,0.999506409,0.590229669,1.915024203,0.431693716
DSS,FOXL2,0.938467912,0.665453844,0.658036926,1.323490771,0.175400868,-0.362065565,0.717303035,0.999506409,0.591856619,1.907353735,0.409444709
DSS,FOXM1,0.913436239,0.67766558,0.55356969,1.23123527,0.152329153,-0.594381982,0.552256657,0.999506409,0.574462563,1.990107035,0.307972596
DSS,FOXO4,0.842508747,0.584044949,0.631308409,1.215353357,0.186945322,-0.916691749,0.359304191,0.999506409,0.598648086,1.875484062,0.776718083
DSS,FPR1,0.891270091,0.634111266,0.618606385,1.252717651,0.173688435,-0.662725558,0.507506338,0.999506409,0.625869677,1.750026258,0.894769028
DSS,FPR3,0.931818747,0.684095806,0.585150649,1.269246456,0.157676542,-0.447859649,0.654254492,0.999506409,0.6348125,1.709550916,0.777019565
DSS,FST,0.921768345,0.678268432,0.574416851,1.252685283,0.156508393,-0.52049183,0.602720821,0.999506409,0.354764553,3.249279898,0.226368052
DSS,FSTL3,1.063923276,0.779554918,0.67246945,1.452024369,0.158674048,0.390506705,0.696161898,0.999506409,0.611959921,1.813692112,0.975729423
DSS,FUBP1,0.971291966,0.700504426,0.646250925,1.346755351,0.16675124,-0.174680379,0.861330786,0.999506409,0.498712204,2.37283077,0.290211048
DSS,FUT4,0.832081548,0.616693969,0.506001788,1.122695757,0.152838292,-1.202740664,0.229076693,0.999506409,0.551267728,2.103189733,0.563335829
DSS,FUT5,1.00531006,0.750742391,0.595456157,1.346198548,0.148976574,0.035549289,0.971641744,0.999506409,0.613163937,1.808145744,0.535351064
DSS,FUT7,0.966326169,0.668426517,0.728565136,1.396991653,0.188051903,-0.182151055,0.855464182,0.999506409,0.489546875,2.422030247,0.709932418
DSS,FUT8,0.80346029,0.553607206,0.612469446,1.166076652,0.190040401,-1.151478924,0.249535261,0.999506409,0.104113022,6.159277035,0.118638119
DSS,FYN,0.884247784,0.663673648,0.514456819,1.178130466,0.146404113,-0.840262986,0.40076095,0.999506409,0.50883175,2.319309848,0.310986946
DSS,FZD1,0.689238038,0.497232762,0.458152943,0.955385705,0.166599206,-2.233915715,0.025488619,0.999506409,0.623234009,1.762022118,0.439105246
DSS,FZD10,0.986610057,0.693433627,0.710304765,1.403738392,0.17991114,-0.074928081,0.940271934,0.999506409,0.605035597,1.845724873,0.922424069
DSS,FZD2,0.720817483,0.526487011,0.460389841,0.986876851,0.160288303,-2.042378095,0.041114041,0.999506409,0.38045969,3.073310377,0.1807007
DSS,FZD3,1.340737059,0.949045879,0.945041542,1.894087421,0.176287752,1.663300507,0.096252297,0.999506409,0.342143504,3.33978562,0.348171152
DSS,FZD4,0.964691946,0.662015753,0.743737128,1.405752881,0.192105302,-0.187118497,0.851567726,0.999506409,0.642270658,1.676053722,0.791896079
DSS,FZD5,0.901347523,0.626445562,0.670438646,1.296884209,0.185630458,-0.559522337,0.575805291,0.999506409,0.202400643,4.613340567,0.442802903
DSS,FZD6,1.376526162,0.990029735,0.923876695,1.913906429,0.168157862,1.900375327,0.057383882,0.999506409,0.488655121,2.426855166,0.489643928
DSS,FZD7,1.189404371,0.835687835,0.857148533,1.692836367,0.180081264,0.963191001,0.33545168,0.999506409,0.641920845,1.677619754,0.661306108
DSS,FZD8,1.059658227,0.769317785,0.690255333,1.459573117,0.163369114,0.354696351,0.722817085,0.999506409,0.652185061,1.631871036,0.996857225
DSS,FZD9,0.977516449,0.696318413,0.675953797,1.37227221,0.173068524,-0.131393967,0.895463661,0.999506409,0.065355414,7.21487311,0.062491424
DSS,G6PD,0.787469246,0.549523899,0.578921678,1.128445577,0.183560542,-1.301646633,0.193037211,0.999506409,0.248710379,4.120814714,0.294966225
DSS,GABPA,1.043296723,0.706664165,0.833626267,1.540290432,0.198771696,0.213237731,0.83114154,0.999506409,0.410688624,2.878819563,0.416671371
DSS,GADD45A,1.061519813,0.740969958,0.779772282,1.52074224,0.183420138,0.325491343,0.744809234,0.999506409,0.63582375,1.704995514,0.667136139
DSS,GADD45B,0.984812577,0.719689541,0.627913497,1.347603038,0.160018971,-0.09563824,0.923807893,0.999506409,0.575716665,1.984084137,0.944600327
DSS,GADD45G,0.924115516,0.662545709,0.626406095,1.288951804,0.169772268,-0.464847403,0.642040739,0.999506409,0.643159643,1.672076162,0.765156252
DSS,GAS1,0.818198604,0.586910443,0.553721766,1.140632209,0.169509675,-1.183709307,0.236528153,0.999506409,0.444743537,2.673534757,0.206752641
DSS,GATA1,0.97229972,0.650353771,0.803265456,1.453619227,0.205181134,-0.136909117,0.891102633,0.999506409,0.57778708,1.974160473,0.8108457
DSS,GATA2,1.173173919,0.831452637,0.823887647,1.655340284,0.175663315,0.90919853,0.36324534,0.999506409,0.452496848,2.62860458,0.194507838
DSS,GATA3,0.863462872,0.595869603,0.655357389,1.251226992,0.189252989,-0.775704416,0.437923532,0.999506409,0.422612985,2.805392497,0.675715752
DSS,GBP1,0.923925162,0.631061583,0.721639529,1.352701112,0.194507462,-0.406792638,0.684160294,0.999506409,0.520280167,2.259726223,0.776478065
DSS,GBP2,0.975854838,0.660743909,0.78049929,1.441243198,0.198956467,-0.122848159,0.902227338,0.999506409,0.4672712,2.544676038,0.815679393
DSS,GBP4,1.029762001,0.719764064,0.75351007,1.473274135,0.182737806,0.160490648,0.872494588,0.999506409,0.639668206,1.687716217,0.836786718
DSS,GDF15,1.429310422,0.987166719,1.082319866,2.069486585,0.188834309,1.891563603,0.058549149,0.999506409,0.311288365,3.574017936,0.239393797
DSS,GDF6,1.055829093,0.733043276,0.787706058,1.520749335,0.186165088,0.291818028,0.770425761,0.999506409,0.437877095,2.713859846,0.696183594
DSS,GHR,1.013815418,0.686567688,0.810475824,1.497043511,0.19886657,0.068995283,0.944993374,0.999506409,0.49471944,2.394177283,0.875222364
DSS,GIMAP4,0.915555838,0.65743899,0.617572844,1.275011834,0.168972179,-0.522121012,0.601586078,0.999506409,0.638409292,1.693367797,0.759226071
DSS,GIMAP6,0.912768597,0.635891221,0.674311661,1.310202882,0.184419145,-0.494920874,0.620655975,0.999506409,0.545582767,2.131418585,0.766565437
DSS,GLI1,0.96572591,0.680680281,0.68945862,1.370138901,0.17846621,-0.195416389,0.845066988,0.999506409,0.634817791,1.709527071,0.620158697
DSS,GLI3,0.871886122,0.61385704,0.624518283,1.238375323,0.179032246,-0.765764049,0.443816709,0.999506409,0.630572284,1.728699128,0.636609514
DSS,GLS,1.068615525,0.786969895,0.664088331,1.451058226,0.156089191,0.425166586,0.670715241,0.999506409,0.62705138,1.744657921,0.999814133
DSS,GLUD1,0.909413913,0.643047218,0.643069327,1.286116544,0.176830895,-0.536981609,0.591280318,0.999506409,0.644099088,1.667876279,0.765581892
DSS,GLUL,0.884793798,0.623929009,0.630797174,1.254726183,0.178226758,-0.686769258,0.492228145,0.999506409,0.634116456,1.712688905,0.818769057
DSS,GMIP,0.911420918,0.656586416,0.608575441,1.265161857,0.167324765,-0.554313937,0.579364014,0.999506409,0.628465352,1.73824248,0.915455278
DSS,GNA11,1.043326331,0.743840993,0.719549494,1.463390487,0.172626637,0.245697911,0.805916089,0.999506409,0.267990921,3.94023036,0.090169282
DSS,GNAQ,0.837052839,0.596978681,0.576693808,1.17367249,0.172455105,-1.031387744,0.302359026,0.999506409,0.530464455,2.207541518,0.787434442
DSS,GNAS,1.037609901,0.74446488,0.701720608,1.446185488,0.169395713,0.217950593,0.827467607,0.999506409,0.323322145,3.480330646,0.114300428
DSS,GNG12,0.910871925,0.670107219,0.568034439,1.238141658,0.156617455,-0.596057309,0.551136942,0.999506409,0.498972094,2.371445888,0.27571341
DSS,GNG4,1.0606759,0.779633046,0.663396301,1.443029347,0.157063228,0.375048618,0.707624309,0.999506409,0.278308317,3.848382957,0.119279538
DSS,GNG7,0.864534848,0.615951685,0.597488463,1.213440147,0.172974141,-0.841534253,0.400048704,0.999506409,0.434801148,2.732091808,0.67135782
DSS,GNLY,0.953009559,0.668924436,0.688818188,1.357742624,0.180592007,-0.26651426,0.789843179,0.999506409,0.620296914,1.775426658,0.900445877
DSS,GOT1,0.700401159,0.473369132,0.562950626,1.036319758,0.199890288,-1.781487367,0.074832867,0.999506409,0.62246263,1.765538823,0.800160645
DSS,GOT2,1.025574962,0.707868601,0.77800604,1.485874641,0.189161735,0.133501598,0.893796701,0.999506409,0.57070827,2.008191499,0.529715695
DSS,GPC4,0.976596876,0.670066802,0.753285997,1.423352799,0.192195644,-0.123214689,0.901937094,0.999506409,0.370473881,3.140446461,0.211585718
DSS,GPI,0.953264482,0.680460119,0.654979161,1.33543928,0.172004781,-0.278264873,0.780809039,0.999506409,0.605272277,1.8446261,0.56554079
DSS,GPR160,0.810046272,0.572966389,0.57225779,1.145224179,0.176668713,-1.192423399,0.23309527,0.999506409,0.655797268,1.615867847,0.596712702
DSS,GPSM3,0.845933977,0.600708515,0.590558591,1.191267105,0.174662137,-0.957929213,0.338098454,0.999506409,0.550721348,2.105893703,0.666576028
DSS,GPT,1.269178462,0.883604656,0.939398376,1.823003032,0.184756124,1.290186251,0.196985999,0.999506409,0.532665483,2.196361068,0.634275253
DSS,GPX1,1.012456199,0.758316405,0.593451205,1.35176761,0.147468944,0.083944851,0.93310028,0.999506409,0.609940104,1.823012055,0.515354211
DSS,GPX4,1.030861058,0.76586249,0.621690153,1.387552643,0.151608436,0.200479819,0.84110534,0.999506409,0.239032186,4.216328327,0.141984486
DSS,GRB2,0.749852373,0.541110412,0.498009459,1.039119871,0.166458673,-1.729431825,0.083731838,0.999506409,0.450062549,2.642643726,0.449302267
DSS,GRB7,1.135929608,0.852145122,0.662075919,1.514221041,0.146660751,0.869021556,0.38483534,0.999506409,0.24913259,4.116725732,0.171454025
DSS,GRIN1,0.965735888,0.674969713,0.706789776,1.381759489,0.182769975,-0.190758302,0.848714959,0.999506409,0.584972406,1.939907105,0.888691578
DSS,GRIN2B,0.915586146,0.646316437,0.650723128,1.297039565,0.17769471,-0.496305275,0.619679045,0.999506409,0.484075408,2.451742745,0.515576215
DSS,GSK3B,0.978082968,0.708721449,0.641098419,1.349819868,0.164356046,-0.13483397,0.892743147,0.999506409,0.303325003,3.637798048,0.309715654
DSS,GTF2H3,1.004571775,0.692055146,0.76615878,1.458213926,0.190131551,0.02399053,0.980860163,0.999506409,0.640290936,1.684923036,0.781277054
DSS,GTF3C1,1.118923752,0.848617411,0.626712162,1.475329573,0.141081223,0.796472308,0.425757565,0.999506409,0.605639282,1.842922849,0.633360174
DSS,GUSB,1.083414955,0.799943652,0.667394655,1.467338307,0.154764087,0.517678549,0.604682567,0.999506409,0.264771583,3.969544734,0.094890298
DSS,GZMA,0.840555608,0.600716889,0.575434046,1.176150935,0.171400779,-1.013368596,0.310884134,0.999506409,0.571571882,2.004024224,0.650565413
DSS,GZMB,0.903091632,0.641475463,0.629928577,1.27140404,0.174520089,-0.584066032,0.559175887,0.999506409,0.621319506,1.77075524,0.841734028
DSS,GZMH,0.809079039,0.572039779,0.572301777,1.144341556,0.176884923,-1.197720323,0.231025915,0.999506409,0.616146178,1.794437351,0.991982692
DSS,GZMM,0.971067831,0.67871809,0.710625654,1.389343744,0.182753596,-0.160647764,0.872370833,0.999506409,0.635052142,1.708471005,0.488442883
DSS,H2AX,0.897130366,0.674443454,0.518900314,1.193343768,0.14557071,-0.745713836,0.455840299,0.999506409,0.535354532,2.182747668,0.284808203
DSS,H3.3A,0.956148099,0.710827673,0.575305692,1.286133365,0.151269508,-0.296440857,0.766893427,0.999506409,0.64848669,1.648307491,0.648109085
DSS,H3.5,0.952481763,0.692305689,0.618129173,1.310434862,0.162780213,-0.299080073,0.76487895,0.999506409,0.625447198,1.751947028,0.740560976
DSS,H3C10,0.889433804,0.657056742,0.546937436,1.203994178,0.154500138,-0.758382458,0.448222057,0.999506409,0.576061541,1.982429424,0.256756397
DSS,H3C2,0.809952598,0.585801527,0.534071297,1.119872825,0.165306447,-1.275083684,0.202279624,0.999506409,0.746564059,1.226883343,0.650939012
DSS,H3C8,0.927857854,0.685713243,0.569797286,1.255510529,0.154298253,-0.48527272,0.627482904,0.999506409,0.419568352,2.823975279,0.459741283
DSS,HACD2,0.957018102,0.623216097,0.846392361,1.469608458,0.218845339,-0.200748953,0.84089488,0.999506409,0.347448338,3.301396405,0.362356896
DSS,HAMP,0.932948244,0.583623602,0.907735594,1.491359196,0.2393378,-0.289989931,0.771823941,0.999506409,0.636112436,1.703695851,0.40661632
DSS,HAVCR2,0.895333639,0.648087996,0.588815525,1.236903521,0.164885655,-0.670518303,0.502527443,0.999506409,0.601794126,1.860801176,0.717331945
DSS,HCK,1.124302242,0.746514373,0.946762513,1.693276885,0.208933953,0.56076388,0.574958513,0.999506409,0.096735388,6.327124124,0.095963084
DSS,HDAC1,1.032553821,0.744492396,0.687580515,1.432072911,0.166884603,0.191960019,0.847773523,0.999506409,0.581690539,1.95551661,0.358933889
DSS,HDAC10,0.904402863,0.656711466,0.588804381,1.245515847,0.16328369,-0.615372993,0.538308422,0.999506409,0.545654863,2.131059265,0.572863128
DSS,HDAC11,0.963437015,0.663465862,0.735567508,1.399033371,0.190324779,-0.195708433,0.844838384,0.999506409,0.586945997,1.930548512,0.859853894
DSS,HDAC2,0.835257131,0.610599044,0.531974765,1.142573809,0.159849419,-1.126157734,0.26009876,0.999506409,0.410189137,2.881933828,0.164104748
DSS,HDAC3,0.906315105,0.674861615,0.542287282,1.217148897,0.150451432,-0.65382053,0.513227438,0.999506409,0.560059884,2.059938555,0.525412407
DSS,HDAC4,0.870709888,0.638824187,0.547943194,1.186767382,0.15800268,-0.876228411,0.380905874,0.999506409,0.512435012,2.300448393,0.719378096
DSS,HDAC5,0.782768057,0.567811392,0.511289592,1.079100984,0.163802562,-1.495207687,0.134860248,0.999506409,0.379743391,3.078075691,0.38831563
DSS,HDAC6,1.05807316,0.749262849,0.744897463,1.494160312,0.176082268,0.320585831,0.748524276,0.999506409,0.540918748,2.154736786,0.551479245
DSS,HELLS,1.012029995,0.740980094,0.641249632,1.382229725,0.159053804,0.075183427,0.94006877,0.999506409,0.534052954,2.189330662,0.307153589
DSS,HERC6,0.893617889,0.61645759,0.678932302,1.295389892,0.18943651,-0.593745167,0.552682568,0.999506409,0.615887776,1.795623492,0.89853862
DSS,HES1,1.031612272,0.723796951,0.746537898,1.470334849,0.180802951,0.172137077,0.863329764,0.999506409,0.568634124,2.01821795,0.59976927
DSS,HES5,1.03540067,0.723777835,0.757415006,1.481192841,0.182686655,0.190427005,0.848974538,0.999506409,0.503190229,2.349045643,0.714438355
DSS,HEY1,1.147851175,0.825047608,0.771905473,1.596953081,0.168475462,0.818467266,0.413090426,0.999506409,0.069457141,7.077858086,0.052436076
DSS,HGF,0.926064346,0.643589641,0.688928965,1.332518606,0.185657697,-0.413726769,0.67907422,0.999506409,0.192763616,4.728847249,0.327490075
DSS,HHEX,0.961317089,0.678463321,0.683630277,1.362093599,0.17779607,-0.221888856,0.824400406,0.999506409,0.512293016,2.301189775,0.280583623
DSS,HHIP,0.893036925,0.618562671,0.670740723,1.289303393,0.18736539,-0.603779327,0.545990365,0.999506409,0.404395091,2.918293075,0.72553689
DSS,HIF1A,0.914620681,0.600239505,0.793422498,1.393662003,0.214892047,-0.41530553,0.677918254,0.999506409,0.407031069,2.901697866,0.992652478
DSS,HK1,0.833007651,0.604166782,0.544360026,1.148526808,0.163876755,-1.11493819,0.26487691,0.999506409,0.561515267,2.052825552,0.89047553
DSS,HK2,1.029783377,0.745639719,0.676566981,1.4222067,0.164728135,0.17816305,0.858594927,0.999506409,0.641039111,1.681569277,0.861662409
DSS,HLA.A,0.869844065,0.63020833,0.570392586,1.200600915,0.164423181,-0.848063624,0.396402538,0.999506409,0.618677121,1.782835987,0.993561316
DSS,HLA.B,0.946544952,0.682781549,0.629420498,1.312202047,0.166657907,-0.329638226,0.741673335,0.999506409,0.605342975,1.844297941,0.747397965
DSS,HLA.C,0.816412589,0.580142968,0.56876265,1.148905618,0.17431202,-1.163634202,0.244572285,0.999506409,0.474519334,2.504273097,0.437032829
DSS,HLA.DMA,0.953550875,0.686709203,0.637372762,1.324081965,0.167493824,-0.283965691,0.776436674,0.999506409,0.594402321,1.89537968,0.414798905
DSS,HLA.DMB,0.963451772,0.69971533,0.626880327,1.326595656,0.163191188,-0.228154766,0.819525926,0.999506409,0.625455353,1.751909944,0.529290795
DSS,HLA.DOA,0.876568431,0.615900425,0.631658731,1.247559156,0.180069366,-0.731609757,0.464406791,0.999506409,0.638738929,1.691887341,0.644467692
DSS,HLA.DOB,0.869005328,0.590304193,0.68898582,1.279290013,0.197305294,-0.711618124,0.476701281,0.999506409,0.565030328,2.03569936,0.964399073
DSS,HLA.DPA1,0.953505932,0.685569255,0.640589344,1.326158599,0.168317442,-0.282856201,0.77728707,0.999506409,0.511541522,2.305116018,0.285498119
DSS,HLA.DPB1,0.880296284,0.610952158,0.657431195,1.268383353,0.186350303,-0.684177812,0.493862891,0.999506409,0.536662512,2.176144102,0.809490035
DSS,HLA.DQA1,0.876749365,0.628668118,0.594058829,1.222726947,0.169706017,-0.775070422,0.438298048,0.999506409,0.574769259,1.98863328,0.44812971
DSS,HLA.DQA2,0.922433066,0.651545346,0.654400228,1.305945574,0.1773848,-0.455171263,0.648986033,0.999506409,0.544691176,2.135864992,0.337593444
DSS,HLA.DQB1,0.982866665,0.698330189,0.685008089,1.383338278,0.174381484,-0.09910346,0.921056125,0.999506409,0.508999335,2.318430373,0.681200255
DSS,HLA.DRA,0.944893516,0.686493617,0.614062913,1.300556529,0.163000603,-0.347747423,0.728029878,0.999506409,0.385326192,3.041136033,0.209540261
DSS,HLA.DRB,0.979270422,0.722909025,0.60363488,1.326543905,0.154862256,-0.135265054,0.892402314,0.999506409,0.361973984,3.198827608,0.196362367
DSS,HLA.DRB3,0.86858855,0.632081857,0.561507328,1.193589185,0.162171669,-0.868744473,0.384986911,0.999506409,0.340814894,3.349481581,0.178578685
DSS,HLA.DRB4,0.893470577,0.652141528,0.57196342,1.224104948,0.160641624,-0.701199802,0.483178334,0.999506409,0.157318371,5.206017172,0.055531534
DSS,HLA.DRB5,1.187267289,0.880908928,0.719260591,1.600169519,0.152275912,1.127258202,0.259633329,0.999506409,0.438073416,2.712699756,0.398772366
DSS,HLA.E,0.910165892,0.657841649,0.601430932,1.259272581,0.165647245,-0.568246078,0.569867888,0.999506409,0.376906116,3.097026903,0.236561252
DSS,HLA.F,0.824104282,0.587289136,0.569122292,1.156411428,0.17285002,-1.119225794,0.263043824,0.999506409,0.524682556,2.237075829,0.529259144
DSS,HLA.G,0.847838334,0.56473002,0.708143416,1.272873436,0.207321257,-0.796181285,0.425926674,0.999506409,0.594446076,1.89517417,0.33834586
DSS,HMGA1,0.9117895,0.659672431,0.600589563,1.260261993,0.165138625,-0.55920368,0.576022722,0.999506409,0.530939365,2.205126255,0.375989487
DSS,HMGA2,0.893421191,0.612882044,0.689491606,1.302373649,0.192292123,-0.586072636,0.557826704,0.999506409,0.637886681,1.695715846,0.754905711
DSS,HMGB1,1.000470312,0.735220011,0.626196751,1.361416761,0.15717416,0.002991597,0.997613054,0.999506409,0.135318972,5.556142481,0.031918678
DSS,HMGN5,0.836048803,0.596366483,0.575694021,1.172060504,0.172366231,-1.038882673,0.298859306,0.999506409,0.4624252,2.571967579,0.248126668
DSS,HNF1A,1.037690633,0.752493612,0.678484448,1.43097806,0.163962436,0.225647409,0.821475665,0.999506409,0.62940287,1.733993611,0.9918174
DSS,HNRNPK,0.90242054,0.655720515,0.586215358,1.241935873,0.16293462,-0.63015851,0.528590882,0.999506409,0.626613035,1.74664855,0.839493844
DSS,HOXA10,0.966044441,0.711942635,0.598895931,1.310838565,0.155723524,-0.221838293,0.824439769,0.999506409,0.560998087,2.055351717,0.639276268
DSS,HOXA11,0.863866213,0.600515725,0.642190839,1.242706564,0.185528451,-0.788759715,0.430252459,0.999506409,0.494226888,2.396819815,0.693301965
DSS,HOXA9,0.873330463,0.620989604,0.60722113,1.228210734,0.173982626,-0.778475766,0.436288588,0.999506409,0.548500923,2.116902128,0.721309313
DSS,HPRT1,0.971324925,0.679983065,0.707510476,1.387493541,0.181938623,-0.159912374,0.872950101,0.999506409,0.624000796,1.758529001,0.919254334
DSS,HRAS,0.906513258,0.663654832,0.574588674,1.238243507,0.159106736,-0.616879122,0.537314458,0.999506409,0.641157159,1.681040326,0.873101491
DSS,HSD11B1,0.916287142,0.645166809,0.656174356,1.301341165,0.178993538,-0.488428189,0.625246579,0.999506409,0.622740715,1.764270727,0.944298334
DSS,HSD17B8,0.822681727,0.594547421,0.543806225,1.138353646,0.165701475,-1.177936862,0.238821778,0.999506409,0.682500202,1.499004104,0.803853606
DSS,HSP90B1,0.920844807,0.658344494,0.629666823,1.288011317,0.171208848,-0.481655958,0.630050368,0.999506409,0.629590512,1.73314367,0.926803105
DSS,HSPA1A,1.024897995,0.725756318,0.721583339,1.447339657,0.176092043,0.13966043,0.888928292,0.999506409,0.534592517,2.18660029,0.524599143
DSS,HSPA2,1.02073056,0.742430525,0.660920821,1.403351346,0.162423693,0.126327668,0.899472556,0.999506409,0.263333111,3.982747622,0.154371381
DSS,HSPA6,1.416962592,0.932566257,1.220399254,2.152965511,0.213437921,1.632866171,0.102497146,0.999506409,0.311010082,3.576222181,0.278220295
DSS,HSPB1,0.93337282,0.675967077,0.612830633,1.288797711,0.164625648,-0.418832458,0.675338582,0.999506409,0.634639225,1.710331906,0.97519139
DSS,IBSP,0.934568499,0.661680043,0.658320897,1.32000094,0.176178137,-0.384101885,0.700902934,0.999506409,0.548244851,2.11817374,0.314755672
DSS,ICAM1,0.946560939,0.686007966,0.620066681,1.306074647,0.164261239,-0.334345015,0.738119226,0.999506409,0.607974109,1.832102519,0.604513152
DSS,ICAM2,0.88281932,0.614034152,0.655227419,1.269261571,0.185243205,-0.672816689,0.501063919,0.999506409,0.565318961,2.034296393,0.301954309
DSS,ICAM3,1.014567488,0.727907757,0.686209865,1.414117622,0.169412984,0.085367726,0.93196905,0.999506409,0.633214907,1.716756425,0.866336217
DSS,ICAM4,0.932438898,0.661147265,0.653903625,1.31505089,0.175425172,-0.398754941,0.690073781,0.999506409,0.607718538,1.833285617,0.893689876
DSS,ICAM5,0.911939412,0.662113711,0.593914488,1.256028199,0.16333782,-0.564362406,0.572507518,0.999506409,0.587958173,1.925757047,0.881473598
DSS,ICOS,0.918568207,0.632709386,0.700868982,1.333578368,0.190210102,-0.44655419,0.655196978,0.999506409,0.447004782,2.660365813,0.767972447
DSS,ICOSLG,1.086274791,0.787918206,0.709690191,1.497608397,0.163837303,0.505099987,0.61348861,0.999506409,0.464906914,2.557962807,0.466487846
DSS,ID1,1.648126824,1.145972341,1.224348415,2.370320756,0.185404377,2.69486294,0.007041759,0.999506409,0.661221434,1.591928175,0.728356712
DSS,ID2,1.089984036,0.798500382,0.689370162,1.487870544,0.158769694,0.542692045,0.587341852,0.999506409,0.339399372,3.359848224,0.164186108
DSS,ID4,0.957288095,0.723393334,0.543414713,1.266808047,0.142936954,-0.305385641,0.760072457,0.999506409,0.617293156,1.789176144,0.660287391
DSS,IDH1,0.773690907,0.554342588,0.525490774,1.079833362,0.170099842,-1.508424854,0.131445826,0.999506409,0.505552522,2.3365635,0.387421335
DSS,IDH2,0.817195043,0.555726091,0.645958964,1.201685055,0.196739465,-1.026115842,0.304836984,0.999506409,0.164733953,5.098372193,0.037396798
DSS,IDO1,0.996880438,0.687874451,0.756823205,1.444697656,0.189301694,-0.016505074,0.986831455,0.999506409,0.494017631,2.397943087,0.705612824
DSS,IER3,0.97363177,0.709365644,0.6269816,1.336347244,0.161565245,-0.165395141,0.868632978,0.999506409,0.571672513,2.003538921,0.347163672
DSS,IFI16,0.913394521,0.647938926,0.639666306,1.287605232,0.17519274,-0.517072665,0.605105435,0.999506409,0.599278604,1.872537353,0.625492505
DSS,IFI27,1.017721648,0.744563094,0.64653104,1.391094134,0.159454019,0.110166247,0.91227753,0.999506409,0.18790236,4.789169418,0.082929231
DSS,IFI35,0.978124322,0.673777054,0.746169178,1.419946232,0.190175691,-0.116305606,0.907410343,0.999506409,0.245708718,4.150068938,0.078158065
DSS,IFI6,1.124581411,0.792311394,0.803883434,1.596194828,0.17868271,0.657091485,0.511122094,0.999506409,0.191776471,4.740980799,0.105782952
DSS,IFIH1,0.967449724,0.667160635,0.735738336,1.402898971,0.189611958,-0.174523909,0.861453742,0.999506409,0.631064504,1.72647239,0.69844621
DSS,IFIT2,0.883311316,0.621985552,0.632446933,1.254432485,0.178962901,-0.693314499,0.488112206,0.999506409,0.650740059,1.638286703,0.701526887
DSS,IFIT3,0.930085213,0.625390102,0.757840144,1.383230246,0.202504023,-0.357914222,0.720407508,0.999506409,0.546817318,2.125270464,0.309595464
DSS,IFITM1,1.062380372,0.772407117,0.688806834,1.46121395,0.162633365,0.372076321,0.709836026,0.999506409,0.491356542,2.412259815,0.299041917
DSS,IFITM2,1.025110376,0.752048874,0.645268933,1.397317807,0.15804079,0.156923356,0.875305253,0.999506409,0.241614158,4.190505768,0.089019337
DSS,IFNA1,0.963573946,0.664925489,0.731433599,1.396359088,0.189276052,-0.196041951,0.844577331,0.999506409,0.270362088,3.918842444,0.119965947
DSS,IFNA7.17,1.036427088,0.71489543,0.787675527,1.502570957,0.189492413,0.188816564,0.850236589,0.999506409,0.527045505,2.224976729,0.508272279
DSS,IFNAR1,1.130737064,0.804816839,0.783825752,1.588642591,0.173477803,0.708273263,0.478775578,0.999506409,0.394622962,2.980619293,0.210382165
DSS,IFNAR2,1.176684108,0.831232447,0.83446948,1.665701927,0.177322752,0.917538232,0.358860668,0.999506409,0.566648236,2.027841581,0.78691608
DSS,IFNB1,0.939914828,0.647769569,0.716048564,1.363818133,0.189929119,-0.326258639,0.744228679,0.999506409,0.252063267,4.088516031,0.338336017
DSS,IFNG,0.858263445,0.599981362,0.627750346,1.227731707,0.182662799,-0.836755933,0.402729772,0.999506409,0.496690868,2.383620906,0.753766476
DSS,IFNGR1,0.923904619,0.652987983,0.654233232,1.307221215,0.177069638,-0.446979167,0.654890102,0.999506409,0.614607154,1.801506524,0.548252157
DSS,IFNGR2,0.95071842,0.642163531,0.765368149,1.40753168,0.200194973,-0.252440649,0.800700484,0.999506409,0.63918643,1.689878259,0.937113302
DSS,IFNL1,1.059714009,0.734912133,0.793153238,1.528065371,0.186739861,0.310587511,0.756114223,0.999506409,0.596824152,1.884019618,0.888372808
DSS,IFNL2,1.039290465,0.714362105,0.797650728,1.512012833,0.191280826,0.201474638,0.840327459,0.999506409,0.639113574,1.690205294,0.679391455
DSS,IGF1,0.926475761,0.646717866,0.680533754,1.32725162,0.183410385,-0.416374437,0.677136031,0.999506409,0.608324727,1.830479944,0.970543827
DSS,IGF1R,0.970310536,0.672368098,0.727910319,1.400278417,0.187151503,-0.161041287,0.872060883,0.999506409,0.504426867,2.342505791,0.638311839
DSS,IGF2R,0.95454578,0.689754392,0.631234148,1.32098854,0.165768365,-0.280630593,0.778993749,0.999506409,0.60523346,1.844806287,0.901285906
DSS,IGFBP3,1.026833658,0.737592045,0.691907321,1.429499366,0.168801235,0.156870587,0.875346841,0.999506409,0.578856908,1.969042211,0.663219132
DSS,IGLL1,1.325690771,1.001485882,0.753362641,1.754848523,0.143088793,1.970340613,0.048799347,0.999506409,0.744867584,1.233975748,0.844462954
DSS,IHH,0.874449402,0.603296982,0.664174561,1.267471543,0.189383506,-0.708408291,0.478691745,0.999506409,0.472499106,2.515484944,0.729549224
DSS,IKBKB,1.431504379,1.010892998,1.016230337,2.027123335,0.177499082,2.021001465,0.043279613,0.999506409,0.785874439,1.063571899,0.967114222
DSS,IKBKE,0.912256144,0.65403084,0.618403456,1.272434296,0.169781846,-0.540896869,0.588578669,0.999506409,0.61301673,1.808823492,0.949093469
DSS,IKBKG,1.129345494,0.835989135,0.689654191,1.525643327,0.153460941,0.792633325,0.427991487,0.999506409,0.148075691,5.347091903,0.077375357
DSS,IL10,0.997962397,0.703824893,0.711198865,1.415023759,0.178159398,-0.011448634,0.990865511,0.999506409,0.636845886,1.700395431,0.852161914
DSS,IL10RA,0.932898265,0.663152746,0.649213338,1.312366084,0.174131161,-0.398889691,0.689974485,0.999506409,0.637801293,1.696099597,0.77210113
DSS,IL11RA,1.021352561,0.738274361,0.674697711,1.412972072,0.165598731,0.127584246,0.898477999,0.999506409,0.629893768,1.731770369,0.853466697
DSS,IL12A,0.877452788,0.628037665,0.597881476,1.225919141,0.17062712,-0.766186101,0.443565577,0.999506409,0.638671804,1.692188777,0.569174215
DSS,IL12B,0.902636982,0.630804937,0.660804358,1.291609296,0.182821613,-0.560299289,0.575275312,0.999506409,0.605379031,1.844130591,0.858147699
DSS,IL12RB1,1.310734874,0.896223236,1.020738789,1.916962025,0.193959534,1.395074252,0.16299345,0.999506409,0.526370605,2.228428327,0.91531951
DSS,IL12RB2,1.005869581,0.743571069,0.617124172,1.360695241,0.154157605,0.03796389,0.969716473,0.999506409,0.639358459,1.689106146,0.935034803
DSS,IL13RA1,0.962628752,0.712916086,0.58689203,1.299808115,0.153219195,-0.248581476,0.803684539,0.999506409,0.645843218,1.660088319,0.826072085
DSS,IL15,0.889824035,0.621599052,0.652191199,1.273790251,0.183028085,-0.637779439,0.523617266,0.999506409,0.303583651,3.6357032,0.446869965
DSS,IL15RA,1.04210275,0.736030892,0.73942096,1.475451851,0.177413329,0.232454615,0.816184934,0.999506409,0.63464559,1.710303215,0.923020161
DSS,IL16,0.900591678,0.611923561,0.7135122,1.325435761,0.197169232,-0.531032711,0.595396112,0.999506409,0.419254109,2.825899602,0.855826001
DSS,IL17A,0.955243439,0.665857223,0.704541708,1.370398931,0.184131419,-0.248675982,0.803611429,0.999506409,0.637422298,1.697803231,0.820970025
DSS,IL17B,0.947856764,0.651561873,0.727328578,1.378890451,0.191243839,-0.280018858,0.779463037,0.999506409,0.603214512,1.85418842,0.753969773
DSS,IL17F,0.854242196,0.597994736,0.622299834,1.22029457,0.181958856,-0.865803001,0.386598203,0.999506409,0.550867484,2.105170306,0.924541502
DSS,IL17RA,1.318880453,0.898721527,1.036745242,1.935466769,0.195700171,1.414322913,0.157267112,0.999506409,0.586694271,1.931741,0.741080888
DSS,IL17RB,1.038366157,0.7669218,0.63896375,1.40588555,0.154604327,0.243515014,0.807606455,0.999506409,0.520122474,2.260540211,0.420879922
DSS,IL18,0.872620651,0.613363013,0.62809887,1.241461883,0.17987268,-0.757504429,0.448747713,0.999506409,0.608853507,1.828034003,0.889935808
DSS,IL18R1,0.883040175,0.625148684,0.622170507,1.247319191,0.176218127,-0.705855765,0.480277839,0.999506409,0.496546222,2.384394345,0.717337432
DSS,IL18RAP,0.857196538,0.600870492,0.62199852,1.222869012,0.181272617,-0.850034919,0.395305673,0.999506409,0.461562025,2.576852704,0.737014274
DSS,IL19,0.988280598,0.66987098,0.788168807,1.458039787,0.198412594,-0.059414653,0.952621842,0.999506409,0.453059468,2.625368505,0.857888771
DSS,IL1A,0.835554393,0.569068528,0.657762879,1.226831408,0.195970226,-0.916771054,0.359262624,0.999506409,0.437585479,2.71558383,0.924183119
DSS,IL1B,0.813862361,0.581794213,0.556704465,1.138498678,0.171265628,-1.202599843,0.229131209,0.999506409,0.466741708,2.547647006,0.704561358
DSS,IL1R1,0.959807867,0.665424654,0.71900127,1.384425925,0.186895124,-0.219492901,0.826266109,0.999506409,0.634695012,1.710080448,0.626220563
DSS,IL1R2,0.867316321,0.611095078,0.619871473,1.230966551,0.178651853,-0.796809667,0.42556158,0.999506409,0.524336725,2.238849998,0.981986238
DSS,IL1RAP,0.831992379,0.606065341,0.536074411,1.142139752,0.161653724,-1.137814793,0.255197826,0.999506409,0.584748332,1.940970986,0.544538977
DSS,IL1RL1,0.897383506,0.631765045,0.642913197,1.274678242,0.17906745,-0.604643475,0.545415913,0.999506409,0.543644823,2.141089917,0.888765677
DSS,IL1RL2,0.837205937,0.573345743,0.649151832,1.222497575,0.1931572,-0.919899425,0.357625319,0.999506409,0.500481374,2.363414287,0.971928865
DSS,IL1RN,0.820609338,0.574234756,0.598455817,1.172690573,0.182150726,-1.08540945,0.277740349,0.999506409,0.573981265,1.992420897,0.794862122
DSS,IL20RA,0.880434589,0.594186013,0.710397147,1.30458316,0.200627775,-0.634705946,0.525620215,0.999506409,0.48807517,2.429996724,0.877352156
DSS,IL20RB,0.916582084,0.661891195,0.607384969,1.269276164,0.166100216,-0.524404212,0.599997428,0.999506409,0.598789084,1.874824938,0.503511825
DSS,IL21R,1.040812855,0.711576815,0.810804716,1.522381531,0.194020864,0.206173701,0.83665523,0.999506409,0.6289209,1.736177438,0.759186869
DSS,IL22,1.018560075,0.679413553,0.847586638,1.527000191,0.206593191,0.08901522,0.929069814,0.999506409,0.636630678,1.701363604,0.630589767
DSS,IL22RA1,0.977019214,0.697170034,0.672031881,1.369201915,0.1721853,-0.135022911,0.89259376,0.999506409,0.637075083,1.699364536,0.882333696
DSS,IL22RA2,0.903043259,0.62867995,0.668461987,1.297141936,0.184772862,-0.551946969,0.580984687,0.999506409,0.597371607,1.881455878,0.979859203
DSS,IL23A,1.105826492,0.773881511,0.806272832,1.580154342,0.182110242,0.552374268,0.580691957,0.999506409,0.635947251,1.704439473,0.713849021
DSS,IL23R,0.860700757,0.599164894,0.637232299,1.236397193,0.184804441,-0.811714191,0.416955649,0.999506409,0.519104754,2.265797967,0.773258983
DSS,IL24,1.023925936,0.738024324,0.682558017,1.420582341,0.167055463,0.141535004,0.88744731,0.999506409,0.641922332,1.677613097,0.766683656
DSS,IL25,0.883403454,0.611181123,0.665693493,1.276874616,0.18795685,-0.659583677,0.509521032,0.999506409,0.643543812,1.670358267,0.584269856
DSS,IL27,0.815515609,0.574382391,0.583497306,1.157879697,0.178842675,-1.140302316,0.254160373,0.999506409,0.565536763,2.033238046,0.925404799
DSS,IL2RA,0.985519995,0.668578397,0.784130313,1.45270871,0.197970859,-0.073676821,0.941267543,0.999506409,0.603964306,1.850701733,0.817579177
DSS,IL2RB,0.905766041,0.622559106,0.695246888,1.317805994,0.191300692,-0.517375226,0.60489425,0.999506409,0.633411044,1.715871222,0.533502973
DSS,IL2RG,0.832350936,0.562862124,0.668004284,1.230866408,0.199605427,-0.919319341,0.357928564,0.999506409,0.626365598,1.747772595,0.58290035
DSS,IL32,0.90889044,0.660629915,0.58981578,1.250445694,0.162773789,-0.586892527,0.557275889,0.999506409,0.493590334,2.400237927,0.338169554
DSS,IL33,0.943875998,0.647819827,0.727411158,1.375230985,0.192035256,-0.300780601,0.763581802,0.999506409,0.313835641,3.553922176,0.545070627
DSS,IL34,1.026112313,0.712281819,0.765934317,1.478216136,0.186257933,0.138395219,0.889928075,0.999506409,0.541992393,2.149356122,0.931998438
DSS,IL3RA,0.840959296,0.601233131,0.57503694,1.176270071,0.17120748,-1.011708247,0.311677571,0.999506409,0.596305433,1.886450219,0.454483374
DSS,IL4,0.965613174,0.666556038,0.732289293,1.398845331,0.189105056,-0.185039823,0.853197801,0.999506409,0.599308925,1.872395698,0.900804156
DSS,IL4R,1.009080548,0.743750087,0.625316715,1.369066802,0.155660908,0.058072178,0.953691136,0.999506409,0.397925866,2.959409496,0.129630578
DSS,IL6,0.862141326,0.616970311,0.58776783,1.204738141,0.170716557,-0.868902661,0.384900374,0.999506409,0.629596938,1.733114567,0.871315496
DSS,IL6R,0.948397777,0.667497423,0.680010917,1.347508339,0.1792066,-0.295643513,0.767502339,0.999506409,0.636945101,1.69994915,0.630304826
DSS,IL6ST,0.894486953,0.627173352,0.648561509,1.275734861,0.181139725,-0.615574317,0.538175506,0.999506409,0.113789557,5.955618567,0.025123054
DSS,IL7R,0.926915535,0.652460297,0.664359154,1.31681945,0.179142147,-0.423645889,0.671824084,0.999506409,0.650103627,1.641114943,0.927622417
DSS,ILF3,1.07924574,0.760596864,0.770794366,1.531391231,0.178530941,0.42716634,0.669258176,0.999506409,0.18732441,4.796437653,0.057629146
DSS,INHBA,0.967758461,0.704268775,0.625559369,1.329828144,0.162157299,-0.202104668,0.839834899,0.999506409,0.638128648,1.694628564,0.800322724
DSS,INHBB,1.21559053,0.882757602,0.791156429,1.673914031,0.16323495,1.196006068,0.231694191,0.999506409,0.466505601,2.548972663,0.348915367
DSS,INPP5D,0.999799487,0.700429094,0.726694684,1.427123778,0.181565381,-0.001104466,0.999118764,0.999506409,0.638499425,1.692962951,0.865979934
DSS,IRAK1,0.993346167,0.723539944,0.640222507,1.363762451,0.161698612,-0.041287108,0.967067011,0.999506409,0.574907492,1.987969208,0.69983507
DSS,IRAK2,0.820083879,0.570981574,0.60688055,1.177862124,0.184722623,-1.073764809,0.282928106,0.999506409,0.507322039,2.327242642,0.774769878
DSS,IRAK3,0.84403578,0.60896707,0.560876809,1.169843878,0.166549333,-1.018079079,0.308640377,0.999506409,0.341532182,3.344242845,0.403975025
DSS,IRAK4,0.979012238,0.680220716,0.728829227,1.409049943,0.185782401,-0.114171936,0.909101498,0.999506409,0.52957033,2.212093137,0.790892919
DSS,IRF1,0.909619419,0.638264138,0.658076105,1.296340243,0.180755405,-0.524072781,0.600227919,0.999506409,0.608561991,1.82938228,0.839717093
DSS,IRF2,0.719934005,0.519135166,0.479265648,0.998400813,0.166837384,-1.969556958,0.048889169,0.999506409,0.15052602,5.308898523,0.155981293
DSS,IRF3,0.887160987,0.621933496,0.64356293,1.265496426,0.181224398,-0.660666103,0.508826467,0.999506409,0.419411315,2.824936772,0.36166557
DSS,IRF4,0.907601804,0.663365788,0.578394112,1.2417599,0.159941299,-0.606157004,0.544410501,0.999506409,0.630443346,1.729282602,0.826426893
DSS,IRF5,0.836579794,0.583343669,0.616404932,1.199748602,0.18395512,-0.969983186,0.332054873,0.999506409,0.168131934,5.050562448,0.225344383
DSS,IRF7,1.158834111,0.826726129,0.797628601,1.62435473,0.172297158,0.855582442,0.392228785,0.999506409,0.06777361,7.133122052,0.008196767
DSS,IRF8,1.008597612,0.719821277,0.693403331,1.413224608,0.172101727,0.049743038,0.960327159,0.999506409,0.639980343,1.686315966,0.571424587
DSS,IRF9,0.954467269,0.66089556,0.717548816,1.378444376,0.187532796,-0.248500146,0.803747457,0.999506409,0.383414795,3.053731535,0.221121946
DSS,IRS1,0.942301661,0.699609872,0.569572361,1.269182233,0.151942896,-0.39113261,0.695699218,0.999506409,0.613634686,1.80597908,0.807624476
DSS,ISG15,1.116629986,0.807950514,0.735290691,1.543241205,0.165089603,0.668214147,0.503996907,0.999506409,0.621884931,1.768174298,0.731921667
DSS,ISG20,0.855731721,0.615234854,0.575004569,1.190239423,0.168346382,-0.92546309,0.354725075,0.999506409,0.597987846,1.878571853,0.985989333
DSS,ITCH,1.502754913,1.001787858,1.252454208,2.254242066,0.206898583,1.968597496,0.04899933,0.999506409,0.122191187,5.791793661,0.220716519
DSS,ITGA1,1.014687607,0.711616238,0.735218285,1.446834522,0.181022354,0.080546895,0.9358023,0.999506409,0.196975241,4.677721704,0.128778419
DSS,ITGA2,0.839167035,0.619578089,0.517003924,1.136582013,0.154783982,-1.132840123,0.257281399,0.999506409,0.512476007,2.300234384,0.350003234
DSS,ITGA2B,0.82426098,0.584585377,0.577616399,1.162201776,0.175301366,-1.102490411,0.270248525,0.999506409,0.600108609,1.868661423,0.511366916
DSS,ITGA3,1.386410521,1.010252489,0.892374977,1.902627466,0.16149162,2.023126944,0.043060061,0.999506409,0.715121642,1.359217279,0.810427562
DSS,ITGA4,1.002290634,0.737097883,0.625796434,1.362894317,0.156800125,0.01459192,0.988357746,0.999506409,0.618874416,1.781932868,0.980273036
DSS,ITGA5,0.915172862,0.684189643,0.539946641,1.224136284,0.148409784,-0.597280779,0.550319935,0.999506409,0.115843207,5.914533524,0.041687921
DSS,ITGA6,0.905345605,0.65408407,0.599043322,1.253127392,0.165860632,-0.599530602,0.548819109,0.999506409,0.365242987,3.176236312,0.16862411
DSS,ITGA7,1.050844401,0.748540485,0.726695629,1.475236113,0.173076661,0.286543733,0.774461703,0.999506409,0.561881879,2.051035827,0.321840776
DSS,ITGA8,0.877539405,0.616256749,0.633344831,1.24960158,0.180339122,-0.724376484,0.468834633,0.999506409,0.585050977,1.939534122,0.90861242
DSS,ITGA9,0.71375796,0.50020057,0.518291724,1.018492294,0.181398617,-1.85895224,0.063033908,0.999506409,0.589563335,1.918169783,0.580344509
DSS,ITGAE,0.925437877,0.642244021,0.691260437,1.333504458,0.186380302,-0.415753552,0.677590351,0.999506409,0.503759097,2.346035711,0.848756917
DSS,ITGAL,0.763473678,0.544428487,0.526220958,1.070649445,0.172524626,-1.56427889,0.117752087,0.999506409,0.612204663,1.812564138,0.575826033
DSS,ITGAM,0.82364979,0.590553796,0.558196717,1.148750513,0.169740207,-1.142981118,0.253046431,0.999506409,0.608321172,1.83049639,0.904341936
DSS,ITGAV,0.940885155,0.688930742,0.596053106,1.284983848,0.159023504,-0.383177271,0.701588329,0.999506409,0.377707793,3.091659887,0.153586124
DSS,ITGAX,0.956252489,0.704493441,0.593487165,1.297980606,0.155892134,-0.286950276,0.774150394,0.999506409,0.537802592,2.170397803,0.280305342
DSS,ITGB1,1.001276159,0.728882906,0.646583496,1.375466402,0.162001716,0.007872421,0.993718781,0.999506409,0.498004171,2.376606496,0.393571026
DSS,ITGB2,1.007713437,0.743942813,0.621063144,1.365005958,0.154837004,0.049625353,0.960420943,0.999506409,0.611923598,1.813859543,0.512506117
DSS,ITGB3,0.942851432,0.667427787,0.664504805,1.331932592,0.176267281,-0.333848443,0.738493927,0.999506409,0.272092353,3.90334229,0.073242474
DSS,ITGB4,1.171014958,0.797064936,0.923341984,1.72040692,0.196274008,0.804339096,0.421201164,0.999506409,0.640928528,1.682064831,0.577615381
DSS,ITGB6,0.947600873,0.645558246,0.745404413,1.390962659,0.195829085,-0.274841122,0.783438304,0.999506409,0.370128471,3.14279632,0.580215852
DSS,ITGB7,0.948935007,0.683862456,0.632890116,1.316752572,0.16713751,-0.313603859,0.753821928,0.999506409,0.609095314,1.826915944,0.997650618
DSS,ITGB8,1.115491847,0.746193661,0.92136548,1.667559142,0.205139249,0.532786519,0.594181367,0.999506409,0.516350596,2.280065425,0.943903591
DSS,ITK,0.820934012,0.566269392,0.62385789,1.190127281,0.189479405,-1.041340345,0.297717618,0.999506409,0.519215124,2.265227401,0.979732767
DSS,ITPK1,1.168010968,0.836393355,0.79471671,1.631110065,0.170390136,0.911451084,0.362057748,0.999506409,0.321371752,3.495303498,0.391975436
DSS,JADE1,0.814840368,0.587527279,0.542573143,1.130100421,0.166875286,-1.227042409,0.219806652,0.999506409,0.205698961,4.574979987,0.111793954
DSS,JAG1,1.021623266,0.742487681,0.663211192,1.405698874,0.16283044,0.131380836,0.895474048,0.999506409,0.598679282,1.875338223,0.853486017
DSS,JAG2,1.091780477,0.749956641,0.839448059,1.5894047,0.191610518,0.458272489,0.646756687,0.999506409,0.18819815,4.785457662,0.131469219
DSS,JAK1,0.980145285,0.738789179,0.561561188,1.300350367,0.144231329,-0.139043774,0.889415559,0.999506409,0.259540805,4.017871322,0.087131961
DSS,JAK2,0.857156218,0.582471724,0.678905872,1.261377596,0.197115635,-0.781952645,0.434242404,0.999506409,0.405667318,2.910272286,0.836321331
DSS,JAK3,0.942991075,0.659535268,0.688735566,1.348270835,0.182412214,-0.321790192,0.747611645,0.999506409,0.640629186,1.683406518,0.558533206
DSS,JAM3,1.032208858,0.750850428,0.668147399,1.418997827,0.16237535,0.19523301,0.845210538,0.999506409,0.510244439,2.311903026,0.40826177
DSS,JAML,0.850460267,0.603273141,0.595657518,1.198930659,0.175211193,-0.924470538,0.355241384,0.999506409,0.596290513,1.886520151,0.940611427
DSS,JUN,0.934274251,0.686500487,0.584974758,1.271475246,0.157228956,-0.432396522,0.665453246,0.999506409,0.492637435,2.405361104,0.272806727
DSS,JUNB,1.056092599,0.772119734,0.672386251,1.444505986,0.159794525,0.341537797,0.732698756,0.999506409,0.334515255,3.395910172,0.177862721
DSS,JUP,1.031591067,0.750648805,0.667031635,1.41768044,0.162206913,0.191744819,0.847942097,0.999506409,0.502625706,2.352035159,0.692022938
DSS,KAT2B,0.760811949,0.541508091,0.527422976,1.068931067,0.173486968,-1.575732549,0.115087453,0.999506409,0.644359871,1.666711052,0.925096484
DSS,KDM5C,0.94694707,0.702789488,0.573138467,1.275927955,0.152138408,-0.358305836,0.720114451,0.999506409,0.58272461,1.950591867,0.618071743
DSS,KDM6A,1.074849986,0.763645184,0.749233463,1.512878647,0.174407858,0.413863829,0.678973835,0.999506409,0.552424877,2.097469469,0.482603359
DSS,KDR,0.837022887,0.605596898,0.551290324,1.156887222,0.165123868,-1.077396427,0.281303199,0.999506409,0.60984845,1.823435435,0.818174314
DSS,KEAP1,0.735035091,0.50023299,0.579816898,1.080049888,0.196352726,-1.567775729,0.116933481,0.999506409,0.417141014,2.838870716,0.231385582
DSS,KIF2C,0.915863553,0.674695732,0.568540302,1.243236035,0.155924075,-0.563658213,0.572986761,0.999506409,0.652545836,1.63027047,0.478137368
DSS,KIR.Family,0.971165536,0.662300814,0.761768851,1.424069665,0.195298017,-0.149813836,0.880911493,0.999506409,0.630813358,1.727608413,0.80859839
DSS,KIT,1.195624547,0.904018364,0.677274798,1.581293162,0.142642563,1.252562197,0.21036508,0.999506409,0.565138704,2.035172518,0.827554111
DSS,KITLG,1.021312483,0.763994357,0.601302622,1.365296979,0.148106509,0.14238772,0.886773762,0.999506409,0.326154122,3.458731195,0.23616501
DSS,KLF4,1.543512149,1.075195704,1.140614631,2.215810336,0.184471625,2.352992971,0.018622986,0.999506409,0.63943032,1.688783649,0.798850559
DSS,KLRG1,0.859871364,0.60184297,0.626681413,1.228524383,0.18203714,-0.829349866,0.406906461,0.999506409,0.552852744,2.095356511,0.836560725
DSS,KLRK1,0.902869612,0.6290497,0.666831273,1.295880973,0.184374756,-0.554181777,0.579454448,0.999506409,0.552139245,2.098880667,0.738201636
DSS,KMT2C,1.13715733,0.819538812,0.758332517,1.577871329,0.167117918,0.769107108,0.441829729,0.999506409,0.481581606,2.465372267,0.473936968
DSS,KMT2D,0.948287067,0.675882867,0.654596727,1.330479594,0.172777401,-0.307320336,0.758599558,0.999506409,0.617043798,1.790319433,0.997070153
DSS,KRAS,0.778916909,0.545404325,0.567002605,1.11240693,0.181828329,-1.374103278,0.169409622,0.999506409,0.618039348,1.785756627,0.732315633
DSS,KRT1,0.92916275,0.642319863,0.701782143,1.344102006,0.188369534,-0.390038479,0.696508094,0.999506409,0.399968285,2.946368139,0.140184284
DSS,KRT10,0.849777883,0.637294161,0.4958128,1.133106961,0.146810688,-1.108776756,0.2675265,0.999506409,0.28322972,3.805649182,0.158526297
DSS,KRT14,0.932489664,0.673410339,0.617833532,1.291243871,0.166076116,-0.420874557,0.673846685,0.999506409,0.63153129,1.724361668,0.682194382
DSS,KRT17,1.250864086,0.870356039,0.927369136,1.797725174,0.185048039,1.209602555,0.226431437,0.999506409,0.637702159,1.696545158,0.935111136
DSS,KRT18,1.051931797,0.785181797,0.624123041,1.409304838,0.149221252,0.339283311,0.734396313,0.999506409,0.616224264,1.794078977,0.734984505
DSS,KRT19,1.283961563,0.959456606,0.75876315,1.718219756,0.148644803,1.681527137,0.09266057,0.999506409,0.575306755,1.986051764,0.699804486
DSS,KRT5,1.377936306,1.002198591,0.892344547,1.894543138,0.162447256,1.973483315,0.048440524,0.999506409,0.651313008,1.635741908,0.736361256
DSS,KRT6A.B.C,0.876043773,0.634018631,0.576439003,1.210457634,0.164971255,-0.802195632,0.422439803,0.999506409,0.630807696,1.727634023,0.995716509
DSS,KRT7,1.013670176,0.744765476,0.634900015,1.37966549,0.157280181,0.086327353,0.931206195,0.999506409,0.431043693,2.754507219,0.200782392
DSS,KYAT1,1.062593261,0.731854749,0.810943789,1.542798539,0.190251255,0.319116911,0.74963786,0.999506409,0.533913297,2.190037706,0.727537548
DSS,L1CAM,1.208976313,0.841624585,0.895044888,1.736669473,0.184796867,1.026932882,0.30445207,0.999506409,0.509472387,2.315949014,0.367699781
DSS,LAG3,0.985180038,0.688937099,0.719870335,1.408807434,0.182490307,-0.081817359,0.934791952,0.999506409,0.604014898,1.850466575,0.756767252
DSS,LAIR1,1.033382669,0.711133175,0.790526118,1.501659294,0.19068367,0.17220964,0.863272719,0.999506409,0.595649212,1.889527105,0.967031964
DSS,LAIR2,1.155440153,0.79432237,0.886408272,1.680730642,0.191201089,0.755651322,0.449858277,0.999506409,0.610415811,1.820815264,0.958562851
DSS,LAMA1,0.829129681,0.601733984,0.540724387,1.142458371,0.163554593,-1.145664589,0.251933961,0.999506409,0.507622076,2.325664667,0.534881524
DSS,LAMA3,1.200941432,0.897108363,0.71056846,1.607676823,0.148821303,1.230373421,0.218557302,0.999506409,0.591174758,1.910566752,0.875715296
DSS,LAMA5,0.789770066,0.555473232,0.567419323,1.122892556,0.179555048,-1.314434957,0.188699873,0.999506409,0.644387057,1.666589595,0.785974811
DSS,LAMB3,1.084712757,0.767502446,0.765524285,1.53302673,0.176497542,0.460715831,0.645002495,0.999506409,0.379611372,3.078954806,0.294520942
DSS,LAMC2,1.333155418,0.934744331,0.966634805,1.901379136,0.181141521,1.587425267,0.11241636,0.999506409,0.508320217,2.321995695,0.625316515
DSS,LAMC3,0.996108952,0.706104971,0.699115335,1.405220306,0.175560741,-0.022206775,0.982283013,0.999506409,0.618778492,1.782371938,0.972743356
DSS,LAMP1,0.748864198,0.529076322,0.530879611,1.059955933,0.177260889,-1.631480159,0.102789043,0.999506409,0.497868558,2.377330151,0.726888625
DSS,LAMP3,0.976587481,0.693893731,0.680557522,1.374451253,0.174363158,-0.135871285,0.891923036,0.999506409,0.435470879,2.728113163,0.314173688
DSS,LAT,0.909990714,0.660741974,0.592520467,1.253262441,0.163304525,-0.577576669,0.563549962,0.999506409,0.603319532,1.853699887,0.904065241
DSS,LCK,0.993387853,0.70569276,0.692677018,1.398369777,0.17446301,-0.038025847,0.969667074,0.999506409,0.466760682,2.547540499,0.379253756
DSS,LCN2,1.074541416,0.782734637,0.692400356,1.475134993,0.161663953,0.444712498,0.656527536,0.999506409,0.613465711,1.80675668,0.93826357
DSS,LCOR,0.862053357,0.596893487,0.648112543,1.24500603,0.187543489,-0.791486346,0.428660241,0.999506409,0.656492043,1.612795393,0.988737996
DSS,LCP1,0.789465026,0.564220305,0.540410319,1.104630624,0.171386184,-1.379339573,0.167790081,0.999506409,0.681707741,1.502438065,0.88737121
DSS,LDHA,0.846061587,0.608815574,0.56694313,1.175758704,0.167899396,-0.995614803,0.319437339,0.999506409,0.636910479,1.700104878,0.619444758
DSS,LDHB,1.081728535,0.775490008,0.73340967,1.508899678,0.169809466,0.462637677,0.643624097,0.999506409,0.425644825,2.786997565,0.260708315
DSS,LEF1,1.133625533,0.774961676,0.883322712,1.658284388,0.194066134,0.64627934,0.518098465,0.999506409,0.656816782,1.611359939,0.590285376
DSS,LEFTY1,0.923287991,0.654148783,0.649011502,1.303160284,0.175822812,-0.453946084,0.649867633,0.999506409,0.537132777,2.173772764,0.72666902
DSS,LEFTY2,0.957150577,0.680987815,0.66431853,1.345306345,0.173684982,-0.252149358,0.80092562,0.999506409,0.596400002,1.886006983,0.678747203
DSS,LEPR,0.876786616,0.608589956,0.654583653,1.263173608,0.186288586,-0.705849083,0.480281995,0.999506409,0.466138196,2.551036574,0.531531041
DSS,LFNG,1.052279189,0.754428935,0.713292464,1.467721398,0.169774886,0.300153155,0.764060336,0.999506409,0.419915021,2.821853772,0.16512438
DSS,LGALS3,1.013662162,0.743784295,0.637679371,1.381463666,0.157948764,0.085911887,0.931536462,0.999506409,0.342062331,3.340377061,0.094176019
DSS,LGALS9,0.922633021,0.65107765,0.656372685,1.307450335,0.177861763,-0.452732032,0.650741711,0.999506409,0.454466128,2.617291826,0.333635307
DSS,LGR5,1.042482425,0.74464125,0.714812689,1.45945394,0.171665163,0.242360274,0.808501013,0.999506409,0.476906807,2.491071599,0.600768267
DSS,LIF,1.018711123,0.704041167,0.769981094,1.474022261,0.188501766,0.098345094,0.921658272,0.999506409,0.596771062,1.884268325,0.84982497
DSS,LIG4,0.767162855,0.543202051,0.540260068,1.08346212,0.176134743,-1.504848891,0.132362931,0.999506409,0.612978203,1.809000887,0.996910728
DSS,LILRA1,0.976443749,0.656944238,0.794385021,1.451329259,0.202206778,-0.117889892,0.906154902,0.999506409,0.563716792,2.042090454,0.851305079
DSS,LILRA3,1.112461616,0.768569082,0.841658125,1.610227207,0.188676967,0.56485555,0.572172019,0.999506409,0.307388101,3.605072286,0.36576072
DSS,LILRA4,0.985382912,0.670601106,0.777322965,1.447924071,0.196358621,-0.074990187,0.940222519,0.999506409,0.240755123,4.199068892,0.268965271
DSS,LILRA5,0.931084076,0.644466037,0.70070579,1.345171827,0.187721539,-0.380380957,0.703662648,0.999506409,0.476175654,2.495108949,0.477666012
DSS,LILRB1,1.099324583,0.744666839,0.878226076,1.622892916,0.198735454,0.476492613,0.633723469,0.999506409,0.467610252,2.542775028,0.854872244
DSS,LILRB2,1.098633687,0.760329111,0.827136056,1.587465167,0.187794882,0.50090452,0.616438321,0.999506409,0.560484931,2.057859847,0.629480987
DSS,LILRB3,0.936002567,0.653908949,0.685881256,1.339790205,0.182988107,-0.361428188,0.717779379,0.999506409,0.426198989,2.783647016,0.624754737
DSS,LILRB4,0.9986963,0.711195037,0.69122518,1.402420217,0.173219521,-0.007531201,0.993991028,0.999506409,0.635469642,1.706590187,0.876506137
DSS,LOXL2,0.959145868,0.712538389,0.578565094,1.291103483,0.151640224,-0.27507287,0.783260255,0.999506409,0.312117731,3.567459008,0.153829625
DSS,LRP1,0.970970822,0.725878339,0.572940328,1.298818668,0.148428235,-0.198472079,0.842675728,0.999506409,0.194462019,4.708106096,0.064696486
DSS,LRP5,1.149941166,0.817626983,0.799693278,1.617320261,0.174013319,0.802874065,0.422047527,0.999506409,0.0520414,7.725391871,0.067578713
DSS,LRP6,1.172528148,0.82338748,0.846327314,1.669714794,0.180355662,0.882490883,0.377511408,0.999506409,0.342884223,3.334394248,0.22540228
DSS,LRRC32,0.948207981,0.695314931,0.597765851,1.293080782,0.158272799,-0.336011064,0.736862523,0.999506409,0.451237936,2.635857367,0.201289912
DSS,LTA,0.888942593,0.622074404,0.648222089,1.270296493,0.182132404,-0.646357363,0.518047946,0.999506409,0.572247081,2.000769145,0.946063533
DSS,LTB,0.92827789,0.643935494,0.694241776,1.33817727,0.186601685,-0.398839593,0.690011401,0.999506409,0.625265228,1.752774586,0.769926756
DSS,LTBP1,1.221033826,0.892649794,0.777572521,1.670222315,0.159828876,1.249448178,0.211501196,0.999506409,0.628753748,1.73693505,0.541222721
DSS,LTBR,1.197849457,0.840665865,0.866127979,1.706793843,0.180660889,0.99926349,0.317667067,0.999506409,0.381315346,3.067627994,0.35539914
DSS,LTF,1.250627529,0.901635422,0.833067072,1.734702494,0.166936985,1.339699821,0.180342956,0.999506409,0.664106326,1.579239084,0.798869898
DSS,LTK,0.943735151,0.668076623,0.665057939,1.333134562,0.176249512,-0.328566653,0.742483257,0.999506409,0.476441887,2.493638275,0.809127642
DSS,LY6E,1.08924247,0.792239991,0.705348079,1.49758807,0.162438387,0.526245518,0.598717632,0.999506409,0.639024609,1.690604668,0.705334384
DSS,LY86,0.893892285,0.606583861,0.710700472,1.317284333,0.197831335,-0.566998134,0.570715449,0.999506409,0.56711548,2.025575205,0.93091088
DSS,LY9,0.933313891,0.644597552,0.706749217,1.351346769,0.18883786,-0.365465393,0.714764036,0.999506409,0.517472876,2.274244758,0.928522983
DSS,LY96,0.943724839,0.668736305,0.663054065,1.33179037,0.175740382,-0.329580709,0.741716801,0.999506409,0.538744056,2.165659285,0.817240016
DSS,LYN,1.101285002,0.731254551,0.927304229,1.65855878,0.208917787,0.461797357,0.644226647,0.999506409,0.417538565,2.83642621,0.901641676
DSS,LYZ,1.021287527,0.705497419,0.772932104,1.478429523,0.188736263,0.111606069,0.91113576,0.999506409,0.63758349,1.697078577,0.870169208
DSS,MAD2L2,1.056251774,0.793331759,0.612974993,1.406306752,0.146043686,0.374727457,0.70786317,0.999506409,0.482613133,2.459727918,0.434921759
DSS,MAF,0.62489154,0.436122928,0.459242601,0.89536553,0.183500285,-2.562269487,0.010399059,0.999506409,0.637817617,1.696026229,0.781156008
DSS,MAGEA1,0.830482942,0.564064433,0.658671619,1.222736052,0.197370414,-0.941113138,0.346646883,0.999506409,0.650713372,1.638405265,0.883592519
DSS,MAGEA12,1.010351359,0.726883093,0.677482864,1.404365956,0.168007053,0.061295944,0.951123521,0.999506409,0.497223061,2.380776725,0.604336482
DSS,MAGEA3.A6,0.955969527,0.684086326,0.651823635,1.335909961,0.170738811,-0.263731728,0.791986646,0.999506409,0.388560382,3.019944204,0.560327764
DSS,MAGEA4,1.098170212,0.751825733,0.852239893,1.604065626,0.193317874,0.484411241,0.628094042,0.999506409,0.628639368,1.737453542,0.728838928
DSS,MAGEB2,0.899131167,0.629237843,0.655549561,1.284787405,0.182105189,-0.583873266,0.55930558,0.999506409,0.627871567,1.740935521,0.784993221
DSS,MAGEC1,0.722288111,0.511226744,0.509260001,1.020486744,0.176335326,-1.844957455,0.065043728,0.999506409,0.7256705,1.314594161,0.654619955
DSS,MAGEC2,0.780583366,0.572323315,0.492302877,1.064626191,0.158338357,-1.564458153,0.117710013,0.999506409,0.592588379,1.903908319,0.626234418
DSS,MAML2,0.888060093,0.626371496,0.632706756,1.259078253,0.178113361,-0.666518586,0.505079688,0.999506409,0.585385798,1.937945082,0.916510344
DSS,MAP2K1,0.861851142,0.619920259,0.578278027,1.198198286,0.168111106,-0.884371747,0.376495569,0.999506409,0.637532091,1.697309634,0.938459848
DSS,MAP2K2,1.032355433,0.741656194,0.695340825,1.436997019,0.168733974,0.188717298,0.850314394,0.999506409,0.205234498,4.58034716,0.137867486
DSS,MAP2K4,0.774960952,0.565944041,0.495228855,1.061172896,0.160368986,-1.589725305,0.111896737,0.999506409,0.638575772,1.692620052,0.759333501
DSS,MAP2K6,0.851391278,0.611587209,0.573635597,1.185222806,0.168785882,-0.95318085,0.340498447,0.999506409,0.597847316,1.879229368,0.882115922
DSS,MAP3K1,0.830540244,0.594125113,0.566904915,1.161030029,0.1709146,-1.086384038,0.27730912,0.999506409,0.657172103,1.609789749,0.544182695
DSS,MAP3K12,1.007826266,0.745851054,0.615967471,1.361818525,0.153587087,0.050758168,0.959518225,0.999506409,0.630585996,1.728637085,0.975493514
DSS,MAP3K13,0.867495536,0.612921724,0.614883516,1.22780524,0.177234446,-0.802016292,0.422543534,0.999506409,0.394086153,2.9840806,0.182734467
DSS,MAP3K14,0.931677428,0.668617462,0.629617895,1.298235357,0.169275843,-0.418066925,0.675898186,0.999506409,0.281787768,3.818100321,0.117566526
DSS,MAP3K20,1.128134554,0.801584244,0.78613106,1.587715304,0.174355569,0.691491716,0.489256585,0.999506409,0.527074224,2.224829922,0.215663412
DSS,MAP3K5,1.032449013,0.724641785,0.746362216,1.471004001,0.180621431,0.17679886,0.859666385,0.999506409,0.028518561,9.058852269,0.040948944
DSS,MAP3K7,0.955517121,0.688825587,0.636637617,1.325463204,0.166974794,-0.27251177,0.785228543,0.999506409,0.400284109,2.944356535,0.477982406
DSS,MAP3K8,0.912207662,0.636846906,0.669782382,1.306629288,0.183339274,-0.501188935,0.616238161,0.999506409,0.536259319,2.178178433,0.889444593
DSS,MAP4K2,0.874522139,0.585355485,0.72118215,1.306537636,0.204829417,-0.654582093,0.512736857,0.999506409,0.631712176,1.723543987,0.488326026
DSS,MAPK1,1.133088525,0.797385675,0.812738066,1.610123741,0.179270601,0.696974917,0.485818491,0.999506409,0.568923962,2.01681535,0.792076916
DSS,MAPK10,0.917478823,0.665642718,0.598950687,1.264593404,0.163715473,-0.526069887,0.59883965,0.999506409,0.30736774,3.605235324,0.253078445
DSS,MAPK11,0.958445832,0.691925501,0.635700685,1.327626186,0.166245277,-0.255298868,0.798492274,0.999506409,0.591678763,1.908191582,0.666699423
DSS,MAPK12,0.950293141,0.686504644,0.628937372,1.315442016,0.16589974,-0.307322802,0.758597682,0.999506409,0.624965769,1.754136775,0.739973478
DSS,MAPK14,1.112610766,0.748430706,0.905567061,1.653997767,0.202292468,0.527500089,0.597846354,0.999506409,0.295068579,3.705520631,0.608286232
DSS,MAPK3,0.857243576,0.634973317,0.522345468,1.157318786,0.153135018,-1.005865176,0.31448043,0.999506409,0.645083901,1.663477366,0.784923109
DSS,MAPK8,0.877240674,0.642687504,0.554708115,1.197395618,0.158739027,-0.825089443,0.409320813,0.999506409,0.609001322,1.827350506,0.659804157
DSS,MAPK8IP1,0.827957049,0.609350318,0.515639456,1.124989773,0.15641509,-1.207006295,0.22742972,0.999506409,0.451915792,2.63195011,0.293747999
DSS,MAPK8IP2,1.152181241,0.823578405,0.788316229,1.611894634,0.171305904,0.826923496,0.408280425,0.999506409,0.55497815,2.084877754,0.571477682
DSS,MAPK9,0.889576941,0.630500108,0.62461012,1.255110228,0.175632144,-0.666217892,0.505271839,0.999506409,0.623731592,1.759755066,0.986817638
DSS,MAPKAPK2,1.074437886,0.73501535,0.835586911,1.570602261,0.193708418,0.370647948,0.710899764,0.999506409,0.162912658,5.124381019,0.038311153
DSS,MAPT,0.945852125,0.69077499,0.604344629,1.295119619,0.160345854,-0.347181029,0.728455322,0.999506409,0.650646719,1.638701398,0.771442563
DSS,MARCO,0.842730111,0.59549695,0.5971104,1.19260735,0.177171871,-0.965777041,0.334155759,0.999506409,0.5490737,2.11405936,0.979949166
DSS,MASP1,0.864846021,0.62047905,0.584974447,1.205453496,0.169421297,-0.857057531,0.391413091,0.999506409,0.571832184,2.002769013,0.468487516
DSS,MASP2,0.970900418,0.681489283,0.701727805,1.383217088,0.180586676,-0.163530182,0.870101011,0.999506409,0.588054751,1.925300153,0.923789395
DSS,MAVS,1.023970981,0.754997357,0.633771172,1.388768529,0.155476947,0.152358196,0.878904427,0.999506409,0.633504083,1.715451375,0.831718256
DSS,MBL2,0.787991348,0.545250813,0.593546874,1.138797687,0.187881623,-1.268182407,0.204732818,0.999506409,0.542331792,2.147656805,0.877829471
DSS,MBNL1,0.926631199,0.636629387,0.712107251,1.348736638,0.191517788,-0.397872371,0.690724267,0.999506409,0.488068228,2.430034341,0.298140765
DSS,MBNL3,1.044109743,0.780413255,0.61649428,1.396907535,0.148521243,0.290629145,0.771334968,0.999506409,0.039819853,8.321184489,0.020542943
DSS,MCAM,0.879081198,0.586893444,0.729842603,1.316736047,0.20614358,-0.625185658,0.531849214,0.999506409,0.056603199,7.53748048,0.017920696
DSS,MCAT,0.947694143,0.665164906,0.685062956,1.350227863,0.180613945,-0.297449138,0.766123634,0.999506409,0.456303145,2.606774397,0.45484682
DSS,MCL1,0.975601985,0.69150278,0.684918633,1.376421412,0.175609109,-0.140656588,0.888141242,0.999506409,0.38112886,3.068865513,0.42363429
DSS,MCM2,0.960274202,0.669059728,0.709182759,1.378242487,0.184363355,-0.219872374,0.825970552,0.999506409,0.539965901,2.159518566,0.918715317
DSS,MCM4,1.404606148,1.000516108,0.971384607,1.971900715,0.173085306,1.96294503,0.049652562,0.999506409,0.376534237,3.099519857,0.212899608
DSS,MCM5,0.929865827,0.672639224,0.612820238,1.285459463,0.16522303,-0.440101936,0.65986328,0.999506409,0.560396706,2.058291223,0.812965988
DSS,MCM7,1.11973324,0.82448712,0.696218903,1.520706023,0.156168297,0.724157726,0.468968909,0.999506409,0.205455542,4.57779145,0.047240663
DSS,MDC1,0.870685768,0.649881244,0.516629891,1.166511134,0.149233097,-0.927905009,0.353456846,0.999506409,0.244816778,4.158824729,0.100921774
DSS,MDM2,1.166537669,0.82515545,0.824000637,1.649156088,0.176647935,0.87201758,0.383198787,0.999506409,0.519872678,2.261829994,0.447187378
DSS,MDM4,1.165897305,0.862570911,0.713318686,1.575889597,0.153742074,0.998366976,0.318101441,0.999506409,0.385412605,3.040567856,0.364158905
DSS,ME2,1.212490903,0.832244562,0.934224402,1.766468964,0.191996272,1.003544701,0.31559812,0.999506409,0.122202698,5.791576664,0.069482848
DSS,MECOM,0.86953025,0.616948049,0.608573057,1.225521106,0.175089086,-0.798462994,0.42460186,0.999506409,0.280915601,3.825659272,0.095421561
DSS,MED12,1.050139673,0.762916431,0.682580465,1.445496896,0.163028484,0.300089751,0.764108697,0.999506409,0.501608285,2.357429565,0.337779414
DSS,MEF2C,0.872048346,0.629102808,0.57971125,1.208814058,0.166610294,-0.821740425,0.411224646,0.999506409,0.434079486,2.73638458,0.428175464
DSS,MEFV,0.851107586,0.60026159,0.606519146,1.206780736,0.178152764,-0.904935361,0.365499632,0.999506409,0.637770389,1.696238488,0.776309947
DSS,MELK,1.16737229,0.859214223,0.726837343,1.586051566,0.156376506,0.989632786,0.322353639,0.999506409,0.207562569,4.55355719,0.101675146
DSS,MEN1,0.814055181,0.578272366,0.567702916,1.145975282,0.174484417,-1.179057293,0.238375363,0.999506409,0.660679743,1.594314111,0.983023222
DSS,MERTK,0.685324685,0.478793893,0.502149955,0.980943848,0.182974025,-2.065115855,0.03891204,0.999506409,0.372992148,3.123371008,0.816835584
DSS,MET,1.014241468,0.722351762,0.701726933,1.424078695,0.173158317,0.081665212,0.934912942,0.999506409,0.587790711,1.926549401,0.32228121
DSS,MFGE8,0.915385481,0.670429484,0.579411998,1.249841482,0.158894114,-0.556408348,0.577931734,0.999506409,0.442415586,2.687149118,0.19845958
DSS,MFNG,0.808418531,0.576480597,0.557192462,1.133673059,0.172522673,-1.232738666,0.217673281,0.999506409,0.504114171,2.3441583,0.211583083
DSS,MGMT,1.129319482,0.808043442,0.770290623,1.578334066,0.170796342,0.712048169,0.476434948,0.999506409,0.451629704,2.633598587,0.276569199
DSS,MIA,1.155442924,0.829871973,0.778868162,1.608740135,0.16886412,0.855621398,0.39220723,0.999506409,0.635269233,1.707492928,0.634851201
DSS,MIB1,1.139238144,0.774959199,0.899791615,1.674750814,0.196587613,0.663112706,0.507258374,0.999506409,0.101917844,6.207995111,0.030036182
DSS,MICA,1.006433697,0.708528892,0.721065296,1.429594188,0.179073459,0.035812614,0.971431775,0.999506409,0.597103933,1.882709204,0.413051378
DSS,MICB,0.739073689,0.522545796,0.522778694,1.04532449,0.176883354,-1.709361806,0.087383951,0.999506409,0.589375565,1.91905662,0.428676721
DSS,MIF,1.0206072,0.714038834,0.744760053,1.458798887,0.182256243,0.111917945,0.910888468,0.999506409,0.637749661,1.696331652,0.51456699
DSS,MKI67,0.914152468,0.668047583,0.582873394,1.250920977,0.160022312,-0.560908699,0.574859779,0.999506409,0.59132273,1.90986928,0.288458097
DSS,MLF1,0.968368861,0.685740516,0.681742124,1.36748264,0.17608169,-0.182541462,0.855157819,0.999506409,0.085420594,6.610087083,0.026926984
DSS,MLH1,0.786256853,0.560253377,0.54317565,1.103429028,0.172908475,-1.390745912,0.16430249,0.999506409,0.039818121,8.321280992,0.125326091
DSS,MLLT3,0.890247059,0.651132787,0.566038031,1.217170818,0.159587333,-0.728480503,0.466319499,0.999506409,0.07693177,6.847172287,0.060356993
DSS,MLPH,1.047692386,0.749725827,0.714355168,1.464080996,0.170736668,0.272876462,0.784948181,0.999506409,0.603871515,1.851133079,0.887190419
DSS,MME,0.933961284,0.658363601,0.666563352,1.324926953,0.178410228,-0.382939331,0.701764748,0.999506409,0.370783918,3.138338847,0.108762921
DSS,MMP1,0.733291356,0.513621768,0.533289103,1.046910871,0.181664548,-1.707609849,0.08770876,0.999506409,0.569777131,2.01268951,0.763702662
DSS,MMP11,1.061456711,0.789240032,0.638323577,1.427563609,0.151190024,0.394485157,0.693222884,0.999506409,0.494212349,2.396897843,0.295901366
DSS,MMP3,0.736359899,0.528547188,0.497332644,1.025879832,0.1691801,-1.808937847,0.07046066,0.999506409,0.52216451,2.25001379,0.635214145
DSS,MMP9,0.702509411,0.483836795,0.536175484,1.020012279,0.190264286,-1.855821131,0.063479058,0.999506409,0.402127319,2.932642973,0.245647988
DSS,MMRN2,1.005126046,0.71578482,0.695642665,1.411427486,0.173211673,0.029518524,0.976451045,0.999506409,0.594883173,1.893121732,0.523501633
DSS,MNAT1,1.132816263,0.821525564,0.740534999,1.562060563,0.163931085,0.760726985,0.446820154,0.999506409,0.501351743,2.358791083,0.629744736
DSS,MNX1,0.999894547,0.715892511,0.680670646,1.396563157,0.170472413,-0.000618625,0.999506409,0.999506409,0.392015363,2.997470347,0.274357678
DSS,MPL,0.900476935,0.625474943,0.670913858,1.296388801,0.18592856,-0.563822619,0.572874857,0.999506409,0.555317106,2.083209259,0.924486521
DSS,MPO,0.918224787,0.639960727,0.677521306,1.317482032,0.184205128,-0.463141573,0.643262893,0.999506409,0.645888461,1.659886457,0.596979673
DSS,MPPED1,1.076696465,0.777790998,0.712680452,1.49047145,0.165918842,0.445383559,0.656042592,0.999506409,0.549644321,2.111229404,0.480470814
DSS,MR1,0.916708989,0.642458593,0.665571808,1.3080304,0.18137461,-0.479478404,0.631598328,0.999506409,0.633596613,1.715033859,0.668017872
DSS,MRC1,0.871771993,0.620207915,0.605165689,1.225373604,0.173713981,-0.789961546,0.429550226,0.999506409,0.624848686,1.754669477,0.657772888
DSS,MRE11,0.937094345,0.66486043,0.655936798,1.320797228,0.175108742,-0.371034091,0.71061214,0.999506409,0.454487246,2.617170726,0.151374185
DSS,MRM2,0.878824279,0.638752184,0.570374191,1.209126376,0.162792995,-0.793463574,0.427507784,0.999506409,0.029622881,8.975167168,0.003837789
DSS,MRPL19,0.895222119,0.650048334,0.582817902,1.232866236,0.163281136,-0.677870184,0.497854006,0.999506409,0.191416294,4.745422437,0.172504058
DSS,MS4A1,0.862167724,0.601960445,0.632893425,1.23485387,0.183298312,-0.809093383,0.418461434,0.999506409,0.613645798,1.805927948,0.940504219
DSS,MS4A2,0.88412334,0.632187139,0.604272815,1.236459954,0.171131268,-0.719673864,0.471725822,0.999506409,0.546819507,2.125259572,0.530906083
DSS,MS4A4A,0.863839725,0.635225769,0.539504709,1.174730478,0.156843071,-0.933213237,0.350709882,0.999506409,0.623755307,1.759647047,0.635758207
DSS,MS4A6A,0.932685259,0.6609464,0.655199345,1.316145745,0.175714991,-0.396593811,0.691667017,0.999506409,0.623167583,1.762324848,0.540346218
DSS,MSH2,1.022716342,0.766927548,0.596889307,1.363816855,0.146852245,0.152957608,0.878431706,0.999506409,0.365161243,3.176799098,0.217908549
DSS,MSH6,0.988177208,0.719952358,0.636379326,1.356331684,0.161572868,-0.073609124,0.941321411,0.999506409,0.355607353,3.243336344,0.138528853
DSS,MSR1,0.959277515,0.70365535,0.604106116,1.307761465,0.158110934,-0.262947446,0.792591086,0.999506409,0.603892745,1.851034386,0.448986353
DSS,MSRB2,0.780622041,0.577354813,0.478098016,1.055452829,0.153897769,-1.609277314,0.107555717,0.999506409,0.63961183,1.687969164,0.918962146
DSS,MST1R,0.888689531,0.644258105,0.581600097,1.225858202,0.164109398,-0.719077272,0.47209331,0.999506409,0.631627939,1.72392476,0.950407678
DSS,MTF1,0.939338908,0.673379328,0.63696322,1.310342548,0.169833493,-0.368472313,0.712521086,0.999506409,0.619177307,1.780546732,0.867657862
DSS,MTF2,1.208871466,0.843042958,0.890403966,1.733446924,0.183893489,1.031506079,0.302303559,0.999506409,0.165170014,5.09218521,0.066760709
DSS,MUC1,0.994498296,0.52332935,1.36654528,1.889874629,0.327571013,-0.016841827,0.986562802,0.999506409,0.431009855,2.754709811,0.171750827
DSS,MUC4,1.053564635,0.764997366,0.685985982,1.450983348,0.163300038,0.319530269,0.749324442,0.999506409,0.609646431,1.82436877,0.919686906
DSS,MX1,1.170009638,0.863230315,0.722583492,1.585813808,0.155148633,1.012010121,0.311533214,0.999506409,0.513935387,2.292624202,0.387011546
DSS,MXI1,0.874774423,0.630057843,0.584481898,1.214539742,0.167428801,-0.799081326,0.424243257,0.999506409,0.330216815,3.428031735,0.286920291
DSS,MYB,1.160032358,0.817160717,0.829608449,1.646769166,0.178762156,0.830421288,0.406300634,0.999506409,0.248747999,4.120450113,0.231318622
DSS,MYBL2,1.465297068,1.04074416,1.022294558,2.063038718,0.17455525,2.18875112,0.028614934,0.999506409,0.524638584,2.237301364,0.302032614
DSS,MYC,1.134499466,0.832174758,0.714482389,1.546657147,0.158117379,0.798087818,0.42481953,0.999506409,0.653355645,1.626679591,0.502909211
DSS,MYCN,0.88393773,0.482461514,1.137037426,1.61949894,0.308926832,-0.399345886,0.689638361,0.999506409,0.609702755,1.82410853,0.983389597
DSS,MYCT1,0.92574364,0.624105101,0.749063112,1.373168214,0.201166229,-0.383553091,0.701309713,0.999506409,0.564215651,2.039661996,0.87779742
DSS,MYD88,0.684336437,0.436956942,0.634810811,1.071767752,0.228889413,-1.657156662,0.097487806,0.999506409,0.355965923,3.240811353,0.733580448
DSS,NAALAD2,0.831128075,0.592845617,0.572337792,1.165183409,0.172375556,-1.073071952,0.283238834,0.999506409,0.481288204,2.466979451,0.56977028
DSS,NANOG,1.249049176,0.888450526,0.867554787,1.756005313,0.173808764,1.27946714,0.200732604,0.999506409,0.520319772,2.259521819,0.822434821
DSS,NASP,1.032360374,0.745995939,0.682655191,1.42865113,0.165759642,0.192132448,0.847638459,0.999506409,0.610683789,1.819578231,0.411328997
DSS,NAT1,0.898810816,0.626182111,0.663955165,1.290137276,0.18440713,-0.578517245,0.562914958,0.999506409,0.652402749,1.63090521,0.614788506
DSS,NAT8L,1.395786469,0.958537651,1.073954096,2.032491748,0.191740497,1.739111133,0.082015217,0.999506409,0.314353007,3.549858294,0.209611561
DSS,NBN,1.127880675,0.779709849,0.85181349,1.631523339,0.18835743,0.638893634,0.52289213,0.999506409,0.475130265,2.500889981,0.630783714
DSS,NCAM1,0.962821691,0.711824052,0.590500037,1.302324088,0.154103583,-0.245854399,0.805794945,0.999506409,0.628548293,1.737866432,0.994836556
DSS,NCF4,0.881434993,0.636648639,0.583691122,1.22033976,0.165989447,-0.760313551,0.447067184,0.999506409,0.606228106,1.840191531,0.486476919
DSS,NCOR1,0.845652768,0.620433007,0.532195233,1.152628239,0.158008619,-1.060995556,0.288691921,0.999506409,0.665758747,1.571984277,0.741548347
DSS,NCR1,0.969544437,0.674594899,0.718858294,1.393453193,0.185061537,-0.16712803,0.867269312,0.999506409,0.548182752,2.118482175,0.644730373
DSS,NDC1,0.825510571,0.602221439,0.529368471,1.13158991,0.160909515,-1.191683476,0.23338538,0.999506409,0.58571274,1.936394025,0.390782189
DSS,NDC80,0.998258467,0.712617493,0.685776424,1.398393917,0.171976337,-0.010135411,0.991913251,0.999506409,0.613112699,1.808381636,0.4134561
DSS,NDUFA1,0.981972212,0.710625365,0.646305409,1.356930774,0.165012029,-0.110248133,0.91221259,0.999506409,0.597158211,1.882455029,0.938132901
DSS,NDUFA11,0.840304281,0.582052339,0.631088193,1.213140532,0.187352265,-0.928684868,0.353052425,0.999506409,0.541993536,2.149350395,0.291782461
DSS,NDUFA12,0.775085569,0.537062937,0.581535273,1.11859821,0.187175963,-1.361188902,0.173454,0.999506409,0.448419902,2.652151953,0.504710952
DSS,NDUFA13,0.988552759,0.705084988,0.680899078,1.385984065,0.172413203,-0.066777165,0.946759103,0.999506409,0.532835064,2.195501067,0.276185657
DSS,NDUFA2,0.766546487,0.541979648,0.542181943,1.084161591,0.176874115,-1.503102556,0.1328126,0.999506409,0.58984389,1.91684507,0.94508244
DSS,NDUFA3,1.294846455,0.776715392,1.381896835,2.158612227,0.26075653,0.990932504,0.321718539,0.999506409,0.047964438,7.907414072,0.016070726
DSS,NDUFA4L2,0.931823314,0.658424294,0.660322137,1.318746431,0.177193905,-0.39850163,0.690260457,0.999506409,0.299484123,3.669095101,0.206112642
DSS,NDUFA6,0.774271584,0.53959051,0.57143067,1.11102118,0.184244282,-1.388551006,0.164969324,0.999506409,0.65858426,1.603553923,0.655574009
DSS,NDUFA7,0.871232081,0.636631557,0.555652001,1.192283558,0.160062793,-0.861205044,0.389125123,0.999506409,0.56472613,2.037178529,0.296357941
DSS,NDUFB1,0.902234291,0.625846992,0.674833091,1.300680083,0.186619916,-0.55128653,0.581437271,0.999506409,0.529274222,2.21360175,0.993387632
DSS,NDUFB10,0.85068002,0.615588679,0.559963312,1.175551991,0.165032136,-0.979925667,0.327122812,0.999506409,0.417262766,2.838121867,0.454981385
DSS,NDUFB11,0.763355323,0.537062818,0.547933814,1.084996632,0.179395412,-1.505231716,0.132264514,0.999506409,0.668278689,1.560939069,0.287415568
DSS,NDUFB4,0.915850932,0.658585198,0.615028196,1.273613394,0.168247846,-0.522453439,0.601354657,0.999506409,0.19213467,4.736571262,0.231522687
DSS,NDUFB7,1.165916633,0.856537138,0.730506242,1.58704338,0.157332069,0.975691654,0.329217289,0.999506409,0.544141071,2.138611017,0.586192632
DSS,NDUFB8,0.538259512,0.363922468,0.432190243,0.796112711,0.199697529,-3.101763323,0.001923717,0.999506409,0.742152493,1.245336638,0.717193708
DSS,NDUFS7,1.034334225,0.770799838,0.617170472,1.38797031,0.150045876,0.224984252,0.821991526,0.999506409,0.442103504,2.688978673,0.235661285
DSS,NDUFS8,0.797268944,0.59156127,0.482947493,1.074508763,0.152261372,-1.487988776,0.136753854,0.999506409,0.671148512,1.548386919,0.938893686
DSS,NECTIN1,0.914283796,0.656542229,0.616665834,1.273208063,0.16895923,-0.530389825,0.595841679,0.999506409,0.556195108,2.078890703,0.821333719
DSS,NECTIN2,0.845488397,0.619318338,0.534935596,1.154253935,0.158826911,-1.056753123,0.290624273,0.999506409,0.639480089,1.688560309,0.740701616
DSS,NEFL,0.895585508,0.642448799,0.606013965,1.248462764,0.169488105,-0.650650826,0.515271913,0.999506409,0.627839089,1.741082865,0.747959656
DSS,NEIL1,0.961487317,0.679843046,0.679967672,1.359810718,0.176849891,-0.222074804,0.824255652,0.999506409,0.446458948,2.663539661,0.572148976
DSS,NEUROD1,0.97101568,0.696044936,0.658567964,1.354612901,0.169864547,-0.17315363,0.862530671,0.999506409,0.600313411,1.867705585,0.74609084
DSS,NF1,0.906188213,0.635209681,0.657555686,1.292765368,0.181274695,-0.543419776,0.586840813,0.999506409,0.652652776,1.629796134,0.892503217
DSS,NF2,1.180520596,0.859132583,0.763002237,1.62213482,0.162139483,1.023535548,0.306054701,0.999506409,0.580156367,1.962834012,0.558056533
DSS,NFAM1,1.062137478,0.755501716,0.737725893,1.493227609,0.173807577,0.346839689,0.728711758,0.999506409,0.642723,1.674029423,0.709780897
DSS,NFATC1,1.18754172,0.819703154,0.900743241,1.720446395,0.189135312,0.908795859,0.363457893,0.999506409,0.555946847,2.080111314,0.678517598
DSS,NFATC2,0.90373927,0.666107096,0.56003908,1.226146176,0.155661247,-0.650222068,0.515548788,0.999506409,0.349197952,3.288847012,0.235569467
DSS,NFATC3,0.901630032,0.664822717,0.557964493,1.22278721,0.155453805,-0.666120763,0.505333914,0.999506409,0.333440176,3.403909946,0.259547375
DSS,NFATC4,0.83613905,0.610513609,0.53463451,1.14514812,0.160459246,-1.115300966,0.264721472,0.999506409,0.39821278,2.957574074,0.187437342
DSS,NFE2L2,1.01902727,0.755612062,0.618660041,1.374272103,0.152592444,0.123521946,0.901693797,0.999506409,0.574506839,1.989894248,0.750005312
DSS,NFIL3,0.9713454,0.658951251,0.772887426,1.431838677,0.197979436,-0.146849381,0.883250906,0.999506409,0.447370437,2.658241406,0.890053866
DSS,NFKB1,0.971454583,0.686436136,0.688380773,1.374816909,0.177187606,-0.163446877,0.870166597,0.999506409,0.253619106,4.073661355,0.325503408
DSS,NFKB2,0.801282713,0.569932608,0.556611087,1.126543695,0.173827537,-1.274489919,0.202489843,0.999506409,0.541864015,2.149999094,0.403914205
DSS,NFKBIA,0.99384612,0.741821091,0.589672608,1.331493699,0.149224318,-0.041366539,0.967003688,0.999506409,0.486384357,2.439172359,0.368233506
DSS,NFKBIE,0.927176736,0.62858411,0.739023957,1.367608067,0.198306886,-0.381283166,0.702993143,0.999506409,0.358323192,3.224266463,0.537405695
DSS,NFKBIZ,1.092522354,0.744245707,0.859532564,1.603778271,0.19585725,0.451804101,0.651410115,0.999506409,0.491668647,2.41057758,0.185028516
DSS,NGF,0.995549356,0.691258625,0.742529662,1.433788288,0.186116007,-0.02396665,0.98087921,0.999506409,0.542398982,2.147320485,0.325272329
DSS,NGFR,1.073710144,0.746920239,0.796555777,1.543476015,0.185165112,0.38409004,0.700911713,0.999506409,0.641240813,1.680665524,0.590780288
DSS,NID2,0.82559704,0.603258459,0.526622874,1.129881333,0.160085126,-1.197165995,0.231241861,0.999506409,0.182546029,4.857345607,0.091606709
DSS,NKD1,1.109769672,0.741117667,0.920681504,1.661799171,0.205997848,0.505599899,0.613137552,0.999506409,0.501132924,2.35995282,0.838806812
DSS,NKG7,0.838594293,0.581848653,0.626782464,1.208631117,0.186491519,-0.943894128,0.345223753,0.999506409,0.614617887,1.801457188,0.874743391
DSS,NKX2.1,1.03492098,0.777021244,0.601398515,1.378419758,0.146233638,0.234727635,0.814420137,0.999506409,0.63397245,1.713338387,0.850879936
DSS,NKX2.5,0.845819361,0.610575489,0.561123023,1.171698512,0.166280545,-1.007029799,0.313920454,0.999506409,0.599605322,1.871011239,0.642397823
DSS,NKX3.1,1.091334501,0.76380722,0.795501153,1.559308373,0.182065137,0.480054896,0.631188359,0.999506409,0.556276936,2.078488474,0.391850552
DSS,NLRC5,0.908334077,0.648526016,0.623698653,1.272224669,0.171896076,-0.559309113,0.575950777,0.999506409,0.370219714,3.142175401,0.21107044
DSS,NLRP3,0.810740394,0.561336857,0.609617763,1.17095462,0.187568096,-1.118566464,0.263325137,0.999506409,0.453905483,2.620508487,0.679903501
DSS,NOD1,0.913593311,0.675054919,0.561367058,1.236421977,0.154386239,-0.585348556,0.558313372,0.999506409,0.396411868,2.969113211,0.197903939
DSS,NOD2,0.868486606,0.610165129,0.626006769,1.236171897,0.180116851,-0.782842442,0.433719641,0.999506409,0.619261603,1.780161036,0.503634454
DSS,NOG,0.895026382,0.637984888,0.617643951,1.255628838,0.172726948,-0.642065906,0.520830392,0.999506409,0.611726247,1.814769343,0.454059075
DSS,NOS1,0.879143321,0.630851889,0.594305698,1.225157588,0.169328021,-0.760697157,0.446837974,0.999506409,0.617832116,1.786706032,0.823755283
DSS,NOS2,0.871861945,0.598489283,0.671614078,1.270103361,0.191953768,-0.714360491,0.475004296,0.999506409,0.604340165,1.848954971,0.442714837
DSS,NOS3,0.936763137,0.630250078,0.762094334,1.392344412,0.202204619,-0.323062932,0.746647582,0.999506409,0.6297891,1.732244314,0.734050923
DSS,NOTCH1,1.134824468,0.842333061,0.686547416,1.528880477,0.152073084,0.831692114,0.405582753,0.999506409,0.191379921,4.745871425,0.118712011
DSS,NOTCH2,0.999566176,0.74538246,0.595046907,1.340429367,0.149708825,-0.002898416,0.997687402,0.999506409,0.635893622,1.704680919,0.590273708
DSS,NOTCH3,0.955536831,0.709077922,0.578581173,1.287659095,0.152200697,-0.298828917,0.765070586,0.999506409,0.047154732,7.945351428,0.014747139
DSS,NPM1,1.27529432,0.886670867,0.94757864,1.834249508,0.185441376,1.311341598,0.18974238,0.999506409,0.623771098,1.759575122,0.797102413
DSS,NPM2,0.956786129,0.689974551,0.636798581,1.326773132,0.166801622,-0.264837913,0.791134329,0.999506409,0.590747357,1.912581975,0.756039652
DSS,NR3C1,0.986171741,0.696397298,0.7001255,1.396522797,0.177508461,-0.078445614,0.937473591,0.999506409,0.069435288,7.078567111,0.034770448
DSS,NR4A1,1.164310027,0.86211616,0.710314451,1.57243061,0.153316042,0.99225533,0.321072988,0.999506409,0.601399025,1.862642408,0.906310468
DSS,NR4A3,0.96022115,0.654259007,0.755006508,1.409265516,0.195748655,-0.207366207,0.835723872,0.999506409,0.555317042,2.083209573,0.938576933
DSS,NRAS,0.795480688,0.577580829,0.518005264,1.095586094,0.163318396,-1.40099777,0.16121474,0.999506409,0.332267875,3.412658991,0.12810258
DSS,NRDE2,1.313992733,0.965804038,0.821905305,1.787709343,0.15707672,1.738452328,0.082131143,0.999506409,0.506431533,2.331930245,0.873786767
DSS,NRP1,0.846321027,0.618145646,0.540576875,1.158722521,0.160296134,-1.040926703,0.297909567,0.999506409,0.102317597,6.199048897,0.020983569
DSS,NSD1,0.829677205,0.6212199,0.486864798,1.108084698,0.147631075,-1.264764636,0.205955712,0.999506409,0.621623323,1.769368254,0.752595442
DSS,NSD2,1.048063813,0.770199715,0.65597292,1.426172635,0.157171206,0.298683683,0.765181408,0.999506409,0.499073805,2.370904049,0.345799169
DSS,NSD3,1.269373662,0.941461519,0.770036467,1.711497987,0.152474946,1.56434618,0.117736292,0.999506409,0.674172801,1.535189272,0.77090445
DSS,NT5E,0.886241448,0.640228718,0.586557712,1.22678643,0.165903019,-0.727930398,0.466656194,0.999506409,0.629323504,1.734353151,0.600392382
DSS,NTF3,0.915428473,0.644958081,0.654365572,1.299323653,0.178680277,-0.494531616,0.620930784,0.999506409,0.626737667,1.74608248,0.626594261
DSS,NTHL1,0.846441712,0.614788479,0.550593755,1.165382235,0.163147421,-1.021860697,0.306846837,0.999506409,0.636450783,1.702173057,0.803750657
DSS,NTRK1,0.973545125,0.686987807,0.692643824,1.379631631,0.177874509,-0.150730436,0.880188363,0.999506409,0.619002733,1.781345592,0.622122312
DSS,NTRK2,0.906793858,0.640827427,0.642318499,1.283145925,0.177123127,-0.552384858,0.580684703,0.999506409,0.621329146,1.770711226,0.984201493
DSS,NUF2,0.963397153,0.712570064,0.589946168,1.302516232,0.153873999,-0.242338147,0.808518157,0.999506409,0.256657588,4.044888627,0.073504487
DSS,NUMBL,1.063829864,0.784072797,0.659331418,1.443404215,0.155680864,0.39745075,0.691035097,0.999506409,0.323919244,3.47576274,0.123517013
DSS,NUP107,1.285654326,0.87695871,1.0078587,1.884817411,0.195188872,1.287305925,0.197987679,0.999506409,0.384678843,3.045395891,0.222048874
DSS,NUPR1,1.147736491,0.821872946,0.780928384,1.602801331,0.170391496,0.808677292,0.418700793,0.999506409,0.65718812,1.609718979,0.896961697
DSS,OAS1,1.014718959,0.717458807,0.717682214,1.435141022,0.176866225,0.08261434,0.934158199,0.999506409,0.392653226,2.993339555,0.162932736
DSS,OAS2,0.996866285,0.714055951,0.677631059,1.39168701,0.170235435,-0.018437024,0.985290216,0.999506409,0.55574813,2.081088613,0.412181437
DSS,OAS3,0.848579497,0.598040799,0.606036187,1.204076986,0.178526134,-0.919705721,0.357726562,0.999506409,0.182479166,4.858208406,0.091484662
DSS,OASL,1.001531625,0.716853814,0.682407204,1.399261018,0.17062242,0.008969828,0.992843209,0.999506409,0.636232743,1.703154335,0.66253148
DSS,OAT,0.821172582,0.538116375,0.715003659,1.253120034,0.215646029,-0.91363603,0.360908127,0.999506409,0.524958622,2.235660192,0.480406108
DSS,OAZ1,1.109945007,0.770148358,0.829514752,1.59966311,0.186474131,0.559383065,0.575900317,0.999506409,0.499841182,2.366818778,0.336912297
DSS,OLFML2B,0.947032572,0.694755061,0.596161325,1.290916385,0.158050932,-0.344330724,0.730597581,0.999506409,0.629540521,1.733370094,0.82382382
DSS,OPN3,0.852260151,0.59299621,0.6318807,1.224876909,0.185056367,-0.86386359,0.38766283,0.999506409,0.528151764,2.219326134,0.557512761
DSS,ORC6,0.971800162,0.705171655,0.634070426,1.339242081,0.163630013,-0.17481567,0.861224475,0.999506409,0.640059989,1.685958735,0.697535035
DSS,OSM,0.922712359,0.645041699,0.67487002,1.319911718,0.182657736,-0.440374069,0.659666203,0.999506409,0.623165637,1.762333717,0.791976102
DSS,OTC,0.876337932,0.602845454,0.671060098,1.273905553,0.190866219,-0.69160219,0.489187186,0.999506409,0.475886961,2.496704432,0.788759737
DSS,OTOA,0.887906891,0.621067468,0.648325452,1.26939292,0.182364149,-0.651928544,0.51444727,0.999506409,0.553915688,2.090112364,0.832282949
DSS,P2RY13,0.785449048,0.541485734,0.59784291,1.139328644,0.189768216,-1.272603465,0.203158789,0.999506409,0.627108497,1.7443986,0.447040995
DSS,P4HA1,1.017693991,0.792939178,0.513215302,1.30615448,0.127322765,0.137754428,0.890434502,0.999506409,0.623976427,1.758639976,0.646116093
DSS,P4HA2,0.960244881,0.712185734,0.582518987,1.294704721,0.152477086,-0.266052712,0.790198613,0.999506409,0.558446462,2.067839201,0.466617496
DSS,PAK3,0.882422365,0.628336517,0.610918578,1.239255095,0.173265906,-0.721921981,0.470342446,0.999506409,0.655607011,1.616709521,0.992597587
DSS,PAK5,1.098855705,0.777889805,0.774365865,1.55225567,0.176248021,0.534867679,0.59274136,0.999506409,0.500042281,2.365748989,0.778703258
DSS,PALMD,0.90485627,0.636733758,0.649148856,1.285882614,0.179301513,-0.557603583,0.577115109,0.999506409,0.568164848,2.020489955,0.873508405
DSS,PARP12,0.833412117,0.571501832,0.643849926,1.215351758,0.192483419,-0.946715422,0.34378381,0.999506409,0.543933116,2.139649609,0.703234029
DSS,PARP4,0.895768368,0.661457433,0.551622848,1.213080281,0.154715205,-0.711458308,0.476800278,0.999506409,0.215734539,4.461673142,0.086145249
DSS,PARP9,1.006480566,0.676531009,0.820818136,1.497349146,0.202675485,0.031871921,0.974574191,0.999506409,0.302413537,3.645192932,0.169679751
DSS,PASD1,0.928889735,0.645882223,0.690020992,1.335903216,0.185397728,-0.397875641,0.690721857,0.999506409,0.546242568,2.128131497,0.872236573
DSS,PAX3,0.789902756,0.556598772,0.564399684,1.120998456,0.178607976,-1.320464176,0.186680089,0.999506409,0.606124374,1.840672578,0.83161992
DSS,PAX5,1.117914929,0.796422364,0.772762337,1.569184701,0.173008743,0.644275414,0.519396856,0.999506409,0.461325459,2.578192824,0.605211284
DSS,PAX8,0.906056603,0.635806233,0.655371054,1.291177288,0.180721651,-0.545886443,0.585143998,0.999506409,0.468335241,2.538713808,0.76697847
DSS,PBK,0.860893138,0.646901402,0.498770862,1.145672265,0.145807012,-1.027281847,0.304287768,0.999506409,0.647711956,1.651757314,0.726207484
DSS,PBRM1,0.912557565,0.681756761,0.539736532,1.221493292,0.148767137,-0.61508282,0.538500027,0.999506409,0.092076378,6.439571097,0.042318611
DSS,PBX1,0.96557748,0.683438747,0.680750618,1.364189365,0.176324318,-0.198661942,0.842527197,0.999506409,0.45922947,2.590090438,0.651956316
DSS,PBX3,0.987698223,0.719675467,0.635862999,1.355538466,0.161521763,-0.076634072,0.938914653,0.999506409,0.586203005,1.934069232,0.985393577
DSS,PC,0.809170954,0.586413237,0.530133238,1.116546475,0.164281328,-1.288917441,0.19742679,0.999506409,0.622665082,1.764615587,0.960839872
DSS,PCK1,1.071578593,0.756893112,0.760204431,1.517097543,0.177383931,0.389735875,0.696731865,0.999506409,0.478881082,2.480194141,0.663990951
DSS,PCK2,0.987047688,0.713055208,0.65326696,1.366322169,0.165900756,-0.07858267,0.937364572,0.999506409,0.640865721,1.68234631,0.70100624
DSS,PCNA,1.001072137,0.725714469,0.65519423,1.380908698,0.164120463,0.00652912,0.994790553,0.999506409,0.32371966,3.477288766,0.099584438
DSS,PDCD1,1.035483279,0.72840938,0.743600246,1.472009627,0.179472842,0.194281504,0.845955467,0.999506409,0.606750652,1.837769081,0.898752118
DSS,PDCD1LG2,0.931676746,0.638820403,0.719967695,1.358788098,0.192535457,-0.367565353,0.713197353,0.999506409,0.268036818,3.939814742,0.40397491
DSS,PDGFA,0.770673712,0.568675769,0.475747086,1.044422855,0.155081746,-1.679696046,0.093016469,0.999506409,0.464340088,2.561156244,0.383148877
DSS,PDGFB,0.763549335,0.555293871,0.494614327,1.049908198,0.162492919,-1.660241816,0.096865815,0.999506409,0.425470357,2.788053165,0.311731771
DSS,PDGFC,0.912748958,0.651164049,0.62825342,1.279417469,0.172298713,-0.529861186,0.596208179,0.999506409,0.601957719,1.860039037,0.742427439
DSS,PDGFD,0.774229004,0.564248213,0.498104376,1.062352589,0.161417992,-1.58524818,0.112909958,0.999506409,0.685827448,1.48460747,0.751232738
DSS,PDGFRA,0.895505512,0.644342421,0.600228938,1.244571359,0.167940883,-0.657177098,0.51106705,0.999506409,0.616486685,1.792874801,0.973784939
DSS,PDGFRB,0.943051467,0.69812268,0.575788186,1.273910867,0.153434458,-0.382146364,0.702352803,0.999506409,0.157990539,5.196065089,0.088955079
DSS,PDK1,0.968625692,0.716938944,0.59173,1.308668943,0.153516888,-0.20764507,0.835506111,0.999506409,0.577016349,1.9778518,0.702847177
DSS,PDPN,0.770583957,0.562074558,0.494368268,1.056442826,0.160979543,-1.618880646,0.105472946,0.999506409,0.609180035,1.826524284,0.550607758
DSS,PDZK1IP1,1.012348934,0.713847299,0.721824398,1.435671698,0.178247925,0.068855263,0.945104829,0.999506409,0.577032887,1.97777256,0.841494172
DSS,PEBP1,0.859445711,0.636651162,0.523555515,1.160206677,0.153097599,-0.989353338,0.322490296,0.999506409,0.616968564,1.790664435,0.457462764
DSS,PECAM1,1.028663067,0.751101361,0.657693459,1.40879482,0.160449191,0.176130314,0.860191566,0.999506409,0.27167028,3.907115084,0.130202988
DSS,PF4,1.047144761,0.725462364,0.786004262,1.511466626,0.187255109,0.246012969,0.805672193,0.999506409,0.59340226,1.900079552,0.830539447
DSS,PFKFB3,0.909785624,0.644664942,0.639273157,1.2839381,0.175757454,-0.537936134,0.590621141,0.999506409,0.537611507,2.171360298,0.466029364
DSS,PFKM,0.880360565,0.622107655,0.623713253,1.245820908,0.1771555,-0.719276132,0.471970799,0.999506409,0.600828305,1.865303436,0.874796204
DSS,PGF,1.295060262,0.920648957,0.901088928,1.821737884,0.174102025,1.485090301,0.137519905,0.999506409,0.503423477,2.347811193,0.243878936
DSS,PGM2,0.854366087,0.613297575,0.576893679,1.190191254,0.169140616,-0.930560074,0.352081176,0.999506409,0.293623988,3.717543467,0.326838853
DSS,PGPEP1,0.87374077,0.61664414,0.621384219,1.238028359,0.177805119,-0.759098218,0.447793805,0.999506409,0.604137256,1.849897884,0.753516777
DSS,PGR,0.911154393,0.645447909,0.640794275,1.286242184,0.175905197,-0.528937864,0.596848554,0.999506409,0.55702251,2.074825455,0.813701783
DSS,PHF6,1.011869777,0.72689769,0.681664286,1.408561975,0.168763012,0.069919845,0.944257458,0.999506409,0.551870585,2.100208492,0.310994882
DSS,PHGDH,1.141865201,0.834278261,0.72857696,1.562855222,0.160131183,0.82846491,0.407407259,0.999506409,0.508396555,2.321594745,0.384168905
DSS,PIAS4,1.258709723,0.887187795,0.898623706,1.785811501,0.178465405,1.289253605,0.197309935,0.999506409,0.069993296,7.060530024,0.03638843
DSS,PIK3CA,0.833606209,0.599088441,0.560839316,1.159927757,0.168549977,-1.079763778,0.280247385,0.999506409,0.389046969,3.016768845,0.281061568
DSS,PIK3CB,1.026333317,0.74702897,0.663036931,1.410065901,0.162066181,0.160382407,0.872579848,0.999506409,0.024844033,9.36214615,0.014480283
DSS,PIK3CD,0.914096746,0.647891746,0.641787997,1.289679743,0.175621998,-0.511432879,0.609047977,0.999506409,0.626063805,1.749143931,0.971251376
DSS,PIK3CG,0.953018301,0.671020624,0.682505408,1.353526031,0.179000348,-0.268832843,0.788058319,0.999506409,0.528194791,2.219106535,0.839013567
DSS,PIK3R1,0.773943472,0.548295919,0.544158861,1.09245478,0.175862261,-1.457142883,0.145076943,0.999506409,0.629012487,1.735762379,0.574469243
DSS,PIK3R2,1.047609328,0.75313898,0.704075866,1.457214846,0.168378725,0.276226925,0.782373778,0.999506409,0.423205676,2.801787931,0.225831394
DSS,PIK3R3,1.045127335,0.75996429,0.677328434,1.437292725,0.162565519,0.271513477,0.785996135,0.999506409,0.552590957,2.096649166,0.488459837
DSS,PIK3R5,0.892940519,0.639425172,0.607542895,1.246968067,0.170385971,-0.664581171,0.506318416,0.999506409,0.506591987,2.331085154,0.846287098
DSS,PIM1,1.011584355,0.691946496,0.786929273,1.478875769,0.193760914,0.059443205,0.952599101,0.999506409,0.431214382,2.753485489,0.493770726
DSS,PIN1,1.027733098,0.754375816,0.64576891,1.400144727,0.157768259,0.173390398,0.862344572,0.999506409,0.639743504,1.687378393,0.861987537
DSS,PITX2,0.956123451,0.645459228,0.770853398,1.416312626,0.200475619,-0.223808969,0.822905951,0.999506409,0.160282548,5.162427176,0.21368589
DSS,PKM,0.821240486,0.586697783,0.562847955,1.149545738,0.171587922,-1.147745664,0.251073574,0.999506409,0.628813515,1.736664145,0.434784721
DSS,PKMYT1,1.16868583,0.841988068,0.780156736,1.622144804,0.167283345,0.93183153,0.351423597,0.999506409,0.623708455,1.759860457,0.965249113
DSS,PKP3,1.346606157,0.973373277,0.889579184,1.862952461,0.165602586,1.796997719,0.072335982,0.999506409,0.6382437,1.694111667,0.42982642
DSS,PLA2G10,0.888776965,0.628856408,0.62727215,1.256128558,0.176504966,-0.66802063,0.504120424,0.999506409,0.621696967,1.76903212,0.569490452
DSS,PLA2G1B,0.898310706,0.640455703,0.619525463,1.259981166,0.172623604,-0.621231805,0.534447116,0.999506409,0.619742224,1.777962592,0.983349732
DSS,PLA2G2A,1.054791852,0.737765162,0.770283616,1.508048779,0.182387619,0.292472984,0.769925013,0.999506409,0.530619181,2.206754451,0.754095621
DSS,PLA2G3,0.976228474,0.686957853,0.700350014,1.387307867,0.179301106,-0.134180028,0.893260218,0.999506409,0.634530913,1.710820152,0.632523716
DSS,PLA2G4C,0.951103249,0.662566831,0.702725466,1.365292297,0.184442775,-0.271806,0.785771191,0.999506409,0.558966579,2.065290523,0.347590334
DSS,PLA2G4F,0.954157431,0.674987643,0.673802091,1.348789734,0.176602376,-0.265718958,0.790455662,0.999506409,0.498826877,2.372219638,0.617566376
DSS,PLA2G5,0.871278218,0.616534294,0.614744712,1.231279006,0.176455998,-0.780896829,0.434863177,0.999506409,0.574516642,1.989847134,0.853634024
DSS,PLA2G6,1.117241337,0.774522199,0.837088425,1.611610625,0.186927676,0.593077268,0.553129443,0.999506409,0.301281195,3.654407534,0.17932996
DSS,PLAT,1.126227894,0.827360649,0.705694216,1.533054866,0.157343956,0.755503451,0.449946962,0.999506409,0.662013957,1.588439326,0.664447049
DSS,PLAU,0.90973038,0.671174054,0.561903058,1.233077112,0.155166,-0.609714818,0.542050737,0.999506409,0.552806645,2.095584109,0.369501733
DSS,PLAUR,0.865362782,0.621423727,0.58363606,1.205059787,0.16894986,-0.85591346,0.392045649,0.999506409,0.503431321,2.347769687,0.289166415
DSS,PLCB1,0.863759474,0.61281,0.604664307,1.217474306,0.175125365,-0.836320517,0.402974614,0.999506409,0.151746703,5.290090409,0.158491897
DSS,PLCB4,1.044139676,0.734282222,0.750470687,1.484752908,0.179623248,0.240465924,0.809969077,0.999506409,0.328467148,3.441212007,0.268040356
DSS,PLCE1,0.84472284,0.592892219,0.61062615,1.203518369,0.180613496,-0.934297323,0.350150545,0.999506409,0.528359415,2.218266465,0.300532151
DSS,PLCG2,0.896639207,0.631115615,0.642758535,1.27387415,0.179168848,-0.608932419,0.542569235,0.999506409,0.607199794,1.835687987,0.988481158
DSS,PLD1,0.81764384,0.58342888,0.562454489,1.145883368,0.172199226,-1.169159963,0.242339189,0.999506409,0.604748158,1.84705966,0.552997561
DSS,PLK1,0.867596099,0.628642418,0.568736201,1.197378619,0.164372245,-0.864069214,0.38754987,0.999506409,0.600891691,1.865007812,0.307362097
DSS,PLOD2,1.002884597,0.723455922,0.666784293,1.390240214,0.166633727,0.017286086,0.986208386,0.999506409,0.617617659,1.787688754,0.895862082
DSS,PMAIP1,1.314292826,0.935651225,0.910512801,1.846164026,0.173376268,1.576333078,0.114949062,0.999506409,0.560270091,2.058910391,0.390756718
DSS,PMEL,0.886945824,0.622631066,0.640834472,1.263465538,0.180528699,-0.6645557,0.506334712,0.999506409,0.60315578,1.854461651,0.966625697
DSS,PML,0.978919042,0.704723977,0.655074358,1.359798335,0.167677948,-0.127067004,0.898887367,0.999506409,0.59836514,1.876807065,0.892216145
DSS,PMS2,0.922340099,0.669484554,0.601211318,1.270695871,0.163475419,-0.494516258,0.620941628,0.999506409,0.342776162,3.335180138,0.148445752
DSS,PNMA1,0.891421243,0.651567607,0.568001668,1.219569275,0.159919229,-0.718726495,0.472309455,0.999506409,0.698177415,1.431459008,0.932843317
DSS,PNOC,0.96398402,0.684333324,0.673579781,1.357913106,0.174814234,-0.209825945,0.833803523,0.999506409,0.437465128,2.716295594,0.176833824
DSS,POLB,0.984418896,0.706060766,0.666456457,1.372517224,0.169569549,-0.092609582,0.926213731,0.999506409,0.273400465,3.891682924,0.432271801
DSS,POLD1,0.930358047,0.671969156,0.616134752,1.288103909,0.166001555,-0.434849962,0.663671337,0.999506409,0.63376552,1.714271815,0.852998813
DSS,POLD4,0.94511602,0.664651108,0.679278483,1.343929591,0.17961832,-0.314264079,0.753320478,0.999506409,0.613532568,1.806448996,0.923956947
DSS,POLE2,1.111901718,0.784451837,0.791585557,1.576037395,0.177983837,0.595963154,0.551199842,0.999506409,0.411909228,2.871222478,0.755015874
DSS,POLR1B,0.769573878,0.566679745,0.478432521,1.045112267,0.156147071,-1.677382239,0.09346776,0.999506409,0.118229259,5.867662854,0.070647971
DSS,POLR2A,0.782583335,0.572102998,0.498397729,1.070500727,0.159840372,-1.533748085,0.125091639,0.999506409,0.616342199,1.793537766,0.858731017
DSS,POLR2D,1.073994579,0.78560125,0.682655522,1.468256771,0.159539094,0.447444863,0.65455389,0.999506409,0.250437892,4.104124155,0.258087505
DSS,POLR2H,0.793528337,0.54876557,0.598695672,1.147461242,0.188175863,-1.2289888,0.219076005,0.999506409,0.403587149,2.923397766,0.5111506
DSS,POLR2J,0.963331967,0.670329674,0.714076409,1.384406083,0.185017906,-0.201911295,0.839986072,0.999506409,0.469762782,2.53073163,0.585278297
DSS,POU2AF1,1.035847632,0.758135648,0.657152394,1.415288042,0.15924426,0.221170044,0.824960033,0.999506409,0.602954345,1.855398898,0.550808357
DSS,POU2F2,0.885232277,0.630402449,0.612670425,1.243072874,0.173213207,-0.703787033,0.48156541,0.999506409,0.585359213,1.938071232,0.494644966
DSS,POU2F3,1.131826386,0.822283079,0.735612251,1.55789533,0.163014814,0.759640158,0.447469708,0.999506409,0.618620293,1.783096152,0.74097558
DSS,PPARGC1A,0.938455732,0.653931699,0.692843756,1.346775455,0.184305823,-0.344642354,0.730363261,0.999506409,0.490737211,2.415600449,0.866598724
DSS,PPARGC1B,0.939066556,0.670115671,0.645845192,1.315960863,0.172164396,-0.365167967,0.714986028,0.999506409,0.626464806,1.747321885,0.98742347
DSS,PPBP,1.049741492,0.73595711,0.7613546,1.49731171,0.181190764,0.26791617,0.788763847,0.999506409,0.576385407,1.980876139,0.763462891
DSS,PPL,0.862983713,0.62865328,0.556007507,1.184660787,0.161643755,-0.911631015,0.36196299,0.999506409,0.67980089,1.510709102,0.933171537
DSS,PPP2CB,0.991320908,0.699497451,0.70539279,1.404890242,0.177899266,-0.048999495,0.960919698,0.999506409,0.605505695,1.843542742,0.627389723
DSS,PPP2R1A,1.019097968,0.719883232,0.722796112,1.442679344,0.17734211,0.106674557,0.915047168,0.999506409,0.536051436,2.179227758,0.264478084
DSS,PPP2R2B,0.892354985,0.639929088,0.604423505,1.244352592,0.169649367,-0.671333248,0.502008259,0.999506409,0.60648412,1.839004519,0.861168809
DSS,PPP2R3A,0.922923145,0.681895632,0.567250266,1.249145898,0.154425976,-0.519402997,0.603479742,0.999506409,0.50705294,2.328658511,0.350368797
DSS,PPP3CA,0.897745598,0.655299476,0.574591874,1.229891351,0.16061233,-0.671608148,0.50183319,0.999506409,0.615594798,1.79696872,0.461904308
DSS,PPP3CB,0.919151787,0.664752798,0.606155742,1.27090854,0.165327546,-0.509921107,0.610106734,0.999506409,0.642189217,1.676418269,0.902463204
DSS,PPP3CC,1.015092255,0.758665064,0.599526233,1.358191297,0.14856109,0.100830577,0.919684953,0.999506409,0.594773167,1.893638185,0.557712181
DSS,PPP3R1,0.886607291,0.65631934,0.541378855,1.197698195,0.153449083,-0.784319659,0.432852567,0.999506409,0.641920486,1.677621361,0.966141432
DSS,PPP3R2,0.907647132,0.62105938,0.705421378,1.326480758,0.193589774,-0.500540885,0.616694276,0.999506409,0.564922285,2.03622466,0.904639887
DSS,PRAME,1.002254681,0.719068531,0.677897688,1.396966219,0.169416764,0.01329351,0.989393626,0.999506409,0.57432877,1.990750119,0.56134039
DSS,PRC1,1.021621562,0.739766439,0.671098615,1.410865054,0.164702974,0.129877023,0.896663723,0.999506409,0.13459437,5.568570735,0.04769807
DSS,PRDM1,0.934834977,0.65113767,0.691000059,1.342137729,0.184518147,-0.365195843,0.714965221,0.999506409,0.619749267,1.777930383,0.560734562
DSS,PRDX5,0.75718248,0.539620313,0.522840262,1.062460575,0.172828948,-1.609400517,0.107528792,0.999506409,0.566786531,2.027170646,0.4822646
DSS,PRF1,0.859123323,0.583509806,0.681409613,1.264919418,0.197376699,-0.769304598,0.441712508,0.999506409,0.608679325,1.828839554,0.838377372
DSS,PRG2,0.826718937,0.544480918,0.710777398,1.255258316,0.213081406,-0.893041322,0.371835044,0.999506409,0.644224833,1.667314395,0.489069977
DSS,PRKAA2,0.800660585,0.573902633,0.543111535,1.117014168,0.169889533,-1.308604231,0.190668447,0.999506409,0.666600313,1.568293138,0.943271146
DSS,PRKACA,0.87868011,0.645686508,0.550062088,1.195748596,0.157200237,-0.822736503,0.410657852,0.999506409,0.374782157,3.111293606,0.202777331
DSS,PRKACB,0.647387619,0.46778243,0.428169837,0.895952267,0.165789741,-2.622659636,0.008724638,0.999506409,0.586729854,1.931572414,0.258381043
DSS,PRKACG,0.896684497,0.609369235,0.710098568,1.319467804,0.197085094,-0.553320437,0.580044009,0.999506409,0.641428174,1.679826174,0.751403782
DSS,PRKAR1B,0.807140513,0.538242645,0.672133033,1.210375678,0.206732522,-1.036399626,0.300015745,0.999506409,0.590641996,1.913078908,0.555116501
DSS,PRKAR2A,0.617517151,0.400839079,0.550483914,0.951322993,0.220487111,-2.186288502,0.028794505,0.999506409,0.234560677,4.261659202,0.561125395
DSS,PRKAR2B,0.952037404,0.70843568,0.570968004,1.279403684,0.150791063,-0.325954035,0.744459132,0.999506409,0.471979617,2.518374126,0.332388196
DSS,PRKCA,0.851555084,0.619053832,0.552324204,1.171378036,0.162692762,-0.987696613,0.323301254,0.999506409,0.548641593,2.11620377,0.348508703
DSS,PRKCB,0.961884626,0.680216028,0.679972494,1.360188522,0.176780838,-0.219824543,0.826007805,0.999506409,0.639590231,1.688066077,0.797400105
DSS,PRKCD,0.834808742,0.610456696,0.531156852,1.141613549,0.159694408,-1.130613369,0.258217858,0.999506409,0.555779144,2.08093607,0.62132825
DSS,PRKCE,0.924995945,0.617538706,0.767989829,1.385528535,0.206150526,-0.378199012,0.705282759,0.999506409,0.630871297,1.72734631,0.478676485
DSS,PRKCG,0.956563245,0.663238467,0.716375784,1.379614251,0.186846445,-0.237673085,0.812134661,0.999506409,0.266282801,3.95574403,0.071455466
DSS,PRKDC,1.367306952,0.962400555,0.980167217,1.942567772,0.179170443,1.746064094,0.080799815,0.999506409,0.381788186,3.064492539,0.186201237
DSS,PRKX,1.318849508,0.884052198,1.083437989,1.967490187,0.204084843,1.35610155,0.17506686,0.999506409,0.120719739,5.819693701,0.046080189
DSS,PRL,0.99013404,0.692706046,0.72256299,1.415269036,0.182265898,-0.054398277,0.956617852,0.999506409,0.542504579,2.146791984,0.78076132
DSS,PRLR,0.919367854,0.648506235,0.65485402,1.303360255,0.178071997,-0.47210657,0.636850723,0.999506409,0.647405716,1.653121615,0.781854593
DSS,PRM1,1.145203052,0.741236098,1.028092239,1.769328336,0.22195206,0.610861461,0.541291301,0.999506409,0.270656591,3.91619788,0.333948192
DSS,PRMT8,1.15225089,0.81359758,0.818268278,1.631865858,0.177557719,0.798147926,0.424784652,0.999506409,0.607143759,1.83594757,0.657293836
DSS,PROM1,0.893928258,0.65377469,0.568523669,1.222298359,0.159626781,-0.702449516,0.482398875,0.999506409,0.209317598,4.533544979,0.088402477
DSS,PRR5,0.941436082,0.673160019,0.643468824,1.316628842,0.171137525,-0.352633492,0.724363226,0.999506409,0.567260377,2.024872642,0.937630518
DSS,PRUNE1,1.004596478,0.689825758,0.773172792,1.46299855,0.191790353,0.023911248,0.980923402,0.999506409,0.327364385,3.449550897,0.343024611
DSS,PSAT1,1.190932647,0.841952944,0.842607431,1.684560376,0.176925643,0.9876281,0.323334819,0.999506409,0.544259824,2.13801805,0.429303308
DSS,PSEN1,1.049442689,0.776433797,0.642012905,1.418446702,0.153728922,0.313924345,0.7535785,0.999506409,0.191539819,4.743898279,0.251036253
DSS,PSEN2,0.795328467,0.586354657,0.492424819,1.078779477,0.155528558,-1.472398942,0.140913179,0.999506409,0.639909716,1.686632766,0.475893107
DSS,PSMB10,1.023538852,0.72093858,0.732211258,1.453149838,0.178813193,0.130113919,0.896476298,0.999506409,0.244996541,4.157057733,0.069086085
DSS,PSMB2,0.814732184,0.577816675,0.570970753,1.148787428,0.175310774,-1.168757763,0.242501242,0.999506409,0.515487162,2.284550079,0.200775056
DSS,PSMB5,0.711056574,0.486680241,0.552197875,1.038878116,0.193444717,-1.762794496,0.077935156,0.999506409,0.598161464,1.877759668,0.73770421
DSS,PSMB7,0.878706077,0.628808395,0.59910837,1.227916765,0.1707296,-0.757366154,0.448830528,0.999506409,0.66802338,1.562057118,0.633188365
DSS,PSMB8,0.705905302,0.483580083,0.546864126,1.030444209,0.192995466,-1.804571838,0.071141708,0.999506409,0.613781053,1.805305629,0.720218486
DSS,PSMB9,0.808994156,0.551672046,0.634669637,1.186341683,0.19532907,-1.085161497,0.277850134,0.999506409,0.635224798,1.707693107,0.938997486
DSS,PSMC4,0.973292595,0.63305198,0.863347218,1.496399198,0.219459245,-0.123351048,0.901829119,0.999506409,0.062229195,7.325015231,0.052229077
DSS,PSMD7,0.937079091,0.684889605,0.597239976,1.282129581,0.159957032,-0.406281553,0.684535738,0.999506409,0.630623452,1.728467606,0.91092516
DSS,PSPH,1.029955328,0.736489906,0.703866532,1.440356438,0.171112929,0.17249094,0.863051583,0.999506409,0.156894702,5.212310605,0.061829725
DSS,PTCD2,0.784037319,0.557328629,0.545637351,1.10296598,0.174136647,-1.397170922,0.162362179,0.999506409,0.640114848,1.685712696,0.542404481
DSS,PTCH1,1.145300261,0.824179381,0.767358476,1.591537858,0.167877532,0.808129817,0.419015854,0.999506409,0.267204017,3.947366096,0.264780998
DSS,PTCRA,1.04772626,0.71854326,0.809173133,1.527716393,0.192427881,0.242284796,0.808559494,0.999506409,0.632973256,1.717847268,0.806333632
DSS,PTEN,1.088690056,0.779847606,0.739995539,1.519843144,0.170223508,0.499197735,0.61764009,0.999506409,0.609547674,1.824825099,0.70044501
DSS,PTGDR2,0.873459961,0.613421602,0.630310771,1.243732373,0.180314448,-0.750316954,0.453063834,0.999506409,0.621648008,1.769255582,0.89622283
DSS,PTGER4,1.059355275,0.745366226,0.760247469,1.505613696,0.179360487,0.32147823,0.747848007,0.999506409,0.562000934,2.050454801,0.381672779
DSS,PTGS2,0.880174091,0.630662415,0.597738725,1.228401141,0.170079145,-0.750448036,0.452984909,0.999506409,0.582159042,1.953284643,0.966285489
DSS,PTPN11,0.998418182,0.706233961,0.705251355,1.411485317,0.176648979,-0.008961672,0.992849716,0.999506409,0.633652436,1.714781996,0.974844633
DSS,PTPN5,0.766160338,0.52963015,0.578693582,1.108323732,0.188377204,-1.413991753,0.157364324,0.999506409,0.598962601,1.874013933,0.934159265
DSS,PTPRC,0.896473092,0.634803536,0.631200762,1.266004298,0.176101562,-0.620590751,0.534868927,0.999506409,0.636087185,1.703809518,0.778114854
DSS,PTPRR,0.85377062,0.586901808,0.655084947,1.241986754,0.191230573,-0.82671256,0.4084,0.999506409,0.473656048,2.50905953,0.823285793
DSS,PTTG1,1.006934648,0.756080313,0.584937788,1.341018101,0.146185537,0.047273583,0.962295182,0.999506409,0.634222553,1.712210455,0.787274476
DSS,PTTG2,0.794252497,0.544639578,0.613625546,1.158265125,0.192491887,-1.196693875,0.231425895,0.999506409,0.273534569,3.890490487,0.47623564
DSS,PUM1,1.188630488,0.84003726,0.841843417,1.681880677,0.177100614,0.975726679,0.329199927,0.999506409,0.617371216,1.788818305,0.465531708
DSS,PURA,0.970406972,0.704369024,0.632557587,1.336926611,0.163479097,-0.183752767,0.854207412,0.999506409,0.627339404,1.743350391,0.598309502
DSS,PVR,1.095304804,0.799627264,0.700687528,1.500314792,0.160534717,0.567059174,0.570673979,0.999506409,0.54225336,2.148049434,0.414900697
DSS,PVRIG,1.303873705,0.914256764,0.945271879,1.859528642,0.181117323,1.465015062,0.142916808,0.999506409,0.165479725,5.087800238,0.080871925
DSS,PYCARD,0.833050588,0.605332252,0.541101431,1.146433682,0.162919773,-1.121170903,0.262215123,0.999506409,0.642077746,1.676917284,0.887822974
DSS,PYCR1,0.857093709,0.606570864,0.604515376,1.211086239,0.176393903,-0.874225347,0.381995545,0.999506409,0.640882254,1.682272216,0.418597493
DSS,PYCR2,0.881452634,0.582891929,0.750045976,1.332937905,0.211008708,-0.598003812,0.54983739,0.999506409,0.549689976,2.111003075,0.919364097
DSS,PYCR3,1.183944262,0.850788725,0.796769564,1.647558288,0.168596418,1.001512731,0.316578988,0.999506409,0.510641323,2.309824938,0.422990857
DSS,RAB7A,0.80567425,0.572391461,0.561641873,1.134033334,0.174419723,-1.238826501,0.215409757,0.999506409,0.306004601,3.616172072,0.377583073
DSS,RAC1,1.069713815,0.780046892,0.686900361,1.466947253,0.161121528,0.418262854,0.675754946,0.999506409,0.261946898,3.995532918,0.091053586
DSS,RAC2,0.855078084,0.599489504,0.620145742,1.219635246,0.181184107,-0.864107185,0.387529012,0.999506409,0.610766161,1.819198057,0.517202481
DSS,RAC3,0.9144427,0.674136891,0.566272088,1.240408979,0.155554704,-0.574977599,0.565306447,0.999506409,0.590445988,1.914003531,0.897472657
DSS,RAD21,1.146099117,0.838546928,0.727904681,1.566451609,0.159415601,0.855399993,0.392329748,0.999506409,0.324555132,3.470906256,0.163038301
DSS,RAD50,0.820509832,0.588303532,0.556065569,1.144369101,0.169739276,-1.165489748,0.243820808,0.999506409,0.292851854,3.723991404,0.194945832
DSS,RAD51,1.096066565,0.760926193,0.817889105,1.578815298,0.186200785,0.492629075,0.6222747,0.999506409,0.296727963,3.691774956,0.441538098
DSS,RAD51C,0.863166294,0.619275848,0.583832674,1.203108522,0.169419724,-0.868540633,0.385098438,0.999506409,0.519857291,2.261909459,0.419802563
DSS,RAD52,1.173570309,0.841144676,0.796227953,1.637372629,0.169922639,0.941903025,0.346242291,0.999506409,0.486760559,2.437128655,0.575692441
DSS,RAF1,0.827986078,0.609618349,0.514955651,1.124574,0.156208603,-1.208377355,0.226902146,0.999506409,0.433049206,2.742523302,0.41390418
DSS,RAG1,0.905711259,0.636781423,0.651435939,1.288217362,0.179745188,-0.55097287,0.581652273,0.999506409,0.500174566,2.365045452,0.586180936
DSS,RANBP2,1.098570412,0.790239011,0.736965963,1.527204974,0.168079385,0.559317304,0.575945188,0.999506409,0.220904366,4.405192914,0.177902804
DSS,RASA4,1.242300653,0.862519751,0.92678526,1.789305011,0.186157633,1.165490891,0.243820345,0.999506409,0.621411728,1.770334182,0.624761895
DSS,RASAL1,0.943243336,0.671198643,0.654352295,1.325550939,0.173604802,-0.336574702,0.73643753,0.999506409,0.607307143,1.83519073,0.596290491
DSS,RASGRF1,0.897862821,0.638146664,0.625132912,1.263279575,0.174211956,-0.618430474,0.536291615,0.999506409,0.420378606,2.819019043,0.537178809
DSS,RASGRF2,0.986993197,0.704587906,0.678001212,1.382589118,0.171967469,-0.076131444,0.939314524,0.999506409,0.598683181,1.875319996,0.666928598
DSS,RASGRP1,0.982952888,0.698899432,0.683554661,1.382454093,0.174010511,-0.098810619,0.921288637,0.999506409,0.632242903,1.72114569,0.771623364
DSS,RB1,1.270142434,0.880790817,0.95081525,1.831606067,0.186770864,1.280333784,0.200427771,0.999506409,0.442471286,2.686822697,0.375576803
DSS,RBL2,1.180436847,0.864818264,0.746423319,1.611241584,0.158737852,1.0450222,0.296012709,0.999506409,0.6255616,1.751426827,0.845954915
DSS,RBP4,1.054103665,0.741181999,0.757956591,1.49913859,0.179697113,0.293220064,0.769353949,0.999506409,0.639407466,1.68888621,0.774692952
DSS,RBX1,0.863879725,0.615926632,0.595724466,1.211651098,0.172608121,-0.847710561,0.396599183,0.999506409,0.593053221,1.901721123,0.802710199
DSS,REL,1.017467065,0.722891958,0.709188198,1.432080156,0.174396966,0.09929226,0.920906223,0.999506409,0.53657556,2.176582727,0.827465879
DSS,RELA,0.935998589,0.694155143,0.567945076,1.26210022,0.152512233,-0.433678718,0.664521763,0.999506409,0.642230841,1.676231948,0.882674652
DSS,RELB,1.002123635,0.698189911,0.740174871,1.438364782,0.184383754,0.011505259,0.990820334,0.999506409,0.630551334,1.728793928,0.458328657
DSS,RELN,1.087012096,0.77447286,0.751203971,1.52567683,0.172965116,0.482367416,0.629544964,0.999506409,0.600904162,1.864949652,0.801132214
DSS,REN,1.032916638,0.7228045,0.753274828,1.476079328,0.182147726,0.177803415,0.858877365,0.999506409,0.62216125,1.766913537,0.605247484
DSS,REPS1,1.049411714,0.750613898,0.716538452,1.46715235,0.17096927,0.282095925,0.777869958,0.999506409,0.19600027,4.689465844,0.092703084
DSS,RET,1.093309952,0.757898787,0.819259894,1.577158681,0.186949954,0.477185184,0.63323026,0.999506409,0.657974984,1.606243475,0.710215204
DSS,RFC3,0.968106202,0.705429056,0.623166088,1.328595144,0.161500716,-0.200701805,0.840931748,0.999506409,0.06260405,7.311528958,0.008642351
DSS,RFC4,1.000707257,0.730132736,0.641419264,1.371552001,0.160837618,0.004395783,0.996492684,0.999506409,0.483061285,2.457278645,0.606712947
DSS,RGMB,0.925205432,0.699840409,0.523302867,1.223143276,0.142432964,-0.545796954,0.585205517,0.999506409,0.577719069,1.974486065,0.461297306
DSS,RHOA,0.858062302,0.638771279,0.513864945,1.152636224,0.150579428,-1.016596825,0.309345265,0.999506409,0.643826165,1.669096044,0.752449627
DSS,RHOB,1.118079958,0.783423245,0.812269506,1.595692751,0.181480415,0.61501342,0.538545858,0.999506409,0.625121434,1.75342863,0.712664214
DSS,RICTOR,1.078114368,0.766745212,0.74918286,1.515928072,0.173888032,0.432540175,0.66534886,0.999506409,0.528426363,2.217924886,0.735894408
DSS,RIMKLA,1.022816962,0.732676977,0.695175364,1.427852341,0.170212775,0.132543213,0.894554645,0.999506409,0.557414807,2.072899492,0.435365751
DSS,RIMKLB,1.070859666,0.766283701,0.73021221,1.496495911,0.170750364,0.400946449,0.688459551,0.999506409,0.515625124,2.283833124,0.617833292
DSS,RIN1,1.02763226,0.727386317,0.724425514,1.451811831,0.176306778,0.154601991,0.8771351,0.999506409,0.632935781,1.718016459,0.598370326
DSS,RIPK1,0.633879647,0.436284357,0.48468244,0.920966797,0.190597828,-2.391927428,0.016760156,0.999506409,0.424987925,2.790973933,0.228375744
DSS,RIPK2,0.995430605,0.701095553,0.712238313,1.413333867,0.178845748,-0.025607915,0.979570073,0.999506409,0.557736935,2.071318737,0.846352731
DSS,RIPK3,0.708468799,0.511041533,0.47112529,0.982166823,0.166663856,-2.067930429,0.038646566,0.999506409,0.760963669,1.166857739,0.688860066
DSS,RNF43,0.956348079,0.693176415,0.626259198,1.319435614,0.164205779,-0.271813408,0.785765495,0.999506409,0.583572862,1.946556495,0.485308982
DSS,RNLS,0.849135418,0.586860664,0.641763101,1.228623764,0.188488798,-0.867619746,0.385602533,0.999506409,0.565018391,2.035757396,0.742663481
DSS,ROBO4,0.990038651,0.690095001,0.730255136,1.420350138,0.184143543,-0.054366801,0.956642929,0.999506409,0.426495858,2.781853588,0.167013574
DSS,ROCK1,1.366956757,0.938275027,1.053220771,1.991495799,0.19199286,1.628117442,0.103499986,0.999506409,0.204873913,4.584521738,0.050898138
DSS,ROPN1,0.928692282,0.6633382,0.636857321,1.30019552,0.171682993,-0.430897837,0.666542657,0.999506409,0.474363981,2.505133936,0.415038233
DSS,ROR2,0.85856415,0.626326614,0.550587129,1.176913742,0.160915925,-0.947661819,0.343301644,0.999506409,0.583772656,1.945606594,0.855702313
DSS,RORA,0.961040456,0.684778354,0.663977417,1.348755772,0.172922203,-0.229807234,0.818241563,0.999506409,0.625098811,1.753531539,0.477375234
DSS,RORC,1.067848893,0.74733581,0.778485971,1.525821781,0.182088496,0.36051835,0.718459536,0.999506409,0.5531696,2.093792516,0.44894805
DSS,RPA3,0.978724223,0.68869999,0.702183004,1.390882994,0.179311541,-0.119932987,0.904536233,0.999506409,0.458547571,2.593970531,0.397972938
DSS,RPL23,1.080643106,0.74968555,0.808020241,1.557705791,0.186563509,0.415710088,0.677622159,0.999506409,0.641104214,1.681277557,0.730632134
DSS,RPL7A,1.079338044,0.761805467,0.767417758,1.529223225,0.17776448,0.429489238,0.667567224,0.999506409,0.615609786,1.796899892,0.544664512
DSS,RPLP0,0.902934677,0.641330458,0.629919054,1.271249512,0.174546754,-0.584972595,0.558566144,0.999506409,0.624842263,1.754698699,0.927236422
DSS,RPS27A,0.99696514,0.707991935,0.695893393,1.403885328,0.174637445,-0.017404484,0.986113932,0.999506409,0.557305759,2.073434761,0.515493822
DSS,RPS6,1.08133755,0.784230813,0.706772699,1.491003512,0.163906402,0.477093915,0.633295248,0.999506409,0.52285951,2.246438176,0.36504952
DSS,RPS6KA5,1.297155145,0.936991536,0.858767981,1.795759518,0.165949246,1.567789685,0.116930223,0.999506409,0.227638842,4.333420275,0.732491993
DSS,RPS6KA6,0.81844296,0.583248636,0.565230479,1.148479116,0.172855285,-1.15907115,0.246427185,0.999506409,0.286196976,3.780205478,0.080241345
DSS,RPS6KB1,1.021516066,0.742018774,0.664273237,1.40629201,0.16309922,0.130520937,0.896154291,0.999506409,0.383301836,3.054477565,0.257041796
DSS,RPTOR,0.843570133,0.592326649,0.609055343,1.201381992,0.180403718,-0.942953046,0.34570492,0.999506409,0.653226387,1.627252584,0.883725755
DSS,RRAD,1.027484703,0.74748046,0.664897349,1.412377809,0.16232997,0.167028796,0.867347391,0.999506409,0.611717294,1.814810621,0.453664228
DSS,RRAS2,0.884492173,0.615418593,0.655791625,1.271210218,0.185060028,-0.66325298,0.507168546,0.999506409,0.659803734,1.598174837,0.719796894
DSS,RRM2,1.089997725,0.81459696,0.643909636,1.458506596,0.148593253,0.579942946,0.561953093,0.999506409,0.535833061,2.18033036,0.387246489
DSS,RSAD2,1.039879731,0.717330972,0.790131965,1.507462937,0.189453992,0.206409284,0.836471219,0.999506409,0.544691893,2.13586141,0.882596034
DSS,RUNX1,1.273659892,0.844369896,1.076837302,1.921207198,0.209727923,1.153373175,0.248757247,0.999506409,0.640848481,1.682423577,0.554910449
DSS,RUNX1T1,1.064054368,0.781343026,0.667715404,1.44905843,0.157567946,0.394029937,0.693558937,0.999506409,0.544407466,2.13728097,0.495293664
DSS,RUNX3,0.890879196,0.639286447,0.602200442,1.24148689,0.169317503,-0.682424678,0.494970456,0.999506409,0.507537654,2.326108591,0.299271851
DSS,RXRG,0.989157635,0.711648318,0.663234193,1.374882511,0.16799791,-0.064891115,0.948260695,0.999506409,0.11200569,5.991885312,0.084875653
DSS,RYBP,0.802139073,0.551321332,0.61574233,1.167063662,0.191311771,-1.152429234,0.249144734,0.999506409,0.055180032,7.594475079,0.032887897
DSS,S100A12,0.958688267,0.679583839,0.672836775,1.352420614,0.175556977,-0.240316952,0.810084554,0.999506409,0.549909485,2.109915063,0.779479727
DSS,S100A7,0.935876412,0.655138526,0.681776682,1.336915208,0.181960857,-0.364209371,0.715701669,0.999506409,0.595421496,1.890595342,0.75550461
DSS,S100A8,0.879373379,0.641301772,0.564522966,1.205824738,0.161079213,-0.798027823,0.424854344,0.999506409,0.54308803,2.143873211,0.710618612
DSS,S100A9,0.916938651,0.680076197,0.556221284,1.236297481,0.152470007,-0.568732912,0.569537409,0.999506409,0.588279085,1.92423906,0.832270501
DSS,S100B,0.889160621,0.613749616,0.674408598,1.288158214,0.189131455,-0.621141436,0.534506568,0.999506409,0.456036912,2.608296544,0.699193548
DSS,SAA1,1.038621197,0.721834285,0.772600121,1.494434406,0.18564308,0.204123209,0.838257218,0.999506409,0.56376066,2.041876841,0.824363482
DSS,SAMD9,0.897688963,0.598050971,0.749401861,1.347452832,0.207221999,-0.52085028,0.602471074,0.999506409,0.310644885,3.579117506,0.615586285
DSS,SAMSN1,0.904444992,0.638447707,0.642817359,1.281265066,0.177698017,-0.565193653,0.571942053,0.999506409,0.566110332,2.03045231,0.959806295
DSS,SBNO2,1.092226389,0.801061368,0.688160971,1.489222339,0.158184484,0.557691684,0.577054937,0.999506409,0.666527556,1.568612154,0.983359617
DSS,SDHA,0.978321844,0.728778334,0.584534075,1.313312409,0.150242088,-0.145875099,0.88401999,0.999506409,0.5443377,2.13762925,0.691888401
DSS,SELE,0.863571958,0.604769903,0.628354499,1.233124403,0.181752914,-0.807018985,0.419655545,0.999506409,0.508486769,2.321120977,0.738752513
DSS,SELENOK,0.790959919,0.579859761,0.499052133,1.078911895,0.158401386,-1.480466738,0.138748731,0.999506409,0.297780248,3.683093803,0.211962152
DSS,SELL,0.795109829,0.500787132,0.761624779,1.262411911,0.235871237,-0.972034686,0.331033293,0.999506409,0.466669594,2.548051844,0.999999731
DSS,SELP,0.990179035,0.68270937,0.753413473,1.436122843,0.189705793,-0.052025344,0.958508499,0.999506409,0.513853923,2.293048578,0.688335775
DSS,SELPLG,0.899265196,0.632243275,0.646818006,1.279061281,0.179750105,-0.590693939,0.55472551,0.999506409,0.63014347,1.730639885,0.552230239
DSS,SEMG1,0.931026883,0.653393856,0.673234867,1.326628723,0.180670696,-0.395565681,0.692425459,0.999506409,0.449583959,2.645411072,0.603415301
DSS,SERINC1,0.874814941,0.631150378,0.581399291,1.212549669,0.166568478,-0.802930496,0.422014909,0.999506409,0.578141321,1.972465001,0.735216788
DSS,SERINC2,0.877373472,0.610851618,0.649330374,1.260181992,0.184737412,-0.708153937,0.478849668,0.999506409,0.467564525,2.543031349,0.763475796
DSS,SERINC3,1.104804173,0.815270649,0.681891382,1.497162031,0.155055521,0.642789752,0.520360533,0.999506409,0.608713083,1.82868342,0.785177722
DSS,SERINC5,0.984984776,0.735605056,0.583302421,1.318907477,0.148948053,-0.101572957,0.919095646,0.999506409,0.612093941,1.813074402,0.538382904
DSS,SERPINA1,1.041705496,0.736078986,0.738151849,1.474230836,0.177185458,0.230601709,0.81762424,0.999506409,0.634918489,1.709073263,0.704666045
DSS,SERPINB2,1.035566443,0.735414034,0.722809237,1.458223271,0.174630858,0.200128233,0.841380293,0.999506409,0.387618966,3.02609727,0.493226494
DSS,SERPINB5,1.041109584,0.731337947,0.750752749,1.482090695,0.180190388,0.223580472,0.82308376,0.999506409,0.520097993,2.260666592,0.949682365
DSS,SERPING1,0.909346671,0.655972316,0.604616504,1.26058882,0.1666397,-0.570265556,0.568497599,0.999506409,0.4461585,2.665288009,0.306450573
DSS,SERPINH1,0.749171823,0.517636292,0.566635484,1.084271776,0.188623622,-1.531022018,0.125763951,0.999506409,0.279200574,3.840585018,0.259088884
DSS,SETBP1,1.175452284,0.840506306,0.803369608,1.643875914,0.171127542,0.944634592,0.34484546,0.999506409,0.5135559,2.294601529,0.69153918
DSS,SETD2,0.931700418,0.694461876,0.55552131,1.249983186,0.149938498,-0.471819824,0.637055399,0.999506409,0.016409993,10.26935136,0.017195702
DSS,SF3A1,1.122331692,0.800012145,0.774499484,1.574511629,0.17272601,0.668158714,0.504032287,0.999506409,0.650393559,1.639826322,0.909586625
DSS,SF3B1,1.044138797,0.746669427,0.713449052,1.460118479,0.171087406,0.252458257,0.800686876,0.999506409,0.166760276,5.069751428,0.145107556
DSS,SFN,1.058460295,0.79525859,0.613513614,1.408772204,0.145871684,0.389488204,0.696915035,0.999506409,0.47133217,2.521978485,0.461783799
DSS,SFRP1,0.978009323,0.701048102,0.66334078,1.364388882,0.169871845,-0.130899125,0.895855107,0.999506409,0.392664795,2.993264691,0.203921349
DSS,SFRP2,1.109280793,0.759865777,0.859504269,1.619370046,0.19302668,0.537292933,0.591065287,0.999506409,0.627653917,1.741923033,0.785038762
DSS,SFRP4,0.830478633,0.592584676,0.571290779,1.163875456,0.17220134,-1.078697053,0.2807228,0.999506409,0.538455939,2.167108775,0.779047747
DSS,SFXN1,1.066746158,0.773252397,0.698385284,1.471637681,0.164167715,0.393579464,0.693891546,0.999506409,0.340976306,3.348301862,0.275519363
DSS,SGK1,0.839915574,0.584380791,0.622808397,1.207189188,0.185079202,-0.942590505,0.345890398,0.999506409,0.54038882,2.157395425,0.300068369
DSS,SGK2,1.025255824,0.724816288,0.725412579,1.450228867,0.176931423,0.140970808,0.887893003,0.999506409,0.475068857,2.501229884,0.678096427
DSS,SH2B2,0.98241536,0.667014665,0.779939937,1.446954602,0.197555753,-0.089802936,0.928443815,0.999506409,0.262248503,3.992745946,0.483295706
DSS,SH2D1A,0.875729227,0.622792147,0.608600515,1.231392662,0.173903252,-0.763058398,0.445428569,0.999506409,0.518043373,2.271289529,0.715743072
DSS,SH2D1B,0.972212985,0.663649583,0.76059314,1.424242723,0.194810022,-0.144655687,0.884982727,0.999506409,0.582314758,1.952543075,0.955785634
DSS,SHC1,0.900486766,0.644206761,0.614513986,1.258720747,0.170878515,-0.613417145,0.539600552,0.999506409,0.461251618,2.578611236,0.228352522
DSS,SHC2,1.398749977,0.986657205,0.996302517,1.982959722,0.178070402,1.884529721,0.059493358,0.999506409,0.600168075,1.868383864,0.497153007
DSS,SHC3,0.83261824,0.571531469,0.641443093,1.212974562,0.191970719,-0.954208216,0.339978257,0.999506409,0.503123032,2.349401359,0.821460803
DSS,SHC4,0.875243015,0.616492371,0.626102625,1.242594996,0.178807179,-0.745236853,0.456128548,0.999506409,0.494314482,2.396349723,0.802347345
DSS,SIGIRR,1.021068219,0.74286846,0.660583651,1.403452111,0.162291575,0.128468484,0.897778237,0.999506409,0.577885435,1.973689653,0.678505407
DSS,SIGLEC1,0.968452834,0.692969038,0.660483772,1.35345281,0.170775823,-0.187705129,0.85110781,0.999506409,0.601885775,1.860374189,0.912093514
DSS,SIGLEC5,0.881452404,0.621055726,0.629972657,1.251028383,0.17865134,-0.706315848,0.47999174,0.999506409,0.631674966,1.723712181,0.81721121
DSS,SIGLEC8,0.844187118,0.606023869,0.56992303,1.175946899,0.1691127,-1.001587143,0.316543033,0.999506409,0.63974307,1.687380338,0.848143162
DSS,SIN3A,0.964163343,0.682414243,0.679824252,1.362238495,0.176341942,-0.206953353,0.836046288,0.999506409,0.226987351,4.340277461,0.104729022
DSS,SIRPA,1.012614784,0.730397643,0.673479698,1.403877341,0.166687786,0.075205756,0.940051005,0.999506409,0.602816623,1.856039815,0.403327318
DSS,SIRPB2,0.980391437,0.681908451,0.727617077,1.409525528,0.185236314,-0.106908637,0.914861461,0.999506409,0.563359522,2.043830572,0.998165266
DSS,SIRT4,0.920652226,0.650249227,0.653251777,1.303501004,0.177414813,-0.465986564,0.641225118,0.999506409,0.600626153,1.866246382,0.991554592
DSS,SIX1,0.830565022,0.611135538,0.51764558,1.128781118,0.156527088,-1.18605069,0.235602282,0.999506409,0.593733477,1.898522394,0.620097275
DSS,SKP1,0.968011467,0.693494586,0.6577001,1.351194686,0.170156443,-0.191067382,0.848472803,0.999506409,0.480102611,2.473481651,0.849377268
DSS,SKP2,1.127637865,0.803974924,0.777625591,1.581600515,0.172611467,0.695927461,0.486474259,0.999506409,0.56317235,2.044742527,0.391310038
DSS,SLAMF1,0.963370275,0.644995565,0.793901595,1.43889716,0.204694781,-0.182307722,0.855341239,0.999506409,0.507134642,2.328228576,0.926105056
DSS,SLAMF6,0.938901476,0.641809377,0.731707455,1.373516831,0.194095001,-0.324813775,0.745322018,0.999506409,0.454523519,2.616962729,0.737250991
DSS,SLAMF7,0.988929226,0.721224945,0.63477504,1.355999985,0.161059944,-0.069120293,0.944893868,0.999506409,0.639618515,1.687939172,0.842826811
DSS,SLC11A1,0.930448264,0.63669646,0.723031489,1.359727949,0.193561438,-0.372433712,0.709569958,0.999506409,0.583343375,1.947647836,0.709085482
DSS,SLC16A1,1.1086249,0.763764435,0.845434831,1.609199266,0.190113844,0.542414041,0.587533309,0.999506409,0.537180471,2.173532348,0.533882583
DSS,SLC16A2,1.029879461,0.706274593,0.795480835,1.501755429,0.192448915,0.152984845,0.878410226,0.999506409,0.614332353,1.802769933,0.37558714
DSS,SLC1A5,1.148536702,0.822891949,0.780157586,1.603049534,0.170114899,0.814089182,0.415593863,0.999506409,0.514186026,2.291318843,0.361159821
DSS,SLC25A1,1.142866105,0.795942533,0.845059023,1.641001556,0.18457866,0.723481439,0.469384153,0.999506409,0.488803621,2.426051217,0.58004809
DSS,SLC2A1,1.050091927,0.788613847,0.60965358,1.398267427,0.146102791,0.334543299,0.737969623,0.999506409,0.63946684,1.688619764,0.988536094
DSS,SLC39A6,1.136476848,0.839198716,0.699864203,1.539062919,0.154717509,0.826881157,0.408304424,0.999506409,0.412535457,2.867332098,0.267909336
DSS,SLC7A5,1.275462277,0.90817538,0.883113017,1.791288397,0.173281986,1.404119887,0.160283152,0.999506409,0.551108583,2.103977125,0.608209665
DSS,SMAD2,1.642080547,1.11733498,1.295932814,2.413267794,0.19644121,2.524745516,0.01157821,0.999506409,0.495331516,2.390896342,0.69866482
DSS,SMAD3,0.855669713,0.594854757,0.635984619,1.230839376,0.185496869,-0.840288181,0.400746827,0.999506409,0.542946662,2.144580213,0.867315249
DSS,SMAD4,1.4003021,0.983060709,1.011572941,1.99463365,0.180499439,1.865313265,0.062137507,0.999506409,0.483073797,2.457210289,0.286511765
DSS,SMAD5,1.049668766,0.777664489,0.639147688,1.416812177,0.153030745,0.316764145,0.751422572,0.999506409,0.616043818,1.794907176,0.799160717
DSS,SMAD9,1.450921172,1.019088334,1.046652363,2.065740698,0.180253418,2.064863175,0.038935948,0.999506409,0.197359722,4.673105249,0.081576354
DSS,SMAP1,0.68564833,0.510024013,0.411724024,0.921748036,0.150975758,-2.49967561,0.012430707,0.999506409,0.590389214,1.914271388,0.661844568
DSS,SMARCA4,1.052165895,0.771784745,0.662621775,1.43440652,0.15811535,0.32160569,0.747751433,0.999506409,0.348849533,3.291341738,0.179469784
DSS,SMARCB1,1.437284802,1.006784433,1.045082417,2.05186685,0.181633061,1.997190258,0.045804519,0.999506409,0.637151153,1.699022435,0.483457404
DSS,SMC1A,0.949253131,0.680067534,0.644920737,1.324988271,0.170147713,-0.306085701,0.759539395,0.999506409,0.604878576,1.846453981,0.452583244
DSS,SMC1B,0.839824903,0.593195959,0.595797082,1.188993041,0.17738521,-0.9840835,0.325074459,0.999506409,0.522232048,2.249666171,0.968364042
DSS,SMC3,0.839754315,0.610368375,0.544978688,1.155347064,0.162781919,-1.072882743,0.28332373,0.999506409,0.65202325,1.632589062,0.817064543
DSS,SMO,0.949848974,0.692437478,0.610514923,1.302952401,0.161270845,-0.319042672,0.749694155,0.999506409,0.62002284,1.776679494,0.911477229
DSS,SMPD3,1.144894931,0.824397783,0.765592426,1.589990209,0.167561747,0.807540339,0.419355244,0.999506409,0.597440115,1.881135158,0.475779322
DSS,SNAI1,1.05395379,0.72657403,0.802270307,1.528844337,0.189780787,0.276891076,0.781863745,0.999506409,0.429077091,2.766303206,0.561360497
DSS,SNAI2,0.952076938,0.699578881,0.596129895,1.295708777,0.1572311,-0.312339161,0.754782782,0.999506409,0.516933575,2.27704064,0.319087115
DSS,SOCS1,1.13336043,0.74239302,0.9878305,1.73022352,0.215852717,0.579965141,0.561938125,0.999506409,0.43979221,2.702561262,0.443646375
DSS,SOCS2,1.02264384,0.737197909,0.681417649,1.418615559,0.166987846,0.134089245,0.893332004,0.999506409,0.466975248,2.546336289,0.662925962
DSS,SOCS3,0.87886891,0.6246477,0.611906216,1.236553917,0.174211334,-0.741166063,0.458592758,0.999506409,0.250346549,4.105004045,0.090614188
DSS,SOD1,0.829006497,0.562372164,0.659686495,1.222058659,0.197995551,-0.94712879,0.343573156,0.999506409,0.64080639,1.682612225,0.715525811
DSS,SOD2,0.896100612,0.647168428,0.593615688,1.240784117,0.166046987,-0.660671924,0.508822733,0.999506409,0.583145227,1.948590378,0.821218672
DSS,SOS1,0.995191336,0.672529447,0.800128441,1.472657888,0.199947102,-0.02410769,0.980766709,0.999506409,0.135878425,5.546589973,0.137029258
DSS,SOS2,1.08662945,0.793476221,0.694613189,1.48808941,0.160417419,0.517902971,0.604525969,0.999506409,0.329530599,3.43319368,0.167746931
DSS,SOST,0.897243928,0.572700989,0.833000561,1.40570155,0.229067483,-0.473343114,0.635968408,0.999506409,0.631201047,1.725854872,0.365245647
DSS,SOX10,0.924344677,0.64532698,0.678673269,1.324000249,0.183333927,-0.429109061,0.667843859,0.999506409,0.534983515,2.184622965,0.931665952
DSS,SOX11,0.880131311,0.65914508,0.516060725,1.175205805,0.147516716,-0.865557264,0.386733,0.999506409,0.565804896,2.031935521,0.526743196
DSS,SOX17,0.968190766,0.659919481,0.760546782,1.420466263,0.195570589,-0.165291414,0.868714617,0.999506409,0.622844329,1.763798328,0.759365923
DSS,SOX2,0.880564729,0.63393256,0.589216859,1.223149419,0.167666786,-0.758598899,0.448092531,0.999506409,0.545039949,2.134125016,0.321253874
DSS,SOX9,1.283189678,0.89040535,0.958837527,1.849242876,0.186445969,1.337378946,0.181098973,0.999506409,0.635482758,1.70653111,0.975877781
DSS,SP1,1.072165373,0.775236657,0.707586139,1.482822796,0.165445514,0.421167758,0.673632586,0.999506409,0.621713068,1.768958629,0.498927435
DSS,SPA17,0.789253564,0.552314387,0.575523677,1.127838064,0.182131009,-1.299436252,0.193794257,0.999506409,0.657408235,1.608746521,0.714236298
DSS,SPACA3,0.872716456,0.607194774,0.647153986,1.25434876,0.18508559,-0.735576275,0.461988605,0.999506409,0.64466535,1.665346457,0.624323103
DSS,SPANXB1,0.92694109,0.625887185,0.746915779,1.372802965,0.200370965,-0.378624043,0.704967065,0.999506409,0.498417023,2.374404382,0.901675452
DSS,SPIB,0.891853643,0.589603413,0.759443935,1.349047348,0.211152815,-0.542039838,0.587791062,0.999506409,0.482799081,2.45871145,0.973796611
DSS,SPINK5,0.865802673,0.63028005,0.559055182,1.189335232,0.161989088,-0.889555328,0.373704702,0.999506409,0.422040367,2.808878958,0.496003266
DSS,SPN,0.935548321,0.651417071,0.692193188,1.343610259,0.184688443,-0.360729027,0.718302023,0.999506409,0.50739513,2.326858175,0.862372197
DSS,SPOP,0.850573476,0.596259421,0.617097068,1.21335649,0.181245655,-0.892956462,0.371880488,0.999506409,0.31635342,3.534200696,0.20343948
DSS,SPP1,0.993805225,0.733338178,0.613446779,1.346784956,0.15507136,-0.040072145,0.968035609,0.999506409,0.623773973,1.759562024,0.473594893
DSS,SPRED1,0.840716559,0.635845397,0.475752385,1.111597782,0.142502174,-1.217530232,0.223402541,0.999506409,0.526289862,2.228841489,0.433462298
DSS,SPRY1,1.006448182,0.690983341,0.774953511,1.465936851,0.191874468,0.033498366,0.973277169,0.999506409,0.637635694,1.696843912,0.651319508
DSS,SPRY2,0.936735902,0.665072823,0.654292694,1.319365518,0.174750581,-0.373983831,0.708416346,0.999506409,0.154370816,5.250137462,0.24170306
DSS,SPRY4,0.98683942,0.6997403,0.691993233,1.391733533,0.175410399,-0.075525444,0.939796654,0.999506409,0.357088406,3.232921225,0.130601382
DSS,SRD5A2,0.861217639,0.600207541,0.635524719,1.23573226,0.184223665,-0.811014326,0.417357444,0.999506409,0.603835507,1.851300478,0.845493637
DSS,SREBF1,0.685387528,0.47037074,0.52832247,0.99869321,0.192076602,-1.966771917,0.049209512,0.999506409,0.083841521,6.65241696,0.013946071
DSS,SRP54,1.022909405,0.757737565,0.623141118,1.380878682,0.153099292,0.147949244,0.882382825,0.999506409,0.621441842,1.770196701,0.851974536
DSS,SRR,0.867303191,0.605191164,0.63774639,1.242937554,0.183597371,-0.775428651,0.43808641,0.999506409,0.494941451,2.392986865,0.885896981
DSS,SRSF2,1.004246262,0.701761579,0.735351229,1.437112808,0.182859909,0.023172229,0.981512891,0.999506409,0.612474072,1.811322803,0.883741676
DSS,SSX1,0.874899721,0.596487619,0.686773754,1.283261373,0.195437667,-0.683829305,0.494082959,0.999506409,0.495330582,2.390901343,0.244873829
DSS,SSX4,0.836392135,0.560008307,0.689172811,1.249181118,0.20467006,-0.872905961,0.382714337,0.999506409,0.528901143,2.215503406,0.901041422
DSS,ST6GAL1,0.850953586,0.614921223,0.562663775,1.177584997,0.165749689,-0.973743558,0.330183884,0.999506409,0.615552601,1.797162508,0.674528654
DSS,STAG2,1.072408997,0.758359085,0.758153447,1.516512532,0.17679192,0.395422577,0.69253105,0.999506409,0.534177215,2.188701683,0.749180761
DSS,STAT1,0.900006472,0.640148287,0.625201736,1.265350023,0.1738308,-0.606068229,0.544469447,0.999506409,0.634346184,1.711652993,0.965690032
DSS,STAT2,1.016351553,0.726989114,0.693899396,1.420888511,0.170953693,0.094875438,0.924413766,0.999506409,0.481339507,2.466698372,0.335826207
DSS,STAT3,0.947407983,0.667930443,0.675894944,1.343825387,0.178342959,-0.302930167,0.761943081,0.999506409,0.023129256,9.519079008,0.005678981
DSS,STAT4,0.891672477,0.621583275,0.657537059,1.279120334,0.184099809,-0.622794739,0.533419416,0.999506409,0.421690057,2.811013802,0.652484627
DSS,STAT5B,0.83593028,0.570706794,0.653703778,1.224410573,0.194732981,-0.920286156,0.357423241,0.999506409,0.573292104,1.99573639,0.527233747
DSS,STAT6,0.909979618,0.624025385,0.70294452,1.326969905,0.192468411,-0.490122388,0.624047297,0.999506409,0.544090628,2.138862915,0.320175007
DSS,STC1,1.110967197,0.756197192,0.8759804,1.632177592,0.196270997,0.536151475,0.591853867,0.999506409,0.593432834,1.899935791,0.363627816
DSS,STING1,0.933969317,0.689494314,0.575633864,1.265128178,0.1548422,-0.441169737,0.659090121,0.999506409,0.212661126,4.495845863,0.048608221
DSS,STK11,0.98395978,0.733616718,0.586114452,1.31973117,0.14979781,-0.107947214,0.914037565,0.999506409,0.163815273,5.111457301,0.059620628
DSS,STK11IP,1.082392681,0.763974916,0.769549147,1.533524063,0.177755491,0.445409792,0.656023637,0.999506409,0.648369471,1.648829308,0.841239292
DSS,STMN1,1.087864286,0.792031528,0.702162405,1.494193933,0.161926691,0.520089696,0.60300106,0.999506409,0.608704968,1.828720951,0.595780117
DSS,SUV39H2,0.956740262,0.685693015,0.649236621,1.334929637,0.169953081,-0.260209072,0.794702507,0.999506409,0.290127689,3.746862654,0.128826657
DSS,SYCP1,0.900741265,0.623099476,0.678995708,1.302095184,0.188019717,-0.555990768,0.578217166,0.999506409,0.519117583,2.265731643,0.839430158
DSS,SYK,0.93837189,0.65200629,0.698504921,1.350511211,0.185764706,-0.342416698,0.732037324,0.999506409,0.46144221,2.577531374,0.349848509
DSS,SYT17,0.831400846,0.599476619,0.553574803,1.153051422,0.166867899,-1.106523393,0.268500044,0.999506409,0.557733251,2.07133681,0.495102422
DSS,TAB1,0.865333721,0.625261453,0.572321488,1.197582941,0.165791491,-0.872421381,0.382978541,0.999506409,0.593144575,1.901291414,0.957836373
DSS,TACSTD2,1.108139844,0.78657346,0.774595302,1.561168762,0.174876659,0.587172663,0.55708775,0.999506409,0.59999,1.869215085,0.889884882
DSS,TAF3,0.802029978,0.525603763,0.698230863,1.223834626,0.21561537,-1.02316126,0.306231606,0.999506409,0.613507748,1.806563222,0.884715356
DSS,TAL1,0.887180591,0.624661607,0.635363646,1.260025254,0.179002516,-0.668743229,0.503659287,0.999506409,0.637175302,1.698913833,0.769713122
DSS,TANK,0.976496047,0.67454865,0.739055144,1.413603794,0.188741684,-0.126016554,0.89971882,0.999506409,0.337254794,3.37562641,0.725372264
DSS,TAP1,0.838125438,0.567880309,0.669095581,1.23697589,0.198604213,-0.88914278,0.37392635,0.999506409,0.634244391,1.712111978,0.971201835
DSS,TAP2,0.724499706,0.486650919,0.591945266,1.078596185,0.203031429,-1.587310512,0.112442336,0.999506409,0.621635938,1.769310675,0.93954255
DSS,TAPBP,1.075541221,0.767563086,0.739529867,1.507092953,0.172124899,0.423088097,0.672230986,0.999506409,0.425560159,2.787509783,0.240414162
DSS,TAPBPL,1.060302319,0.730549779,0.808347418,1.538897197,0.190060625,0.308081032,0.758020674,0.999506409,0.645147447,1.663193654,0.616001985
DSS,TARP.TRGC1.2,0.87153239,0.598281742,0.67130189,1.269583632,0.191937836,-0.716389491,0.473750882,0.999506409,0.479942962,2.474358183,0.609919077
DSS,TBC1D10B,1.090949677,0.794087236,0.704704263,1.498791499,0.162049169,0.537173878,0.591147514,0.999506409,0.308628728,3.595156487,0.171604478
DSS,TBK1,0.878622077,0.611361506,0.6513558,1.262717306,0.185037284,-0.699320797,0.484351573,0.999506409,0.20305891,4.605638571,0.138978244
DSS,TBL1XR1,0.849969507,0.607129151,0.582812333,1.189941484,0.171665877,-0.946925545,0.34367672,0.999506409,0.557613427,2.071924743,0.643660479
DSS,TBP,1.024880677,0.736112471,0.690816761,1.426929232,0.168854405,0.145546652,0.884279285,0.999506409,0.194490858,4.707755371,0.163146974
DSS,TBX21,0.890361872,0.625766106,0.641071863,1.26683797,0.179927444,-0.645411833,0.518660337,0.999506409,0.657999977,1.606133117,0.687963218
DSS,TBXAS1,0.881574467,0.61467066,0.649703243,1.264373902,0.183994638,-0.685051503,0.493311422,0.999506409,0.461247839,2.578632654,0.836603622
DSS,TCF3,1.081573139,0.828962471,0.582199668,1.411162139,0.135715242,0.57780239,0.563397541,0.999506409,0.445185173,2.670958511,0.450756633
DSS,TCF7,0.924773194,0.648998833,0.66873152,1.317730353,0.180675562,-0.432857471,0.665118318,0.999506409,0.504314971,2.343097041,0.89417558
DSS,TCF7L1,0.78652814,0.575417448,0.499674239,1.075091687,0.159458403,-1.505889774,0.132095472,0.999506409,0.627752947,1.741473691,0.766876408
DSS,TCL1A,1.022678449,0.706781458,0.772984598,1.479766056,0.188502897,0.118964306,0.905303635,0.999506409,0.637972045,1.695332234,0.652878428
DSS,TCL1B,1.027532845,0.724216284,0.73366829,1.457884573,0.178485846,0.152172474,0.879050904,0.999506409,0.54710768,2.123825904,0.340336604
DSS,TDO2,0.853740524,0.589009341,0.648446217,1.237455558,0.189383719,-0.834960722,0.403739824,0.999506409,0.468269751,2.539080462,0.735669033
DSS,TECR,1.146790889,0.829854216,0.754917323,1.584771539,0.165040149,0.829904188,0.406592957,0.999506409,0.621368079,1.770533467,0.87926195
DSS,TERT,0.936255717,0.663524077,0.657565538,1.321089615,0.175678483,-0.374927177,0.707714627,0.999506409,0.380538748,3.072784901,0.187847904
DSS,TET2,0.819926137,0.561178304,0.636798999,1.197977303,0.19346048,-1.026261382,0.304768395,0.999506409,0.361880204,3.199478292,0.650125874
DSS,TFDP1,0.996375635,0.724303268,0.646344154,1.370647422,0.16271429,-0.022314873,0.982196785,0.999506409,0.640156321,1.685526701,0.793846891
DSS,TFE3,0.863071794,0.617994141,0.58734564,1.205339781,0.170420939,-0.864080438,0.387543704,0.999506409,0.516091388,2.281411149,0.995434904
DSS,TFEB,0.915806339,0.656540816,0.620914036,1.277454852,0.169809273,-0.517936126,0.604502836,0.999506409,0.178975447,4.903839356,0.088216358
DSS,TFRC,1.031839025,0.718915135,0.762054903,1.480970038,0.184367996,0.170000609,0.865009658,0.999506409,0.588151978,1.924840237,0.849802435
DSS,TGFB1,0.926667887,0.684883366,0.568926283,1.253809649,0.154261345,-0.493707895,0.621512488,0.999506409,0.148163137,5.345718636,0.043665193
DSS,TGFB2,1.222491207,0.918612212,0.708281849,1.626894061,0.145809803,1.37775887,0.168277749,0.999506409,0.609802234,1.823648938,0.527088623
DSS,TGFB3,0.969220713,0.70320785,0.632654357,1.335862207,0.163696809,-0.190980625,0.848540773,0.999506409,0.477992934,2.485083099,0.323450824
DSS,TGFBR1,0.851946087,0.622846,0.542469559,1.165315559,0.159811074,-1.002634102,0.316037436,0.999506409,0.578468636,1.970899032,0.93923572
DSS,TGFBR2,0.921594786,0.652676481,0.648637375,1.301313857,0.176035918,-0.463823791,0.642773997,0.999506409,0.502932929,2.350407897,0.232157407
DSS,THBD,0.95653393,0.675684092,0.678435638,1.35411973,0.177345409,-0.250578898,0.802139698,0.999506409,0.504959349,2.339693577,0.772893272
DSS,THBS1,0.88516561,0.650223005,0.554776127,1.204999132,0.157380121,-0.775069439,0.438298629,0.999506409,0.246384417,4.143455212,0.153048162
DSS,THBS4,0.856936619,0.599933684,0.624102219,1.224035903,0.181913974,-0.848705116,0.396045399,0.999506409,0.57889388,1.968865449,0.930607357
DSS,THEM4,0.879628271,0.607016148,0.667654877,1.274671025,0.189260623,-0.677668063,0.497982181,0.999506409,0.362074011,3.198133737,0.523436332
DSS,THY1,0.800532716,0.56258036,0.576550462,1.139130823,0.179974437,-1.236163772,0.216397694,0.999506409,0.1294727,5.658273219,0.060246346
DSS,TIAM1,1.257140041,0.922649669,0.790244332,1.712894001,0.157831985,1.449892001,0.147088638,0.999506409,0.624453146,1.756469543,0.676414978
DSS,TICAM1,0.880630602,0.620912462,0.628072384,1.248984847,0.178293141,-0.712966495,0.47586649,0.999506409,0.612643893,1.810540512,0.608502699
DSS,TICAM2,0.785386308,0.553632497,0.560521126,1.114153623,0.178408689,-1.354079624,0.175710976,0.999506409,0.60481753,1.846737477,0.805719991
DSS,TIE1,1.143210027,0.763016625,0.949828314,1.712844939,0.206287248,0.648804613,0.516464675,0.999506409,0.54636358,2.127528936,0.814673531
DSS,TIGIT,0.876269444,0.595934919,0.692541581,1.2884765,0.1967088,-0.671457763,0.501928958,0.999506409,0.644743266,1.664998459,0.472764178
DSS,TIRAP,0.904401607,0.650940412,0.605614336,1.256554748,0.167786456,-0.598866943,0.549261617,0.999506409,0.623775724,1.75955405,0.964504298
DSS,TLK2,0.945026319,0.670631331,0.661061213,1.331692544,0.174999758,-0.323100451,0.746619169,0.999506409,0.484776825,2.44791915,0.273460141
DSS,TLR1,0.885764095,0.594575887,0.724983232,1.319559118,0.203372258,-0.596465925,0.550864011,0.999506409,0.382620186,3.058983489,0.749286729
DSS,TLR2,0.845687025,0.561357492,0.712672967,1.27403046,0.209081087,-0.801631257,0.422766291,0.999506409,0.491625071,2.410812403,0.933420256
DSS,TLR3,0.844396676,0.582467906,0.641643739,1.224111645,0.189466896,-0.892677839,0.372029721,0.999506409,0.419573596,2.823943175,0.695184721
DSS,TLR4,1.02848954,0.703962418,0.798661452,1.50262387,0.193432925,0.14522481,0.884533378,0.999506409,0.192415607,4.733118206,0.1987285
DSS,TLR5,0.939803203,0.654058078,0.696326682,1.35038476,0.184939288,-0.335703598,0.737094392,0.999506409,0.634440417,1.711228133,0.651750368
DSS,TLR7,0.866547487,0.597222624,0.660105075,1.257327699,0.189915205,-0.754222745,0.450715482,0.999506409,0.588122636,1.924979031,0.859855951
DSS,TLX1,0.906663208,0.646984133,0.62358516,1.270569293,0.172171166,-0.569109365,0.569281924,0.999506409,0.632563875,1.719695834,0.580264875
DSS,TMEFF2,0.950852671,0.637953987,0.779265468,1.417219455,0.203622604,-0.247497809,0.804522987,0.999506409,0.549636436,2.111268496,0.999403351
DSS,TMEM140,0.971753544,0.670410718,0.7381362,1.408546918,0.189397195,-0.151285568,0.879750453,0.999506409,0.620554439,1.774249779,0.427835221
DSS,TMEM163,1.013800227,0.689719019,0.800439833,1.490158852,0.196522415,0.069742025,0.944398992,0.999506409,0.140624432,5.467021906,0.460689146
DSS,TMEM45B,0.931779092,0.653074461,0.676348639,1.329423101,0.181332214,-0.389668869,0.696781419,0.999506409,0.627775447,1.741371606,0.816606597
DSS,TMPRSS2,0.973644521,0.668017321,0.751083091,1.419100411,0.192213821,-0.138954678,0.889485963,0.999506409,0.556273108,2.07850729,0.900663362
DSS,TMUB2,0.73706503,0.504388938,0.572686344,1.077075282,0.19353848,-1.576322988,0.114951387,0.999506409,0.238720665,4.219461134,0.062611727
DSS,TNC,0.836956012,0.598618744,0.571567411,1.170186155,0.170996309,-1.040863193,0.297939046,0.999506409,0.597893676,1.879012446,0.840213575
DSS,TNF,1.029135847,0.707799769,0.788556458,1.496356227,0.190979787,0.150379615,0.880465123,0.999506409,0.620243736,1.775669718,0.458819424
DSS,TNFAIP3,0.890448996,0.641352618,0.594939858,1.236292476,0.167424717,-0.693024634,0.488294092,0.999506409,0.634240443,1.712129782,0.951838915
DSS,TNFAIP6,0.899677979,0.649814996,0.595801789,1.245616785,0.165997539,-0.636867158,0.524211376,0.999506409,0.454909032,2.614752954,0.210287749
DSS,TNFRSF10A,0.866496897,0.601095131,0.647986478,1.249081609,0.186587775,-0.767985742,0.442495656,0.999506409,0.632821475,1.718532557,0.652312609
DSS,TNFRSF10B,0.903150213,0.659304083,0.577879682,1.237183765,0.160566231,-0.634419765,0.525806914,0.999506409,0.532306956,2.198179938,0.266749544
DSS,TNFRSF10C,0.869937102,0.611463907,0.626206139,1.237670046,0.179883399,-0.774581574,0.438586949,0.999506409,0.636589359,1.701549512,0.701926234
DSS,TNFRSF11A,1.02611136,0.750467395,0.652530963,1.402998358,0.159612806,0.16149255,0.871705479,0.999506409,0.291988592,3.731218379,0.387515381
DSS,TNFRSF11B,0.935336013,0.657518042,0.673021046,1.330539088,0.179816382,-0.37176503,0.710067803,0.999506409,0.246978447,4.137654529,0.156093511
DSS,TNFRSF12A,1.120392259,0.798041792,0.774906925,1.572948718,0.173101735,0.656717016,0.511362891,0.999506409,0.387881433,3.024380521,0.1261062
DSS,TNFRSF13B,0.932354582,0.643204191,0.708287418,1.351491609,0.189417237,-0.369776717,0.711548865,0.999506409,0.642792232,1.673719672,0.67583523
DSS,TNFRSF13C,0.813536805,0.589338677,0.533686433,1.12302511,0.164487791,-1.254586189,0.20962902,0.999506409,0.680557376,1.507426438,0.855093152
DSS,TNFRSF14,0.966177255,0.716378691,0.586700951,1.303079642,0.15262443,-0.225442071,0.821635386,0.999506409,0.263786685,3.978577494,0.069606108
DSS,TNFRSF17,0.913499436,0.638310872,0.669016412,1.307327284,0.182889755,-0.494683373,0.62082364,0.999506409,0.491707279,2.410369409,0.797728188
DSS,TNFRSF18,0.875236442,0.601307156,0.672648796,1.273955952,0.191528107,-0.69577887,0.486567324,0.999506409,0.627294285,1.743555191,0.428000034
DSS,TNFRSF1A,1.012851545,0.767664473,0.568685311,1.336349783,0.141416981,0.090297956,0.928050444,0.999506409,0.217271415,4.444753374,0.055421147
DSS,TNFRSF1B,0.953331488,0.676536128,0.666837695,1.343373823,0.174991393,-0.273114004,0.784765582,0.999506409,0.41201942,2.870537566,0.139306962
DSS,TNFRSF25,0.955900097,0.716939789,0.557567512,1.274507301,0.146768792,-0.307298793,0.758615954,0.999506409,0.61938206,1.779609946,0.609675508
DSS,TNFRSF4,0.856978418,0.585784826,0.667938345,1.253723171,0.194115916,-0.795105042,0.426552402,0.999506409,0.63792814,1.695529532,0.589769174
DSS,TNFRSF8,0.971857366,0.673180185,0.729871719,1.403051903,0.187348352,-0.152369785,0.878895287,0.999506409,0.639334464,1.689213836,0.676976625
DSS,TNFRSF9,0.920642889,0.648539695,0.658370793,1.306910488,0.178752778,-0.462555388,0.643683092,0.999506409,0.622696601,1.764471869,0.893660568
DSS,TNFSF10,0.862101752,0.593913523,0.657479823,1.251393346,0.190125729,-0.780441316,0.435131157,0.999506409,0.239126665,4.215378942,0.071908227
DSS,TNFSF12,1.037955402,0.721232247,0.772532656,1.493764903,0.185741625,0.200562575,0.841040624,0.999506409,0.58904431,1.920621592,0.383276409
DSS,TNFSF13,0.89193352,0.589549433,0.759863116,1.349412549,0.211245222,-0.54137877,0.588246537,0.999506409,0.63765358,1.696763513,0.548550953
DSS,TNFSF13B,0.87830431,0.62218674,0.617663633,1.239850373,0.175897546,-0.737714388,0.460688027,0.999506409,0.635549647,1.70622985,0.57454618
DSS,TNFSF14,0.87154735,0.605489328,0.64902458,1.254513908,0.185836709,-0.73981661,0.459411279,0.999506409,0.569212049,2.015421711,0.929078309
DSS,TNFSF15,0.981881605,0.69297507,0.698260386,1.391235456,0.177797508,-0.10283914,0.918090641,0.999506409,0.615365995,1.798019569,0.980242255
DSS,TNFSF18,0.86519435,0.601893371,0.641784163,1.243677533,0.185143126,-0.782103656,0.434153658,0.999506409,0.299696954,3.667351528,0.421190242
DSS,TNFSF4,0.948012454,0.677237285,0.64981253,1.327049815,0.171608221,-0.311101875,0.755723176,0.999506409,0.461554014,2.576898077,0.556935022
DSS,TNFSF8,0.960623025,0.664779166,0.723345859,1.388125025,0.187823428,-0.21388823,0.830634219,0.999506409,0.637464849,1.697611931,0.783589683
DSS,TNFSF9,0.895926982,0.639996696,0.614205337,1.254202032,0.171633716,-0.640295889,0.521980253,0.999506409,0.482540728,2.460123802,0.665214105
DSS,TNKS,1.260153282,0.937945696,0.755101458,1.693047155,0.150664294,1.534758896,0.124843063,0.999506409,0.672654716,1.541810191,0.558733138
DSS,TNN,0.947311591,0.649556505,0.732000363,1.381556868,0.192523047,-0.281146651,0.778597921,0.999506409,0.583352427,1.947604786,0.996552131
DSS,TNR,0.914434791,0.665537836,0.590876063,1.256413899,0.162100259,-0.551813547,0.581076105,0.999506409,0.560559159,2.057496946,0.847036691
DSS,TOLLIP,0.845362914,0.61000026,0.561537694,1.171537954,0.166486037,-1.009029122,0.312960668,0.999506409,0.521730688,2.252247509,0.35214318
DSS,TOP2A,1.014046489,0.754506872,0.608357166,1.362864038,0.150839325,0.092474237,0.92632126,0.999506409,0.627475194,1.742734079,0.560828761
DSS,TOX,1.17651492,0.858063525,0.755089018,1.613152543,0.161040589,1.00941391,0.31277617,0.999506409,0.56224972,2.049240923,0.693992827
DSS,TP53,0.948246015,0.693210972,0.60389848,1.297109452,0.159839464,-0.332466715,0.739536869,0.999506409,0.578558193,1.970470672,0.789646719
DSS,TP73,1.153474245,0.814035929,0.820416294,1.634452223,0.177824311,0.802918731,0.422021709,0.999506409,0.362905581,3.192371699,0.303401913
DSS,TPI1,1.171082118,0.819821048,0.853023694,1.672844741,0.181940795,0.868019779,0.385383505,0.999506409,0.560389312,2.058327379,0.506538977
DSS,TPM1,1.098558739,0.827057994,0.632127835,1.459185829,0.144839164,0.64898941,0.516345221,0.999506409,0.653529578,1.625908656,0.973498895
DSS,TPM4,0.99520019,0.728384679,0.631368548,1.359753227,0.159245068,-0.030213598,0.975896704,0.999506409,0.621843484,1.768363438,0.910324192
DSS,TPO,0.934873707,0.662854648,0.655667975,1.318522623,0.175439813,-0.383857175,0.701084309,0.999506409,0.361283133,3.203624429,0.367844364
DSS,TPR,1.125924268,0.763856292,0.895756215,1.659612508,0.197952554,0.599155036,0.549069504,0.999506409,0.535115733,2.183954564,0.389862099
DSS,TPSAB1.B2,1.327386428,0.933529926,0.953881158,1.887411084,0.179592165,1.576972566,0.114801838,0.999506409,0.65982287,1.598090471,0.664784544
DSS,TPTE,0.934938214,0.656660917,0.6744819,1.331142817,0.180264878,-0.373199895,0.708999674,0.999506409,0.628291883,1.739029067,0.85395073
DSS,TRAC,0.803128145,0.556873897,0.601404164,1.158278061,0.186827651,-1.173493291,0.240598046,0.999506409,0.649138665,1.645406119,0.77969823
DSS,TRAF1,0.92592592,0.628863971,0.734449636,1.363313607,0.197391005,-0.389891363,0.696616881,0.999506409,0.543913454,2.139747827,0.848198089
DSS,TRAF2,0.986874754,0.693825714,0.709872304,1.403698018,0.179759598,-0.073498958,0.941409073,0.999506409,0.547015553,2.124284177,0.599707644
DSS,TRAF3,0.907265642,0.665968876,0.570021236,1.235990111,0.157754098,-0.616909439,0.537294461,0.999506409,0.60638273,1.83947458,0.507980962
DSS,TRAF6,0.859872466,0.617130559,0.580963828,1.198094387,0.169239579,-0.892056084,0.372362872,0.999506409,0.493022942,2.403287537,0.318923322
DSS,TRAF7,0.890502759,0.650761023,0.567804833,1.218565856,0.160025245,-0.724692393,0.468640763,0.999506409,0.648593253,1.64783316,0.85952348
DSS,TRAT1,0.864380664,0.61320611,0.60523239,1.2184385,0.175162476,-0.83203907,0.405386892,0.999506409,0.653592189,1.625631171,0.62099146
DSS,TRBC1.2,0.935614284,0.640344886,0.726690455,1.367035341,0.1934711,-0.343989242,0.730854377,0.999506409,0.390258041,3.008880256,0.462076424
DSS,TRDC,0.834842148,0.5824955,0.614014022,1.196509522,0.183636641,-0.98298801,0.32561334,0.999506409,0.545496753,2.131847309,0.725134658
DSS,TREM1,0.973758081,0.656704167,0.787180078,1.443884246,0.200988008,-0.132308304,0.894740439,0.999506409,0.362626451,3.194304548,0.516696949
DSS,TREM2,0.962897058,0.668299865,0.719057509,1.387357373,0.18633482,-0.2029077,0.839207176,0.999506409,0.320753688,3.500065019,0.420822255
DSS,TRIM21,0.76854556,0.528806241,0.58816673,1.116972971,0.190757462,-1.380053133,0.167570286,0.999506409,0.638880169,1.691253146,0.817415954
DSS,TSC1,1.026956807,0.695398174,0.821200982,1.516599156,0.198917205,0.13372334,0.893621349,0.999506409,0.532578604,2.196801737,0.957498933
DSS,TSHR,1.01015313,0.721264068,0.693487328,1.414751396,0.171866367,0.058777838,0.953129061,0.999506409,0.554773378,2.085886084,0.449115702
DSS,TSLP,0.853000137,0.606630491,0.592796911,1.199427402,0.173901077,-0.914287437,0.36056583,0.999506409,0.483162645,2.456724931,0.581742554
DSS,TSPAN7,0.910351812,0.614187281,0.735141249,1.34932853,0.20078493,-0.467784848,0.639938457,0.999506409,0.415130734,2.851261493,0.349326894
DSS,TTC30A,0.932242553,0.655074253,0.671609208,1.326683461,0.180025981,-0.389734016,0.696733241,0.999506409,0.506588934,2.331101232,0.795802671
DSS,TTK,0.908896378,0.669684063,0.563871687,1.23355575,0.155831965,-0.612994816,0.539879767,0.999506409,0.465748621,2.553226442,0.302717349
DSS,TTPA,1.137961672,0.800780612,0.81633742,1.617118031,0.179292538,0.720825619,0.471016811,0.999506409,0.198442217,4.660152577,0.199013965
DSS,TTR,1.007379558,0.704263639,0.736693293,1.440956932,0.182633441,0.040258026,0.967887417,0.999506409,0.498099847,2.376096045,0.749134772
DSS,TUBB,0.898247883,0.649307035,0.593324289,1.242631324,0.165584867,-0.648061693,0.516945049,0.999506409,0.667313868,1.565165392,0.490814916
DSS,TWF1,0.822174893,0.593544039,0.545329424,1.138873463,0.166248833,-1.177765507,0.238890103,0.999506409,0.704308041,1.405235159,0.874474587
DSS,TWIST1,0.973599491,0.711938839,0.619490096,1.331428934,0.1597009,-0.167533558,0.866950245,0.999506409,0.581716843,1.955391267,0.959222182
DSS,TXK,0.701414073,0.490826183,0.511528051,1.002354234,0.182150461,-1.947054508,0.0515282,0.999506409,0.248316843,4.124631697,0.14773131
DSS,TXN2,0.970943205,0.69383494,0.664889814,1.358724754,0.171449009,-0.171988765,0.863446362,0.999506409,0.576637711,1.979666482,0.817532277
DSS,TXNIP,0.895551525,0.635557927,0.626345199,1.261903125,0.174970827,-0.630479509,0.528380905,0.999506409,0.532978536,2.194773631,0.66681764
DSS,TYK2,0.975034486,0.718950361,0.603383278,1.322333639,0.155452103,-0.162638127,0.870803366,0.999506409,0.503823221,2.345696587,0.448118271
DSS,TYMP,1.079157076,0.795039345,0.669768656,1.464808001,0.155892623,0.488671302,0.625074424,0.999506409,0.523833371,2.241433845,0.291526633
DSS,TYMS,1.158947436,0.825364145,0.80198927,1.627353415,0.173188291,0.851744711,0.394355799,0.999506409,0.386750635,3.031783916,0.165881929
DSS,U2AF1,1.155273037,0.771496419,0.958460786,1.729957206,0.206003765,0.700650844,0.48352094,0.999506409,0.61788169,1.786478898,0.65542176
DSS,UBA7,0.858432323,0.593116713,0.64931338,1.242430093,0.188634409,-0.809223695,0.418386488,0.999506409,0.571304401,2.005314464,0.438475275
DSS,UBB,0.851887345,0.62195527,0.544868268,1.166823538,0.16050607,-0.99872226,0.317929254,0.999506409,0.618454584,1.783854868,0.857209291
DSS,UBC,0.98353135,0.700969293,0.679025417,1.37999471,0.172801865,-0.096097143,0.923443421,0.999506409,0.547929536,2.119740129,0.3431654
DSS,UBE2C,0.976415678,0.718920433,0.607217387,1.32613782,0.156195578,-0.152801277,0.878554991,0.999506409,0.419617454,2.8236747,0.19395032
DSS,UBE2T,0.944900952,0.697091065,0.58371406,1.280805125,0.155188594,-0.365201906,0.714960696,0.999506409,0.605566732,1.843259496,0.828951023
DSS,ULBP2,0.880384655,0.625005747,0.615106276,1.240112023,0.174798148,-0.728819842,0.466111872,0.999506409,0.641795256,1.678182107,0.939564491
DSS,UQCR10,1.0426056,0.693835684,0.872855771,1.566691455,0.207780899,0.200802694,0.840852856,0.999506409,0.628216329,1.739371707,0.632491877
DSS,UQCR11,0.872374069,0.619386523,0.609307497,1.22869402,0.174742395,-0.781361433,0.434589948,0.999506409,0.589937382,1.916403717,0.505260665
DSS,UQCRQ,0.848347037,0.615418084,0.554018943,1.169437027,0.163772369,-1.004232193,0.315266708,0.999506409,0.388800112,3.018379361,0.159418605
DSS,USP9Y,0.792723303,0.565802786,0.544849637,1.110652423,0.172058597,-1.350011257,0.177012372,0.999506409,0.555700168,2.08132453,0.278062204
DSS,UTY,0.834477123,0.587664327,0.597284355,1.184948682,0.178906051,-1.011424426,0.311813335,0.999506409,0.634546236,1.710751078,0.550537293
DSS,VCAM1,0.862414522,0.608880453,0.612638162,1.221518615,0.177612494,-0.833383037,0.404628738,0.999506409,0.635182733,1.707882619,0.886881635
DSS,VCAN,0.949118013,0.68318997,0.635367156,1.318557126,0.167737871,-0.311331798,0.755548397,0.999506409,0.518275685,2.270086831,0.318766266
DSS,VEGFA,1.286608575,0.902989256,0.930212651,1.833201907,0.180643303,1.395068295,0.162995246,0.999506409,0.546816704,2.125273519,0.497749937
DSS,VEGFB,0.82754589,0.606798525,0.521800459,1.128598985,0.158302778,-1.195751074,0.231793714,0.999506409,0.611092068,1.817694209,0.611533106
DSS,VEGFC,0.874584245,0.610601625,0.642093374,1.252694999,0.183321676,-0.730991863,0.464784123,0.999506409,0.600895151,1.864991675,0.769409441
DSS,VEGFD,0.908677704,0.628163903,0.686294261,1.314458163,0.188365373,-0.508399222,0.611173399,0.999506409,0.637085818,1.699316256,0.530836703
DSS,VHL,0.797145642,0.586823882,0.496024301,1.082848183,0.156284839,-1.450670975,0.146871502,0.999506409,0.026231637,9.242745256,0.029622394
DSS,VSIR,0.957445737,0.68101709,0.665061228,1.346078318,0.173820361,-0.250179158,0.802448803,0.999506409,0.446005621,2.666178002,0.181619218
DSS,VTCN1,1.037372442,0.719279861,0.776857653,1.496137514,0.186838014,0.196378761,0.844313719,0.999506409,0.601640888,1.861515192,0.948805068
DSS,WDR76,0.964807833,0.674353989,0.706010284,1.380364273,0.182745075,-0.196045419,0.844574616,0.999506409,0.039665468,8.329801343,0.03045264
DSS,WEE1,0.930729991,0.701842969,0.532419327,1.234262297,0.144012608,-0.498470693,0.618152321,0.999506409,0.649160367,1.645309574,0.810142376
DSS,WIF1,0.881243768,0.596434134,0.70562176,1.302055893,0.199169715,-0.634740059,0.525597963,0.999506409,0.340995527,3.348161415,0.617711675
DSS,WIPF1,0.943393111,0.679359981,0.630682686,1.310042668,0.167519363,-0.347853581,0.727950147,0.999506409,0.481257276,2.467148908,0.216097176
DSS,WNT10A,0.975008974,0.660912288,0.77746693,1.438379218,0.198384023,-0.127573801,0.898486265,0.999506409,0.451152659,2.636349256,0.929227847
DSS,WNT10B,0.932316727,0.651890002,0.681485994,1.333375996,0.182552719,-0.383903818,0.701049736,0.999506409,0.602340036,1.858258438,0.851867259
DSS,WNT11,0.990018153,0.728006614,0.618321736,1.34632835,0.156846324,-0.063960693,0.949001525,0.999506409,0.424882824,2.791610604,0.201496757
DSS,WNT16,0.956294849,0.677285608,0.672956931,1.350242539,0.176009983,-0.253900334,0.799572557,0.999506409,0.489402839,2.422809103,0.676576062
DSS,WNT2,0.827010703,0.573584794,0.61882252,1.192407314,0.186693154,-1.017378718,0.308973302,0.999506409,0.442104458,2.688973077,0.804762237
DSS,WNT2B,0.958140908,0.661055399,0.727684488,1.388739886,0.189369401,-0.225804307,0.821353627,0.999506409,0.642766827,1.673833334,0.611670141
DSS,WNT3,0.854470677,0.581409099,0.674367838,1.255776937,0.196446236,-0.800591023,0.423368449,0.999506409,0.605856606,1.841914571,0.350166117
DSS,WNT3A,0.961588434,0.672160357,0.703482085,1.375642443,0.182702131,-0.214385805,0.83024621,0.999506409,0.635107207,1.7082229,0.92494024
DSS,WNT4,1.012056507,0.713108486,0.723220478,1.436328964,0.178628855,0.067091098,0.94650918,0.999506409,0.522570907,2.247922544,0.791506326
DSS,WNT5A,0.742709848,0.552226063,0.446672678,0.998898741,0.151200716,-1.967251425,0.049154232,0.999506409,0.432406382,2.746359515,0.241651335
DSS,WNT5B,0.961496611,0.677543278,0.686909389,1.364452667,0.178583695,-0.219864632,0.825976582,0.999506409,0.596848332,1.883906351,0.888997559
DSS,WNT6,1.046512957,0.737286213,0.748146921,1.485433133,0.178698568,0.254415268,0.799174757,0.999506409,0.539541917,2.161648265,0.755601956
DSS,WNT7A,1.070625244,0.759792691,0.748827261,1.508619952,0.174978968,0.390005833,0.696532234,0.999506409,0.515757969,2.283142906,0.717250676
DSS,WNT7B,1.192603638,0.855762338,0.806268548,1.662030885,0.169340577,1.040145552,0.298272283,0.999506409,0.524431736,2.238362493,0.333039756
DSS,WRN,1.125497429,0.785041328,0.828560933,1.613602262,0.183801343,0.643222161,0.520079956,0.999506409,0.613479543,1.806693024,0.56644602
DSS,WT1,0.883840816,0.62041875,0.638689856,1.259108607,0.180555522,-0.683879969,0.494050964,0.999506409,0.584138909,1.94386585,0.389465597
DSS,XCL1.2,0.920741685,0.642147422,0.67805604,1.320203462,0.183861347,-0.44911971,0.653345303,0.999506409,0.387374352,3.02769814,0.570929631
DSS,XCR1,1.069844281,0.751083721,0.772803368,1.523887089,0.180488653,0.37405734,0.708361656,0.999506409,0.61692821,1.790849496,0.940378214
DSS,XPA,1.08246455,0.773448028,0.741494747,1.514942775,0.17150174,0.46203865,0.644053604,0.999506409,0.036144767,8.535742589,0.008306472
DSS,XRCC4,0.807108514,0.590232354,0.513441732,1.103674086,0.159667141,-1.342149377,0.179547567,0.999506409,0.6073126,1.835165454,0.553400498
DSS,YAP1,0.962060156,0.711363947,0.589741836,1.301105783,0.15402977,-0.251109233,0.801729657,0.999506409,0.412683031,2.866416023,0.222622168
DSS,YTHDF2,1.102247529,0.794961707,0.733350415,1.528312123,0.166744205,0.583836202,0.559330519,0.999506409,0.569567313,2.013703771,0.548076714
DSS,ZAP70,0.903619531,0.623766232,0.685263041,1.309029273,0.189101806,-0.535938191,0.592001269,0.999506409,0.417458645,2.836917479,0.715525823
DSS,ZBTB16,0.716660121,0.49992393,0.527435831,1.027359761,0.183751209,-1.813068774,0.069821215,0.999506409,0.637961018,1.695381786,0.822348828
DSS,ZBTB20,1.00765615,0.699050082,0.753450881,1.452500963,0.186564592,0.040881235,0.967390578,0.999506409,0.303115896,3.639492815,0.267215518
DSS,ZBTB32,0.963235517,0.681476909,0.680011133,1.361488042,0.17655201,-0.21216032,0.831981962,0.999506409,0.545592755,2.131368802,0.826856303
DSS,ZC3H12A,0.946905128,0.673291437,0.658419131,1.331710568,0.173993314,-0.313554415,0.753859486,0.999506409,0.593190844,1.901073789,0.900275054
DSS,ZEB1,0.836738894,0.558706,0.6944253,1.2531313,0.206069435,-0.864966761,0.387057033,0.999506409,0.377378656,3.093862192,0.142119556
DSS,ZEB2,1.048987481,0.788332924,0.60749199,1.395824914,0.145747669,0.32813832,0.742807081,0.999506409,0.644391666,1.666569004,0.899097233
DSS,ZIC2,1.250210779,0.903129525,0.827549131,1.730678656,0.16592216,1.345885086,0.178339579,0.999506409,0.344493388,3.322716771,0.185292678
DSS,ZNF205,0.973034507,0.703035678,0.643689931,1.346725609,0.165825447,-0.164846431,0.869064857,0.999506409,0.641210349,1.680802008,0.897835241
OS,A2M,1.121411573,0.843535564,0.647289448,1.490825012,0.145278915,0.788746428,0.430260226,0.995007564,0.740745821,1.251227622,0.428627382
OS,ABCB1,0.89156597,0.627984597,0.637794664,1.265779261,0.178811344,-0.641882347,0.520949577,0.995007564,0.804182619,0.987888213,0.939205783
OS,ABCF1,0.836988166,0.630790477,0.479798879,1.110589357,0.144306822,-1.233104192,0.217536894,0.995007564,0.247526516,4.132313946,0.098992815
OS,ABL1,1.040018549,0.758173577,0.668463562,1.426637139,0.161269022,0.243311136,0.807764378,0.995007564,0.700856676,1.41998594,0.444590641
OS,ACOT12,0.814082168,0.585004013,0.547859628,1.132863641,0.16859626,-1.220038779,0.222450175,0.995007564,0.835324764,0.858934686,0.735118475
OS,ACSF3,0.900759223,0.654525144,0.585102065,1.23962721,0.162925436,-0.641503822,0.521195399,0.995007564,0.284393422,3.795642209,0.069281728
OS,ACTA2,1.190349849,0.902682512,0.667008651,1.569691163,0.141141182,1.234559976,0.216994312,0.995007564,0.765892626,1.146374005,0.537734404
OS,ACTB,0.876632186,0.653384041,0.522775678,1.176159719,0.149963179,-0.878000689,0.379943345,0.995007564,0.749417672,1.214963738,0.412566661
OS,ACTR3B,1.007920062,0.700685993,0.749182936,1.44986893,0.185505601,0.042526278,0.966079164,0.995007564,0.806482703,0.978381879,0.493134425
OS,ACVR1B,0.998577585,0.708865795,0.69782811,1.406693905,0.174832616,-0.008141657,0.993503969,0.997966991,0.739744173,1.255424527,0.468652997
OS,ACVR1C,0.82138995,0.583040499,0.574137176,1.157177675,0.174871231,-1.125155419,0.260523181,0.995007564,0.726608679,1.31063742,0.741081654
OS,ACVR2A,0.949957026,0.732609283,0.499177392,1.231786675,0.132555613,-0.387298052,0.698535567,0.995007564,0.798277921,1.012291043,0.879251909
OS,ACY1,0.893600758,0.628175972,0.64300018,1.271176152,0.179818998,-0.625607887,0.531572165,0.995007564,0.788295242,1.05355909,0.569366321
OS,ADA,0.972917989,0.672880212,0.733862617,1.406742829,0.188132268,-0.145937151,0.883971004,0.995007564,0.80449036,0.986616349,0.521088523
OS,ADAM12,0.806308535,0.585833243,0.523925314,1.109758557,0.162978141,-1.320967401,0.186512234,0.995007564,0.873493873,0.698767222,0.947894388
OS,ADGRE1,0.883169356,0.628510868,0.612498877,1.241009745,0.173556076,-0.715839532,0.474090439,0.995007564,0.805088441,0.984144505,0.969431993
OS,ADGRE5,0.905889118,0.659041536,0.586153266,1.245194802,0.162314386,-0.608931645,0.542569748,0.995007564,0.538673209,2.166015655,0.200941506
OS,ADH1A.B.C,0.94447645,0.665199938,0.675804042,1.34100398,0.178851806,-0.319395859,0.74942635,0.995007564,0.826287878,0.896435669,0.859568153
OS,ADH6,0.861199886,0.617863519,0.582507145,1.200370664,0.169420992,-0.881996053,0.377778942,0.995007564,0.809792201,0.964701734,0.975534592
OS,ADM,0.97264795,0.732878403,0.557982443,1.290860846,0.144412041,-0.192041335,0.847709828,0.995007564,0.356620062,3.23621068,0.079254179
OS,ADORA2A,1.006179232,0.722666779,0.678250872,1.400917651,0.168863954,0.036480367,0.970899333,0.995007564,0.673070799,1.539994741,0.357656601
OS,AFDN,1.073261711,0.765911656,0.738035558,1.503947214,0.17214132,0.410722654,0.681275913,0.995007564,0.80488224,0.98499673,0.764630691
OS,AICDA,0.945101197,0.671612709,0.65834466,1.329957369,0.1742941,-0.323954,0.745972861,0.995007564,0.83384537,0.86508081,0.829892624
OS,AIRE,0.996055866,0.704705121,0.703156492,1.407861613,0.17654605,-0.022384713,0.982141074,0.997899637,0.825408142,0.900081496,0.777447354
OS,AKAP1,1.09859306,0.803755057,0.697830161,1.501585217,0.159437132,0.589764275,0.555348697,0.995007564,0.281270924,3.82257719,0.173287074
OS,AKR1C4,0.762355231,0.561723598,0.472923159,1.034646756,0.155820577,-1.741378796,0.081617203,0.995007564,0.831805356,0.873551221,0.994203028
OS,AKT1,1.048221665,0.775875441,0.640290869,1.41616631,0.153501985,0.306804347,0.758992299,0.995007564,0.737884748,1.263220292,0.886850248
OS,AKT2,1.079081403,0.746873038,0.812182671,1.559055709,0.187743346,0.405394533,0.685187529,0.995007564,0.535121897,2.183923408,0.194102901
OS,AKT3,1.394184001,0.942566064,1.119622575,2.062188639,0.199727428,1.663814038,0.096149598,0.995007564,0.893101618,0.614514942,0.872757423
OS,ALCAM,0.924647452,0.666772742,0.615482601,1.282255343,0.166821056,-0.469621455,0.638625493,0.995007564,0.772188685,1.12024732,0.728132406
OS,ALDOA,1.018569346,0.751755291,0.628326133,1.380081425,0.154974001,0.118723405,0.905494493,0.995007564,0.663901039,1.580141049,0.336286945
OS,ALDOC,0.913413187,0.646200278,0.644922115,1.291122393,0.176574088,-0.512911844,0.608012988,0.995007564,0.300537157,3.66047909,0.104282785
OS,ALK,0.87300708,0.638744157,0.554443059,1.193187216,0.159410925,-0.851959252,0.394236709,0.995007564,0.813756094,0.948311948,0.72105815
OS,ALKBH2,1.046038344,0.769189328,0.653342391,1.422531719,0.156853985,0.286954917,0.77414684,0.995007564,0.571526597,2.004242636,0.3003292
OS,ALKBH3,0.912798942,0.636736789,0.671813185,1.308549974,0.183758108,-0.496520347,0.619527335,0.995007564,0.834903099,0.860686795,0.949303708
OS,AMBP,0.960581031,0.674447691,0.693658287,1.368105978,0.180434041,-0.222889964,0.823621148,0.995007564,0.771141916,1.124588357,0.43460841
OS,AMER1,0.91778203,0.646452032,0.656543106,1.302995138,0.178809879,-0.479813291,0.631360161,0.995007564,0.840319982,0.838158229,0.869989811
OS,AMH,0.949405389,0.692078692,0.610331862,1.302410554,0.161296952,-0.321887032,0.747538278,0.995007564,0.781238423,1.082755906,0.626034592
OS,ANGPT1,1.021077211,0.721504523,0.723529621,1.445034144,0.177184272,0.117720152,0.906289399,0.995007564,0.729453985,1.298648682,0.671938534
OS,ANGPT2,0.952033364,0.709052574,0.569227145,1.278279719,0.150344805,-0.326949767,0.743705879,0.995007564,0.735300581,1.274065149,0.431060801
OS,ANGPTL4,0.91688076,0.67795293,0.562059896,1.240012825,0.154033224,-0.56337098,0.573182294,0.995007564,0.614806592,1.800589824,0.242574886
OS,ANKRD28,0.695583438,0.51686067,0.419245224,0.936105893,0.151521984,-2.395720389,0.016587739,0.995007564,0.739585014,1.256091568,0.862887498
OS,ANLN,0.91999163,0.710313471,0.481251428,1.191564898,0.13197089,-0.631887134,0.527460631,0.995007564,0.682941322,1.497093453,0.304408349
OS,ANP32B,1.021610246,0.759068729,0.615889104,1.374957833,0.15155534,0.141070942,0.887813899,0.995007564,0.57129223,2.00537318,0.249822893
OS,ANXA1,1.161518749,0.820281423,0.824429485,1.644710908,0.177470717,0.843679553,0.398848496,0.995007564,0.730026167,1.296239797,0.353252629
OS,APC,0.879956521,0.655355771,0.526175716,1.181531487,0.150356971,-0.850527777,0.395031724,0.995007564,0.718520821,1.344810713,0.458357639
OS,APH1B,0.901131152,0.679255417,0.516226184,1.195481601,0.144213664,-0.7218766,0.470370349,0.995007564,0.83732328,0.850626919,0.954960984
OS,API5,1.212188971,0.846012802,0.890842832,1.736855634,0.183497545,1.048666847,0.294331478,0.995007564,0.340400552,3.352512132,0.126898786
OS,APLNR,0.859896201,0.62804856,0.549283138,1.177331697,0.160306108,-0.94159602,0.346399508,0.995007564,0.653078258,1.627909311,0.34778658
OS,APOA1,0.931698646,0.664137173,0.642915651,1.307052824,0.17271782,-0.409603694,0.682096687,0.995007564,0.816982842,0.934964786,0.646073604
OS,APOA2,1.006172147,0.712517454,0.708335303,1.420852757,0.176076729,0.034945999,0.972122801,0.995007564,0.785866196,1.063605998,0.573165765
OS,APOA4,0.882569557,0.633182913,0.596997191,1.230180104,0.169430797,-0.73727845,0.460953035,0.995007564,0.8131838,0.950678648,0.612082207
OS,APOB,0.873724786,0.632411661,0.574705552,1.207117213,0.164913689,-0.818548439,0.413044095,0.995007564,0.833081251,0.868254166,0.926444082
OS,APOC2,0.944788251,0.699058759,0.577836537,1.276895295,0.153689574,-0.369540026,0.711725245,0.995007564,0.807873324,0.972633936,0.677364183
OS,APOC3,0.876969907,0.609330002,0.652836993,1.262166995,0.18577519,-0.706674561,0.479768742,0.995007564,0.823200485,0.909227352,0.63743157
OS,APOE,1.00116948,0.723532157,0.661811006,1.385343163,0.165706659,0.007053405,0.994372244,0.997966991,0.792841495,1.034761621,0.883705748
OS,APOL6,0.86588656,0.602477519,0.641983079,1.244460598,0.185056234,-0.778149265,0.436481022,0.995007564,0.578484351,1.970823865,0.233567648
OS,APOM,0.898674026,0.648308275,0.597418544,1.24572682,0.166612274,-0.641218701,0.521380601,0.995007564,0.801367815,0.99952119,0.672698593
OS,APP,1.295777872,0.887723168,1.003677614,1.891400781,0.192966056,1.342781175,0.179342841,0.995007564,0.782766454,1.076431449,0.486614596
OS,AQP9,0.855940255,0.608229485,0.596305544,1.204535028,0.174313573,-0.892384331,0.372186967,0.995007564,0.816525149,0.936858341,0.572547882
OS,AR,0.693425791,0.50183821,0.456317862,0.958156071,0.164985915,-2.219044285,0.026483712,0.995007564,0.749558903,1.214374143,0.446741991
OS,AREG,0.918833344,0.626808466,0.720101732,1.346910198,0.195138149,-0.433797891,0.664435213,0.995007564,0.811913697,0.955930599,0.825235781
OS,ARG1,0.858998187,0.615162483,0.584322053,1.199484535,0.170350262,-0.89221153,0.372279563,0.995007564,0.829937084,0.881303978,0.875744418
OS,ARG2,1.0080253,0.737602877,0.639988016,1.377590893,0.159361589,0.050158065,0.959996429,0.995007564,0.351298926,3.27384948,0.109672256
OS,ARID1A,1.046542814,0.776357087,0.634400771,1.410757859,0.152367532,0.298568687,0.765269161,0.995007564,0.629131612,1.735222568,0.289671237
OS,ARID1B,0.881652769,0.652397191,0.539072694,1.191469885,0.153648093,-0.819775785,0.412343938,0.995007564,0.79443687,1.028166761,0.998254996
OS,ARID2,1.11199276,0.791729713,0.770075886,1.561805599,0.173313849,0.612493955,0.540210996,0.995007564,0.462183513,2.573334665,0.205674144
OS,ARMH3,0.709218187,0.509516626,0.477674784,0.98719141,0.168727964,-2.036367011,0.041713515,0.995007564,0.570348607,2.009928306,0.264236962
OS,ARNT,1.066574174,0.763129702,0.727548049,1.490677751,0.17080879,0.377333071,0.705926099,0.995007564,0.355599391,3.243392437,0.303961979
OS,ARNT2,1.029400882,0.740111893,0.691652932,1.431764825,0.168335166,0.172138511,0.863328637,0.995007564,0.676942278,1.523130181,0.705828948
OS,ASCL1,0.981593084,0.719100924,0.620801377,1.339902301,0.15876574,-0.117017883,0.906845882,0.995007564,0.814947066,0.943386233,0.656693202
OS,ASL,0.817080306,0.591513813,0.537149985,1.128663798,0.164825655,-1.225645938,0.220331943,0.995007564,0.579484209,1.966044083,0.472729963
OS,ASNS,1.516005279,1.086773561,1.027992649,2.11476621,0.169832457,2.449936706,0.014288133,0.995007564,0.547870272,2.120034604,0.310183018
OS,ASPA,0.811708423,0.570759258,0.583616347,1.154375605,0.179683753,-1.161006965,0.245639067,0.995007564,0.821338839,0.916936491,0.851049515
OS,ASPG,0.901916846,0.644597855,0.617357939,1.261955794,0.171378499,-0.60236816,0.5469291,0.995007564,0.784878533,1.067691963,0.480907403
OS,ASXL1,1.672394387,1.101145936,1.43884708,2.539993016,0.213220738,2.411849661,0.015871825,0.995007564,0.115183591,5.927653361,0.139678631
OS,ATF1,0.743685448,0.544199825,0.472096064,1.016295889,0.159340507,-1.858517488,0.063095562,0.995007564,0.669694195,1.554744359,0.429637161
OS,ATF2,0.877032611,0.649887429,0.533680936,1.183568365,0.15293394,-0.857959337,0.390914917,0.995007564,0.521094355,2.255526452,0.345502565
OS,ATF3,1.27562692,0.894959002,0.923251703,1.818210706,0.180827368,1.346244001,0.178223839,0.995007564,0.511993311,2.302755088,0.139882386
OS,ATG10,0.843663476,0.620210053,0.527414139,1.147624192,0.156990372,-1.08287908,0.278862099,0.995007564,0.800352916,1.003715499,0.581438142
OS,ATG12,0.923267849,0.68728632,0.552987924,1.240274245,0.150598896,-0.530122693,0.596026866,0.995007564,0.824491423,0.903879805,0.882658402
OS,ATG16L1,0.91898383,0.68045875,0.560661713,1.241120463,0.153319819,-0.551049126,0.581599998,0.995007564,0.740243259,1.253333133,0.694334997
OS,ATG5,0.855643527,0.665770131,0.433897475,1.099667606,0.128017346,-1.217814889,0.223294325,0.995007564,0.472898287,2.513266574,0.206324213
OS,ATG7,0.833769645,0.62267102,0.493764142,1.116435162,0.148951124,-1.220521975,0.222267064,0.995007564,0.690408972,1.464838768,0.72288873
OS,ATM,1.092927785,0.775386961,0.765122751,1.540509712,0.175132405,0.507388318,0.611882381,0.995007564,0.265260406,3.965072925,0.129601266
OS,ATOX1,0.715088962,0.512887666,0.484118611,0.997006277,0.169569498,-1.977645305,0.047968734,0.995007564,0.645676446,1.660832473,0.534196792
OS,ATP11C,1.452245683,1.008384363,1.083097418,2.091481781,0.186106326,2.004827639,0.044981477,0.995007564,0.874240698,0.695590148,0.981440848
OS,ATP2A2,1.019109101,0.736674249,0.673152903,1.409827152,0.165583805,0.114315617,0.908987603,0.995007564,0.791719843,1.039398662,0.527973743
OS,ATP5F1D,0.892414177,0.637378561,0.612119167,1.249497727,0.1717208,-0.662848826,0.507427379,0.995007564,0.531168262,2.203962715,0.202853185
OS,ATP5ME,0.919704925,0.681633743,0.559292426,1.240926168,0.15283975,-0.547648073,0.583933574,0.995007564,0.632421223,1.720340148,0.324816847
OS,ATR,1.640794655,1.117772799,1.290773106,2.408545905,0.195841627,2.528475056,0.011455923,0.995007564,0.14350296,5.419993773,0.035247813
OS,ATRX,1.307786692,0.907134008,0.978261112,1.88539512,0.186636721,1.437745793,0.150506195,0.995007564,0.731607622,1.289585307,0.433896199
OS,AURKA,1.009489224,0.770483704,0.55215101,1.322634714,0.137850114,0.068512707,0.945377506,0.995007564,0.650491314,1.639391913,0.422774584
OS,AURKB,0.944351567,0.697192259,0.581938238,1.279130497,0.154817798,-0.369833189,0.711506784,0.995007564,0.808007796,0.972078093,0.577953581
OS,AXIN1,1.019911531,0.778483741,0.557728533,1.336212274,0.137820421,0.143054917,0.88624681,0.995007564,0.703089214,1.410440675,0.63104493
OS,AXIN2,0.976812883,0.692813355,0.68441675,1.377230104,0.175275914,-0.133847067,0.893523508,0.995007564,0.757557202,1.181031672,0.458154251
OS,AXL,0.954277636,0.710238778,0.571929747,1.282168525,0.150693295,-0.310568738,0.756128496,0.995007564,0.651095122,1.636709516,0.300540268
OS,B2M,0.927208313,0.671699724,0.608210367,1.279910092,0.164475908,-0.459502078,0.64587366,0.995007564,0.558007437,2.069991819,0.310056146
OS,BAD,0.831072432,0.646575482,0.421639147,1.068214629,0.128077358,-1.444738775,0.148531274,0.995007564,0.831227087,0.875951311,0.567280817
OS,BAG1,1.107797908,0.788985774,0.766449375,1.555435149,0.173156838,0.591222264,0.554371507,0.995007564,0.677740862,1.519657568,0.569304178
OS,BAGE,1.023387175,0.726749907,0.714352871,1.441102778,0.174641348,0.132373496,0.894688877,0.995007564,0.821509829,0.916228534,0.928739967
OS,BAIAP3,1.150535855,0.830723268,0.762746909,1.593470177,0.166169556,0.84388379,0.398734347,0.995007564,0.822176661,0.913467393,0.786222272
OS,BAMBI,0.974705869,0.69257581,0.679189588,1.371765398,0.174349147,-0.146943799,0.88317638,0.995007564,0.7415862,1.247707793,0.414765499
OS,BAP1,0.711136243,0.524798083,0.438838736,0.963636819,0.155028587,-2.198892815,0.027885545,0.995007564,0.110875848,6.01514211,0.094125639
OS,BATF,0.921126596,0.662852334,0.617182693,1.280035027,0.167883309,-0.489374422,0.624576641,0.995007564,0.679674052,1.511259677,0.349266761
OS,BATF3,1.075652644,0.771115874,0.729344236,1.500460111,0.169821597,0.429436476,0.667605614,0.995007564,0.728877255,1.301077392,0.51477851
OS,BAX,0.830656888,0.596016258,0.561654959,1.157671217,0.169364783,-1.0954961,0.273299353,0.995007564,0.796841207,1.018228945,0.962915151
OS,BBC3,1.045132812,0.761725723,0.672258402,1.433984125,0.161386997,0.273528666,0.78444686,0.995007564,0.539337198,2.162677018,0.203136063
OS,BBS1,1.054113587,0.783594682,0.634428539,1.418023221,0.151310735,0.348291296,0.72762143,0.995007564,0.178632098,4.908355862,0.063493819
OS,BCAT1,0.966002713,0.710738317,0.602207979,1.312946296,0.15656529,-0.220921488,0.825153566,0.995007564,0.700716971,1.420583695,0.385329173
OS,BCL10,0.922649471,0.65446657,0.646259984,1.300726554,0.175222038,-0.459450698,0.645910548,0.995007564,0.555415097,2.082727041,0.47530966
OS,BCL2,1.351062616,0.98571229,0.866116292,1.851828582,0.160861205,1.87050325,0.061413966,0.995007564,0.903779984,0.567723213,0.536704592
OS,BCL2A1,0.836719302,0.60714598,0.545952636,1.153098616,0.163635351,-1.089413906,0.275971402,0.995007564,0.815135637,0.942606262,0.860381398
OS,BCL2L1,1.156362994,0.839466696,0.75342005,1.592886746,0.163405148,0.889076824,0.373961793,0.995007564,0.787228475,1.05797106,0.862661786
OS,BCL6,0.717834,0.515984963,0.482659743,0.998644706,0.168452443,-1.968015001,0.049066312,0.995007564,0.051988386,7.727668425,0.008066477
OS,BCL6B,0.822022651,0.607685045,0.504274586,1.111959631,0.15414121,-1.271479109,0.203558255,0.995007564,0.319355237,3.510868569,0.07374301
OS,BCOR,0.962626259,0.71136722,0.59126423,1.30263145,0.154327558,-0.246812975,0.805052968,0.995007564,0.767451959,1.139899464,0.486792831
OS,BDNF,0.840265783,0.601838424,0.571311307,1.173149731,0.170273149,-1.022104958,0.306731227,0.995007564,0.803151532,0.992149526,0.75124044
OS,BID,1.012440481,0.737175913,0.653314078,1.39048999,0.161886884,0.076372673,0.93912261,0.995007564,0.739003993,1.258527033,0.80186955
OS,BIRC3,0.849184446,0.601296698,0.597968532,1.19926523,0.176119525,-0.928226812,0.353289929,0.995007564,0.835860201,0.856709461,0.854035924
OS,BIRC5,0.909369251,0.682684988,0.528638609,1.211323597,0.146287226,-0.64943504,0.516057222,0.995007564,0.842318493,0.82983455,0.609815739
OS,BIRC7,0.946245484,0.674115838,0.654113623,1.328229461,0.173013419,-0.319358159,0.749454935,0.995007564,0.825970192,0.897752318,0.969976475
OS,BLK,1.02068618,0.73038567,0.695984424,1.426370094,0.17074686,0.119915096,0.904550406,0.995007564,0.805105836,0.984072613,0.641335727
OS,BLM,1.291286271,0.911318602,0.918360096,1.829678698,0.177810178,1.437706398,0.150517377,0.995007564,0.39221782,2.996158625,0.204723805
OS,BLVRA,0.674305319,0.490616168,0.436152441,0.926768609,0.162258552,-2.428668756,0.015154371,0.995007564,0.735196694,1.274501388,0.479219884
OS,BMI1,0.773741996,0.557451182,0.516502368,1.07395355,0.167280393,-1.533454071,0.125164015,0.995007564,0.843375867,0.825427801,0.907391297
OS,BMP2,1.14813037,0.842484709,0.72217674,1.564661449,0.157928729,0.874665777,0.381755786,0.995007564,0.721906602,1.330487334,0.656143281
OS,BMP4,0.991907494,0.715787484,0.658755236,1.37454272,0.166455374,-0.048814455,0.961067163,0.995007564,0.745985813,1.229300271,0.504786469
OS,BMP5,1.147948814,0.811548593,0.81224386,1.623792453,0.176935763,0.779812445,0.43550128,0.995007564,0.440714353,2.697135224,0.178511659
OS,BMP6,0.985278999,0.720414104,0.62710908,1.347523184,0.159747149,-0.092836898,0.926033137,0.995007564,0.711860816,1.373063279,0.73478118
OS,BMP7,1.39037939,1.003405482,0.923188386,1.926593868,0.166419872,1.980392415,0.047659452,0.995007564,0.779658697,1.089295929,0.631818333
OS,BMP8A,0.998448697,0.752376669,0.572624282,1.325000951,0.1443729,-0.010753452,0.991420152,0.997966991,0.217381945,4.443540797,0.058947343
OS,BMPR1B,0.831032796,0.604005054,0.539388538,1.143393592,0.162802325,-1.13687577,0.255590223,0.995007564,0.789556877,1.048341816,0.679418065
OS,BNIP3,0.799350748,0.598502207,0.469098901,1.067601107,0.147640275,-1.516899409,0.129292083,0.995007564,0.861143437,0.751017556,0.81768626
OS,BNIP3L,1.066286676,0.778920097,0.680751158,1.459671254,0.160221835,0.400583455,0.688726828,0.995007564,0.756079712,1.187184075,0.572321693
OS,BRAF,0.960078731,0.669351404,0.707729698,1.377081102,0.184037107,-0.221368328,0.824805651,0.995007564,0.505464546,2.337027558,0.487761598
OS,BRCA1,1.283922313,0.928795099,0.846038239,1.774833338,0.165200395,1.512827491,0.130323484,0.995007564,0.727601841,1.306450809,0.578832828
OS,BRCA2,1.035678809,0.727009941,0.748390235,1.475400176,0.180550355,0.194167803,0.846044492,0.995007564,0.080303388,6.750122332,0.014250311
OS,BRD2,0.883650427,0.660072965,0.52288425,1.182957215,0.148834958,-0.831079882,0.405928504,0.995007564,0.471005278,2.523799795,0.26133248
OS,BRD3,1.078928249,0.810236585,0.626487191,1.436723776,0.146123695,0.519889577,0.60314054,0.995007564,0.472670578,2.514531838,0.205928924
OS,BRD4,1.166721618,0.83719868,0.788746711,1.625945391,0.169335584,0.910604711,0.362503688,0.995007564,0.575336001,1.985911346,0.262122174
OS,BRD7,1.168281229,0.893648027,0.633665848,1.527313874,0.136725431,1.137561843,0.255303487,0.995007564,0.680405361,1.508085939,0.545419009
OS,BRIP1,1.157562619,0.863469294,0.688353365,1.551822659,0.149550475,0.978376051,0.327888368,0.995007564,0.522362483,2.248994906,0.23106712
OS,BST1,0.872809213,0.61708978,0.617407935,1.234497714,0.176892264,-0.769046003,0.441866001,0.995007564,0.770509572,1.127211246,0.991666601
OS,BST2,1.026737523,0.763043689,0.618515396,1.381559085,0.151444779,0.174230647,0.861684201,0.995007564,0.763992424,1.154267505,0.556861309
OS,BTK,0.902836283,0.645764337,0.616481513,1.26224585,0.170975897,-0.59782722,0.549955226,0.995007564,0.750790293,1.20923478,0.432698351
OS,BTLA,0.848404087,0.606381726,0.580642,1.187023725,0.171353833,-0.959408003,0.337353245,0.995007564,0.785521849,1.065030503,0.521190273
OS,C1orf43,0.979916486,0.720738788,0.611555706,1.332294494,0.156732762,-0.129442813,0.897007273,0.995007564,0.621055623,1.771960257,0.254764348
OS,C1QA,0.943627124,0.695574928,0.584563435,1.280138363,0.155611204,-0.372879234,0.709238328,0.995007564,0.629606952,1.733069211,0.354492422
OS,C1QB,0.961646947,0.712399368,0.585699552,1.29809892,0.153068486,-0.255492791,0.798342511,0.995007564,0.72118367,1.333543494,0.482898526
OS,C1QBP,0.79211387,0.553019972,0.581558189,1.134578161,0.183325328,-1.271237994,0.203643994,0.995007564,0.711728237,1.373626779,0.37693865
OS,C1R,1.017070689,0.764643149,0.588187629,1.352830778,0.145549944,0.116294253,0.90741934,0.995007564,0.759834298,1.171555286,0.640198953
OS,C1S,1.001266283,0.751088455,0.583686648,1.334775103,0.146685008,0.008627206,0.993116571,0.997966991,0.815099354,0.942756339,0.851043529
OS,C2,0.910172639,0.657150142,0.603466238,1.26061638,0.166187633,-0.566353718,0.57115335,0.995007564,0.826024559,0.897527002,0.992618221
OS,C3,1.025618057,0.73357575,0.700348964,1.433924715,0.170982646,0.147941407,0.882389009,0.995007564,0.778831725,1.092720265,0.817230864
OS,C3AR1,0.958193535,0.695815397,0.623693852,1.319509248,0.163250646,-0.261594685,0.793633942,0.995007564,0.825611995,0.899236751,0.736212449
OS,C4B,0.971890483,0.73102772,0.561086225,1.292113945,0.145304582,-0.196223357,0.844435347,0.995007564,0.814511746,0.945186746,0.983886137
OS,C4BPA,0.907826862,0.645887251,0.630108845,1.275996096,0.173691317,-0.556744006,0.577702346,0.995007564,0.829642766,0.882524931,0.863158767
OS,C5,1.136647018,0.805838673,0.797418267,1.603256939,0.175490179,0.72985689,0.465477666,0.995007564,0.8119008,0.955983927,0.90921151
OS,C5AR1,0.861930611,0.634956357,0.535083709,1.170040066,0.155930672,-0.952862621,0.340659681,0.995007564,0.453889799,2.620598516,0.137995072
OS,C6,0.906231018,0.650384748,0.612336525,1.262721274,0.169253188,-0.581738046,0.56074314,0.995007564,0.818082475,0.930414903,0.72344445
OS,C7,0.759248453,0.553631018,0.487600767,1.041231785,0.161141039,-1.709224504,0.087409372,0.995007564,0.864165765,0.738277925,0.852238948
OS,C8A,0.927528497,0.666437919,0.624468686,1.290906606,0.168664593,-0.446043591,0.655565758,0.995007564,0.829892923,0.881487181,0.818946523
OS,C8B,0.906652512,0.645111386,0.629116283,1.274227669,0.173644142,-0.564349701,0.572516163,0.995007564,0.835098237,0.859875985,0.844632569
OS,C8G,1.027496998,0.741042574,0.683639512,1.424682086,0.166749465,0.16267366,0.870775387,0.995007564,0.621861969,1.76827908,0.358960383
OS,C9,0.864285174,0.602666527,0.636806429,1.239472956,0.183951725,-0.792884667,0.427845022,0.995007564,0.841288135,0.834126789,0.922397142
OS,CACNA1C,1.018031149,0.743021419,0.651807037,1.394828456,0.160666688,0.11122726,0.911436136,0.995007564,0.705141101,1.40167947,0.436316651
OS,CACNA1D,0.92801505,0.656206862,0.656202354,1.312409216,0.176825633,-0.422491509,0.672666297,0.995007564,0.260398615,4.009885832,0.112722715
OS,CACNA1E,0.92685368,0.663603168,0.630932158,1.294535326,0.170468121,-0.445593981,0.655890559,0.995007564,0.825164639,0.901090498,0.830578485
OS,CACNA1G,0.878774618,0.642895006,0.558303979,1.201198985,0.159465702,-0.810373764,0.417725392,0.995007564,0.816472906,0.93707447,0.671344808
OS,CACNA1H,0.98341573,0.729439078,0.596383089,1.325822167,0.152429382,-0.109711973,0.912637805,0.995007564,0.778856037,1.092619589,0.859863925
OS,CACNA2D1,1.201454267,0.878808163,0.763748672,1.642556835,0.159554647,1.150281207,0.250028068,0.995007564,0.734404343,1.277829288,0.512631102
OS,CACNA2D2,0.74168405,0.547740766,0.456557736,1.004298502,0.154656528,-1.932229689,0.053331162,0.995007564,0.82303237,0.909923638,0.775121462
OS,CACNA2D3,1.07737191,0.781536995,0.703652112,1.485189108,0.163787423,0.455008435,0.64910317,0.995007564,0.530981505,2.204912017,0.267744108
OS,CACNA2D4,0.929903646,0.661503418,0.645701906,1.307205324,0.173761266,-0.418242263,0.675769999,0.995007564,0.828894653,0.885627969,0.724153939
OS,CACNB3,1.08736334,0.615235887,1.306562008,1.921797895,0.290569288,0.288247296,0.773157448,0.995007564,0.440170029,2.700336991,0.234124638
OS,CACNB4,0.771297748,0.385850392,1.155939454,1.541789846,0.353386481,-0.734835117,0.462439917,0.995007564,0.809811771,0.964620831,0.469148823
OS,CACNG1,0.909777562,0.647219485,0.631628311,1.278847796,0.173735162,-0.544248763,0.5862703,0.995007564,0.827766929,0.890304396,0.676399637
OS,CACNG4,0.94791508,0.701453851,0.579518515,1.280972366,0.153630277,-0.348175893,0.727708091,0.995007564,0.594054004,1.897016032,0.223691572
OS,CACNG6,0.964372739,0.674319574,0.704870374,1.379189948,0.182540973,-0.19873566,0.842469528,0.995007564,0.782090008,1.079231051,0.565344697
OS,CALML3,1.28538738,0.927898379,0.852706862,1.780605241,0.166275093,1.509908261,0.131066834,0.995007564,0.765707221,1.147144002,0.536519416
OS,CALML5,0.867998032,0.623089418,0.586079862,1.209169281,0.16913546,-0.836996755,0.402594392,0.995007564,0.733127515,1.283194541,0.442907862
OS,CALML6,0.97954603,0.709786015,0.642044542,1.351830557,0.164352863,-0.12574195,0.899936194,0.995007564,0.828058675,0.889094721,0.908665096
OS,CAMK2B,1.122196393,0.858957505,0.607150815,1.46610832,0.136392128,0.845267479,0.397961514,0.995007564,0.600546324,1.866618803,0.278568747
OS,CAPN2,0.923980701,0.703560067,0.50989757,1.213457636,0.139052519,-0.568591599,0.569633328,0.995007564,0.78195885,1.079773905,0.727903679
OS,CARD11,0.94625763,0.678559602,0.6410054,1.319565002,0.169667684,-0.325580038,0.744742117,0.995007564,0.832242591,0.871736214,0.816924867
OS,CARD9,0.929534112,0.6764994,0.600713359,1.277212759,0.162121318,-0.450722792,0.652189353,0.995007564,0.829754434,0.882061699,0.825954668
OS,CASP1,0.948712502,0.666354062,0.684362416,1.350716478,0.180250583,-0.292090453,0.770217466,0.995007564,0.736216421,1.27022026,0.426043851
OS,CASP10,0.97317744,0.695573335,0.666000323,1.361573658,0.171344976,-0.158679,0.873921784,0.995007564,0.823976967,0.906011052,0.712044143
OS,CASP12,0.951648879,0.673624022,0.670798921,1.344422943,0.176291004,-0.281121187,0.778617451,0.995007564,0.831153617,0.876256216,0.806860729
OS,CASP3,0.749174913,0.546428431,0.480719897,1.027148328,0.161007624,-1.793597022,0.072877512,0.995007564,0.757125167,1.182830402,0.769182958
OS,CASP7,0.743810839,0.536264263,0.495418442,1.031682705,0.166921275,-1.773102466,0.07621173,0.995007564,0.685656845,1.485344821,0.349986509
OS,CASP8,0.780929627,0.555656465,0.54187613,1.097532596,0.173643397,-1.424011758,0.154443069,0.995007564,0.745951683,1.229442941,0.792757479
OS,CASP9,1.112397985,0.833280961,0.6517275,1.48500846,0.147401911,0.722636707,0.46990311,0.995007564,0.374788007,3.111254219,0.1157894
OS,CBL,0.776745706,0.577905682,0.46609494,1.044000622,0.150871315,-1.674554625,0.094021648,0.995007564,0.840660261,0.836741473,0.832798559
OS,CBLC,0.874163212,0.654229043,0.513804277,1.16803332,0.147864753,-0.909535078,0.363067751,0.995007564,0.758636979,1.17653722,0.473542754
OS,CCL1,0.871656872,0.619114134,0.608100139,1.227214274,0.174547192,-0.78694722,0.431312764,0.995007564,0.805260195,0.983434646,0.590220217
OS,CCL11,0.896589497,0.654838327,0.572751281,1.227589608,0.160314038,-0.680895842,0.495937399,0.995007564,0.803002792,0.992764236,0.671174938
OS,CCL13,0.879505029,0.631097933,0.594589961,1.225687894,0.169338943,-0.758218956,0.448319915,0.995007564,0.811694067,0.956838718,0.625726003
OS,CCL15,1.144138079,0.864093292,0.650849547,1.514942839,0.143230246,0.940105796,0.347163296,0.995007564,0.549437071,2.112257003,0.255978096
OS,CCL16,0.877373357,0.626590005,0.601939018,1.228529023,0.171758357,-0.761666907,0.446258831,0.995007564,0.830864802,0.877454759,0.70336122
OS,CCL18,0.896132049,0.650540998,0.583897188,1.234438186,0.16341293,-0.671106631,0.502152603,0.995007564,0.67952398,1.511911171,0.443955261
OS,CCL19,0.98409617,0.685629159,0.726862215,1.412491374,0.184384373,-0.086946918,0.930713706,0.995007564,0.827082531,0.893141785,0.869149021
OS,CCL2,0.881407231,0.621113913,0.629669061,1.250782974,0.178577392,-0.706895319,0.479631533,0.995007564,0.831124486,0.87637711,0.919011946
OS,CCL21,1.32954987,0.905722018,1.045983718,1.951705736,0.195852214,1.454364168,0.145845369,0.995007564,0.711494315,1.37462112,0.432966954
OS,CCL24,0.788385301,0.558929447,0.553109622,1.112039069,0.175494897,-1.354844798,0.17546701,0.995007564,0.668841538,1.558475036,0.6723523
OS,CCL25,0.973126522,0.706121008,0.634973815,1.341094823,0.163639479,-0.166470662,0.867786569,0.995007564,0.805944104,0.980608002,0.632976106
OS,CCL27,1.003165024,0.711217276,0.703737197,1.414954472,0.175481454,0.018007747,0.985632673,0.997966991,0.616042092,1.7949151,0.455250839
OS,CCL28,0.785780332,0.568742721,0.51689883,1.085641551,0.164926043,-1.461733978,0.143814122,0.995007564,0.864621943,0.7363526,0.974680079
OS,CCL3.L1,0.959718586,0.707034871,0.595672819,1.30270769,0.155900882,-0.263726394,0.791990756,0.995007564,0.341181122,3.346805622,0.101259494
OS,CCL4,0.913565538,0.667493245,0.582859471,1.250352716,0.16011817,-0.564584032,0.572356729,0.995007564,0.553487938,2.092221849,0.226321633
OS,CCL5,0.850848708,0.605420356,0.590349687,1.195770042,0.173631411,-0.930251887,0.352240683,0.995007564,0.725062001,1.317161492,0.443799071
OS,CCL7,0.855800796,0.604862238,0.605983732,1.21084597,0.177062901,-0.879448173,0.379158322,0.995007564,0.835476914,0.858302405,0.704665572
OS,CCL8,0.797282122,0.568000028,0.55111749,1.119117518,0.173006816,-1.309466812,0.190376273,0.995007564,0.822782489,0.910958535,0.583916887
OS,CCNA1,0.783224009,0.553343343,0.555262835,1.108606177,0.177268596,-1.378340772,0.1680981,0.995007564,0.054546845,7.620293212,0.051231332
OS,CCNA2,0.866410232,0.653097512,0.496296989,1.149394501,0.144202679,-0.994411304,0.320022667,0.995007564,0.356667182,3.235879561,0.092738557
OS,CCNB1,0.813747659,0.591780949,0.527189261,1.11897021,0.162510011,-1.268260093,0.204705083,0.995007564,0.829435772,0.883383568,0.845720668
OS,CCND1,0.977120484,0.726899494,0.58657568,1.313475174,0.150932235,-0.153349049,0.878123023,0.995007564,0.768091867,1.137243236,0.488636006
OS,CCND2,0.768331258,0.486953571,0.725344597,1.212298168,0.232683961,-1.132584781,0.257388663,0.995007564,0.804597506,0.986173524,0.734746141
OS,CCND3,0.849805709,0.555742039,0.743727307,1.299469346,0.21668945,-0.751063482,0.452614452,0.995007564,0.165448119,5.088247372,0.071974641
OS,CCNE1,0.892893713,0.640382958,0.604589559,1.244972517,0.169595556,-0.667987592,0.504141513,0.995007564,0.728029764,1.304647558,0.411616891
OS,CCNE2,1.197301387,0.914740221,0.65240483,1.567145051,0.137341986,1.311108027,0.189821269,0.995007564,0.608122741,1.831414615,0.330962038
OS,CCNO,0.988045827,0.738545637,0.583288124,1.321833761,0.14849568,-0.080986858,0.935452404,0.995007564,0.278462352,3.847035157,0.080537489
OS,CCR1,0.879572705,0.636703002,0.578381806,1.215084807,0.164866767,-0.778319692,0.436380569,0.995007564,0.789452155,1.04877485,0.999582245
OS,CCR4,0.830388636,0.592194022,0.572196804,1.164390826,0.172482509,-1.077566952,0.281227057,0.995007564,0.678835374,1.51490147,0.650608751
OS,CCR5,0.833039159,0.596343135,0.567339649,1.163682784,0.170546205,-1.07111518,0.284117644,0.995007564,0.76902786,1.133358742,0.918245715
OS,CCR6,0.877970758,0.627916728,0.599686576,1.227603305,0.171026473,-0.760946474,0.446689038,0.995007564,0.804371768,0.987106481,0.836626764
OS,CCR7,0.873035379,0.611828337,0.633930852,1.245759189,0.181393299,-0.748534809,0.454137637,0.995007564,0.833236721,0.867608569,0.888874093
OS,CCRL2,0.832796045,0.588777019,0.589171899,1.177948918,0.176912042,-1.034223042,0.301031904,0.995007564,0.768275342,1.13648172,0.941216421
OS,CD14,0.928797602,0.707608358,0.511519393,1.219127751,0.138778098,-0.532248466,0.59455392,0.995007564,0.637341885,1.698164775,0.305596729
OS,CD160,0.951990203,0.681726492,0.647670793,1.329397284,0.170373643,-0.288780201,0.772749584,0.995007564,0.829003945,0.885174684,0.741042737
OS,CD163,0.837167515,0.606753416,0.54832776,1.155081176,0.164238586,-1.082151854,0.279185058,0.995007564,0.68634084,1.482389106,0.395484013
OS,CD164,1.024892372,0.747162187,0.658696397,1.405858584,0.161258373,0.15247335,0.878813609,0.995007564,0.500472589,2.363460979,0.207139602
OS,CD180,0.867379544,0.639818649,0.536057164,1.175875813,0.155253809,-0.916426026,0.35944349,0.995007564,0.832839791,0.869256782,0.765419781
OS,CD19,0.899834817,0.644911346,0.610614242,1.255525589,0.169951261,-0.621025517,0.534582834,0.995007564,0.835855155,0.856730436,0.768053439
OS,CD1A,0.908630469,0.643352902,0.639938629,1.283291531,0.176148684,-0.543954058,0.586473088,0.995007564,0.825803336,0.898443817,0.879503292
OS,CD1C,0.877969726,0.624792978,0.608945022,1.233738,0.17357041,-0.749800424,0.453374914,0.995007564,0.834779509,0.861200292,0.82184744
OS,CD1D,0.868748394,0.627173695,0.576199115,1.20337281,0.166242861,-0.846362544,0.397350527,0.995007564,0.835897398,0.85655486,0.870122459
OS,CD1E,0.88900502,0.631025435,0.621427925,1.25245336,0.174879087,-0.672764243,0.501097289,0.995007564,0.730663297,1.293558257,0.722125284
OS,CD2,0.880509838,0.630220057,0.599981309,1.230201365,0.17063173,-0.745782616,0.455798743,0.995007564,0.749600357,1.214201094,0.655312423
OS,CD200,0.933270699,0.674757546,0.616067882,1.290825427,0.165483583,-0.417322256,0.676442712,0.995007564,0.804878172,0.985013546,0.711203058
OS,CD207,0.808439098,0.581448669,0.542595139,1.124043808,0.168157506,-1.264587795,0.206019131,0.995007564,0.810693009,0.960977618,0.753558096
OS,CD209,0.948220197,0.6936567,0.602548671,1.296205372,0.159497614,-0.333349994,0.738870105,0.995007564,0.793239659,1.033115652,0.55077399
OS,CD22,0.906701118,0.64852931,0.619118744,1.267648054,0.170975422,-0.572844974,0.566749665,0.995007564,0.8256049,0.89926615,0.673843765
OS,CD24,0.94590125,0.72096182,0.520059756,1.241021577,0.138549482,-0.401424108,0.688107903,0.995007564,0.183202187,4.848894194,0.036627776
OS,CD244,0.922014632,0.659629992,0.629139458,1.28876945,0.17086132,-0.475205188,0.63464073,0.995007564,0.82113135,0.917795542,0.974587593
OS,CD247,0.936667488,0.670576105,0.637770517,1.308346623,0.170508821,-0.3837158,0.701189101,0.995007564,0.827019858,0.893401594,0.718582716
OS,CD27,0.936005029,0.675131758,0.622548887,1.297680645,0.166693359,-0.396743036,0.691556961,0.995007564,0.783984993,1.071388992,0.899053306
OS,CD274,0.873244172,0.612034862,0.633899693,1.245934555,0.18134311,-0.747423321,0.454808073,0.995007564,0.564122489,2.0401154,0.550224642
OS,CD276,0.862078338,0.638141833,0.526456728,1.164598561,0.15346485,-0.967056195,0.333515942,0.995007564,0.777660766,1.097569842,0.755983045
OS,CD28,0.869728597,0.609069832,0.632869586,1.241939417,0.181762665,-0.767891875,0.442551425,0.995007564,0.799600515,1.006824992,0.910518877
OS,CD300A,0.908708441,0.643521004,0.639655498,1.283176502,0.176059168,-0.543743241,0.586618172,0.995007564,0.681004992,1.505484926,0.291472598
OS,CD33,0.827379662,0.564425826,0.648412201,1.212838027,0.195133533,-0.971086843,0.331505035,0.995007564,0.843982051,0.822900528,0.669597439
OS,CD34,0.900310079,0.635578654,0.639728869,1.275307523,0.177658053,-0.591113325,0.554444492,0.995007564,0.351792227,3.270339415,0.090994957
OS,CD36,0.910711105,0.657966684,0.602575433,1.260542117,0.165855818,-0.563920829,0.572808014,0.995007564,0.740029791,1.254227606,0.407717429
OS,CD37,0.899984328,0.62205368,0.680039397,1.302093077,0.188447829,-0.559188875,0.576032825,0.995007564,0.789571486,1.048281404,0.445438996
OS,CD38,0.855731525,0.592765822,0.64258955,1.235355372,0.18732858,-0.831686179,0.405586104,0.995007564,0.71176816,1.373457089,0.880288718
OS,CD3D,0.841498656,0.564451822,0.690075066,1.254526889,0.203743225,-0.847001722,0.396994162,0.995007564,0.831233262,0.875925686,0.616334708
OS,CD3E,0.80307469,0.564871568,0.576855143,1.141726711,0.179518264,-1.221644815,0.221841973,0.995007564,0.83456446,0.862093735,0.761519559
OS,CD3EAP,0.823431297,0.606832939,0.510507694,1.117340634,0.155730713,-1.247507042,0.21221164,0.995007564,0.839464886,0.841717588,0.946790299
OS,CD4,0.941602914,0.68234879,0.617010221,1.299359011,0.16431052,-0.366206788,0.714210777,0.995007564,0.654020165,1.623734813,0.303613472
OS,CD40,0.95288049,0.665232626,0.699675219,1.364907845,0.183346583,-0.263248902,0.792358742,0.995007564,0.753128432,1.1994825,0.41125522
OS,CD44,0.961888985,0.723427693,0.555525861,1.278953554,0.14535902,-0.267312172,0.789228816,0.995007564,0.212476995,4.497907659,0.042101684
OS,CD46,1.103198209,0.800553195,0.719703417,1.520256613,0.163607966,0.600297326,0.5483081,0.995007564,0.818550211,0.928479348,0.918015418
OS,CD47,0.949991171,0.623844056,0.822804696,1.446648752,0.214571424,-0.23909329,0.811033245,0.995007564,0.535954989,2.179714691,0.427112104
OS,CD48,0.860293192,0.599729166,0.634335172,1.234064339,0.184082509,-0.817470529,0.413659584,0.995007564,0.823242233,0.909054437,0.791922649
OS,CD5,0.785844541,0.519549937,0.669078139,1.188628077,0.211124316,-1.141489977,0.253666081,0.995007564,0.81984627,0.923115318,0.654877432
OS,CD53,0.937202122,0.684222004,0.599495579,1.283717583,0.160521592,-0.404034797,0.686187131,0.995007564,0.794869973,1.026376534,0.642215607
OS,CD55,1.067321064,0.779819684,0.68099783,1.460817515,0.160127631,0.406874377,0.684100256,0.995007564,0.697278225,1.435313932,0.685513829
OS,CD58,1.114813946,0.801884419,0.747977514,1.549861933,0.168104275,0.646548261,0.517924353,0.995007564,0.620318136,1.775329664,0.323186163
OS,CD59,0.946563155,0.689949036,0.608671236,1.298620273,0.161339678,-0.340384876,0.733566707,0.995007564,0.188641784,4.779900861,0.039645361
OS,CD6,0.842967225,0.595649759,0.597322673,1.192972432,0.177184499,-0.964120464,0.334985534,0.995007564,0.838716418,0.844832122,0.738179187
OS,CD63,0.899899091,0.657440039,0.574335218,1.231775257,0.160170836,-0.658500922,0.510216305,0.995007564,0.799991756,1.005208084,0.964884961
OS,CD68,0.982821697,0.739702815,0.566143896,1.305846711,0.144992059,-0.119506973,0.904873716,0.995007564,0.685760978,1.484894742,0.354176913
OS,CD69,0.830666952,0.585023934,0.594427956,1.17945189,0.178868682,-1.037220951,0.299632896,0.995007564,0.815235566,0.942192927,0.968711449
OS,CD7,0.813867622,0.58094335,0.55923754,1.14018089,0.17201565,-1.197318694,0.231182361,0.995007564,0.783202781,1.074625779,0.516636206
OS,CD70,0.943722663,0.657740126,0.696309034,1.35404916,0.1841985,-0.314459373,0.753172168,0.995007564,0.794243449,1.028966277,0.938473809
OS,CD74,0.957375405,0.701163416,0.606046351,1.307209767,0.158908333,-0.274118363,0.783993662,0.995007564,0.58161748,1.955864778,0.324981912
OS,CD79A,0.983499836,0.70259948,0.674105109,1.376704589,0.171600333,-0.096956733,0.922760754,0.995007564,0.792732862,1.035210705,0.994708475
OS,CD79B,0.884072265,0.629907773,0.610883026,1.240790799,0.172944703,-0.712461671,0.476178938,0.995007564,0.809316751,0.966667233,0.540854
OS,CD80,0.895600147,0.643003622,0.604422669,1.247426291,0.16905601,-0.652217155,0.514261094,0.995007564,0.573859119,1.993008333,0.221333567
OS,CD81,1.069295278,0.789204111,0.659587623,1.448791734,0.154967189,0.43234838,0.66548823,0.995007564,0.806978227,0.976333748,0.665065991
OS,CD83,0.835776818,0.598089708,0.569833566,1.167923274,0.170728065,-1.050756745,0.293370327,0.995007564,0.71370259,1.36523965,0.574486625
OS,CD84,0.931333902,0.665409639,0.638122481,1.303532119,0.171541424,-0.414695273,0.678364993,0.995007564,0.817886784,0.931224656,0.877005134
OS,CD86,0.827213821,0.567833079,0.637244139,1.205077218,0.191960524,-0.988182691,0.323063184,0.995007564,0.82149388,0.916294571,0.519326089
OS,CD8A,0.905851671,0.648777243,0.616013189,1.264790432,0.170302184,-0.580613255,0.561501137,0.995007564,0.825388067,0.900164685,0.803153523
OS,CD8B,0.853300813,0.603574479,0.60277586,1.206350339,0.176657682,-0.898025713,0.369171841,0.995007564,0.819419921,0.924879988,0.855808248
OS,CD9,0.914909077,0.657506137,0.615574937,1.273081074,0.168559522,-0.5275916,0.597782824,0.995007564,0.623025859,1.762970806,0.30638003
OS,CD96,0.868239273,0.621889981,0.590284932,1.212174914,0.170260342,-0.829834718,0.406632239,0.995007564,0.840604261,0.836974643,0.710457003
OS,CD99,0.940935812,0.715362528,0.522275967,1.237638495,0.1398421,-0.435350687,0.663307898,0.995007564,0.214901529,4.470890531,0.054678192
OS,CDC14A,0.99457413,0.740819462,0.59442853,1.335247992,0.150287292,-0.036201622,0.971121593,0.995007564,0.771940542,1.121276298,0.816456299
OS,CDC14B,0.914782432,0.647434143,0.645094073,1.292528216,0.176365067,-0.505026438,0.613540267,0.995007564,0.34206259,3.340375174,0.251562214
OS,CDC20,0.804361589,0.597265145,0.486001761,1.083266906,0.151884302,-1.433369811,0.151752181,0.995007564,0.839244085,0.84263648,0.516772712
OS,CDC25A,0.846152356,0.61073879,0.561568948,1.172307738,0.166344933,-1.004273729,0.315246693,0.995007564,0.200047834,4.641060967,0.113152919
OS,CDC25B,0.919733573,0.690338414,0.535016904,1.225355317,0.146381313,-0.571597858,0.567594447,0.995007564,0.570044748,2.011396227,0.219359309
OS,CDC25C,0.895052995,0.652938941,0.574005593,1.226944534,0.160920972,-0.688986329,0.490831871,0.995007564,0.802354854,0.995442015,0.732952744
OS,CDC6,0.951249416,0.670763755,0.678258824,1.349022579,0.178247815,-0.280390441,0.77917797,0.995007564,0.813188227,0.950660339,0.950102084
OS,CDC7,1.094939343,0.800283518,0.697800773,1.498084291,0.15994589,0.567060319,0.570673201,0.995007564,0.46963803,2.531428418,0.14233426
OS,CDH1,1.048741141,0.78202033,0.624411111,1.406431441,0.149729829,0.317842687,0.750604269,0.995007564,0.628420037,1.738447943,0.54090068
OS,CDH11,0.914301715,0.66537623,0.590977075,1.256353305,0.162149908,-0.552542147,0.580576967,0.995007564,0.642182592,1.676447925,0.266690807
OS,CDH2,1.063738636,0.762336947,0.721967193,1.48430414,0.169980854,0.363509871,0.71622404,0.995007564,0.811675929,0.956913711,0.677081963
OS,CDH3,1.109915148,0.840937145,0.623989982,1.464927127,0.141595423,0.736489691,0.461432739,0.995007564,0.821214059,0.917453112,0.839364205
OS,CDH5,0.886485662,0.655770464,0.542601333,1.198371797,0.153805952,-0.783391837,0.433397048,0.995007564,0.24889221,4.119052954,0.058165654
OS,CDK1,0.957053092,0.735673397,0.509377226,1.245050623,0.134223181,-0.327040462,0.743637282,0.995007564,0.826133763,0.89707441,0.925104634
OS,CDK2,0.875352865,0.643204628,0.548084436,1.191289063,0.157229505,-0.846712578,0.397155346,0.995007564,0.840748038,0.836375978,0.664344328
OS,CDK4,0.769203472,0.538524239,0.560170936,1.098695174,0.181902843,-1.442526935,0.149153779,0.995007564,0.197903149,4.666594602,0.048224376
OS,CDK6,1.147685535,0.823652551,0.775543719,1.59919627,0.169265271,0.81379562,0.415762045,0.995007564,0.732293511,1.286700754,0.678920012
OS,CDKN1A,1.180256009,0.884323446,0.690896858,1.575220304,0.147280138,1.125279853,0.260470464,0.995007564,0.917299858,0.507231392,0.968060462
OS,CDKN1B,1.112102465,0.817326765,0.695864711,1.513191476,0.157129746,0.676207652,0.498908815,0.995007564,0.804273119,0.987514184,0.608233527
OS,CDKN1C,0.929341682,0.657960275,0.654696423,1.312656698,0.176192987,-0.415900846,0.677482561,0.995007564,0.574733995,1.988802704,0.354892802
OS,CDKN2A,1.021737115,0.765869448,0.59721761,1.363087058,0.147067901,0.146219759,0.883747908,0.995007564,0.442264808,2.688032913,0.196040335
OS,CDKN2B,0.971079347,0.698635238,0.651132205,1.349767442,0.168002786,-0.174682206,0.861329351,0.995007564,0.449732904,2.644549572,0.420352936
OS,CDKN2C,0.872746515,0.640326345,0.549202222,1.189528567,0.157996369,-0.861476292,0.388975773,0.995007564,0.83730186,0.85071599,0.896921323
OS,CDKN2D,0.840480247,0.61937846,0.521131085,1.140509545,0.155746209,-1.115801335,0.264507182,0.995007564,0.851205228,0.792729549,0.833915975
OS,CEACAM1,1.057438031,0.75618787,0.722512375,1.478700245,0.171081949,0.326446072,0.744086884,0.995007564,0.793041923,1.033933065,0.684055072
OS,CEACAM3,0.839581508,0.600256017,0.574071418,1.174327435,0.17120075,-1.021325644,0.307100181,0.995007564,0.697784796,1.433141932,0.346695856
OS,CEACAM6,1.184899738,0.881003528,0.712619363,1.593622891,0.151202682,1.122057887,0.261837828,0.995007564,0.723878805,1.322155807,0.459136414
OS,CEACAM8,1.139187605,0.814706123,0.778197578,1.592903701,0.17104559,0.761875127,0.446134536,0.995007564,0.734587861,1.277058397,0.519185625
OS,CEBPA,0.839793628,0.611601071,0.541525324,1.153126395,0.16177642,-1.079261726,0.28047107,0.995007564,0.801422317,0.999295948,0.627496073
OS,CEBPB,1.342789282,1.000498595,0.8016859,1.802184495,0.150130582,1.963284233,0.049613156,0.995007564,0.434006951,2.736816376,0.250675179
OS,CENPF,0.992323688,0.750851842,0.560600361,1.311452203,0.142268431,-0.054164696,0.956803948,0.995007564,0.499685208,2.367648744,0.181852509
OS,CEP55,0.695569187,0.515597903,0.422762185,0.938360088,0.152759582,-2.376445316,0.017480352,0.995007564,0.94467538,0.378361205,0.973272079
OS,CES3,0.85525591,0.624850512,0.545769753,1.170620264,0.160150032,-0.976300434,0.328915605,0.995007564,0.809303881,0.966720436,0.638734717
OS,CFB,0.987920053,0.714637369,0.651070714,1.365708082,0.165220658,-0.073559221,0.94136112,0.995007564,0.824708575,0.902980134,0.810690412
OS,CFD,0.893003496,0.677235678,0.500279434,1.177515112,0.141110329,-0.801959596,0.42257633,0.995007564,0.743540086,1.239528904,0.491502721
OS,CFI,0.861410691,0.612659158,0.598501025,1.211160183,0.173861677,-0.858060835,0.390858872,0.995007564,0.80587447,0.98089581,0.921614015
OS,CFP,0.925147771,0.668234338,0.612601363,1.280835701,0.165979866,-0.46874241,0.639253769,0.995007564,0.815349677,0.941720923,0.673269574
OS,CGAS,0.77882528,0.586951528,0.446470803,1.033422331,0.144311066,-1.732150924,0.083246694,0.995007564,0.804871429,0.985041413,0.493211461
OS,CHAD,0.991088579,0.71344336,0.663339475,1.376782835,0.167707604,-0.05337483,0.95743326,0.995007564,0.790570854,1.044149143,0.822357597
OS,CHEK1,0.938406113,0.707013673,0.538515328,1.245529001,0.144458168,-0.440075267,0.659882594,0.995007564,0.389201969,3.015758059,0.143529093
OS,CHEK2,1.176716351,0.84498664,0.79369178,1.63867842,0.168963446,0.963094742,0.33549998,0.995007564,0.52461157,2.237439928,0.277103767
OS,CHIT1,0.93695189,0.685160798,0.596113389,1.281274187,0.159685783,-0.407821793,0.683404513,0.995007564,0.739111146,1.258077834,0.425157568
OS,CHUK,0.749800063,0.538819125,0.504573933,1.043393058,0.168588123,-1.708001049,0.087636148,0.995007564,0.815985283,0.939091704,0.669709036
OS,CIC,1.07035521,0.804244504,0.620272879,1.424517383,0.145840696,0.466197483,0.641074151,0.995007564,0.83907126,0.843355663,0.93428805
OS,CKLF,1.3166987,0.957160998,0.854128292,1.811289291,0.162712831,1.690878447,0.09086002,0.995007564,0.690234943,1.465588538,0.533259425
OS,CLCF1,0.912461044,0.663531977,0.591245765,1.254777743,0.162537857,-0.56362184,0.57301152,0.995007564,0.807360745,0.974752664,0.605932729
OS,CLEC14A,0.998323065,0.716011139,0.675935003,1.391946143,0.169585368,-0.009896739,0.992103674,0.997966991,0.360387844,3.20985253,0.091585719
OS,CLEC4A,0.893920074,0.633432048,0.62809727,1.261529318,0.175749984,-0.638059289,0.523435086,0.995007564,0.832330996,0.871369206,0.768646145
OS,CLEC4C,0.893289869,0.645302178,0.591276305,1.236578484,0.165917553,-0.68012183,0.496427323,0.995007564,0.835872947,0.856656484,0.992013112
OS,CLEC4E,0.899384056,0.649681121,0.595378423,1.245059544,0.165935951,-0.639072677,0.522775654,0.995007564,0.762027493,1.162434273,0.47666979
OS,CLEC5A,0.8863563,0.642351799,0.580696837,1.223048635,0.164280002,-0.734333229,0.46274567,0.995007564,0.817679094,0.932084033,0.932737152
OS,CLEC6A,0.853423631,0.619293466,0.55677561,1.176069076,0.16361362,-0.968740974,0.332674444,0.995007564,0.836063393,0.855864908,0.86159341
OS,CLEC7A,0.938142668,0.67556966,0.627200013,1.302769673,0.167526425,-0.381153264,0.703089526,0.995007564,0.817676983,0.932092769,0.698576711
OS,CLECL1,0.854732804,0.623982866,0.546831601,1.170814467,0.160546828,-0.97769835,0.328223538,0.995007564,0.831228888,0.875943839,0.914939821
OS,CLU,1.269277091,0.929868954,0.802702421,1.732571375,0.158757576,1.501959937,0.133107456,0.995007564,0.768616015,1.135067843,0.409211333
OS,CMA1,0.850200475,0.613806381,0.563830201,1.177636582,0.166223788,-0.976292902,0.328919336,0.995007564,0.838117343,0.847324362,0.714365022
OS,CMKLR1,0.757559848,0.511380751,0.610869007,1.122249758,0.200507827,-1.384747624,0.166129651,0.995007564,0.766652271,1.143219536,0.512061012
OS,CMTM4,1.200731313,0.886230377,0.740610368,1.626840745,0.154956491,1.180530079,0.237789454,0.995007564,0.834059235,0.864192493,0.936430947
OS,CMTM6,0.738560446,0.536113653,0.481341378,1.017455031,0.163450336,-1.854094264,0.063725675,0.995007564,0.806267148,0.979272814,0.882404067
OS,CNOT2,1.036559304,0.723993361,0.760074377,1.484067738,0.183105366,0.196099476,0.844532306,0.995007564,0.260238248,4.011376902,0.083066527
OS,CNTFR,0.80304661,0.589742669,0.503757754,1.093500423,0.157516399,-1.39250594,0.163769244,0.995007564,0.779613537,1.089482918,0.624012607
OS,COL11A1,0.871568688,0.642932083,0.538579927,1.18151201,0.155235293,-0.885498384,0.375887891,0.995007564,0.810543276,0.961596661,0.975206261
OS,COL11A2,0.819273882,0.593988312,0.53601657,1.130004883,0.164063624,-1.214997182,0.224367166,0.995007564,0.713488735,1.366147657,0.438859641
OS,COL17A1,0.856814937,0.624752347,0.550324209,1.175076556,0.161159403,-0.958884954,0.337616705,0.995007564,0.7641508,1.153609448,0.494242447
OS,COL1A1,1.024555313,0.76934156,0.595089591,1.364431151,0.146165403,0.165967303,0.868182682,0.995007564,0.749746687,1.213590253,0.761830568
OS,COL1A2,0.998447933,0.733137532,0.626632265,1.359769798,0.157588963,-0.009856484,0.992135791,0.997966991,0.588999273,1.92083441,0.460199048
OS,COL24A1,0.873425494,0.628867629,0.58422088,1.213088509,0.167606163,-0.807443153,0.419411214,0.995007564,0.816351509,0.937576686,0.732711668
OS,COL27A1,0.90587643,0.675799754,0.538483176,1.21428293,0.149495653,-0.661239118,0.508458978,0.995007564,0.447960962,2.654813499,0.141710501
OS,COL2A1,0.948891093,0.691148752,0.611601636,1.302750389,0.161706523,-0.32442258,0.745618127,0.995007564,0.82374902,0.906955296,0.81082038
OS,COL3A1,1.025388357,0.775288109,0.580880351,1.356168461,0.142651596,0.175752856,0.860488109,0.995007564,0.78495248,1.067386026,0.884656759
OS,COL4A4,0.849945539,0.605202183,0.588460761,1.193662944,0.173273432,-0.938303124,0.348088655,0.995007564,0.835594073,0.857815514,0.751762174
OS,COL4A5,1.006788351,0.692052515,0.77260914,1.464661655,0.19125803,0.035373226,0.971782134,0.995007564,0.695613879,1.442455122,0.45824567
OS,COL4A6,0.929679863,0.630297597,0.740966789,1.371264386,0.198293546,-0.367712349,0.713087732,0.995007564,0.559331181,2.063504894,0.197622542
OS,COL5A1,1.067986709,0.810671758,0.596304121,1.40697588,0.140649186,0.467655001,0.640031325,0.995007564,0.768006115,1.137599162,0.682984595
OS,COL5A2,1.011336502,0.771098081,0.555323999,1.32642208,0.13837623,0.081464321,0.935072699,0.995007564,0.736489578,1.269073792,0.556625048
OS,COL6A3,1.033370721,0.787055405,0.56971699,1.356772395,0.138922265,0.236290445,0.813207301,0.995007564,0.633084881,1.717343349,0.463754308
OS,COL6A6,1.033071131,0.750516162,0.671486475,1.422002637,0.163028577,0.199572656,0.841814815,0.995007564,0.519151919,2.265554135,0.236702225
OS,COLEC12,0.809311753,0.58938683,0.521913049,1.111299879,0.161789439,-1.307694016,0.190977114,0.995007564,0.794935151,1.026107127,0.551351331
OS,COMP,1.151852097,0.847894265,0.71688015,1.564774415,0.156314354,0.904402969,0.365781764,0.995007564,0.806774355,0.97717641,0.885673923
OS,COX4I1,1.019947292,0.742650502,0.658132877,1.400783379,0.161880875,0.122009174,0.902891752,0.995007564,0.823897944,0.906338398,0.813414224
OS,COX5B,0.844631207,0.628563818,0.506407454,1.134971272,0.150748958,-1.120108497,0.26266753,0.995007564,0.811113221,0.959240285,0.704258414
OS,COX6A1,0.939274477,0.692445639,0.581642164,1.274087803,0.155552863,-0.402741125,0.687138677,0.995007564,0.827851069,0.889955535,0.670539461
OS,COX6B1,0.939274275,0.685857023,0.600469622,1.286326645,0.160430675,-0.39049733,0.696168829,0.995007564,0.823187556,0.9092809,0.753421799
OS,CPA3,1.050857587,0.75587593,0.705080327,1.460956256,0.168107482,0.295088474,0.767926295,0.995007564,0.720168545,1.337836861,0.505357281
OS,CPSF7,1.086656753,0.789426732,0.706371232,1.495797964,0.16304077,0.509723939,0.610244879,0.995007564,0.637686607,1.696615061,0.301554726
OS,CR1,0.97642359,0.698961142,0.665067515,1.364028657,0.170565047,-0.139880832,0.888754147,0.995007564,0.800373554,1.003630206,0.864691314
OS,CR2,0.933497149,0.664562302,0.646702159,1.31126446,0.173375267,-0.396927261,0.6914211,0.995007564,0.831034186,0.87675185,0.845512445
OS,CRABP2,0.981907133,0.723110386,0.610215253,1.333325639,0.156092076,-0.116972911,0.90688152,0.995007564,0.675499847,1.529407795,0.50650175
OS,CREB1,1.175619088,0.849359301,0.777843977,1.627203278,0.165854001,0.975526011,0.329299406,0.995007564,0.221797965,4.395554255,0.098844594
OS,CREB3L1,1.04416512,0.778709262,0.621403527,1.40011279,0.149663546,0.288765294,0.772760993,0.995007564,0.716245221,1.354452274,0.463632824
OS,CREB3L3,0.969493345,0.700771224,0.640490111,1.341261334,0.165611275,-0.187074632,0.851602118,0.995007564,0.823998917,0.905920124,0.940125037
OS,CREB3L4,1.082233389,0.812438996,0.629181991,1.441620987,0.146299274,0.540172597,0.589078009,0.995007564,0.819067147,0.926340033,0.778409112
OS,CREB5,1.063427084,0.764854195,0.713698412,1.478552607,0.168149442,0.365727002,0.714568795,0.995007564,0.810073773,0.96353769,0.649037493
OS,CREBBP,0.948417923,0.718063402,0.534606703,1.252670105,0.141960457,-0.373061818,0.709102435,0.995007564,0.78551464,1.065060328,0.752920786
OS,CRLF2,0.915597045,0.662391359,0.603201764,1.265593124,0.1651662,-0.533879923,0.593424613,0.995007564,0.828847581,0.885823195,0.749497513
OS,CRP,0.913051034,0.651106132,0.629272211,1.280378343,0.172512924,-0.527285151,0.597995584,0.995007564,0.724005031,1.321622856,0.686088916
OS,CSF1,0.919855574,0.654895075,0.637119951,1.292015026,0.173340757,-0.481932855,0.629853645,0.995007564,0.668423488,1.560305066,0.315389434
OS,CSF1R,0.870582291,0.633751387,0.562164773,1.195916161,0.161995601,-0.85553552,0.392254749,0.995007564,0.809734522,0.964940183,0.735969894
OS,CSF2RB,0.951975081,0.676893588,0.66195283,1.338846418,0.173995432,-0.282860411,0.777283843,0.995007564,0.692175898,1.457231338,0.312298539
OS,CSF3,0.918967798,0.672445927,0.58341983,1.255865757,0.159354652,-0.530290121,0.595910795,0.995007564,0.715540849,1.357439109,0.40835299
OS,CSF3R,0.96604667,0.6841269,0.680014998,1.364141899,0.176058704,-0.19620236,0.844451781,0.995007564,0.824439773,0.904093787,0.831595991
OS,CST2,1.331654017,0.952372773,0.90961076,1.861983533,0.171034033,1.674647946,0.094003326,0.995007564,0.381094499,3.069093588,0.103495104
OS,CT45A1,0.935720485,0.650416111,0.695757226,1.346173337,0.185566918,-0.358029733,0.720321063,0.995007564,0.82910208,0.88476766,0.849596823
OS,CTAG1B,0.960543342,0.695139675,0.632138203,1.327277878,0.164996047,-0.243982651,0.807244256,0.995007564,0.813341433,0.950026779,0.710091277
OS,CTAGE1,0.949837205,0.69379955,0.606562662,1.300362211,0.160261884,-0.321128582,0.748112951,0.995007564,0.793958269,1.030145101,0.763327678
OS,CTCFL,0.9620396,0.681759894,0.675785776,1.35754567,0.175706331,-0.220251966,0.825674927,0.995007564,0.644942468,1.664108873,0.517321293
OS,CTLA4,0.904522164,0.641062479,0.635194316,1.276256795,0.17565623,-0.571277606,0.56781148,0.995007564,0.808256444,0.971050284,0.956193855
OS,CTNNB1,0.875061959,0.642366769,0.549683425,1.192050194,0.157724971,-0.846160149,0.39746341,0.995007564,0.818618977,0.928194773,0.890433748
OS,CTSG,0.941518904,0.674213049,0.640590704,1.314803753,0.170384901,-0.353674838,0.723582582,0.995007564,0.734076241,1.279207677,0.409608942
OS,CTSH,1.057751557,0.80164504,0.594032975,1.395678014,0.141448949,0.396931072,0.691418291,0.995007564,0.691681566,1.459358745,0.350265796
OS,CTSL,1.027282986,0.799252882,0.521118125,1.320371007,0.128061192,0.210192007,0.833517818,0.995007564,0.588862174,1.921482326,0.214497075
OS,CTSS,0.958047772,0.713156125,0.573876969,1.287033094,0.150613624,-0.284553512,0.775986231,0.995007564,0.69438397,1.447737306,0.413857944
OS,CTSW,0.943206643,0.666246152,0.669054275,1.335300427,0.177363561,-0.329661214,0.741655964,0.995007564,0.80920553,0.967127011,0.623317651
OS,CUL1,1.015707944,0.707168298,0.751696066,1.458864363,0.184734235,0.084369047,0.932763016,0.995007564,0.0144386,10.54802947,0.004806526
OS,CX3CL1,0.95368439,0.689379749,0.629942318,1.319322067,0.165584935,-0.28639375,0.774576561,0.995007564,0.755731567,1.188634217,0.516075954
OS,CXADR,1.29836872,0.918780377,0.916001226,1.834781603,0.176440391,1.479868894,0.138908238,0.995007564,0.488278521,2.428894849,0.170810529
OS,CXCL1,0.979881641,0.708524576,0.64664088,1.355165456,0.165435205,-0.122848637,0.902226959,0.995007564,0.773105111,1.116447655,0.625354616
OS,CXCL10,0.840432147,0.579198087,0.640291772,1.21948986,0.189938022,-0.915240965,0.360065143,0.995007564,0.829912991,0.881403931,0.799445951
OS,CXCL11,0.949118457,0.682429676,0.637597685,1.320027362,0.16830622,-0.31027769,0.756349795,0.995007564,0.825735755,0.898723882,0.765397672
OS,CXCL12,0.755160622,0.558904391,0.461426766,1.020331157,0.153549784,-1.828884422,0.067416924,0.995007564,0.814470975,0.945355369,0.73346677
OS,CXCL13,0.847591952,0.603722045,0.586249604,1.189971649,0.173107992,-0.955218448,0.339467238,0.995007564,0.733009632,1.283690046,0.630765011
OS,CXCL14,1.010370252,0.759724799,0.58398288,1.343707679,0.145469953,0.070920831,0.943460765,0.995007564,0.667386966,1.564845076,0.416527788
OS,CXCL16,0.913896831,0.671454608,0.5724231,1.243877707,0.157284152,-0.572451763,0.567015956,0.995007564,0.661897432,1.588952151,0.311911123
OS,CXCL2,0.972196987,0.681614356,0.705045083,1.386659439,0.181173945,-0.155634045,0.876321488,0.995007564,0.825061579,0.901517528,0.872589054
OS,CXCL8,0.805370174,0.575407933,0.551829074,1.127237008,0.171545385,-1.261784243,0.207026434,0.995007564,0.662426966,1.586622068,0.407916309
OS,CXCL9,0.878180312,0.622412157,0.616639252,1.239051409,0.175640694,-0.739597054,0.45954453,0.995007564,0.836376333,0.854564079,0.882071623
OS,CXCR1,0.898351138,0.638913296,0.624223301,1.263136597,0.173876795,-0.616495519,0.537567528,0.995007564,0.823756456,0.906924491,0.877797987
OS,CXCR3,0.942534922,0.670392053,0.654761007,1.32515306,0.173834968,-0.340451108,0.733516836,0.995007564,0.829177884,0.884453253,0.821085748
OS,CXCR4,1.002577221,0.740932673,0.615683279,1.356615952,0.154298459,0.016681343,0.986690831,0.997966991,0.468065183,2.540226025,0.208006311
OS,CXCR5,0.988532699,0.70408498,0.683811261,1.387896241,0.173126989,-0.066619062,0.94688497,0.995007564,0.825445921,0.899924948,0.747000777
OS,CXXC4,0.943113723,0.708570801,0.546721534,1.255292335,0.145888848,-0.401459104,0.688082142,0.995007564,0.192434027,4.732891961,0.052979737
OS,CXXC5,0.837235016,0.618729883,0.514175591,1.132905475,0.154306924,-1.151279927,0.249617092,0.995007564,0.727150546,1.308352956,0.443011483
OS,CYBB,0.881359257,0.634565447,0.589570129,1.224135577,0.167617823,-0.753439884,0.451185624,0.995007564,0.789657008,1.047927767,0.622572397
OS,CYFIP2,0.994879388,0.747591796,0.576372701,1.323964497,0.145800847,-0.035210818,0.971911636,0.995007564,0.790828457,1.04308405,0.553438009
OS,CYLD,0.855697894,0.613986921,0.578577384,1.192564305,0.169362173,-0.920145801,0.357496573,0.995007564,0.810720587,0.960863603,0.66109173
OS,CYP19A1,0.976828191,0.700831653,0.660684071,1.361515724,0.169412847,-0.138386765,0.889934756,0.995007564,0.763605523,1.155875207,0.848368601
OS,CYP4A11.22,0.926331661,0.659209377,0.642486832,1.301696209,0.173570094,-0.440876312,0.659302544,0.995007564,0.770809038,1.125969047,0.716434436
OS,DAB2,0.907803865,0.679527455,0.53323864,1.212766095,0.147773486,-0.654562154,0.512749698,0.995007564,0.523715697,2.242038163,0.217274512
OS,DAXX,0.756797431,0.573644321,0.424783329,0.99842765,0.141373041,-1.971094732,0.048713041,0.995007564,0.705457198,1.400330772,0.737078763
OS,DDB2,1.009987908,0.769155584,0.557072287,1.326227871,0.138982333,0.071508068,0.942993404,0.995007564,0.241682615,4.189824576,0.096506169
OS,DDIT3,1.114489675,0.871712195,0.553170057,1.424882252,0.125355656,0.864712552,0.387196578,0.995007564,0.845598297,0.816158753,0.861734743
OS,DDIT4,0.938833025,0.688922988,0.590476108,1.279399096,0.157915223,-0.399693183,0.689382514,0.995007564,0.76005697,1.170628969,0.687423221
OS,DDX43,0.865477565,0.636289621,0.540928096,1.177217717,0.156955748,-0.920474899,0.357324644,0.995007564,0.777794771,1.097014802,0.5033634
OS,DDX58,1.190409062,0.799494516,0.97296759,1.772462106,0.203101999,0.858174702,0.390796003,0.995007564,0.839564436,0.841303269,0.986151945
OS,DEFB1,1.278042722,0.952278552,0.762968732,1.715247284,0.150118817,1.634237396,0.102209013,0.995007564,0.209340551,4.533284276,0.063233838
OS,DEFB134,0.992191332,0.718138177,0.652689431,1.370827608,0.164928523,-0.047531591,0.962089553,0.995007564,0.797471571,1.015623634,0.57959572
OS,DEPTOR,1.184032247,0.842669065,0.821011755,1.66368082,0.173527034,0.973483884,0.330312866,0.995007564,0.548124559,2.118771235,0.488972431
OS,DGLUCY,1.047145555,0.770935229,0.651381164,1.422316393,0.156236984,0.294859399,0.768101288,0.995007564,0.647124848,1.654373215,0.447885985
OS,DIPK2B,0.957875079,0.669669646,0.700445712,1.370115358,0.182622155,-0.235666407,0.813691539,0.995007564,0.612660197,1.810465412,0.252747986
OS,DKK2,0.878508044,0.613728784,0.643791482,1.257520266,0.182999257,-0.707818254,0.479058129,0.995007564,0.819084022,0.926270192,0.85164777
OS,DKK4,1.22593198,0.85843461,0.892321012,1.750755622,0.181812588,1.120391924,0.262546785,0.995007564,0.785271115,1.066067787,0.845465349
OS,DLL1,0.68372915,0.488604997,0.468171036,0.956776033,0.171435535,-2.21770486,0.026574963,0.995007564,0.328414269,3.441611304,0.157491409
OS,DLL3,0.951322262,0.692944253,0.613097383,1.306041636,0.161688338,-0.308633316,0.757600475,0.995007564,0.782850072,1.076085401,0.853557976
OS,DLL4,0.944417642,0.704682522,0.561028852,1.265711374,0.14940127,-0.382773138,0.70188798,0.995007564,0.753759672,1.196850995,0.561157504
OS,DMBT1,1.231360504,0.871843753,0.867285174,1.739128927,0.176158703,1.181432741,0.237430858,0.995007564,0.661261943,1.591749788,0.3977845
OS,DNAJC14,0.807681818,0.607462246,0.466431522,1.073893768,0.145348674,-1.469480811,0.141702423,0.995007564,0.624190616,1.757664678,0.255260659
OS,DNMT1,1.144283657,0.829139739,0.750069441,1.57920918,0.164362913,0.820007458,0.412211856,0.995007564,0.330064123,3.42917952,0.104770106
OS,DNMT3A,1.03300606,0.782163221,0.582131968,1.364295189,0.141923472,0.228806806,0.819019076,0.995007564,0.478784226,2.480726954,0.194460496
OS,DOCK9,0.976388331,0.693854358,0.680114344,1.373968703,0.174288053,-0.137099998,0.890951754,0.995007564,0.824494001,0.903869126,0.893380834
OS,DPP4,0.843394771,0.603009028,0.576599746,1.179608773,0.171178132,-0.994987713,0.319742241,0.995007564,0.820316698,0.921168054,0.866003008
OS,DSC3,0.989909694,0.68899013,0.733267112,1.422257242,0.184894609,-0.05485048,0.956257583,0.995007564,0.825916142,0.897976322,0.731991654
OS,DSP,1.172426474,0.874251884,0.698045369,1.572297253,0.149728393,1.062427153,0.288041813,0.995007564,0.376157313,3.10204877,0.124890341
OS,DST,1.054839677,0.789349849,0.62027447,1.40962432,0.147928452,0.360909547,0.718167067,0.995007564,0.578730781,1.969645291,0.433268666
OS,DTX1,1.154621842,0.83659175,0.756959224,1.593550974,0.164386675,0.874601794,0.381790611,0.995007564,0.726231595,1.312227538,0.488890812
OS,DTX3,1.06757664,0.789473152,0.654173007,1.443646159,0.153972579,0.424694177,0.671059629,0.995007564,0.822305639,0.912933295,0.729870108
OS,DTX3L,0.871300944,0.604647395,0.6509031,1.255550495,0.186402386,-0.739088425,0.459853305,0.995007564,0.430904453,2.755340945,0.237320823
OS,DTX4,0.946078354,0.679402106,0.638027208,1.317429314,0.168937918,-0.328108027,0.742829985,0.995007564,0.805392308,0.98288862,0.617616988
OS,DUOX1,0.795920357,0.562415833,0.563955756,1.126371589,0.177175518,-1.288305258,0.197639724,0.995007564,0.068510167,7.108782053,0.008861385
OS,DUSP1,1.028030982,0.765848915,0.614120003,1.379968919,0.150214838,0.184038441,0.853983298,0.995007564,0.338857904,3.363823687,0.080133874
OS,DUSP10,1.054488001,0.767176564,0.682222435,1.449398999,0.162295658,0.326905493,0.743739367,0.995007564,0.823058958,0.90981352,0.708366605
OS,DUSP2,0.864380879,0.610133551,0.614441466,1.224575018,0.177725528,-0.820038496,0.412194162,0.995007564,0.817058172,0.934653123,0.705968011
OS,DUSP4,0.759003919,0.574368082,0.42862454,1.002992622,0.142215109,-1.938952484,0.052507124,0.995007564,0.834164901,0.863753576,0.670690118
OS,DUSP5,1.030715884,0.734553564,0.711733388,1.446286951,0.172832745,0.175045499,0.861043882,0.995007564,0.745579597,1.23099848,0.405824718
OS,DUSP6,0.862306125,0.570985311,0.731275604,1.302260915,0.210333894,-0.704332218,0.481225907,0.995007564,0.447816593,2.655651201,0.193177255
OS,DUSP8,1.279748659,0.928473856,0.835449403,1.763923259,0.163715638,1.506659359,0.131897994,0.995007564,0.504963382,2.339672285,0.266556396
OS,E2F1,1.340179242,0.952028604,0.934553786,1.88658239,0.174474413,1.678202336,0.093307606,0.995007564,0.45360818,2.622215541,0.20654045
OS,E2F3,0.958300892,0.717472491,0.562493794,1.279966285,0.147669655,-0.288437505,0.773011862,0.995007564,0.825064605,0.901504989,0.783182746
OS,E2F4,0.999359003,0.742597806,0.602300345,1.344898151,0.151512727,-0.004232005,0.996623359,0.998362666,0.824797778,0.902610551,0.858717988
OS,E2F5,1.110467195,0.816022575,0.695133402,1.511155977,0.157193747,0.666571191,0.505046076,0.995007564,0.241879184,4.187869534,0.107479885
OS,EBI3,0.963872344,0.697059166,0.635754375,1.332813542,0.165354349,-0.222530682,0.823900791,0.995007564,0.802731435,0.993885696,0.991446854
OS,ECSIT,1.186684332,0.873082832,0.73984512,1.612927952,0.156578382,1.093146711,0.27432939,0.995007564,0.801409501,0.999348912,0.790673388
OS,EDN1,0.991875519,0.711686282,0.670688326,1.382374608,0.169370671,-0.048164563,0.961585092,0.995007564,0.732602638,1.285401002,0.703646984
OS,EFNA1,1.367223069,1.003217701,0.860085666,1.863303368,0.157946367,1.980303393,0.047669448,0.995007564,0.370940511,3.13727491,0.155955817
OS,EFNA2,0.868499001,0.641175053,0.535243949,1.176419001,0.154831377,-0.910596067,0.362508243,0.995007564,0.791960499,1.038403731,0.613101448
OS,EFNA3,1.065167086,0.763629839,0.722143585,1.485773425,0.16980097,0.371798084,0.71004319,0.995007564,0.632041491,1.722055706,0.438104105
OS,EFNA5,0.898807595,0.63378649,0.640862157,1.274648648,0.178246571,-0.598532068,0.549484968,0.995007564,0.454791608,2.615425871,0.181127331
OS,EGFR,1.107738368,0.788818443,0.766779429,1.555597873,0.173237635,0.590636272,0.554764156,0.995007564,0.827853532,0.889945321,0.976168949
OS,EGR1,0.912529353,0.677096821,0.552727032,1.229823853,0.152250745,-0.601212336,0.547698569,0.995007564,0.161806259,5.140314778,0.02724579
OS,EGR2,0.911054393,0.659604898,0.598754628,1.258359525,0.164779347,-0.565317673,0.57185771,0.995007564,0.612028408,1.813376437,0.25451058
OS,EHHADH,0.886238034,0.614216884,0.6645136,1.278730484,0.187063376,-0.645608486,0.51853294,0.995007564,0.677870657,1.519093356,0.316855141
OS,EIF2AK2,1.15022332,0.826895211,0.773082234,1.599977445,0.168387491,0.831155061,0.405886038,0.995007564,0.660505649,1.595081154,0.440820482
OS,EIF2B4,0.913191367,0.68189118,0.541058311,1.222949492,0.149020787,-0.609376853,0.542274677,0.995007564,0.497906889,2.377125597,0.387842389
OS,EIF4EBP1,1.234058171,0.917102694,0.743452422,1.660555116,0.151453747,1.388595985,0.164955639,0.995007564,0.527186985,2.224253578,0.248488129
OS,EIF5AL1,0.991456095,0.693048556,0.72530111,1.418349666,0.182694481,-0.04696701,0.962539521,0.995007564,0.78857672,1.05239503,0.644344861
OS,ELANE,0.933490917,0.684873521,0.587485921,1.272359443,0.158011604,-0.435563242,0.663153645,0.995007564,0.800648243,1.002494989,0.817361481
OS,ELK1,0.8681801,0.633244089,0.557034191,1.19027828,0.1609944,-0.878018723,0.379933558,0.995007564,0.63254677,1.719773088,0.226695574
OS,ELMO1,0.808258306,0.599791275,0.489390108,1.089181382,0.152196661,-1.398674478,0.161910621,0.995007564,0.886262774,0.644116267,0.844250936
OS,ELOB,0.814571571,0.580469861,0.562615921,1.143085782,0.172872776,-1.186381038,0.235471856,0.995007564,0.806497201,0.978321958,0.948406234
OS,ENDOG,0.926722132,0.674160113,0.599741879,1.273901992,0.162342847,-0.468770318,0.639233819,0.995007564,0.680493274,1.507704529,0.568002577
OS,ENG,1.040283103,0.771151491,0.632190066,1.403341557,0.152739199,0.258564212,0.795971499,0.995007564,0.345350501,3.316516228,0.152279535
OS,ENO1,1.157669297,0.872634369,0.663172893,1.535807262,0.144210502,1.015243382,0.309989826,0.995007564,0.84278631,0.827885109,0.89045833
OS,ENTPD1,0.933586107,0.670778229,0.628582695,1.299360924,0.168673827,-0.407425859,0.683695238,0.995007564,0.755417312,1.189943335,0.446851158
OS,EP300,0.90976906,0.673103884,0.556542479,1.229646363,0.153722779,-0.61516252,0.538447397,0.995007564,0.810071796,0.963545864,0.802561734
OS,EPCAM,1.131437438,0.835150331,0.697688284,1.532838614,0.15491735,0.797127585,0.425376937,0.995007564,0.352800805,3.263176194,0.106071514
OS,EPHA2,1.07319218,0.781520832,0.692197345,1.473718177,0.161814721,0.436533541,0.662449669,0.995007564,0.673663477,1.537409763,0.403737966
OS,EPM2AIP1,0.881853263,0.650276935,0.545621513,1.195898448,0.155424972,-0.808940827,0.418549184,0.995007564,0.390439393,3.007700767,0.464407796
OS,EPO,0.973626396,0.681132279,0.710592043,1.391724322,0.182284535,-0.146625854,0.883427345,0.995007564,0.828059716,0.889090405,0.770701057
OS,EPOR,1.080603884,0.769465061,0.748088903,1.517553965,0.173258167,0.447425008,0.654568223,0.995007564,0.808108473,0.971661937,0.746915242
OS,ERBB2,1.0406197,0.784913519,0.594715364,1.379628883,0.143879244,0.276734853,0.781983708,0.995007564,0.662201816,1.587612661,0.280479014
OS,ERCC2,0.867006668,0.638226613,0.539569091,1.177795704,0.156305553,-0.913010499,0.36123702,0.995007564,0.53660564,2.176430984,0.221524369
OS,ERCC3,0.823692171,0.592226323,0.553397853,1.145624176,0.16832351,-1.152295347,0.249199728,0.995007564,0.029185781,9.007919273,0.03618236
OS,ERCC6,0.890235339,0.620476449,0.656798395,1.277274844,0.184186142,-0.63126044,0.527870249,0.995007564,0.764980954,1.150160611,0.388388381
OS,ERG,0.865596717,0.619363684,0.590357995,1.20972168,0.170781955,-0.8451488,0.398027765,0.995007564,0.868319192,0.720723048,0.902189008
OS,ERO1A,1.048764746,0.816625924,0.530266771,1.346892695,0.127648873,0.373000074,0.709148389,0.995007564,0.580780765,1.959854295,0.350571879
OS,ESR1,0.918509295,0.641595491,0.67334412,1.314939611,0.183061525,-0.464342545,0.642402347,0.995007564,0.804361953,0.987147044,0.516434665
OS,ESR2,0.974347879,0.702358722,0.649306402,1.351665124,0.167005177,-0.155605198,0.876344227,0.995007564,0.788636991,1.052145782,0.55882471
OS,ETS1,0.863271192,0.616568595,0.592116305,1.2086849,0.171717085,-0.85621296,0.391879995,0.995007564,0.774179652,1.111993377,0.634013857
OS,ETS2,1.008296767,0.748942804,0.608520496,1.3574633,0.151714624,0.054461052,0.956567838,0.995007564,0.77836052,1.094671656,0.917461062
OS,ETV1,0.855507392,0.606275372,0.600920122,1.207195494,0.175697331,-0.888235149,0.374414275,0.995007564,0.370228229,3.142117463,0.11504781
OS,ETV4,0.742807459,0.525376111,0.524848497,1.050224608,0.176698381,-1.682632333,0.092446289,0.995007564,0.61125267,1.816953325,0.205736423
OS,ETV7,0.912439583,0.648869719,0.634201396,1.283071115,0.173926624,-0.526850943,0.598297103,0.995007564,0.830305896,0.879773853,0.732418995
OS,EWSR1,1.123008825,0.803834465,0.76508162,1.568916085,0.170601836,0.680013396,0.496495979,0.995007564,0.775092096,1.108211824,0.463431637
OS,EXO1,1.110446908,0.792324084,0.76397385,1.556297934,0.172221189,0.60830235,0.542986963,0.995007564,0.65644977,1.612982283,0.519780092
OS,EYA1,1.169591425,0.850180101,0.75882498,1.60900508,0.162738474,0.962614893,0.335740821,0.995007564,0.841312342,0.83402597,0.850942083
OS,EZH2,1.12731048,0.833947818,0.689923208,1.523871027,0.153788099,0.779219523,0.435850412,0.995007564,0.728945781,1.30078878,0.445150235
OS,F12,0.898759535,0.646894508,0.601792397,1.248686906,0.167774657,-0.636209085,0.524640152,0.995007564,0.813471325,0.949489617,0.879859384
OS,F13A1,0.788037615,0.551206684,0.575418413,1.126625097,0.182368646,-1.306197418,0.191485431,0.995007564,0.770929668,1.125468695,0.432463982
OS,F2RL1,0.820386527,0.600150335,0.521292102,1.121442437,0.159490391,-1.241326667,0.214485097,0.995007564,0.82289613,0.910487894,0.715237988
OS,FAAP24,0.880779613,0.614654005,0.647475128,1.262129133,0.183548231,-0.691632051,0.489168428,0.995007564,0.835466017,0.858347692,0.654895056
OS,FADD,0.809174338,0.576200122,0.560146584,1.136346705,0.173247754,-1.222185463,0.2216375,0.995007564,0.816560827,0.936710738,0.892308857
OS,FAM124B,0.837996446,0.584944603,0.615575992,1.200520595,0.18342006,-0.963588277,0.335252387,0.995007564,0.822149627,0.913579337,0.583905429
OS,FAM30A,0.984375057,0.721491079,0.621552905,1.343043984,0.158516671,-0.099347903,0.920862046,0.995007564,0.827908864,0.8897159,0.854607423
OS,FANCA,1.236991255,0.928132418,0.720498029,1.648630447,0.146565391,1.451106718,0.146750146,0.995007564,0.818142948,0.930164668,0.744315942
OS,FANCB,1.056607135,0.766757271,0.689268878,1.45602615,0.1635989,0.336572915,0.736438877,0.995007564,0.76406187,1.153978948,0.866991314
OS,FANCC,1.032667168,0.744156964,0.688876028,1.433032992,0.167170537,0.192288302,0.847516381,0.995007564,0.699610503,1.425319828,0.756260424
OS,FANCE,0.870927225,0.618159747,0.60889238,1.227052127,0.174907044,-0.790116027,0.429460011,0.995007564,0.762633166,1.15991645,0.560888395
OS,FANCF,0.801533516,0.582150601,0.521440078,1.103590679,0.163165043,-1.355857152,0.175144623,0.995007564,0.8106706,0.961070264,0.993193883
OS,FANCG,1.212747507,0.893756023,0.751834584,1.645590607,0.155722708,1.238666189,0.215469145,0.995007564,0.601829773,1.860635091,0.333445822
OS,FANCL,0.998447576,0.741315887,0.603451682,1.344767568,0.151928719,-0.010226046,0.991840938,0.997966991,0.391297568,3.002125591,0.135468636
OS,FAP,0.933649121,0.694038865,0.561943654,1.255982518,0.1513154,-0.453718423,0.650031505,0.995007564,0.757828706,1.179901425,0.449721949
OS,FAS,0.768772971,0.555641072,0.508016586,1.063657658,0.16565262,-1.587415761,0.112418512,0.995007564,0.503640318,2.346663965,0.159494007
OS,FASLG,1.005506989,0.71826808,0.68934606,1.407614139,0.171637996,0.031996884,0.974474536,0.995007564,0.823953313,0.906109036,0.842829651
OS,FBP1,0.75935328,0.539420037,0.529538037,1.068958074,0.174479005,-1.57777238,0.114617911,0.995007564,0.711766108,1.373465812,0.906480405
OS,FBXW7,0.89360871,0.635418148,0.621292145,1.256710293,0.173974989,-0.646571583,0.517909254,0.995007564,0.169826137,5.027063196,0.117163633
OS,FCAR,0.93011169,0.661832111,0.645308689,1.3071408,0.173621945,-0.417289435,0.676466715,0.995007564,0.805953305,0.980569973,0.848045088
OS,FCER1A,0.914765849,0.646976537,0.646418989,1.293395526,0.176716564,-0.504124501,0.614173891,0.995007564,0.822264731,0.913102696,0.88788343
OS,FCER1G,0.951376223,0.71238238,0.558166616,1.270548996,0.147602087,-0.337703133,0.735586913,0.995007564,0.726143282,1.312599983,0.453143269
OS,FCER2,0.924634895,0.664463883,0.622212051,1.286675935,0.168583927,-0.464791212,0.642080982,0.995007564,0.832136851,0.872175175,0.822855877
OS,FCGR1A,1.059756079,0.744904853,0.762781587,1.50768644,0.179869402,0.322671709,0.74694388,0.995007564,0.776289023,1.103252305,0.763886576
OS,FCGR3A.B,1.141806934,0.852133568,0.677817985,1.529951553,0.149300719,0.888221023,0.374421872,0.995007564,0.81201891,0.955495564,0.889647284
OS,FCGRT,1.017232204,0.763091706,0.592920091,1.356011797,0.146667224,0.116491011,0.90726341,0.995007564,0.233505827,4.272468481,0.059365071
OS,FCN1,0.95485285,0.674984421,0.675778554,1.350762975,0.176976535,-0.261040452,0.794061313,0.995007564,0.813849819,0.947924337,0.608397827
OS,FCRL2,0.931504851,0.664136555,0.642373802,1.306510357,0.172612159,-0.411059576,0.68102885,0.995007564,0.822762839,0.911039915,0.989993101
OS,FEN1,0.896537899,0.68972911,0.475627251,1.16535636,0.133799214,-0.816258247,0.414352449,0.995007564,0.847366067,0.808779057,0.854043624
OS,FEZ1,0.821654796,0.54554844,0.691952313,1.237500752,0.20894708,-0.940118082,0.347156995,0.995007564,0.782591293,1.077156361,0.431643719
OS,FGCR2A.B,1.137407126,0.851331205,0.668282976,1.519614181,0.147811519,0.871049987,0.38372686,0.995007564,0.827533563,0.891271943,0.547474942
OS,FGF1,0.88191669,0.633582163,0.594004557,1.227586719,0.168731625,-0.744719212,0.456441482,0.995007564,0.832887906,0.869057,0.869255611
OS,FGF10,0.925151552,0.645717273,0.679793799,1.325511072,0.183470623,-0.42403363,0.671541287,0.995007564,0.820198089,0.921659031,0.695107014
OS,FGF11,0.884321382,0.625395856,0.62505104,1.250446896,0.176756173,-0.695504583,0.48673914,0.995007564,0.828804863,0.88600036,0.871933112
OS,FGF12,0.848210669,0.618075971,0.545957857,1.164033828,0.161491567,-1.01941078,0.30800799,0.995007564,0.691976833,1.458087947,0.48419035
OS,FGF13,1.133223677,0.805375432,0.789155333,1.594530764,0.174244589,0.717763368,0.472903204,0.995007564,0.818711446,0.927812106,0.594719705
OS,FGF14,0.958230631,0.685665658,0.653479641,1.339145299,0.170767608,-0.249852932,0.802701084,0.995007564,0.52144956,2.253695756,0.407550486
OS,FGF16,0.847643675,0.594695877,0.613484349,1.208180226,0.180824858,-0.914116171,0.360655806,0.995007564,0.837070386,0.851678518,0.715018631
OS,FGF17,0.985181834,0.728829288,0.602872472,1.33170176,0.153771548,-0.09708592,0.922658162,0.995007564,0.794565588,1.0276347,0.581841052
OS,FGF18,0.914329442,0.687960282,0.52722372,1.215184002,0.145135238,-0.617109491,0.537162509,0.995007564,0.79791135,1.013806048,0.771301588
OS,FGF19,0.960068032,0.682960632,0.666649552,1.349610184,0.17376183,-0.234522914,0.814579046,0.995007564,0.827554763,0.89118405,0.960240195
OS,FGF2,0.923110017,0.663227479,0.621598816,1.284826295,0.168692072,-0.474277511,0.635302026,0.995007564,0.773688757,1.114028151,0.959079116
OS,FGF20,1.010273656,0.730379669,0.667048138,1.397427807,0.165519381,0.06175253,0.950759907,0.995007564,0.803998501,0.988649149,0.951073738
OS,FGF21,0.939647957,0.669156989,0.650321545,1.319478534,0.17321063,-0.359388956,0.719304136,0.995007564,0.778008507,1.096129548,0.452196032
OS,FGF22,0.930418072,0.664990567,0.63679901,1.301789577,0.171360888,-0.420873485,0.673847468,0.995007564,0.821633695,0.915715669,0.641308277
OS,FGF23,0.905635997,0.646852548,0.621097254,1.267949801,0.171696568,-0.577284824,0.563747064,0.995007564,0.823013911,0.910000089,0.947438152
OS,FGF3,0.951677087,0.664264593,0.699181971,1.363446565,0.183444814,-0.26999671,0.787162785,0.995007564,0.825861776,0.898201626,0.681911314
OS,FGF4,0.863186848,0.618402998,0.586461041,1.204864039,0.17015151,-0.864665273,0.387222535,0.995007564,0.83946194,0.841729846,0.747803414
OS,FGF5,1.115858183,0.833826467,0.659457249,1.493283716,0.148652605,0.737449438,0.46084908,0.995007564,0.561139229,2.054662146,0.456697133
OS,FGF6,0.885953719,0.630238176,0.615186209,1.245424385,0.17376182,-0.696876711,0.485879954,0.995007564,0.82707566,0.893170267,0.739760958
OS,FGF7,0.873072658,0.630381922,0.578814978,1.209196901,0.16617291,-0.816838907,0.414020495,0.995007564,0.821653991,0.915631633,0.823179045
OS,FGF8,0.981069568,0.6956473,0.687952547,1.383599847,0.175411689,-0.108954576,0.913238519,0.995007564,0.796010766,1.021661271,0.571634735
OS,FGF9,1.006820471,0.735404459,0.643003638,1.378408097,0.160274355,0.042410507,0.966171452,0.995007564,0.8237169,0.907088346,0.885344455
OS,FGFR1,1.086573789,0.772902911,0.754640305,1.527543216,0.173794658,0.477744444,0.632832108,0.995007564,0.762031289,1.162418494,0.805958085
OS,FGFR2,0.842675789,0.626698799,0.506385366,1.133084165,0.151082496,-1.132976956,0.257223931,0.995007564,0.756366712,1.185988753,0.485608411
OS,FGFR3,1.258798468,0.875402537,0.934705975,1.810108512,0.185324388,1.24191787,0.214266866,0.995007564,0.859424983,0.758249034,0.904647676
OS,FGFR4,0.905899038,0.655898665,0.59529014,1.251188805,0.164758925,-0.599830427,0.548619253,0.995007564,0.806087369,0.980015869,0.626541567
OS,FGL1,0.908654751,0.657684204,0.597710787,1.255394992,0.164921564,-0.580821977,0.561360442,0.995007564,0.834091473,0.864058586,0.759865063
OS,FH,0.977537992,0.70055965,0.663464851,1.3640245,0.169981513,-0.133650542,0.893678916,0.995007564,0.238252663,4.224174643,0.04649487
OS,FLG,0.927012007,0.65526518,0.656190527,1.311455707,0.177006573,-0.428169191,0.668527945,0.995007564,0.814173255,0.946586701,0.783681216
OS,FLNA,1.182152585,0.855316499,0.77856375,1.633880249,0.165115639,1.013453375,0.310843656,0.995007564,0.73212601,1.287405104,0.386581012
OS,FLNB,0.941686538,0.701497769,0.562616781,1.26411455,0.15023477,-0.399926208,0.689210868,0.995007564,0.605366907,1.844186864,0.314333753
OS,FLNC,0.974379032,0.716159724,0.609542443,1.325702168,0.157093273,-0.165219683,0.868771074,0.995007564,0.768113406,1.137153838,0.471623803
OS,FLT1,0.913451871,0.674418514,0.562787026,1.23720554,0.154788472,-0.584827729,0.558663557,0.995007564,0.504141552,2.344013567,0.238142217
OS,FLT3LG,0.847088134,0.610345097,0.565314887,1.175659983,0.167237876,-0.992302342,0.321050061,0.995007564,0.71340439,1.366505807,0.410855687
OS,FN1,0.962348712,0.716843892,0.575090173,1.291934065,0.150267444,-0.255400681,0.798413645,0.995007564,0.818963751,0.926767947,0.748941306
OS,FOLH1,0.829368175,0.593995077,0.564013796,1.158008874,0.170305754,-1.098560078,0.271959999,0.995007564,0.815845662,0.939669271,0.60174443
OS,FOS,1.01961673,0.745960077,0.64770469,1.393664767,0.159446807,0.121838767,0.903026711,0.995007564,0.353527245,3.258027803,0.105176655
OS,FOSL1,0.907789647,0.651250804,0.61413273,1.265383534,0.169451001,-0.570917804,0.568055362,0.995007564,0.822881941,0.910546658,0.790552306
OS,FOXA1,1.075063882,0.794791584,0.65937876,1.454170344,0.154112751,0.469656694,0.638600312,0.995007564,0.187368998,4.795876173,0.046964535
OS,FOXA2,0.921591944,0.693414228,0.531440523,1.22485475,0.145142971,-0.562567584,0.573729371,0.995007564,0.496028134,2.387166029,0.159970895
OS,FOXC1,0.899373321,0.646911164,0.603449652,1.250360816,0.168109839,-0.6308796,0.528119252,0.995007564,0.832739528,0.869673084,0.761777914
OS,FOXJ1,0.989445092,0.719586694,0.640918716,1.360505409,0.162486283,-0.065304015,0.947931946,0.995007564,0.719552111,1.340445143,0.44377967
OS,FOXL2,0.936568097,0.676444211,0.62027736,1.296721571,0.166009304,-0.394755259,0.693023517,0.995007564,0.654543338,1.621417572,0.302763582
OS,FOXM1,0.917472961,0.689811514,0.530458977,1.220270491,0.145515285,-0.591911492,0.553909858,0.995007564,0.696700154,1.437793377,0.30163611
OS,FOXO4,0.864463989,0.611508457,0.610548212,1.22205667,0.176626135,-0.824598405,0.409599627,0.995007564,0.782559166,1.077289321,0.52207945
OS,FPR1,0.867447215,0.628591556,0.568473,1.197064555,0.164325964,-0.865356955,0.386842899,0.995007564,0.784762123,1.068173583,0.517225415
OS,FPR3,0.931210212,0.693718549,0.556287611,1.25000616,0.15021639,-0.47445046,0.635178717,0.995007564,0.789808464,1.047301497,0.59812095
OS,FST,0.88960373,0.661189804,0.535735484,1.196925288,0.151398277,-0.772658478,0.439724526,0.995007564,0.377960277,3.089971587,0.146747145
OS,FSTL3,1.06286662,0.790250357,0.6392782,1.429528557,0.151214561,0.403199375,0.68680156,0.995007564,0.825237148,0.900790047,0.862323815
OS,FUBP1,1.042804445,0.762109268,0.664774193,1.426883461,0.159992227,0.261973136,0.793342153,0.995007564,0.498314588,2.374950629,0.191375747
OS,FUT4,0.834143549,0.627453078,0.481467228,1.108920306,0.145276453,-1.248308084,0.211918255,0.995007564,0.842753424,0.828022161,0.916267646
OS,FUT5,0.976121986,0.734001857,0.564106757,1.298108614,0.145449615,-0.166158668,0.868032085,0.995007564,0.703377701,1.409208214,0.365591205
OS,FUT7,0.933875823,0.659670093,0.662390833,1.322060925,0.177352048,-0.385740125,0.699689143,0.995007564,0.811625991,0.957120188,0.985684995
OS,FUT8,0.832480362,0.585349141,0.598599898,1.183949039,0.179697762,-1.020300114,0.307586149,0.995007564,0.143465518,5.420599737,0.098378665
OS,FYN,0.883455727,0.670811891,0.492694647,1.163506538,0.140488512,-0.882023008,0.377764365,0.995007564,0.687486097,1.477443333,0.381883135
OS,FZD1,0.668377258,0.486861511,0.4307057,0.917567211,0.1616729,-2.492084379,0.012699586,0.995007564,0.675026305,1.531470185,0.304270706
OS,FZD10,0.949184612,0.681315127,0.641055964,1.32237109,0.169175748,-0.308270939,0.757876177,0.995007564,0.816331904,0.937657791,0.663226317
OS,FZD2,0.75746353,0.559493141,0.465990388,1.025483528,0.154566169,-1.797158395,0.072310477,0.995007564,0.676109348,1.526754354,0.349931695
OS,FZD3,1.415284297,1.022507581,0.936431089,1.95893867,0.165856315,2.094164622,0.036245318,0.995007564,0.467215034,2.544991054,0.299496804
OS,FZD4,0.933100688,0.654280103,0.676460187,1.33074029,0.181114329,-0.382311911,0.702230021,0.995007564,0.801296561,0.999815664,0.556742
OS,FZD5,0.886009748,0.628165518,0.621526246,1.249691764,0.175474785,-0.68971349,0.49037438,0.995007564,0.449145566,2.647948082,0.484900807
OS,FZD6,1.394419621,1.02158448,0.881739344,1.903323824,0.158739372,2.094491627,0.036216208,0.995007564,0.569745158,2.012844052,0.335194491
OS,FZD7,1.148342171,0.82072441,0.786014375,1.606738785,0.171374176,0.807118754,0.419598068,0.995007564,0.776955603,1.100490803,0.536017489
OS,FZD8,1.024616582,0.754102665,0.638067379,1.392170043,0.156403505,0.155485492,0.87643859,0.995007564,0.78682475,1.059640934,0.619717422
OS,FZD9,0.991129215,0.718065476,0.649967319,1.368032795,0.164433714,-0.054188186,0.956785233,0.995007564,0.143544676,5.419318828,0.076398651
OS,G6PD,0.843335068,0.603756276,0.574225743,1.177982019,0.170510148,-0.999300807,0.317648994,0.995007564,0.718108517,1.346556725,0.71280132
OS,GABPA,1.13422339,0.780318201,0.868320389,1.64863859,0.190820686,0.660034201,0.509231882,0.995007564,0.340595645,3.351084797,0.216254234
OS,GADD45A,1.166258613,0.839923294,0.779461667,1.619384961,0.167475305,0.918349473,0.358435934,0.995007564,0.62018066,1.775958032,0.314286572
OS,GADD45B,0.960203467,0.712645704,0.581111758,1.293757462,0.152125662,-0.266950836,0.789507015,0.995007564,0.82510828,0.901324022,0.773126969
OS,GADD45G,0.855347778,0.62514602,0.545172269,1.170318289,0.159963597,-0.976766826,0.328684603,0.995007564,0.828168721,0.888638409,0.954291309
OS,GAS1,0.837779788,0.612156236,0.534405593,1.146561829,0.160088526,-1.105638236,0.268883133,0.995007564,0.450928673,2.637641581,0.125537713
OS,GATA1,0.94704018,0.646912846,0.739495087,1.386407933,0.194457624,-0.27982322,0.779613136,0.995007564,0.817090135,0.934520879,0.562422372
OS,GATA2,1.115090336,0.801875179,0.748773215,1.550648394,0.168236633,0.647513084,0.51729993,0.995007564,0.335814344,3.386273545,0.106191245
OS,GATA3,0.870465952,0.613260369,0.622284941,1.23554531,0.178696678,-0.776324638,0.437557329,0.995007564,0.754042081,1.195673877,0.823477984
OS,GBP1,0.903849596,0.628680709,0.670777156,1.299457866,0.185227618,-0.545773408,0.585221704,0.995007564,0.77768842,1.097455297,0.85557936
OS,GBP2,0.972822497,0.67270795,0.734118905,1.406826855,0.188212822,-0.146396201,0.883608626,0.995007564,0.795203453,1.024998129,0.981355083
OS,GBP4,0.987129984,0.698619617,0.696167449,1.394787066,0.176378402,-0.073441828,0.941454533,0.995007564,0.807217329,0.975345457,0.676210656
OS,GDF15,1.306509412,0.919234504,0.937709329,1.856943833,0.179377289,1.490484171,0.136096975,0.995007564,0.672476993,1.54258581,0.46435421
OS,GDF6,1.019578891,0.72159693,0.719014958,1.440611888,0.176369698,0.109937763,0.912458734,0.995007564,0.767066979,1.141497705,0.904548124
OS,GHR,0.95914694,0.664019347,0.721426508,1.385445855,0.187622325,-0.222313598,0.824069768,0.995007564,0.827815514,0.890102953,0.767950097
OS,GIMAP4,0.910430233,0.664358113,0.583287083,1.247645196,0.160766189,-0.583692434,0.559427259,0.995007564,0.811151094,0.959083696,0.713237307
OS,GIMAP6,0.87674923,0.62417175,0.607363018,1.231534769,0.173368206,-0.758698908,0.44803269,0.995007564,0.813326911,0.95008683,0.916983737
OS,GLI1,0.934474221,0.669272544,0.635490481,1.304763025,0.170305514,-0.397939193,0.690675009,0.995007564,0.755992363,1.187547899,0.454866075
OS,GLI3,0.858188306,0.615643323,0.580645408,1.19628873,0.169470345,-0.902409992,0.366839115,0.995007564,0.757790401,1.18006088,0.435687116
OS,GLS,1.105390336,0.832377668,0.635571127,1.467948795,0.144730992,0.692308654,0.488743517,0.995007564,0.74479035,1.234298751,0.676408902
OS,GLUD1,0.900682146,0.649368592,0.599888515,1.249257107,0.166917313,-0.62667473,0.530872471,0.995007564,0.753490274,1.197973988,0.4679314
OS,GLUL,0.910335894,0.654421697,0.611904654,1.266326351,0.168401923,-0.557841808,0.576952411,0.995007564,0.828720812,0.886348941,0.711679906
OS,GMIP,0.909708209,0.665189304,0.57892124,1.244110544,0.159723461,-0.59247013,0.553535817,0.995007564,0.816060742,0.938779549,0.762560691
OS,GNA11,1.037806619,0.752400339,0.679075062,1.431475402,0.164082707,0.226163173,0.821074513,0.995007564,0.331122364,3.421234311,0.094557009
OS,GNAQ,0.84042303,0.608759063,0.551487926,1.160246989,0.164535069,-1.056613079,0.290688209,0.995007564,0.819148431,0.926003623,0.98856187
OS,GNAS,1.079810874,0.785138773,0.699938213,1.485076987,0.162595184,0.472252051,0.636746891,0.995007564,0.462114425,2.573725564,0.153525628
OS,GNG12,0.961654528,0.714800489,0.578958321,1.293758811,0.15135574,-0.25833187,0.796150792,0.995007564,0.644683481,1.665265476,0.301800377
OS,GNG4,1.071649314,0.798462812,0.639841181,1.438303993,0.150138351,0.460900736,0.644869824,0.995007564,0.463692027,2.564811164,0.181441459
OS,GNG7,0.863151013,0.625969248,0.564232466,1.190201714,0.163925674,-0.897758192,0.369314478,0.995007564,0.785272303,1.066062871,0.957667136
OS,GNLY,0.920225758,0.656698221,0.632806486,1.289504706,0.172143186,-0.482948245,0.629132485,0.995007564,0.826493097,0.895585084,0.785222362
OS,GOT1,0.639134061,0.434965618,0.504171479,0.939137097,0.196354241,-2.279762562,0.022621775,0.995007564,0.67519154,1.530750464,0.513456221
OS,GOT2,1.173278109,0.825993307,0.840583783,1.66657709,0.179069741,0.892398867,0.372179178,0.995007564,0.474526421,2.504233831,0.200570093
OS,GPC4,0.941476374,0.656007751,0.695161898,1.351169649,0.184328208,-0.327166558,0.743541913,0.995007564,0.431060884,2.7544043,0.15823688
OS,GPI,0.942819907,0.682638255,0.619529286,1.302167541,0.164753134,-0.357383145,0.720804993,0.995007564,0.783748695,1.072366756,0.602291964
OS,GPR160,0.79961329,0.575827538,0.534542099,1.110369637,0.167513293,-1.334980952,0.181882581,0.995007564,0.827290346,0.892280275,0.614732838
OS,GPSM3,0.818839673,0.593400147,0.536526115,1.129926262,0.164298606,-1.216486126,0.223799793,0.995007564,0.815908985,0.939407326,0.80000899
OS,GPT,1.191457394,0.845133408,0.834566754,1.679700162,0.175226711,0.99971778,0.317447105,0.995007564,0.801054082,1.000817765,0.981231379
OS,GPX1,1.03356483,0.785476851,0.574533001,1.360009853,0.140042429,0.235741601,0.813633187,0.995007564,0.834281252,0.863270254,0.743583424
OS,GPX4,1.016407502,0.765411103,0.584300453,1.349711556,0.144704982,0.112465744,0.91045413,0.995007564,0.427637565,2.77496595,0.204599947
OS,GRB2,0.737166272,0.539394214,0.468058403,1.007452617,0.15937374,-1.913375486,0.0557,0.995007564,0.755632908,1.189045192,0.731631095
OS,GRB7,1.055085406,0.801769517,0.586665926,1.388435442,0.140082072,0.382787864,0.701877061,0.995007564,0.375037808,3.109572734,0.167950653
OS,GRIN1,0.962556835,0.685856598,0.665031713,1.350888311,0.172923866,-0.220687669,0.825335633,0.995007564,0.829074179,0.884883385,0.873539211
OS,GRIN2B,0.899701315,0.647800098,0.601755834,1.249555933,0.167595262,-0.630640996,0.528275287,0.995007564,0.816049039,0.93882796,0.827232781
OS,GSK3B,1.031502223,0.759501877,0.641412156,1.400914033,0.156180775,0.198591722,0.84258213,0.995007564,0.591984678,1.906750579,0.490131279
OS,GTF2H3,1.125392541,0.785820076,0.825882664,1.611702741,0.18324792,0.644656156,0.519150035,0.995007564,0.805763581,0.981354123,0.947307065
OS,GTF3C1,1.114543699,0.855527234,0.596451858,1.451979092,0.134942497,0.803639214,0.421605369,0.995007564,0.794108248,1.029525142,0.696846518
OS,GUSB,1.066303755,0.798385404,0.625743459,1.424128862,0.147636422,0.434840079,0.663678511,0.995007564,0.276424903,3.864917458,0.069359344
OS,GZMA,0.83836532,0.610027736,0.542143498,1.152171235,0.162222125,-1.086789673,0.277129773,0.995007564,0.829089794,0.88481862,0.787433181
OS,GZMB,0.865673126,0.627345705,0.567194967,1.194540672,0.164293647,-0.877988269,0.379950085,0.995007564,0.841245897,0.834302705,0.775358162
OS,GZMH,0.807390361,0.581802222,0.538645879,1.120448102,0.167185064,-1.279707668,0.200647967,0.995007564,0.852637464,0.786733662,0.829470369
OS,GZMM,0.931280471,0.664046273,0.642012281,1.306058554,0.172558606,-0.412583242,0.679911981,0.995007564,0.68527535,1.486993979,0.297139546
OS,H2AX,0.900796662,0.685512022,0.498179292,1.183691314,0.139346191,-0.749756605,0.453401309,0.995007564,0.62248658,1.765429593,0.263876968
OS,H3.3A,0.967403551,0.727791366,0.558112362,1.285903727,0.145207418,-0.228222143,0.819473548,0.995007564,0.825916265,0.897975809,0.706641749
OS,H3.5,0.917353517,0.676204191,0.568297819,1.24450201,0.155613994,-0.554335533,0.579349237,0.995007564,0.836500621,0.854047395,0.907008766
OS,H3C10,0.894922413,0.669772892,0.525984858,1.19575775,0.147859012,-0.7508386,0.452749796,0.995007564,0.728019354,1.304691423,0.336270669
OS,H3C2,0.795734677,0.584187092,0.499701416,1.083888508,0.15767867,-1.449082932,0.147314424,0.995007564,0.91564738,0.514712828,0.737637005
OS,H3C8,0.958493345,0.717129801,0.563962538,1.281092338,0.148015864,-0.286406188,0.774567036,0.995007564,0.545348834,2.132584708,0.410893551
OS,HACD2,1.085013151,0.73123979,0.878702054,1.609941845,0.201333266,0.405258947,0.685287179,0.995007564,0.463553587,2.565592459,0.407107919
OS,HAMP,0.899298439,0.577806921,0.821860775,1.399667696,0.22570577,-0.470259719,0.638169472,0.995007564,0.723751686,1.322692562,0.336924534
OS,HAVCR2,0.892458246,0.656526631,0.55664841,1.21317504,0.156643936,-0.726332294,0.467635087,0.995007564,0.771017964,1.125102464,0.508684436
OS,HCK,1.050270718,0.711820156,0.837824893,1.54964505,0.198461783,0.247140568,0.804799439,0.995007564,0.390532553,3.007095046,0.244448287
OS,HDAC1,1.006049118,0.736556994,0.637586265,1.374143259,0.15908433,0.037910056,0.969759395,0.995007564,0.672848242,1.540965729,0.27994649
OS,HDAC10,0.913520514,0.672641121,0.568020063,1.240661184,0.156173226,-0.579161037,0.562480518,0.995007564,0.577900496,1.973617559,0.313429033
OS,HDAC11,0.915707823,0.643975521,0.658124932,1.302100453,0.179613825,-0.490262567,0.623948112,0.995007564,0.784999187,1.067192786,0.458809653
OS,HDAC2,0.851103032,0.631752831,0.514860744,1.146613574,0.15206145,-1.060242984,0.28903407,0.995007564,0.472128347,2.517546695,0.170099496
OS,HDAC3,0.890181424,0.670560479,0.511171809,1.181732287,0.144549284,-0.804777346,0.420948176,0.995007564,0.729272172,1.299414254,0.534772399
OS,HDAC4,0.880098956,0.654983897,0.527601166,1.182585063,0.150729148,-0.847353874,0.396797906,0.995007564,0.755970582,1.187638622,0.860579618
OS,HDAC5,0.788981387,0.580607314,0.491531486,1.0721388,0.156466182,-1.514784512,0.129826984,0.995007564,0.537433639,2.172256445,0.387739971
OS,HDAC6,1.14420184,0.824307508,0.763932122,1.58823963,0.167308656,0.805142509,0.420737448,0.995007564,0.791193516,1.041574701,0.66666039
OS,HELLS,0.983267466,0.728192049,0.599500158,1.327692207,0.153225447,-0.110125995,0.912309453,0.995007564,0.778588328,1.093728221,0.520079824
OS,HERC6,0.849353291,0.599523248,0.603767894,1.203291142,0.177727997,-0.918707549,0.35824856,0.995007564,0.797368774,1.016048495,0.598029842
OS,HES1,0.894620752,0.63949259,0.612040738,1.251533328,0.171291338,-0.650093533,0.515631806,0.995007564,0.824007574,0.905884261,0.984501771
OS,HES5,0.983119734,0.70146792,0.676391825,1.377859746,0.172225485,-0.098849261,0.921257955,0.995007564,0.818609015,0.928236002,0.921371809
OS,HEY1,1.0698382,0.780633525,0.685552256,1.466185781,0.160797291,0.41982935,0.674610122,0.995007564,0.204134974,4.593097962,0.095541262
OS,HGF,0.903746183,0.642529312,0.62863007,1.271159382,0.174052235,-0.581473307,0.560921504,0.995007564,0.61625164,1.79395334,0.598871493
OS,HHEX,0.930333296,0.669777913,0.622471391,1.292249304,0.167654469,-0.430721441,0.666670927,0.995007564,0.45919462,2.590288627,0.14821777
OS,HHIP,0.850973062,0.60137338,0.602795572,1.204168952,0.177127983,-0.911063301,0.362262021,0.995007564,0.776621589,1.101874508,0.987372509
OS,HIF1A,0.89169856,0.597141184,0.734413804,1.331554988,0.204582618,-0.560297554,0.575276495,0.995007564,0.769368401,1.131945672,0.975544429
OS,HK1,0.816797458,0.600348807,0.510935299,1.111284106,0.157084684,-1.288248599,0.19765944,0.995007564,0.747301177,1.223803145,0.859092461
OS,HK2,1.033589501,0.75850247,0.649940216,1.408442685,0.157883983,0.209252993,0.834250746,0.995007564,0.83166307,0.874141813,0.756331991
OS,HLA.A,0.882202468,0.649336051,0.549243935,1.198579986,0.156365733,-0.801541945,0.422817971,0.995007564,0.784006442,1.071300243,0.770617422
OS,HLA.B,0.917002436,0.671601853,0.580469539,1.252071392,0.158903146,-0.545270201,0.585567696,0.995007564,0.805850236,0.98099597,0.869198654
OS,HLA.C,0.791617376,0.571323295,0.525530406,1.096853701,0.166392305,-1.404374533,0.16020735,0.995007564,0.695447928,1.443167595,0.536539296
OS,HLA.DMA,0.944668055,0.689517738,0.604716891,1.294234629,0.160636206,-0.354351483,0.72307549,0.995007564,0.768638571,1.134974233,0.487012379
OS,HLA.DMB,0.956900944,0.704269321,0.595885875,1.300155196,0.156400342,-0.281683522,0.778186191,0.995007564,0.801142873,1.000450813,0.581047376
OS,HLA.DOA,0.868130145,0.621224488,0.59194396,1.213168448,0.170742489,-0.828227587,0.407541624,0.995007564,0.828145446,0.888734921,0.68731642
OS,HLA.DOB,0.866805685,0.601478955,0.647695415,1.249174371,0.186443875,-0.766667452,0.44327926,0.995007564,0.792742833,1.035169487,0.994221849
OS,HLA.DPA1,0.934164307,0.681218058,0.599815147,1.281033205,0.161110043,-0.422710698,0.67250635,0.995007564,0.688608736,1.472599066,0.352475508
OS,HLA.DPB1,0.847748242,0.601173617,0.594283172,1.195456789,0.175360332,-0.94189815,0.346244788,0.995007564,0.834079312,0.864109099,0.903837667
OS,HLA.DQA1,0.863866577,0.626689064,0.56411752,1.190806584,0.163762104,-0.893594689,0.371538789,0.995007564,0.749246266,1.215679343,0.486898564
OS,HLA.DQA2,0.928195622,0.667643701,0.622785777,1.290429478,0.16810914,-0.44324044,0.657591831,0.995007564,0.710132492,1.380412556,0.381849448
OS,HLA.DQB1,0.968774877,0.700320231,0.639816353,1.340136584,0.165561489,-0.191608686,0.848048738,0.995007564,0.765081348,1.14974358,0.749405955
OS,HLA.DRA,0.94506471,0.69658697,0.585589332,1.282176302,0.155646099,-0.363015061,0.716593634,0.995007564,0.638574035,1.692627853,0.342498437
OS,HLA.DRB,0.978179642,0.731792174,0.575731253,1.307523428,0.148062301,-0.149004456,0.881550117,0.995007564,0.608264283,1.830759621,0.312022556
OS,HLA.DRB3,0.873729411,0.645464496,0.537254441,1.182718937,0.154492901,-0.873726554,0.382267186,0.995007564,0.639067307,1.69041299,0.378246489
OS,HLA.DRB4,0.911303083,0.676089283,0.552259294,1.228348577,0.152324427,-0.609749506,0.542027755,0.995007564,0.395044533,2.977903828,0.143167781
OS,HLA.DRB5,1.116122541,0.834310444,0.65881425,1.493124694,0.148477408,0.739915,0.459351572,0.995007564,0.379588369,3.079108007,0.185757569
OS,HLA.E,0.885183133,0.647532616,0.562520993,1.21005361,0.15950568,-0.764616812,0.444499755,0.995007564,0.585159051,1.939021147,0.318527231
OS,HLA.F,0.814733322,0.589457486,0.536646432,1.126103919,0.165134793,-1.240770815,0.214690426,0.995007564,0.731597084,1.28962963,0.619833691
OS,HLA.G,0.808799312,0.55032199,0.638357255,1.188679244,0.196456301,-1.080161141,0.280070429,0.995007564,0.779209628,1.09115538,0.444978416
OS,HMGA1,0.95108336,0.70212583,0.586189624,1.288315453,0.154844213,-0.323896933,0.746016066,0.995007564,0.679489285,1.512061798,0.363616134
OS,HMGA2,0.865471941,0.60710665,0.626682635,1.233789286,0.180906629,-0.798645826,0.424495808,0.995007564,0.779644992,1.089352675,0.506892125
OS,HMGB1,0.994599615,0.742112052,0.590878554,1.332990607,0.149410916,-0.036242462,0.971089028,0.995007564,0.194718543,4.704988071,0.036609558
OS,HMGN5,0.797776087,0.579783562,0.517947948,1.09773151,0.162846411,-1.387364402,0.165330674,0.995007564,0.350273426,3.281160113,0.090140735
OS,HNF1A,1.019544442,0.751317881,0.632212173,1.383530054,0.155759159,0.124268144,0.901102969,0.995007564,0.802422828,0.995161095,0.697066766
OS,HNRNPK,0.903403677,0.665977579,0.559496415,1.225473994,0.155570965,-0.652986791,0.513764794,0.995007564,0.823225473,0.909123856,0.791153307
OS,HOXA10,0.972865422,0.727289016,0.574074141,1.301363157,0.148432225,-0.185333867,0.852967176,0.995007564,0.825476378,0.899798738,0.996851636
OS,HOXA11,0.857098715,0.607272726,0.602427916,1.209700642,0.175806856,-0.877111302,0.380426187,0.995007564,0.819728565,0.923602513,0.954198848
OS,HOXA9,0.902909007,0.653954962,0.592682378,1.24663734,0.164586339,-0.620546631,0.534897963,0.995007564,0.818144219,0.930159406,0.976411682
OS,HPRT1,1.049533318,0.754664789,0.704950396,1.459615185,0.168282287,0.287288741,0.773891243,0.995007564,0.789180024,1.049900155,0.885564469
OS,HRAS,0.897722726,0.6652623,0.546148737,1.211411037,0.152900694,-0.705647726,0.480407237,0.995007564,0.82413713,0.905347565,0.933979076
OS,HSD11B1,0.899322146,0.64568331,0.606912677,1.252595987,0.169050126,-0.627707138,0.530195809,0.995007564,0.811132752,0.959159534,0.642937386
OS,HSD17B8,0.765509164,0.565742326,0.470072485,1.035814811,0.154289808,-1.731897244,0.08329186,0.995007564,0.711363,1.375179362,0.387970887
OS,HSP90B1,0.954099299,0.694044658,0.617550297,1.311594955,0.162365966,-0.289392706,0.772280876,0.995007564,0.805712061,0.981567061,0.642716572
OS,HSPA1A,0.956715652,0.685690932,0.649174088,1.33486502,0.169941507,-0.260378154,0.794572093,0.995007564,0.734600908,1.277003595,0.624627316
OS,HSPA2,0.952651777,0.700734748,0.594399268,1.295134016,0.156696765,-0.309552269,0.756901459,0.995007564,0.195428699,4.696376085,0.068435613
OS,HSPA6,1.31056829,0.878388551,1.076998094,1.955386645,0.204150228,1.324812883,0.185233221,0.995007564,0.586311002,1.933557295,0.405404463
OS,HSPB1,0.930732499,0.683618485,0.583554656,1.267173142,0.157437544,-0.455948231,0.648427205,0.995007564,0.804432519,0.9868554,0.712854562
OS,IBSP,0.884091441,0.635334735,0.59491073,1.230245465,0.168578861,-0.730784279,0.464910927,0.995007564,0.500799119,2.361725782,0.15997244
OS,ICAM1,0.924081132,0.679362119,0.577590416,1.256952536,0.156964912,-0.503013093,0.614955067,0.995007564,0.71919223,1.341968283,0.431411964
OS,ICAM2,0.845339699,0.600868278,0.588409363,1.18927764,0.174167904,-0.964682455,0.334703886,0.995007564,0.669395087,1.556052779,0.287625985
OS,ICAM3,0.990174927,0.72332025,0.632160101,1.355480351,0.160222103,-0.061624812,0.950861617,0.995007564,0.794839945,1.026500653,0.564591993
OS,ICAM4,0.916403921,0.66166848,0.60754136,1.26920984,0.166172739,-0.525345195,0.599343245,0.995007564,0.820286732,0.921292096,0.656268037
OS,ICAM5,0.924189826,0.681786269,0.570991725,1.252777994,0.155207581,-0.507950633,0.611487965,0.995007564,0.793843978,1.030617542,0.56303667
OS,ICOS,0.90498094,0.637147473,0.648254317,1.28540179,0.179040403,-0.557647292,0.577085256,0.995007564,0.796681647,1.018888421,0.985113727
OS,ICOSLG,1.062828806,0.782323533,0.66158685,1.443910383,0.156340086,0.389753135,0.696719101,0.995007564,0.544357543,2.137530184,0.355994886
OS,ID1,1.431679676,1.023968709,0.977759154,2.001727863,0.171004359,2.098474889,0.035863216,0.995007564,0.848571458,0.80374338,0.671194883
OS,ID2,0.985586432,0.730668534,0.598772341,1.329440875,0.152695108,-0.095081322,0.924250234,0.995007564,0.65073642,1.638302871,0.330516508
OS,ID4,0.939061748,0.717979805,0.510239932,1.228219736,0.136961596,-0.459063305,0.646188706,0.995007564,0.835745006,0.857188237,0.941560204
OS,IDH1,0.749197578,0.546990363,0.479164848,1.026155211,0.16049864,-1.799096496,0.072003418,0.995007564,0.719238176,1.34177381,0.426408844
OS,IDH2,0.955257325,0.666277342,0.703297309,1.369574651,0.183817022,-0.249022228,0.803343587,0.995007564,0.085482917,6.608431911,0.011498158
OS,IDO1,0.962067826,0.677204052,0.689554606,1.366758659,0.17914223,-0.215863816,0.829093903,0.995007564,0.769128517,1.132941055,0.822841616
OS,IER3,0.919391553,0.670515767,0.590126963,1.26064273,0.161056468,-0.521824328,0.601792649,0.995007564,0.649833751,1.642314717,0.279540525
OS,IFI16,0.890468632,0.641079218,0.595795043,1.236874262,0.16765351,-0.691947347,0.488970395,0.995007564,0.736181374,1.270367364,0.554921535
OS,IFI27,1.004730342,0.744187241,0.612303444,1.356490685,0.153156792,0.030812797,0.975418835,0.995007564,0.476593286,2.49280223,0.210273653
OS,IFI35,0.921378177,0.645295172,0.67028533,1.315580501,0.181719015,-0.450611683,0.652269445,0.995007564,0.257921162,4.033014459,0.06237646
OS,IFI6,1.092259735,0.782155544,0.743156574,1.525312118,0.170385965,0.517934103,0.604504247,0.995007564,0.423764509,2.798393102,0.212030611
OS,IFIH1,0.925621629,0.652189822,0.661500412,1.313690233,0.178640979,-0.432654012,0.665266144,0.995007564,0.801982549,0.996980659,0.571174109
OS,IFIT2,0.848880866,0.610025627,0.571234131,1.181259758,0.168583652,-0.971840529,0.33112989,0.995007564,0.730849087,1.292776463,0.401568851
OS,IFIT3,0.880418916,0.601852063,0.686068201,1.287920264,0.194078139,-0.656217359,0.511684281,0.995007564,0.616354777,1.793480051,0.284387306
OS,IFITM1,1.034720319,0.761663577,0.64400445,1.405668027,0.156319958,0.21834171,0.827162878,0.995007564,0.649843414,1.642271754,0.34182113
OS,IFITM2,1.002244698,0.743767629,0.606781111,1.350548741,0.152180756,0.014733681,0.988244649,0.997966991,0.342808665,3.334943737,0.106392739
OS,IFNA1,0.975831144,0.68752218,0.69751884,1.385041021,0.178674442,-0.136929014,0.891086905,0.995007564,0.550017313,2.109380717,0.244552472
OS,IFNA7.17,1.040390845,0.732097193,0.746412929,1.478510122,0.179308627,0.2208285,0.825225971,0.995007564,0.763320939,1.157057862,0.64476904
OS,IFNAR1,1.094395216,0.79061933,0.724270127,1.514889458,0.165891097,0.543741636,0.586619277,0.995007564,0.655596177,1.616757453,0.347312605
OS,IFNAR2,1.186675076,0.851935421,0.801004111,1.652939532,0.169084686,1.012246272,0.311420317,0.995007564,0.726174298,1.312469179,0.689170846
OS,IFNB1,0.91008944,0.641318614,0.650181072,1.291499686,0.178583123,-0.527554882,0.597808315,0.995007564,0.694573914,1.446921259,0.67308536
OS,IFNG,0.838417071,0.598096476,0.577204188,1.175300664,0.172331536,-1.022677617,0.306460298,0.995007564,0.793507492,1.032008482,0.922077692
OS,IFNGR1,0.884159923,0.634413753,0.59780854,1.232222292,0.169358523,-0.726962674,0.467248822,0.995007564,0.773915265,1.113089242,0.514178729
OS,IFNGR2,0.99232966,0.684599465,0.753786343,1.438385808,0.189402167,-0.040653749,0.967571934,0.995007564,0.789577998,1.048254477,0.68467359
OS,IFNL1,1.014534096,0.717195071,0.717950644,1.435145714,0.176960853,0.081540567,0.935012065,0.995007564,0.815398674,0.941518251,0.61106287
OS,IFNL2,1.009726401,0.706499438,0.736597825,1.443097263,0.182203489,0.053124144,0.957632994,0.995007564,0.783703343,1.072554417,0.555118196
OS,IGF1,0.916262775,0.652681694,0.633607595,1.286289289,0.173071362,-0.505294939,0.613351697,0.995007564,0.839408332,0.841952951,0.805255997
OS,IGF1R,1.122004817,0.806853259,0.753399237,1.560252496,0.168232971,0.684271937,0.493803464,0.995007564,0.719601106,1.340237803,0.583585406
OS,IGF2R,0.946712557,0.69500196,0.59458385,1.289585811,0.15769721,-0.347246231,0.728406342,0.995007564,0.713375397,1.366628923,0.686146755
OS,IGFBP3,0.939168436,0.679031197,0.619933201,1.298964399,0.165476392,-0.37927125,0.704486447,0.995007564,0.711214141,1.375812241,0.546578805
OS,IGLL1,1.321521062,1.011255389,0.715724695,1.726980084,0.136528465,2.041943362,0.04115715,0.995007564,0.881477145,0.66468544,0.804927854
OS,IHH,0.848378572,0.599174298,0.602055803,1.201230101,0.177439194,-0.926674146,0.354095745,0.995007564,0.815405852,0.941488559,0.930080083
OS,IKBKB,1.512163536,1.092182824,1.001458011,2.093640835,0.166004656,2.491143571,0.012733265,0.995007564,0.89410324,0.61015715,0.67690809
OS,IKBKE,0.912048604,0.665279122,0.58507224,1.250351362,0.160965508,-0.571936171,0.567365218,0.995007564,0.819484561,0.924612448,0.692878302
OS,IKBKG,1.182487481,0.892341878,0.674632257,1.566974135,0.143638457,1.166959445,0.243226748,0.995007564,0.482029036,2.462922842,0.227998678
OS,IL10,0.975794869,0.701175601,0.65679468,1.35797028,0.168622503,-0.145312096,0.884464465,0.995007564,0.79336145,1.032612189,0.575294689
OS,IL10RA,0.950664543,0.687487485,0.627100915,1.3145884,0.165369178,-0.305945891,0.759645844,0.995007564,0.828047222,0.88914221,0.810561515
OS,IL11RA,1.01404546,0.743518108,0.639485458,1.383003566,0.158324284,0.088096003,0.929800373,0.995007564,0.827136208,0.892919267,0.773149585
OS,IL12A,0.896039473,0.652161276,0.578955577,1.231116852,0.162091029,-0.677217073,0.498268237,0.995007564,0.786637471,1.06041558,0.514286358
OS,IL12B,0.89185972,0.635538169,0.616021217,1.251559386,0.172879047,-0.662002857,0.507969391,0.995007564,0.828885967,0.885663994,0.653231247
OS,IL12RB1,1.164007246,0.81810946,0.838041623,1.656151083,0.179915404,0.844111016,0.398607372,0.995007564,0.836874649,0.852492376,0.805214886
OS,IL12RB2,1.024293685,0.769290397,0.594534704,1.3638251,0.14606903,0.164328379,0.869472642,0.995007564,0.769949861,1.129533183,0.632448275
OS,IL13RA1,0.938357012,0.701319148,0.554191821,1.255510969,0.14855754,-0.428283829,0.66844449,0.995007564,0.83258321,0.870322103,0.846597299
OS,IL15,0.851378288,0.609272322,0.580417349,1.189689671,0.170712943,-0.942510421,0.345931378,0.995007564,0.70973072,1.382122053,0.741366088
OS,IL15RA,1.03165315,0.742142536,0.691959635,1.434102171,0.168052309,0.185433425,0.852889093,0.995007564,0.819971924,0.922595207,0.882630324
OS,IL16,0.878372929,0.610007836,0.654793953,1.264801789,0.186023545,-0.697137704,0.485716621,0.995007564,0.797705171,1.014658175,0.915858068
OS,IL17A,0.918507023,0.65415604,0.635528835,1.289684876,0.173168301,-0.490885037,0.623507761,0.995007564,0.812267145,0.954469139,0.589371025
OS,IL17B,0.928443869,0.651477369,0.671681437,1.323158806,0.180751927,-0.410758294,0.681249777,0.995007564,0.812730036,0.952555067,0.553479975
OS,IL17F,0.838462716,0.599147171,0.574220175,1.173367347,0.17146379,-1.027535689,0.304168289,0.995007564,0.829836982,0.881719254,0.761486417
OS,IL17RA,1.239393908,0.861481132,0.921607552,1.783088684,0.185577186,1.15651326,0.247471279,0.995007564,0.796990772,1.017610783,0.959215434
OS,IL17RB,1.021494652,0.762361847,0.606346894,1.368708741,0.149288902,0.142454659,0.886720891,0.995007564,0.68380844,1.493339418,0.44179757
OS,IL18,0.844810889,0.606050437,0.571583297,1.177633733,0.169467191,-0.995133486,0.319671346,0.995007564,0.835492837,0.858236234,0.684891415
OS,IL18R1,0.876859883,0.632674648,0.582615481,1.215290129,0.166529032,-0.789100051,0.430053532,0.995007564,0.810461129,0.961936283,0.995001351
OS,IL18RAP,0.856883725,0.612682484,0.585735517,1.198418001,0.17115386,-0.902422222,0.366832621,0.995007564,0.801360175,0.999552765,0.989656443
OS,IL19,0.981630978,0.680250912,0.736284311,1.416535223,0.18712269,-0.099078457,0.921075977,0.995007564,0.80145374,0.999166083,0.917186452
OS,IL1A,0.837201504,0.582504581,0.620758673,1.203263255,0.185068572,-0.96013326,0.336988151,0.995007564,0.757248038,1.182318819,0.986601063
OS,IL1B,0.799726501,0.580935406,0.51998299,1.100918396,0.16307964,-1.370407022,0.170559881,0.995007564,0.778570141,1.093803538,0.942713316
OS,IL1R1,0.946432983,0.668443355,0.671588503,1.340031859,0.177425967,-0.310299088,0.756333525,0.995007564,0.808828802,0.968684334,0.546390577
OS,IL1R2,0.85970826,0.617724486,0.578760855,1.196485341,0.168651342,-0.896299894,0.370092616,0.995007564,0.816174855,0.938307485,0.748623864
OS,IL1RAP,0.863784047,0.639020744,0.528582792,1.167603536,0.153771129,-0.952275553,0.340957253,0.995007564,0.745179576,1.232671058,0.469382016
OS,IL1RL1,0.891041735,0.639322787,0.602546562,1.241869349,0.16938158,-0.681089478,0.495814875,0.995007564,0.826796596,0.894327076,0.869948522
OS,IL1RL2,0.823618168,0.575968539,0.601781356,1.177749895,0.182479881,-1.063395286,0.28760273,0.995007564,0.816830939,0.935593248,0.844213458
OS,IL1RN,0.811018565,0.578624902,0.558123813,1.136748714,0.172266694,-1.215930536,0.224011385,0.995007564,0.810784119,0.960600937,0.610372924
OS,IL20RA,0.858210145,0.592659189,0.650086503,1.242745692,0.188896065,-0.809473109,0.418243065,0.995007564,0.82984843,0.881671761,0.899186184
OS,IL20RB,0.951605705,0.699303798,0.595631852,1.29493565,0.157179168,-0.315592111,0.752312126,0.995007564,0.697104256,1.436060017,0.419565863
OS,IL21R,1.000187121,0.69820138,0.734586216,1.432787597,0.183388478,0.001020258,0.999185952,0.999185952,0.807935233,0.972378033,0.574831801
OS,IL22,0.959136668,0.655800014,0.746979993,1.402780007,0.193971774,-0.215091621,0.829695886,0.995007564,0.792809096,1.034895558,0.473331297
OS,IL22RA1,0.971069227,0.705340597,0.631567341,1.336907938,0.163123894,-0.179970683,0.857175584,0.995007564,0.82483656,0.902449865,0.889380396
OS,IL22RA2,0.875221743,0.622408745,0.608314805,1.230723549,0.173921692,-0.766310417,0.443491622,0.995007564,0.831019026,0.876814763,0.680122135
OS,IL23A,1.01725681,0.727882973,0.693789819,1.421672792,0.170780994,0.100184467,0.920197878,0.995007564,0.756592967,1.185046504,0.466334806
OS,IL23R,0.883212594,0.627198642,0.616529317,1.243727959,0.174647409,-0.711086093,0.477030887,0.995007564,0.819049291,0.92641393,0.979487978
OS,IL24,1.002512151,0.734745249,0.633117441,1.36786269,0.158543954,0.015825269,0.98737379,0.997966991,0.750417032,1.210792388,0.467727326
OS,IL25,0.840756926,0.594684269,0.593966996,1.188651265,0.176672616,-0.981774623,0.326210893,0.995007564,0.72854493,1.302477178,0.365923566
OS,IL27,0.825511759,0.592841148,0.556656767,1.149497915,0.168919952,-1.135163541,0.256306802,0.995007564,0.836841107,0.852631835,0.833314662
OS,IL2RA,0.993703424,0.688575905,0.745465699,1.434041603,0.18715305,-0.033750363,0.973076218,0.995007564,0.825794895,0.898478798,0.758842104
OS,IL2RB,0.893718045,0.626003245,0.649919764,1.27592301,0.181653738,-0.618566621,0.536201897,0.995007564,0.787179314,1.058174392,0.496182353
OS,IL2RG,0.830743123,0.573257593,0.630623778,1.203881371,0.189281775,-0.97967514,0.327246501,0.995007564,0.802389755,0.995297777,0.558783038
OS,IL32,0.902542369,0.665122125,0.559589395,1.22471152,0.155740089,-0.658402366,0.510279615,0.995007564,0.661580238,1.590348367,0.381278237
OS,IL33,0.917806597,0.64374662,0.664794541,1.308541161,0.180963268,-0.473955793,0.635531432,0.995007564,0.703923188,1.406878412,0.78230105
OS,IL34,0.990763994,0.701861383,0.696724314,1.398585697,0.175891208,-0.05275376,0.957928104,0.995007564,0.823175478,0.909330927,0.827294166
OS,IL3RA,0.844429426,0.614304556,0.546456906,1.160761462,0.162334788,-1.041638193,0.297579454,0.995007564,0.647942412,1.650730867,0.294480993
OS,IL4,0.93069036,0.65538456,0.666258639,1.321643199,0.178934133,-0.401425065,0.688107198,0.995007564,0.817858962,0.931339782,0.595931652
OS,IL4R,0.979146406,0.72912819,0.585767732,1.314895922,0.150427059,-0.14009515,0.888584813,0.995007564,0.382632661,3.058900961,0.090324301
OS,IL6,0.833409637,0.604932375,0.543248236,1.148180611,0.163476784,-1.114714838,0.26497264,0.995007564,0.812605107,0.95307166,0.676200452
OS,IL6R,0.943111989,0.675944558,0.639932926,1.315877484,0.169938825,-0.344654878,0.730353844,0.995007564,0.789437774,1.048834316,0.518123507
OS,IL6ST,0.844849736,0.601757003,0.584388024,1.186145027,0.173118013,-0.973881873,0.330115195,0.995007564,0.185950108,4.813805185,0.03641055
OS,IL7R,0.87983294,0.629818342,0.599275747,1.22909409,0.170564673,-0.75058468,0.452902644,0.995007564,0.862561057,0.745045506,0.867625055
OS,ILF3,1.096211082,0.785452217,0.744467378,1.529919594,0.17008242,0.5400897,0.589135174,0.995007564,0.225567842,4.355281289,0.062069817
OS,INHBA,0.989204635,0.731496616,0.606207194,1.33770381,0.153986823,-0.070486923,0.943806108,0.995007564,0.826058647,0.897385727,0.827760238
OS,INHBB,1.200547668,0.885784873,0.741376241,1.627161115,0.155134997,1.178185747,0.238722563,0.995007564,0.658105338,1.605667933,0.417006902
OS,INPP5D,0.937852025,0.672381127,0.635755561,1.308136688,0.169782123,-0.377914334,0.705494234,0.995007564,0.806967659,0.976377427,0.739217093
OS,IRAK1,1.088300531,0.813325089,0.642916779,1.456241867,0.148595445,0.569447695,0.569052357,0.995007564,0.819352538,0.925158876,0.82037644
OS,IRAK2,0.807012779,0.57365619,0.561639893,1.135296083,0.174140577,-1.231279805,0.218218233,0.995007564,0.781061498,1.083488287,0.988126788
OS,IRAK3,0.79800533,0.58658227,0.49904977,1.08563204,0.157044899,-1.436786577,0.150778645,0.995007564,0.700611161,1.42103646,0.674629282
OS,IRAK4,0.935109515,0.662141022,0.6584686,1.320609622,0.17611808,-0.380946855,0.703242684,0.995007564,0.797491657,1.015540618,0.941490103
OS,IRF1,0.878619358,0.629746746,0.596098374,1.225845121,0.169918436,-0.761562534,0.446321143,0.995007564,0.814642259,0.944646942,0.650255925
OS,IRF2,0.690547335,0.510456974,0.423717004,0.934173978,0.154175369,-2.401620697,0.016322623,0.995007564,0.391109563,3.003346089,0.251995476
OS,IRF3,0.837254981,0.589568099,0.599430939,1.188999038,0.178951465,-0.992596613,0.320906576,0.995007564,0.5320865,2.199298792,0.306001895
OS,IRF4,0.933286606,0.692478395,0.565357075,1.25783547,0.152265707,-0.453437216,0.650233943,0.995007564,0.807522394,0.9740845,0.763503111
OS,IRF5,0.853246416,0.607028851,0.592303677,1.199332528,0.17371343,-0.913613248,0.360920102,0.995007564,0.503677486,2.346467361,0.386670608
OS,IRF7,1.136946863,0.822324356,0.749620048,1.571944404,0.165292245,0.776482157,0.437464352,0.995007564,0.122037729,5.794688366,0.018219078
OS,IRF8,0.987930296,0.716610784,0.645364632,1.361975416,0.163818975,-0.074125321,0.940910668,0.995007564,0.799472458,1.007354225,0.572027842
OS,IRF9,0.865791111,0.603332372,0.639091013,1.242423385,0.184276563,-0.782039824,0.434191169,0.995007564,0.475216418,2.500413175,0.197941414
OS,IRS1,0.965281865,0.725011831,0.560165928,1.285177758,0.146039507,-0.24195598,0.808814272,0.995007564,0.737248988,1.265887209,0.578080394
OS,ISG15,1.095629379,0.801353277,0.696617431,1.497970708,0.159585768,0.572287708,0.567127076,0.995007564,0.780298928,1.086645185,0.704892187
OS,ISG20,0.909403317,0.661696679,0.588142438,1.249839117,0.162238403,-0.5853521,0.558310989,0.995007564,0.814974844,0.94327134,0.989188912
OS,ITCH,1.556985197,1.0595365,1.228447825,2.287984325,0.196391281,2.254435042,0.024168813,0.995007564,0.144190596,5.40889174,0.147268672
OS,ITGA1,0.998740922,0.712015674,0.688913359,1.400929033,0.172653929,-0.007297089,0.994177817,0.997966991,0.29851844,3.677020206,0.139222486
OS,ITGA2,0.805097107,0.604569382,0.467567863,1.072137245,0.146148839,-1.483367099,0.137976904,0.995007564,0.501780861,2.35651397,0.193210116
OS,ITGA2B,0.793405792,0.57224916,0.527783473,1.100032633,0.166717511,-1.388099365,0.16510679,0.995007564,0.693167649,1.452965375,0.362382452
OS,ITGA3,1.33354256,0.986363316,0.816558315,1.802921631,0.153864816,1.870726447,0.061383007,0.995007564,0.864401177,0.737284436,0.866409534
OS,ITGA4,0.978536671,0.731302305,0.578052267,1.309354572,0.148590148,-0.146019208,0.883906225,0.995007564,0.806533111,0.978173531,0.629707623
OS,ITGA5,0.9183017,0.694396159,0.520008617,1.214404776,0.142596168,-0.597696938,0.550042169,0.995007564,0.251330478,4.095541454,0.073877227
OS,ITGA6,0.854217652,0.631408033,0.524243716,1.155651749,0.154203714,-1.021825296,0.306863594,0.995007564,0.599622484,1.87093109,0.225131311
OS,ITGA7,0.994398908,0.716520678,0.663522102,1.38004278,0.167212938,-0.033590922,0.973203361,0.995007564,0.506860174,2.329673105,0.156775332
OS,ITGA8,0.900435642,0.644075994,0.614757362,1.258833356,0.170953126,-0.613481534,0.539557989,0.995007564,0.831745834,0.873798285,0.936511571
OS,ITGA9,0.700004664,0.499884338,0.480355472,0.980239811,0.1717941,-2.076138129,0.037881178,0.995007564,0.750631877,1.209895818,0.631095624
OS,ITGAE,0.907364827,0.641920642,0.640653675,1.282574317,0.176574631,-0.550535909,0.581951854,0.995007564,0.820121436,0.921976331,0.841429982
OS,ITGAL,0.764406536,0.554883461,0.498161717,1.053045178,0.163442622,-1.64372985,0.100232017,0.995007564,0.84772025,0.807299729,0.674012434
OS,ITGAM,0.834769967,0.608655418,0.536230305,1.144885722,0.161178425,-1.120491662,0.262504304,0.995007564,0.82304633,0.909865823,0.709420149
OS,ITGAV,0.950157062,0.706455905,0.5714702,1.277926105,0.151210183,-0.338125241,0.73526881,0.995007564,0.565769856,2.032105714,0.221273832
OS,ITGAX,0.935807865,0.69713435,0.559060186,1.256194535,0.150223187,-0.44164351,0.658747193,0.995007564,0.561502497,2.052887906,0.191176252
OS,ITGB1,1.030797913,0.762835244,0.630053123,1.392888367,0.153597913,0.197484291,0.843448573,0.995007564,0.777504704,1.098216254,0.617188953
OS,ITGB2,0.991961047,0.740215541,0.589109047,1.329324588,0.149361124,-0.05403976,0.956903487,0.995007564,0.761186746,1.165930053,0.489505194
OS,ITGB3,0.90475209,0.652133157,0.60309568,1.255228837,0.167050112,-0.599187308,0.549047986,0.995007564,0.204147373,4.59295381,0.039349715
OS,ITGB4,1.058069126,0.739818749,0.773403614,1.513222362,0.182552193,0.309202899,0.757167189,0.995007564,0.685197589,1.487330187,0.315241982
OS,ITGB6,0.898964398,0.627540446,0.660244259,1.287784705,0.18338873,-0.580798215,0.561376458,0.995007564,0.750513002,1.210391887,0.776613297
OS,ITGB7,0.907975027,0.66378119,0.578222442,1.242003633,0.159831668,-0.604000479,0.545843324,0.995007564,0.824533811,0.903704195,0.800799602
OS,ITGB8,1.062226938,0.727711196,0.822802351,1.550513547,0.192972223,0.312830459,0.754409473,0.995007564,0.79509519,1.025445621,0.862057145
OS,ITK,0.826736045,0.581993723,0.592404663,1.174398385,0.179098092,-1.062377629,0.288064285,0.995007564,0.820387733,0.920874002,0.834726754
OS,ITPK1,1.128475505,0.820016848,0.732947544,1.552964391,0.162910138,0.74192811,0.458130894,0.995007564,0.694127015,1.44884141,0.727195521
OS,JADE1,0.821794707,0.602842779,0.51742699,1.120269769,0.15808157,-1.241540443,0.214406167,0.995007564,0.559474105,2.062805151,0.29150615
OS,JAG1,0.970004411,0.714557077,0.602214651,1.316771728,0.155940488,-0.195296683,0.845160694,0.995007564,0.815813413,0.939802671,0.632460404
OS,JAG2,1.160805289,0.814404279,0.840141201,1.65454548,0.180825954,0.824627083,0.409583341,0.995007564,0.670270178,1.55222563,0.569483079
OS,JAK1,0.995737592,0.759606004,0.545667188,1.305273192,0.138106558,-0.030929144,0.975326048,0.995007564,0.42203595,2.80890587,0.144467482
OS,JAK2,0.841524999,0.584177206,0.628065101,1.212242307,0.186233702,-0.926467958,0.354202842,0.995007564,0.796893451,1.018013018,0.903729674
OS,JAK3,0.924915303,0.658718168,0.63996822,1.298686388,0.173169709,-0.450731887,0.652182798,0.995007564,0.777688674,1.097454247,0.478894286
OS,JAM3,1.057679922,0.78382947,0.643377415,1.427206885,0.152881151,0.366806212,0.713763573,0.995007564,0.502584448,2.352253753,0.21124476
OS,JAML,0.823384518,0.595682996,0.5424426,1.138125596,0.165163579,-1.176603057,0.239353977,0.995007564,0.832650206,0.870043945,0.765554533
OS,JUN,0.996111059,0.742261068,0.594515552,1.33677662,0.150083233,-0.02596241,0.979287321,0.996191421,0.584801492,1.940718562,0.265750077
OS,JUNB,1.009682072,0.746569388,0.618953901,1.36552329,0.154034573,0.062554146,0.950121544,0.995007564,0.420290421,2.819558081,0.160159779
OS,JUP,0.994684079,0.735183494,0.610598105,1.345781599,0.154240109,-0.034557162,0.972432861,0.995007564,0.809068759,0.9676924,0.979588811
OS,KAT2B,0.726174062,0.528011502,0.470695469,0.998706972,0.162590576,-1.967921794,0.049077037,0.995007564,0.858773146,0.760989852,0.805737357
OS,KDM5C,1.01106131,0.759251745,0.587133006,1.346384752,0.146136592,0.07527602,0.9399951,0.995007564,0.690137692,1.466007562,0.448083215
OS,KDM6A,1.126831364,0.815114404,0.742641067,1.557755471,0.165225686,0.72270598,0.469860541,0.995007564,0.673262267,1.539159521,0.485477756
OS,KDR,0.788730973,0.582758157,0.484745645,1.067503802,0.154417641,-1.536935715,0.124309052,0.995007564,0.731338124,1.290718954,0.499273452
OS,KEAP1,0.760013432,0.527453893,0.567656835,1.095110729,0.186368043,-1.472458301,0.140897159,0.995007564,0.577712737,1.974516384,0.356474354
OS,KIF2C,0.936597633,0.701056037,0.550220723,1.251276759,0.147791464,-0.443202251,0.657619451,0.995007564,0.805452067,0.982641632,0.493649667
OS,KIR.Family,0.936592912,0.651869378,0.693808626,1.345678004,0.184903667,-0.354273935,0.723133599,0.995007564,0.776352876,1.10298776,0.634197765
OS,KIT,1.147654007,0.869504921,0.645276293,1.514781214,0.141610332,0.972526954,0.330788462,0.995007564,0.782881964,1.075953417,0.834277319
OS,KITLG,1.03249737,0.781852831,0.581640114,1.363492945,0.141874674,0.225413723,0.821657437,0.995007564,0.471253911,2.522414423,0.224334312
OS,KLF4,1.341002461,0.943400148,0.962776784,1.906176933,0.179432986,1.635248045,0.10199706,0.995007564,0.700307466,1.422336154,0.450304412
OS,KLRG1,0.855085715,0.609877143,0.589006254,1.198883397,0.172423671,-0.90795865,0.363900069,0.995007564,0.828012343,0.889286834,0.913543125
OS,KLRK1,0.898074645,0.638451557,0.624820586,1.263272143,0.174088599,-0.617513676,0.536895963,0.995007564,0.829465854,0.883258786,0.985131341
OS,KMT2C,1.180310697,0.865541184,0.744010582,1.609551766,0.158257004,1.047522085,0.294858852,0.995007564,0.417479803,2.836787413,0.203497068
OS,KMT2D,0.937129936,0.679395854,0.613241586,1.29263744,0.164093828,-0.395708569,0.692320034,0.995007564,0.797927473,1.013739413,0.66912895
OS,KRAS,0.787475952,0.561211986,0.54375083,1.104962815,0.172826711,-1.382439349,0.166836841,0.995007564,0.737229551,1.265968753,0.565204721
OS,KRT1,0.874239155,0.611128771,0.639498163,1.250626934,0.182680031,-0.735719758,0.461901263,0.995007564,0.323159536,3.481575919,0.083340506
OS,KRT10,0.833769035,0.638403282,0.450517817,1.088921099,0.136219973,-1.334597625,0.182008076,0.995007564,0.482981368,2.457715286,0.210825129
OS,KRT14,0.92490332,0.677501694,0.585146294,1.262647988,0.158817796,-0.491544827,0.623041155,0.995007564,0.782072914,1.079301801,0.578676811
OS,KRT17,1.150700377,0.811398029,0.820490775,1.631888804,0.178251918,0.78748539,0.430997778,0.995007564,0.732836661,1.284417157,0.626207128
OS,KRT18,0.989192783,0.748709283,0.558209681,1.306918964,0.142114076,-0.07645998,0.939053152,0.995007564,0.789778953,1.047423525,0.593946309
OS,KRT19,1.174947686,0.883934393,0.677835436,1.561769829,0.145204739,1.110319298,0.26686146,0.995007564,0.786566411,1.060709513,0.897004001
OS,KRT5,1.282787745,0.944851218,0.796739803,1.741591021,0.156004622,1.596334982,0.110414024,0.995007564,0.739864827,1.254918891,0.480706989
OS,KRT6A.B.C,0.850053786,0.622195876,0.539160967,1.161356843,0.159209389,-1.020389912,0.307543576,0.995007564,0.812722241,0.9525873,0.999987138
OS,KRT7,0.936514466,0.696841117,0.561780573,1.25862169,0.150822943,-0.434882844,0.663647468,0.995007564,0.676638674,1.524450935,0.300846874
OS,KYAT1,1.074686024,0.75430176,0.776849446,1.531151206,0.180611139,0.398804573,0.690037207,0.995007564,0.586700076,1.931713497,0.442169175
OS,L1CAM,1.354655055,0.970668809,0.919873363,1.890542171,0.170062717,1.784911204,0.074275721,0.995007564,0.814766572,0.944132778,0.818180205
OS,LAG3,0.982905099,0.700352366,0.679099578,1.379451944,0.172926129,-0.099711397,0.920573452,0.995007564,0.823045458,0.909869432,0.966607443
OS,LAIR1,1.00548059,0.704884431,0.72938078,1.434265211,0.181221209,0.030159968,0.975939475,0.995007564,0.823946914,0.906135544,0.764659316
OS,LAIR2,1.095851313,0.767204751,0.798075053,1.565279804,0.181907975,0.503174841,0.614841352,0.995007564,0.714752456,1.360783618,0.567477345
OS,LAMA1,0.831791581,0.613473167,0.514330416,1.127803582,0.155332131,-1.18567467,0.235750801,0.995007564,0.786815139,1.05968069,0.804909871
OS,LAMA3,1.184267002,0.896683297,0.667401074,1.564084372,0.141929428,1.191606431,0.233415602,0.995007564,0.618023184,1.785830672,0.549312772
OS,LAMA5,0.758511152,0.543543664,0.514953023,1.058496686,0.170027338,-1.625607864,0.104033101,0.995007564,0.805391197,0.98289321,0.913883169
OS,LAMB3,1.027745595,0.742564724,0.679885029,1.422449754,0.165825957,0.165038463,0.868913708,0.995007564,0.764939345,1.150333455,0.67649314
OS,LAMC2,1.24038495,0.887442292,0.846253338,1.73369563,0.170836587,1.260981496,0.207315514,0.995007564,0.79529051,1.024638289,0.997180136
OS,LAMC3,0.998532539,0.720629027,0.662977786,1.383606813,0.166412375,-0.008824695,0.992959003,0.997966991,0.814974177,0.943274098,0.689004857
OS,LAMP1,0.779434018,0.561069776,0.521714246,1.082784022,0.167718777,-1.48574444,0.137346731,0.995007564,0.799352317,1.00785074,0.953234629
OS,LAMP3,0.982715148,0.711439133,0.645991207,1.357430339,0.164813964,-0.105791877,0.915747482,0.995007564,0.645564143,1.661333643,0.434845742
OS,LAT,0.900248861,0.663938102,0.556729924,1.220668026,0.155350973,-0.676429888,0.498767747,0.995007564,0.816309562,0.937750218,0.937137997
OS,LCK,0.94214849,0.683111689,0.61630068,1.299412369,0.164035934,-0.363288594,0.716389313,0.995007564,0.793854506,1.030574023,0.662393485
OS,LCN2,1.017908234,0.74216666,0.653931048,1.396097708,0.161192361,0.110115459,0.912317808,0.995007564,0.823713304,0.907103239,0.814402055
OS,LCOR,0.803997955,0.569854417,0.564492696,1.134347112,0.175623537,-1.242194281,0.214164889,0.995007564,0.812860351,0.952016193,0.565717562
OS,LCP1,0.771668416,0.558447154,0.507852747,1.066299901,0.165000457,-1.570906764,0.116204307,0.995007564,0.870239839,0.712585315,0.897373717
OS,LDHA,0.843365331,0.616960711,0.535892413,1.152853123,0.15949012,-1.068122868,0.285465092,0.995007564,0.768909147,1.133851365,0.431428084
OS,LDHB,1.159374755,0.856641322,0.712451584,1.569092906,0.154399179,0.957782652,0.338172369,0.995007564,0.529235876,2.213797161,0.222743956
OS,LEF1,1.06255829,0.744215726,0.772857993,1.517073719,0.181688957,0.333974515,0.738398789,0.995007564,0.710720778,1.377910183,0.349066614
OS,LEFTY1,0.89220462,0.644602394,0.590312479,1.234914873,0.165850914,-0.68772475,0.491626131,0.995007564,0.833162813,0.867915478,0.781203349
OS,LEFTY2,0.929142246,0.672969072,0.609861523,1.282830594,0.164575714,-0.446563057,0.655190574,0.995007564,0.831439487,0.8750698,0.876454169
OS,LEPR,0.869397886,0.616967992,0.60814043,1.225108423,0.17499492,-0.799762599,0.423848356,0.995007564,0.810499954,0.961775766,0.864135126
OS,LFNG,0.966755565,0.702436231,0.628099242,1.330535473,0.162957619,-0.207474753,0.835639108,0.995007564,0.490217672,2.418405336,0.159461595
OS,LGALS3,0.984619479,0.729966854,0.598142103,1.328108957,0.152684501,-0.101516711,0.919140292,0.995007564,0.41764487,2.835772879,0.111742971
OS,LGALS9,0.869406034,0.623315006,0.589341267,1.212656272,0.169777732,-0.824283718,0.409778368,0.995007564,0.535260049,2.183225138,0.259379909
OS,LGR5,1.011095034,0.734560676,0.657173461,1.391734137,0.163021676,0.067683856,0.946037301,0.995007564,0.813901495,0.947710625,0.99776314
OS,LIF,0.978112725,0.689393577,0.698354344,1.387747921,0.178479089,-0.123994104,0.901319944,0.995007564,0.797921848,1.01376266,0.515316693
OS,LIG4,0.742547518,0.53771163,0.487701968,1.025413598,0.164678768,-1.807570073,0.070673439,0.995007564,0.824317672,0.904599634,0.620533238
OS,LILRA1,0.966118746,0.664241165,0.740949422,1.405190586,0.191147119,-0.180324594,0.856897749,0.995007564,0.825844592,0.89827284,0.934486569
OS,LILRA3,1.086603476,0.766600614,0.773584837,1.540185452,0.177985964,0.466647774,0.640751901,0.995007564,0.662472598,1.586421325,0.583073063
OS,LILRA4,0.957369296,0.666536891,0.708564743,1.375101634,0.184745087,-0.235817221,0.813574504,0.995007564,0.627143754,1.744238534,0.510153727
OS,LILRA5,0.905464734,0.639456599,0.642673237,1.282129836,0.177467332,-0.559578755,0.575766799,0.995007564,0.803568,0.990428342,0.77774748
OS,LILRB1,1.044048456,0.720836723,0.791346473,1.512183196,0.189007825,0.228064116,0.819596397,0.995007564,0.802004627,0.996889415,0.904067268
OS,LILRB2,1.067628788,0.752469224,0.762318616,1.51478784,0.17849067,0.366630388,0.713894738,0.995007564,0.798905406,1.009697742,0.814071293
OS,LILRB3,0.923488868,0.657555677,0.639416914,1.29697259,0.173283442,-0.459342986,0.645987884,0.995007564,0.776900004,1.100721125,0.879082141
OS,LILRB4,0.984836365,0.712258533,0.649469857,1.36172839,0.165326786,-0.092421678,0.926363017,0.995007564,0.825080164,0.901440524,0.811319606
OS,LOXL2,0.983335568,0.743587104,0.556796986,1.30038409,0.142586559,-0.117857153,0.906180843,0.995007564,0.602706219,1.856553671,0.29815907
OS,LRP1,0.962934029,0.72764448,0.546661821,1.2743063,0.142947692,-0.264225147,0.791606435,0.995007564,0.345566977,3.314952312,0.09865538
OS,LRP5,1.216864526,0.880634276,0.800834769,1.681469045,0.16499811,1.189574173,0.234213802,0.995007564,0.105073105,6.138278299,0.084697248
OS,LRP6,1.228349507,0.877259858,0.842689479,1.719949337,0.171749805,1.197505898,0.23110943,0.995007564,0.400266828,2.944466566,0.174225443
OS,LRRC32,0.934675925,0.693851272,0.565235685,1.259086956,0.152014137,-0.444402177,0.65675184,0.995007564,0.420538248,2.818043465,0.127699306
OS,LTA,0.874882759,0.624300821,0.601742483,1.226043304,0.172175383,-0.776332767,0.437552531,0.995007564,0.830947706,0.87711073,0.827139847
OS,LTB,0.911957921,0.644598603,0.64561091,1.290209513,0.177026747,-0.520607372,0.602640313,0.995007564,0.814983455,0.943235721,0.597519254
OS,LTBP1,1.172372574,0.869859737,0.710231161,1.580090898,0.152274655,1.044359856,0.296318929,0.995007564,0.732211314,1.287046388,0.484989796
OS,LTBR,1.21118042,0.864974072,0.830981977,1.695956049,0.171763965,1.115457703,0.264654334,0.995007564,0.492311967,2.407112713,0.295138734
OS,LTF,1.172460337,0.840293313,0.795639307,1.63593262,0.16995652,0.936147627,0.349197184,0.995007564,0.826564788,0.895287933,0.671292188
OS,LTK,0.927379461,0.667763277,0.620167183,1.28793046,0.167568941,-0.449919023,0.652768831,0.995007564,0.806819656,0.976989167,0.934115983
OS,LY6E,1.144621171,0.846177446,0.702147473,1.548324919,0.154135445,0.876331377,0.380849912,0.995007564,0.814233766,0.946336438,0.710062017
OS,LY86,0.866365269,0.600802346,0.648508319,1.249310665,0.186758841,-0.768095744,0.442430305,0.995007564,0.836129008,0.855592173,0.788771842
OS,LY9,0.919521182,0.647365702,0.658726359,1.306092062,0.179055187,-0.468582898,0.639367804,0.995007564,0.817427529,0.933124923,0.913017714
OS,LY96,0.947358302,0.682940981,0.631210281,1.314151262,0.166977013,-0.323864355,0.746040731,0.995007564,0.805314583,0.983209861,0.949259818
OS,LYN,1.025762031,0.697785149,0.810111294,1.507896444,0.196574946,0.129394829,0.897045239,0.995007564,0.765375421,1.148522087,0.980621269
OS,LYZ,0.975910968,0.68263695,0.712544219,1.395181168,0.182354471,-0.133717139,0.893626252,0.995007564,0.821633549,0.915716273,0.983528207
OS,MAD2L2,1.069973774,0.812817013,0.595672055,1.408489068,0.140249214,0.482242544,0.629633657,0.995007564,0.507754728,2.324967241,0.263099501
OS,MAF,0.620498931,0.44013889,0.43462799,0.874766879,0.175224417,-2.723543937,0.006458562,0.995007564,0.800927214,1.001342074,0.681635044
OS,MAGEA1,0.799976772,0.555432232,0.596756638,1.15218887,0.18614428,-1.19892261,0.230558039,0.995007564,0.879295871,0.674024908,0.787380912
OS,MAGEA12,1.02250144,0.748915973,0.647114067,1.396030039,0.158870524,0.140063849,0.888609543,0.995007564,0.620484242,1.774570547,0.505181196
OS,MAGEA3.A6,0.991583239,0.725732076,0.629089287,1.354821363,0.15924884,-0.053076567,0.957670902,0.995007564,0.674950943,1.531798472,0.770588987
OS,MAGEA4,1.029451618,0.718151577,0.757540557,1.475692135,0.183728311,0.15798464,0.874468902,0.995007564,0.781702728,1.080834011,0.500616415
OS,MAGEB2,0.876617812,0.625764541,0.602267312,1.228031853,0.171991395,-0.765643952,0.443888185,0.995007564,0.76530085,1.148831824,0.445526556
OS,MAGEC1,0.799991902,0.580737583,0.521286914,1.102024497,0.163422704,-1.365499825,0.172096008,0.995007564,0.900959398,0.580157739,0.942479935
OS,MAGEC2,0.839039512,0.624404944,0.503048176,1.12745312,0.150747001,-1.164185546,0.244348826,0.995007564,0.798422927,1.011691753,0.646729403
OS,MAML2,0.873169856,0.628114084,0.585718906,1.213832991,0.168068542,-0.806963482,0.419687523,0.995007564,0.831247074,0.875868365,0.762549855
OS,MAP2K1,0.933296137,0.680639086,0.599101816,1.279740903,0.161069472,-0.428589758,0.6682218,0.995007564,0.76953677,1.131247072,0.798118394
OS,MAP2K2,1.0256242,0.750034693,0.652440431,1.402475125,0.15966478,0.158465775,0.874089788,0.995007564,0.226311951,4.347405448,0.093579383
OS,MAP2K4,0.817803185,0.604870159,0.50082507,1.105695229,0.153884399,-1.307043322,0.191197999,0.995007564,0.875704657,0.689355859,0.943570147
OS,MAP2K6,0.860030081,0.628849014,0.547350237,1.176199252,0.15973568,-0.943983916,0.345177867,0.995007564,0.834841358,0.860943321,0.91049257
OS,MAP3K1,0.811286717,0.590252456,0.52484013,1.115092586,0.162284201,-1.288688301,0.197506471,0.995007564,0.745728154,1.230377396,0.398524123
OS,MAP3K12,1.01748192,0.762806722,0.594377776,1.357184499,0.146983039,0.117910677,0.906138433,0.995007564,0.828479996,0.887347622,0.883909589
OS,MAP3K13,0.90608779,0.651969794,0.60728346,1.259253254,0.167930621,-0.587260848,0.557028532,0.995007564,0.409644054,2.885335997,0.145856923
OS,MAP3K14,0.895044755,0.650574291,0.580807159,1.23138145,0.162767392,-0.68122709,0.495727809,0.995007564,0.320322461,3.503391962,0.088949425
OS,MAP3K20,1.226159693,0.887336113,0.807024761,1.694360874,0.165012481,1.235585836,0.216612552,0.995007564,0.578670956,1.969931379,0.23186693
OS,MAP3K5,0.975797066,0.697682286,0.667093533,1.364775819,0.17117193,-0.143134675,0.886183821,0.995007564,0.138356145,5.50472732,0.083822609
OS,MAP3K7,0.917666402,0.677874016,0.564409365,1.242283382,0.154529612,-0.556018681,0.578198084,0.995007564,0.753788366,1.19673139,0.807934592
OS,MAP3K8,0.9097824,0.647571639,0.630594305,1.278165944,0.173460342,-0.545080379,0.585698236,0.995007564,0.828253737,0.888285876,0.811031548
OS,MAP4K2,0.82032786,0.562834691,0.632787768,1.195622459,0.192206657,-1.030407546,0.302818733,0.995007564,0.64566974,1.660862401,0.278255517
OS,MAPK1,1.079306994,0.77575093,0.725895463,1.501646393,0.168494392,0.452947792,0.650586336,0.995007564,0.647991074,1.650514154,0.552705461
OS,MAPK10,0.930234069,0.68489675,0.578557083,1.263453833,0.156211108,-0.462957073,0.643395137,0.995007564,0.638077451,1.6948586,0.456581686
OS,MAPK11,0.983130107,0.720266207,0.621660984,1.34192719,0.158737913,-0.10718177,0.914644778,0.995007564,0.636087172,1.703809575,0.379889647
OS,MAPK12,1.008851926,0.737883455,0.641443053,1.379326508,0.159585771,0.055224083,0.955959943,0.995007564,0.821794926,0.915048082,0.947940892
OS,MAPK14,1.036143607,0.712765553,0.793471062,1.506236615,0.190875181,0.186015546,0.85243257,0.995007564,0.696652355,1.437998436,0.821370039
OS,MAPK3,0.857692132,0.644226095,0.497664616,1.141890711,0.146020781,-1.05128916,0.293125804,0.995007564,0.824574295,0.903536467,0.834469574
OS,MAPK8,0.908222153,0.676497619,0.542822976,1.219320595,0.150288518,-0.640543068,0.521819599,0.995007564,0.809573808,0.965604573,0.759403976
OS,MAPK8IP1,0.814302902,0.608024532,0.482538728,1.09056326,0.149042117,-1.378287365,0.168114583,0.995007564,0.656646074,1.612114475,0.319999811
OS,MAPK8IP2,1.152815056,0.837537289,0.749236902,1.586774191,0.163011321,0.872373925,0.383004421,0.995007564,0.593456731,1.899823425,0.384905284
OS,MAPK9,0.897304347,0.646605925,0.598596231,1.245202156,0.167175557,-0.64818196,0.516867269,0.995007564,0.804149556,0.988024857,0.869382971
OS,MAPKAPK2,1.06494925,0.739461646,0.794244548,1.533706194,0.186105465,0.338126265,0.735268038,0.995007564,0.168062135,5.051535356,0.033236236
OS,MAPT,1.031298714,0.75854878,0.64357204,1.40212082,0.156720771,0.19664844,0.844102661,0.995007564,0.805426894,0.982745675,0.62633877
OS,MARCO,0.836206539,0.602135728,0.559132975,1.161268703,0.167550404,-1.067616884,0.285693365,0.995007564,0.796600695,1.019223002,0.613908587
OS,MASP1,0.876888406,0.640499538,0.560021666,1.200521204,0.160274036,-0.819693213,0.41239102,0.995007564,0.64202487,1.677154006,0.338360781
OS,MASP2,0.960548639,0.687689992,0.653980962,1.341670954,0.170496233,-0.236079463,0.81337101,0.995007564,0.832063175,0.872481019,0.799014706
OS,MAVS,1.068553378,0.80260999,0.620006643,1.422616634,0.146019073,0.454089657,0.649764297,0.995007564,0.824197096,0.905099148,0.805479253
OS,MBL2,0.794428694,0.561352498,0.562926724,1.124279222,0.177183963,-1.298831132,0.194001888,0.995007564,0.846398743,0.812818005,0.808087973
OS,MBNL1,1.030802618,0.725849001,0.738028519,1.463877521,0.178957886,0.16952446,0.865384134,0.995007564,0.647180844,1.654123662,0.392697166
OS,MBNL3,1.056726437,0.802820036,0.588115305,1.390935342,0.140206947,0.393531586,0.6939269,0.995007564,0.091843863,6.445325187,0.027556552
OS,MCAM,0.991328384,0.688808297,0.737905014,1.426713311,0.185759968,-0.046885415,0.962604553,0.995007564,0.316007718,3.536900291,0.117679143
OS,MCAT,0.967552544,0.690946675,0.663945039,1.354891714,0.171792484,-0.192008089,0.847735869,0.995007564,0.79482605,1.026558086,0.814022846
OS,MCL1,1.001021981,0.720735716,0.669572803,1.390308519,0.167607274,0.00609436,0.995137435,0.997966991,0.434201128,2.73566059,0.281997056
OS,MCM2,1.06051968,0.757157706,0.728268623,1.485426329,0.171912735,0.341795809,0.732504564,0.995007564,0.785744938,1.064107613,0.966994857
OS,MCM4,1.395216916,1.010840123,0.914914702,1.925754825,0.164425526,2.025536465,0.042812308,0.995007564,0.468494956,2.537819793,0.184158872
OS,MCM5,0.926773682,0.680438651,0.581849225,1.262287875,0.157641535,-0.482397504,0.629523594,0.995007564,0.70927688,1.384053587,0.66124914
OS,MCM7,1.107399362,0.826029806,0.658581689,1.484611496,0.149563345,0.682081219,0.495187596,0.995007564,0.333584607,3.4028339,0.077165719
OS,MDC1,0.913327033,0.689571442,0.520116516,1.209687957,0.143382077,-0.632305438,0.527187311,0.995007564,0.181782502,4.867215791,0.045129733
OS,MDM2,1.142868024,0.82159905,0.7681634,1.58976245,0.168392732,0.793032525,0.427758873,0.995007564,0.60500409,1.845871161,0.324418297
OS,MDM4,1.164928109,0.87733207,0.669468219,1.546800289,0.144660358,1.055295164,0.291290352,0.995007564,0.572231046,2.000846419,0.369795677
OS,ME2,1.399357632,0.999857262,0.958624069,1.958481331,0.171511338,1.95913169,0.050097366,0.995007564,0.261961212,3.995400591,0.095889548
OS,MECOM,0.866731365,0.626752001,0.571845303,1.198597304,0.165400057,-0.864728812,0.387187652,0.995007564,0.226566052,4.344721442,0.054197863
OS,MED12,1.121213023,0.825112679,0.698459403,1.523572082,0.156455159,0.731271223,0.464613504,0.995007564,0.66171765,1.589743466,0.367291682
OS,MEF2C,0.876952008,0.642729043,0.553801334,1.196530377,0.158538131,-0.828210919,0.407551061,0.995007564,0.768193564,1.136821136,0.66207601
OS,MEFV,0.828017861,0.59626348,0.553586547,1.149850027,0.167529648,-1.126490479,0.259957968,0.995007564,0.792857067,1.034697246,0.493393246
OS,MELK,1.135158283,0.845688444,0.678022016,1.52371046,0.150194777,0.844051304,0.398640737,0.995007564,0.37184116,3.131163131,0.144350319
OS,MEN1,0.895316942,0.645878646,0.595209649,1.241088295,0.166618444,-0.663657007,0.506909862,0.995007564,0.681061231,1.505241035,0.579338193
OS,MERTK,0.689028023,0.489825414,0.479417102,0.969242517,0.174101624,-2.139401847,0.032403137,0.995007564,0.596571447,1.885203563,0.899444731
OS,MET,1.02841615,0.744739099,0.67540895,1.420148048,0.164666916,0.170161079,0.86488346,0.995007564,0.656392234,1.613236662,0.303670511
OS,MFGE8,0.979024912,0.723674234,0.60080263,1.324476863,0.154194543,-0.137476915,0.890653839,0.995007564,0.755659442,1.188934662,0.42616842
OS,MFNG,0.798970457,0.578387193,0.525291794,1.103678986,0.164839989,-1.361510097,0.173352545,0.995007564,0.503814975,2.345740196,0.16099729
OS,MGMT,1.120978484,0.816117298,0.723603479,1.539720778,0.161941311,0.705205792,0.480682178,0.995007564,0.277618831,3.854424221,0.102224944
OS,MIA,1.085720889,0.793419359,0.692289094,1.485708453,0.160027201,0.513938752,0.607294813,0.995007564,0.653255109,1.627125255,0.295523563
OS,MIB1,1.220241777,0.850274366,0.900913313,1.751187679,0.18431217,1.079955909,0.280161815,0.995007564,0.126656363,5.709047576,0.028305191
OS,MICA,1.006975441,0.719705727,0.689202806,1.408908533,0.171362378,0.040564479,0.967643102,0.995007564,0.818843946,0.927263762,0.700049449
OS,MICB,0.732192349,0.528290606,0.486502446,1.014793052,0.166532004,-1.871784524,0.06123642,0.995007564,0.697541665,1.434184305,0.336244978
OS,MIF,1.058795507,0.755269555,0.729032202,1.484301756,0.172356491,0.331475465,0.740285371,0.995007564,0.82042177,0.920733101,0.658671465
OS,MKI67,0.88141082,0.651780329,0.540162721,1.19194305,0.153990708,-0.819734208,0.412367644,0.995007564,0.808513272,0.96998865,0.43257477
OS,MLF1,1.013783956,0.731617805,0.673156524,1.404774328,0.166424919,0.082258244,0.934441358,0.995007564,0.166441415,5.074233426,0.060144887
OS,MLH1,0.727106009,0.520838401,0.494223368,1.015061769,0.170223771,-1.872141546,0.061187024,0.995007564,0.122917471,5.778140448,0.211204271
OS,MLLT3,0.928580854,0.688831889,0.562942915,1.251774804,0.152380458,-0.486268531,0.626776788,0.995007564,0.203348586,4.602256578,0.100896058
OS,MLPH,0.97939905,0.709661265,0.642001204,1.351662469,0.164365981,-0.126644881,0.899221473,0.995007564,0.828220263,0.888424683,0.922926346
OS,MME,0.945832982,0.678431329,0.640198859,1.318630187,0.169535125,-0.328482239,0.742547071,0.995007564,0.460564635,2.582506529,0.13285026
OS,MMP1,0.727498202,0.515695689,0.510594902,1.026290591,0.175561739,-1.812147416,0.069963422,0.995007564,0.784449828,1.069465677,0.981713174
OS,MMP11,1.147805779,0.876911534,0.62547275,1.502384284,0.137350109,1.003654841,0.315545011,0.995007564,0.818640464,0.928105856,0.607917994
OS,MMP3,0.733218794,0.533941111,0.472929851,1.006870962,0.161818583,-1.917648298,0.055155622,0.995007564,0.793727379,1.031099525,0.835103137
OS,MMP9,0.713945773,0.502749816,0.511111456,1.013861272,0.178939181,-1.883032355,0.059695983,0.995007564,0.42219511,2.807936399,0.157034391
OS,MMRN2,0.953505952,0.695517498,0.611672622,1.30719012,0.160966987,-0.295772519,0.767403811,0.995007564,0.527491954,2.222695281,0.212086383
OS,MNAT1,1.072443199,0.788587661,0.669886105,1.458473765,0.156865696,0.445855345,0.655701741,0.995007564,0.756633444,1.18487794,0.573974941
OS,MNX1,1.007066546,0.73135508,0.65536261,1.38671769,0.163216206,0.043143355,0.965587259,0.995007564,0.62218131,1.766822024,0.369584838
OS,MPL,0.911297481,0.645463068,0.641152912,1.286615981,0.175973332,-0.527840729,0.597609885,0.995007564,0.816491968,0.936995612,0.962983815
OS,MPO,0.914306524,0.649316357,0.638124521,1.287440878,0.174618428,-0.513058093,0.607910684,0.995007564,0.808126944,0.971585587,0.536265176
OS,MPPED1,1.085104738,0.797546279,0.678797254,1.476343533,0.157090606,0.51993252,0.603110609,0.995007564,0.680944858,1.505745719,0.43775208
OS,MR1,0.916081195,0.65438503,0.628047661,1.282432692,0.171640446,-0.510662141,0.609587655,0.995007564,0.779528748,1.089833991,0.496492932
OS,MRC1,0.876777959,0.634615559,0.576731341,1.211346899,0.164918531,-0.797372497,0.425234728,0.995007564,0.805510429,0.982400421,0.620188091
OS,MRE11,1.051622854,0.750420368,0.723301128,1.473721496,0.172174738,0.29234571,0.770022313,0.995007564,0.467413062,2.543880508,0.121224254
OS,MRM2,0.798276383,0.590370452,0.48902839,1.079398843,0.153933776,-1.46361899,0.143298081,0.995007564,0.240367608,4.202940923,0.044072102
OS,MRPL19,0.8672979,0.63980734,0.535867898,1.175675238,0.155214799,-0.917262812,0.359004939,0.995007564,0.536094467,2.179010529,0.361481985
OS,MS4A1,0.852217316,0.607389373,0.588341711,1.195731084,0.172794758,-0.925454687,0.354729444,0.995007564,0.838316223,0.846497055,0.720254411
OS,MS4A2,0.863102135,0.629349719,0.554324911,1.183674629,0.161148848,-0.913579265,0.360937966,0.995007564,0.83757302,0.849588336,0.950810963
OS,MS4A4A,0.867655049,0.647063559,0.516385182,1.163448742,0.149670965,-0.94848759,0.342881288,0.995007564,0.746038768,1.22907891,0.483391461
OS,MS4A6A,0.931844679,0.67081535,0.623631035,1.294446385,0.167692997,-0.420942635,0.673796971,0.995007564,0.791838264,1.038909079,0.583746661
OS,MSH2,1.009381466,0.765447231,0.565605915,1.331053146,0.141141744,0.066158553,0.947251594,0.995007564,0.469746333,2.530823496,0.197498532
OS,MSH6,0.98966934,0.730817684,0.609387164,1.340204848,0.154700223,-0.067125898,0.946481477,0.995007564,0.394062499,2.984233205,0.125719708
OS,MSR1,0.947860324,0.705535898,0.567877963,1.273413862,0.150640268,-0.355470196,0.722237369,0.995007564,0.653063235,1.62797592,0.303939214
OS,MSRB2,0.830728708,0.619116172,0.49555377,1.114669942,0.150008035,-1.236280451,0.216354335,0.995007564,0.822312764,0.912903788,0.923684516
OS,MST1R,0.859212536,0.634371166,0.529373691,1.163744857,0.154789628,-0.980291559,0.32694222,0.995007564,0.780979977,1.08382575,0.713832685
OS,MTF1,0.943129503,0.686778537,0.60838899,1.295167527,0.161835487,-0.3617975,0.71750336,0.995007564,0.82118447,0.917575614,0.942928202
OS,MTF2,1.359044683,0.961663475,0.958969362,1.920632837,0.176468917,1.738447878,0.082131927,0.995007564,0.194436251,4.708419518,0.054323323
OS,MUC1,0.931721884,0.504165025,1.217703064,1.721868089,0.313337756,-0.225701869,0.821433305,0.995007564,0.529774486,2.211053365,0.284125956
OS,MUC4,1.001316911,0.735057232,0.628966566,1.364023798,0.157718695,0.008344256,0.993342324,0.997966991,0.82577435,0.89856394,0.906085124
OS,MX1,1.129437658,0.839479254,0.680069224,1.519548478,0.151376953,0.804084497,0.421348177,0.995007564,0.660637616,1.59449971,0.385703321
OS,MXI1,0.898782323,0.658878882,0.567157776,1.226036659,0.158421862,-0.67360909,0.500559872,0.995007564,0.311874038,3.569384612,0.152769714
OS,MYB,1.073766647,0.769749027,0.72810907,1.497858097,0.169831414,0.419078522,0.675158747,0.995007564,0.587993161,1.925591518,0.434271931
OS,MYBL2,1.487158879,1.075742785,0.980177607,2.055920393,0.165235751,2.401825905,0.01631347,0.995007564,0.670198816,1.552537629,0.352420099
OS,MYC,1.177340307,0.893907426,0.65673435,1.550641776,0.140518387,1.161826016,0.245306144,0.995007564,0.536693836,2.175986101,0.185368557
OS,MYCN,1.264990353,0.909304601,0.850502392,1.759806992,0.168441689,1.395524459,0.162857744,0.995007564,0.770820813,1.125920205,0.983799145
OS,MYCT1,0.885422715,0.610862935,0.672523795,1.28338673,0.189387445,-0.642545783,0.520518873,0.995007564,0.829692441,0.882318865,0.708730681
OS,MYD88,0.616310555,0.404617049,0.534143935,0.938760985,0.214702884,-2.254298059,0.024177423,0.995007564,0.681959143,1.501348452,0.818417011
OS,NAALAD2,0.814847704,0.591982504,0.529633043,1.121615547,0.16302552,-1.255963173,0.209129323,0.995007564,0.836040398,0.855960491,0.865997005
OS,NANOG,1.237280936,0.894738277,0.816224754,1.710963031,0.165380697,1.287430653,0.197944226,0.995007564,0.693149966,1.453041412,0.714617236
OS,NASP,1.084639165,0.795053065,0.684649572,1.479702637,0.158469127,0.512701534,0.608160117,0.995007564,0.720664986,1.335736929,0.35191284
OS,NAT1,0.88055654,0.626024197,0.612553838,1.238578035,0.174067033,-0.73075951,0.464926059,0.995007564,0.766517139,1.143780635,0.434156815
OS,NAT8L,1.394994605,0.977755184,1.012528254,1.990283437,0.181322981,1.835898278,0.066372702,0.995007564,0.611821856,1.81432856,0.348575726
OS,NBN,1.126370938,0.793022151,0.806821547,1.599843697,0.179036469,0.664674108,0.506258958,0.995007564,0.693870674,1.449943068,0.63961618
OS,NCAM1,1.016811271,0.75839513,0.604885198,1.363280328,0.149605951,0.111436249,0.911270417,0.995007564,0.817699031,0.932001541,0.794849543
OS,NCF4,0.872741255,0.640542194,0.548571194,1.189113387,0.157821334,-0.862469923,0.388428977,0.995007564,0.714203232,1.363114403,0.385230772
OS,NCOR1,0.878592473,0.653432019,0.527906991,1.18133901,0.151065359,-0.856808702,0.391550615,0.995007564,0.840172882,0.838770624,0.811070691
OS,NCR1,0.958363179,0.679722892,0.671504194,1.351227085,0.175279549,-0.242632253,0.808290293,0.995007564,0.819970507,0.922601074,0.895178095
OS,NDC1,0.88214047,0.65335827,0.537675569,1.19103384,0.153179179,-0.818675049,0.412971836,0.995007564,0.585634192,1.936766614,0.243244975
OS,NDC80,1.016126585,0.737795197,0.661662594,1.399457791,0.163312662,0.097958927,0.921964908,0.995007564,0.712724152,1.369394905,0.336658226
OS,NDUFA1,0.974301952,0.715343069,0.611662582,1.327005651,0.157635052,-0.165153691,0.868823014,0.995007564,0.825891057,0.89808028,0.900155008
OS,NDUFA11,0.881545189,0.623648187,0.622442056,1.246090243,0.176579703,-0.714006267,0.475223304,0.995007564,0.611160221,1.817379791,0.284295791
OS,NDUFA12,0.871464593,0.624145677,0.592638426,1.216784103,0.170304884,-0.807845548,0.419179501,0.995007564,0.850781323,0.794503265,0.858646365
OS,NDUFA13,0.998238652,0.723554079,0.65364831,1.377202389,0.164195409,-0.010736601,0.991433596,0.997966991,0.59541769,1.890613197,0.240733683
OS,NDUFA2,0.750303148,0.537040399,0.511213726,1.048254125,0.170617421,-1.683755131,0.092229002,0.995007564,0.835400729,0.858619006,0.942432112
OS,NDUFA3,1.157402542,0.714691193,1.1596577,1.874348892,0.245965252,0.594304707,0.552308331,0.995007564,0.121420036,5.806375223,0.054480058
OS,NDUFA4L2,0.920850138,0.659726093,0.625602753,1.285328846,0.170142192,-0.48464153,0.627930649,0.995007564,0.395333449,2.976044241,0.170247752
OS,NDUFA6,0.739779097,0.522341493,0.525389006,1.047730499,0.177569615,-1.697383052,0.089624265,0.995007564,0.83232496,0.871394266,0.955852567
OS,NDUFA7,0.910994995,0.675337188,0.55354802,1.228885209,0.152719796,-0.610385017,0.541606791,0.995007564,0.567947127,2.021544495,0.203374705
OS,NDUFB1,0.882020786,0.621788367,0.629377959,1.251166327,0.178378703,-0.703781638,0.48156877,0.995007564,0.835885571,0.856604017,0.896943795
OS,NDUFB10,0.850283111,0.625015808,0.531725124,1.156740932,0.157039836,-1.032769246,0.301711899,0.995007564,0.588037254,1.925382923,0.441130285
OS,NDUFB11,0.843716624,0.608632788,0.560968582,1.16960137,0.166636519,-1.019816036,0.307815716,0.995007564,0.560715606,2.056732186,0.162424797
OS,NDUFB4,0.97206175,0.711494686,0.616560274,1.32805496,0.159212815,-0.177975293,0.858742379,0.995007564,0.595021657,1.892471674,0.538160934
OS,NDUFB7,1.11632978,0.830777523,0.669253644,1.500031168,0.150737241,0.730053977,0.465357192,0.995007564,0.743194556,1.240974806,0.599749561
OS,NDUFB8,0.559758131,0.387759917,0.420289473,0.808049391,0.187308749,-3.097829119,0.001949438,0.995007564,0.819122569,0.926110658,0.594540978
OS,NDUFS7,1.015193809,0.765161225,0.581768594,1.346929819,0.144261965,0.104528862,0.916749665,0.995007564,0.766863846,1.142341071,0.515293496
OS,NDUFS8,0.801749765,0.602487466,0.464427154,1.06691462,0.14578313,-1.515667376,0.129603481,0.995007564,0.84101519,0.835263511,0.867345953
OS,NECTIN1,0.948332372,0.692810499,0.605285141,1.298095639,0.160180766,-0.331189794,0.740501129,0.995007564,0.739528388,1.256328901,0.724724933
OS,NECTIN2,0.809903593,0.60463549,0.48022281,1.0848583,0.149130005,-1.413800394,0.157420518,0.995007564,0.826390339,0.896010996,0.781410368
OS,NEFL,0.864410031,0.630456368,0.554724304,1.185180672,0.16102504,-0.90487821,0.365529912,0.995007564,0.6833076,1.495507434,0.396383299
OS,NEIL1,0.97566067,0.701547444,0.655329771,1.356877215,0.168281828,-0.14642358,0.883587014,0.995007564,0.733422961,1.281952788,0.710061306
OS,NEUROD1,1.010824089,0.740941618,0.638067624,1.379009242,0.15847198,0.067935846,0.945836704,0.995007564,0.706472473,1.396000631,0.487094236
OS,NF1,0.905256256,0.646329858,0.621581379,1.267911237,0.171895031,-0.579058153,0.562549935,0.995007564,0.815539312,0.940936507,0.857619547
OS,NF2,1.143642471,0.846117877,0.699669226,1.545787103,0.153734924,0.873050285,0.38263567,0.995007564,0.489306389,2.423330742,0.226658443
OS,NFAM1,1.033851416,0.748480728,0.679543682,1.42802441,0.164799401,0.202009637,0.83990919,0.995007564,0.716293384,1.354248085,0.42333373
OS,NFATC1,1.176963058,0.830198218,0.838369614,1.668567832,0.178078901,0.914973312,0.360205641,0.995007564,0.83690131,0.852381524,0.958359978
OS,NFATC2,0.933626723,0.697038893,0.553477924,1.250516817,0.149102482,-0.460613224,0.645076122,0.995007564,0.539644693,2.161131903,0.262029641
OS,NFATC3,0.966137894,0.725917632,0.55993408,1.285851712,0.14585473,-0.236185056,0.813289075,0.995007564,0.704732639,1.403422652,0.593011828
OS,NFATC4,0.823011429,0.608919778,0.503456329,1.112376107,0.153718924,-1.267151668,0.205101064,0.995007564,0.454571737,2.616686258,0.144398331
OS,NFE2L2,1.003843768,0.753379126,0.584197501,1.337576627,0.146443043,0.026197215,0.979100037,0.996191421,0.778465336,1.094237571,0.796014015
OS,NFIL3,0.950868218,0.658894446,0.713328941,1.372223387,0.187152486,-0.269191175,0.787782571,0.995007564,0.815422717,0.941418799,0.653820979
OS,NFKB1,0.976030565,0.701116408,0.65762467,1.358741078,0.1687888,-0.143738069,0.885707309,0.995007564,0.54556391,2.131512569,0.444643464
OS,NFKB2,0.780025383,0.564556269,0.513174387,1.077730655,0.164945073,-1.506130572,0.132033658,0.995007564,0.544574187,2.136448812,0.207158156
OS,NFKBIA,0.955620553,0.721285345,0.544802545,1.26608789,0.143536363,-0.316256839,0.751807569,0.995007564,0.64154102,1.679320708,0.371922311
OS,NFKBIE,0.853195323,0.595011785,0.628396351,1.223408136,0.183884651,-0.863404172,0.387915286,0.995007564,0.74966988,1.213910873,0.796359315
OS,NFKBIZ,1.043556279,0.724627503,0.778227002,1.502854505,0.186091136,0.229104833,0.818787437,0.995007564,0.356643708,3.23604451,0.088597746
OS,NGF,0.989297578,0.700308756,0.697231527,1.397540284,0.17626541,-0.061044903,0.951323448,0.995007564,0.561666545,2.052086944,0.233776626
OS,NGFR,1.072117741,0.761571596,0.747723733,1.509295328,0.174496564,0.399067399,0.689843543,0.995007564,0.659425239,1.599843795,0.324265647
OS,NID2,0.861906445,0.637835508,0.526857755,1.164693263,0.153608081,-0.967452664,0.333317794,0.995007564,0.318963784,3.513900183,0.128658983
OS,NKD1,1.097606648,0.749905878,0.856616206,1.606522084,0.194360516,0.479171579,0.631816571,0.995007564,0.824937884,0.90203005,0.831209062
OS,NKG7,0.829707394,0.586980844,0.585824649,1.172805494,0.17657514,-1.057239306,0.290402385,0.995007564,0.830838172,0.877565261,0.750991033
OS,NKX2.1,1.048795735,0.796056795,0.585719608,1.381776403,0.140679796,0.338659769,0.734866051,0.995007564,0.795708892,1.022908989,0.776757577
OS,NKX2.5,0.885250776,0.650902053,0.553071621,1.203973674,0.156896655,-0.776844554,0.437250487,0.995007564,0.762036335,1.162397515,0.546699648
OS,NKX3.1,1.022546788,0.728290388,0.707403327,1.435693715,0.173141851,0.12877514,0.897535577,0.995007564,0.465060447,2.557098354,0.172030868
OS,NLRC5,0.891580806,0.644892991,0.587739934,1.232632925,0.165264096,-0.694398892,0.487432088,0.995007564,0.51848072,2.269025685,0.231777208
OS,NLRP3,0.831654148,0.587377661,0.590141792,1.177519452,0.177426056,-1.038960212,0.298823241,0.995007564,0.781283888,1.082567706,0.853986151
OS,NOD1,0.915644031,0.685687033,0.537034051,1.222721083,0.147556984,-0.597244538,0.550344128,0.995007564,0.582832906,1.950076452,0.256437988
OS,NOD2,0.880084891,0.629445377,0.601081438,1.230526815,0.171012985,-0.746942747,0.455098121,0.995007564,0.733095827,1.283327735,0.360920281
OS,NOG,0.879601184,0.638869925,0.572171965,1.211041891,0.163149799,-0.786312183,0.431684617,0.995007564,0.669937791,1.553678995,0.300286431
OS,NOS1,0.898467237,0.655399288,0.576282514,1.231681802,0.160944586,-0.665229198,0.505903908,0.995007564,0.812201898,0.954738932,0.68556686
OS,NOS2,0.897489327,0.629720814,0.64939697,1.279117785,0.180781209,-0.598259357,0.549666891,0.995007564,0.743079182,1.241457641,0.448283245
OS,NOS3,0.937798113,0.645031015,0.718415516,1.363446531,0.190940393,-0.336338392,0.736615702,0.995007564,0.827422919,0.891730661,0.738208046
OS,NOTCH1,1.075413326,0.803296334,0.636413737,1.439710071,0.148847978,0.488451897,0.62522979,0.995007564,0.25613767,4.049789897,0.091210118
OS,NOTCH2,1.01477228,0.765692977,0.579183899,1.344876877,0.143695617,0.102050659,0.918716465,0.995007564,0.824577639,0.903522615,0.692717715
OS,NOTCH3,0.954689462,0.716925294,0.554381459,1.271306753,0.146132519,-0.317308994,0.751009153,0.995007564,0.110158584,6.030024217,0.024449079
OS,NPM1,1.308296701,0.929756699,0.911198314,1.840955013,0.174267694,1.542030292,0.123066233,0.995007564,0.781658392,1.081017521,0.663903969
OS,NPM2,0.926257678,0.679901162,0.58197826,1.261879422,0.157760566,-0.485563759,0.627276497,0.995007564,0.836852597,0.852584061,0.928165583
OS,NR3C1,1.007307824,0.723312949,0.679494859,1.402807808,0.168979918,0.043089448,0.965630231,0.995007564,0.064079733,7.259187703,0.0181986
OS,NR4A1,1.138681039,0.852319638,0.668934185,1.521253823,0.147790608,0.878747373,0.379538266,0.995007564,0.831327536,0.875534431,0.959005269
OS,NR4A3,0.92983596,0.647490276,0.687811496,1.335301772,0.184648499,-0.393976099,0.693598685,0.995007564,0.82760828,0.890962169,0.641264952
OS,NRAS,0.854032759,0.636414058,0.509651062,1.14606512,0.150064067,-1.051455753,0.293049321,0.995007564,0.276745751,3.86209357,0.069567707
OS,NRDE2,1.282429259,0.956216088,0.763713983,1.719930071,0.149761678,1.661013291,0.096710777,0.995007564,0.708559289,1.387108691,0.919525133
OS,NRP1,0.82157194,0.60367027,0.514457435,1.118127704,0.157243383,-1.249882632,0.211342425,0.995007564,0.09477217,6.373858877,0.013581646
OS,NSD1,0.827215887,0.626726372,0.465115545,1.091841917,0.141612639,-1.339496046,0.180409241,0.995007564,0.796925154,1.017881986,0.880466677
OS,NSD2,1.039439468,0.774334704,0.620972004,1.395306708,0.150223505,0.257493623,0.796797738,0.995007564,0.614333091,1.802766539,0.318843128
OS,NSD3,1.286327419,0.970871244,0.733410594,1.704281839,0.143549891,1.754032649,0.079424913,0.995007564,0.828013766,0.889280933,0.815416044
OS,NT5E,0.878222529,0.644807691,0.551323839,1.19613153,0.157629372,-0.823801212,0.410052519,0.995007564,0.750333808,1.211139709,0.43459185
OS,NTF3,0.891217355,0.639349382,0.602957872,1.242307253,0.169460907,-0.679607693,0.496752897,0.995007564,0.841302391,0.834067417,0.971662361
OS,NTHL1,0.864221489,0.637490525,0.534101448,1.171591973,0.155252687,-0.939926987,0.347255013,0.995007564,0.842546413,0.828884836,0.990186081
OS,NTRK1,0.957509359,0.688675532,0.642610581,1.331286113,0.168148631,-0.258222642,0.796235085,0.995007564,0.659343167,1.600205756,0.368063229
OS,NTRK2,0.888316573,0.64028479,0.592145446,1.232430236,0.1670516,-0.708925254,0.478370862,0.995007564,0.815969099,0.93915865,0.614849993
OS,NUF2,0.968806823,0.726444376,0.565583881,1.292028257,0.146892148,-0.215736812,0.829192905,0.995007564,0.419126534,2.826681174,0.113049042
OS,NUMBL,1.093946002,0.818348965,0.644007448,1.462356413,0.148093421,0.606315557,0.54430523,0.995007564,0.409733126,2.884779789,0.116357403
OS,NUP107,1.222828276,0.852495176,0.901542893,1.754038069,0.184061629,1.092929777,0.274424633,0.995007564,0.372394302,3.127415814,0.13601792
OS,NUPR1,1.124316505,0.818011195,0.727307026,1.545318221,0.162275715,0.722075389,0.470248129,0.995007564,0.832727037,0.869724945,0.575033125
OS,OAS1,0.974657708,0.698875089,0.66039163,1.359266719,0.169704299,-0.151256851,0.879773106,0.995007564,0.458042407,2.596847965,0.151455064
OS,OAS2,0.975197189,0.710384207,0.628341439,1.338725647,0.161652835,-0.155367418,0.876531669,0.995007564,0.6186096,1.783145109,0.309432159
OS,OAS3,0.805719198,0.575402057,0.55282371,1.128225766,0.17177166,-1.257599691,0.208536565,0.995007564,0.261826437,3.996646857,0.093354475
OS,OASL,0.965645819,0.702710014,0.624255349,1.326965362,0.162172782,-0.215561197,0.829329805,0.995007564,0.714166437,1.363270581,0.39676269
OS,OAT,0.840466623,0.564468604,0.686945804,1.251414408,0.203101934,-0.855718281,0.392153626,0.995007564,0.732947762,1.283950122,0.621407712
OS,OAZ1,1.089538162,0.771148153,0.768236207,1.53938436,0.176344398,0.48628651,0.626764043,0.995007564,0.524698629,2.236993396,0.220970805
OS,OLFML2B,0.977916939,0.726868746,0.588804195,1.315672941,0.151369526,-0.147523364,0.88271894,0.995007564,0.829045555,0.885002103,0.974746462
OS,OPN3,0.856320847,0.607810798,0.598626132,1.206436931,0.174891725,-0.886892457,0.375136803,0.995007564,0.831025393,0.876788343,0.921018051
OS,ORC6,1.018976807,0.752912665,0.626149981,1.379062647,0.15439316,0.121760531,0.903088673,0.995007564,0.814067765,0.947022981,0.673771583
OS,OSM,0.893406584,0.637046075,0.615885784,1.252931859,0.172554086,-0.653206793,0.513622971,0.995007564,0.762353871,1.161077444,0.441298846
OS,OTC,0.878127475,0.617057362,0.632596088,1.24965345,0.180018502,-0.721945282,0.47032812,0.995007564,0.835431086,0.858492854,0.844538854
OS,OTOA,0.879137865,0.627472397,0.604268454,1.231740851,0.17206543,-0.748631209,0.454079516,0.995007564,0.842628782,0.828541588,0.838918316
OS,P2RY13,0.810582217,0.57017747,0.582171694,1.152349164,0.179495703,-1.169958388,0.242017715,0.995007564,0.754484545,1.193829852,0.395796298
OS,P4HA1,1.017591898,0.800375051,0.493385006,1.293760057,0.122509292,0.142347995,0.886805138,0.995007564,0.807788567,0.972984281,0.678725732
OS,P4HA2,0.964277356,0.724406784,0.559168742,1.283575526,0.145934251,-0.249265076,0.803155744,0.995007564,0.788847761,1.05127416,0.635868748
OS,PAK3,0.962371689,0.69390098,0.640812899,1.334713879,0.166876269,-0.229838142,0.818217545,0.995007564,0.831816324,0.873505698,0.929524412
OS,PAK5,1.093608278,0.788287784,0.728898059,1.517185844,0.167030939,0.535724562,0.592148926,0.995007564,0.798191429,1.012648505,0.975372362
OS,PALMD,0.893723035,0.641983065,0.602194401,1.244177466,0.168795958,-0.665651938,0.5056336,0.995007564,0.833013674,0.868534775,0.836095833
OS,PARP12,0.865038313,0.603008036,0.63792283,1.240930866,0.184107095,-0.78748448,0.43099831,0.995007564,0.654223698,1.6228332,0.857191188
OS,PARP4,0.892660525,0.66852078,0.523428426,1.191949206,0.147522546,-0.769705544,0.44147458,0.995007564,0.311002584,3.576281593,0.097440063
OS,PARP9,0.989768821,0.6780969,0.766596798,1.444693698,0.192953139,-0.05329728,0.957495047,0.995007564,0.426930512,2.779229637,0.22249097
OS,PASD1,0.918793664,0.65207315,0.642538962,1.294612112,0.174954657,-0.48408945,0.628322388,0.995007564,0.832112055,0.87227811,0.754737803
OS,PAX3,0.762515169,0.547512783,0.5144339,1.061946683,0.169001368,-1.604323564,0.10864275,0.995007564,0.816476365,0.937060162,0.539360836
OS,PAX5,1.120843285,0.811801121,0.735732675,1.547533796,0.164585284,0.693144201,0.488219061,0.995007564,0.780929687,1.08403393,0.896379064
OS,PAX8,0.893526203,0.639481805,0.609012005,1.24849381,0.170675326,-0.659612736,0.509502379,0.995007564,0.801172819,1.000327057,0.98031826
OS,PBK,0.861786905,0.655298978,0.478041214,1.133340193,0.139755856,-1.06433643,0.28717632,0.995007564,0.827781352,0.890244596,0.70211693
OS,PBRM1,0.892620008,0.675411779,0.504269272,1.179681052,0.142267114,-0.798457978,0.42460477,0.995007564,0.113784594,5.955718713,0.043709147
OS,PBX1,0.955261584,0.68898865,0.635452171,1.324440821,0.166717561,-0.274536563,0.78367231,0.995007564,0.784157214,1.070676392,0.868329973
OS,PBX3,1.009836313,0.747136909,0.617766051,1.364902959,0.153724806,0.063673855,0.949229924,0.995007564,0.797941152,1.013682878,0.985697723
OS,PC,0.824942075,0.606661173,0.51510079,1.121761962,0.1568104,-1.227227957,0.219736925,0.995007564,0.822767044,0.9110225,0.755846003
OS,PCK1,1.046999365,0.753606512,0.701008932,1.454615444,0.16776494,0.273765934,0.784264505,0.995007564,0.788640007,1.052133307,0.907778933
OS,PCK2,0.987472027,0.723618327,0.623916646,1.347534973,0.158617245,-0.079481334,0.936649778,0.995007564,0.825182738,0.901015501,0.812151088
OS,PCNA,0.977909021,0.718659702,0.612020243,1.330679946,0.157160382,-0.142139124,0.886970115,0.995007564,0.50494677,2.339759985,0.16966144
OS,PDCD1,1.004414717,0.718782274,0.684770595,1.403552869,0.170718334,0.025802737,0.979414678,0.996191421,0.821435551,0.916536073,0.651814146
OS,PDCD1LG2,0.927712643,0.649789064,0.674718836,1.3245079,0.181673869,-0.413010667,0.679598798,0.995007564,0.645216194,1.66288674,0.635306794
OS,PDGFA,0.772224336,0.5775134,0.455069438,1.032582837,0.14823918,-1.743669799,0.081216684,0.995007564,0.49841556,2.37441218,0.246665799
OS,PDGFB,0.74287508,0.548857635,0.456618738,1.005476374,0.154435904,-1.924600233,0.05427939,0.995007564,0.467759618,2.541937902,0.213158309
OS,PDGFC,0.921259421,0.670166379,0.59626379,1.266430169,0.162357913,-0.505140823,0.61345993,0.995007564,0.733146789,1.283113527,0.424894967
OS,PDGFD,0.762560098,0.56345752,0.46855977,1.03201729,0.154385172,-1.75582896,0.079117618,0.995007564,0.821684686,0.915504541,0.57443691
OS,PDGFRA,0.871751044,0.636240091,0.558198759,1.19443885,0.160680447,-0.854188538,0.393000533,0.995007564,0.833880878,0.864933327,0.780764311
OS,PDGFRB,0.966798361,0.727661425,0.556863272,1.284524697,0.14497924,-0.232897654,0.81584088,0.995007564,0.344619581,3.321803018,0.143276971
OS,PDK1,1.017594129,0.766784602,0.583656981,1.350441583,0.144385558,0.120795629,0.903852912,0.995007564,0.67591349,1.527606883,0.491779189
OS,PDPN,0.79844344,0.591848335,0.485305876,1.077154211,0.152764909,-1.473447976,0.140630282,0.995007564,0.721021921,1.334227441,0.377960365
OS,PDZK1IP1,0.991086826,0.712113958,0.66723423,1.379348188,0.1686583,-0.053084453,0.957664619,0.995007564,0.826181467,0.896876699,0.859107412
OS,PEBP1,0.921860809,0.690578046,0.540024861,1.230602907,0.147382938,-0.552038345,0.580922082,0.995007564,0.633835354,1.713956785,0.279854791
OS,PECAM1,1.004207938,0.742213094,0.616471615,1.358684709,0.15424671,0.027223331,0.978281607,0.996191421,0.45336989,2.623584407,0.183712037
OS,PF4,0.984558513,0.696140944,0.696329179,1.392470123,0.176860997,-0.087989714,0.929884852,0.995007564,0.821016529,0.918270911,0.758080415
OS,PFKFB3,0.985341671,0.715566074,0.641259302,1.356825377,0.16322469,-0.090469303,0.927914286,0.995007564,0.779062794,1.091763402,0.599594124
OS,PFKM,0.875897005,0.630496033,0.586316639,1.216812672,0.167728412,-0.790007897,0.429523156,0.995007564,0.826332755,0.89624967,0.652175387
OS,PGF,1.286312683,0.92994358,0.849304489,1.779248069,0.16551891,1.521153932,0.128221213,0.995007564,0.485614717,2.443357253,0.147505675
OS,PGM2,0.801934225,0.58306865,0.519886379,1.102955029,0.162616078,-1.35736079,0.1746666,0.995007564,0.709647025,1.382478217,0.707080285
OS,PGPEP1,0.853040693,0.612317204,0.576083871,1.188401075,0.169164739,-0.939604954,0.347420234,0.995007564,0.797560418,1.015256431,0.691657109
OS,PGR,0.890690295,0.643328714,0.58983434,1.233163054,0.165993337,-0.697368381,0.485572284,0.995007564,0.836672903,0.853331159,0.842972357
OS,PHF6,1.084690877,0.792298745,0.69268947,1.484988215,0.160264065,0.507256822,0.61197463,0.995007564,0.572961216,1.997329239,0.233863937
OS,PHGDH,1.136806342,0.842102011,0.692544198,1.534646209,0.153103321,0.837492455,0.402315816,0.995007564,0.701213724,1.418458473,0.457711839
OS,PIAS4,1.147878445,0.828603155,0.761572935,1.59017609,0.16629354,0.829349162,0.40690686,0.995007564,0.413129651,2.863645276,0.22669617
OS,PIK3CA,0.932525209,0.681672091,0.59401937,1.275691461,0.159874085,-0.436963215,0.662138025,0.995007564,0.72390043,1.322064499,0.625548115
OS,PIK3CB,1.117789333,0.821131148,0.700493011,1.521624159,0.157362772,0.707619241,0.479181741,0.995007564,0.11801223,5.871888579,0.057606294
OS,PIK3CD,0.897053404,0.647566861,0.595092172,1.242659034,0.166275172,-0.65337405,0.513515164,0.995007564,0.82978786,0.881923032,0.889363514
OS,PIK3CG,0.927920268,0.666148961,0.626408823,1.292557783,0.169101322,-0.44239434,0.658203874,0.995007564,0.826244758,0.896614385,0.876223001
OS,PIK3R1,0.756255253,0.545343764,0.503392914,1.048736678,0.166820718,-1.674709991,0.093991146,0.995007564,0.705703323,1.399280807,0.383597404
OS,PIK3R2,1.120730223,0.824257316,0.699582642,1.523839957,0.156764605,0.727080312,0.467176759,0.995007564,0.512807593,2.298503835,0.198458602
OS,PIK3R3,1.036785196,0.765698215,0.638149308,1.403847523,0.154641581,0.233603196,0.815293046,0.995007564,0.815947835,0.939246615,0.821313901
OS,PIK3R5,0.892593899,0.650725091,0.573638129,1.22436322,0.161250132,-0.704641671,0.481033259,0.995007564,0.814038002,0.947146073,0.880250713
OS,PIM1,0.974521247,0.67783804,0.723221808,1.401059847,0.185226843,-0.139337027,0.889183832,0.995007564,0.723844825,1.322299284,0.686364001
OS,PIN1,1.022262005,0.761285446,0.611418594,1.37270404,0.150392928,0.146401991,0.883604056,0.995007564,0.790542817,1.044265069,0.832359826
OS,PITX2,0.933241096,0.645432992,0.703954094,1.349387086,0.188137223,-0.367241,0.713439259,0.995007564,0.577691644,1.97461737,0.495352542
OS,PKM,0.854910413,0.621110767,0.55560658,1.176717347,0.163006693,-0.961669688,0.336215554,0.995007564,0.746687922,1.226365694,0.412120091
OS,PKMYT1,1.088689017,0.794190966,0.698200443,1.492391409,0.160924166,0.528038997,0.597472269,0.995007564,0.657908822,1.606535615,0.541934067
OS,PKP3,1.363117766,0.999437962,0.859696987,1.859134949,0.158337985,1.956413375,0.050416478,0.995007564,0.814105191,0.946868198,0.6162404
OS,PLA2G10,0.900338804,0.648558026,0.60130695,1.249864976,0.167360047,-0.627295105,0.530465811,0.995007564,0.753742917,1.196920833,0.488753753
OS,PLA2G1B,0.896228326,0.649771344,0.586394609,1.236165953,0.164071732,-0.667757135,0.504288632,0.995007564,0.833741034,0.865514159,0.853855347
OS,PLA2G2A,1.020124557,0.728415108,0.700240201,1.428655309,0.171844445,0.11594634,0.907695069,0.995007564,0.820802544,0.919156798,0.905026846
OS,PLA2G3,0.931598746,0.669188118,0.627721078,1.296909196,0.168797479,-0.419752046,0.6746666,0.995007564,0.636056684,1.703946819,0.289261841
OS,PLA2G4C,0.928124157,0.659987572,0.645210415,1.305197986,0.173954476,-0.428788999,0.668076786,0.995007564,0.519470507,2.263907525,0.188702437
OS,PLA2G4F,0.946841154,0.681849394,0.632969068,1.314818461,0.167514578,-0.32608467,0.744360296,0.995007564,0.827444151,0.891642636,0.974394703
OS,PLA2G5,0.8655327,0.624347253,0.575540871,1.199888124,0.166655331,-0.86651968,0.386205239,0.995007564,0.83470538,0.861508276,0.899652635
OS,PLA2G6,1.102111358,0.778600196,0.781442365,1.560042561,0.177291701,0.54840557,0.583413453,0.995007564,0.250527638,4.103259944,0.0827665
OS,PLAT,1.177320722,0.876299059,0.705448711,1.58174777,0.150660491,1.083504248,0.278584666,0.995007564,0.841124377,0.8348088,0.824921814
OS,PLAU,0.933626469,0.699910176,0.545475896,1.245386072,0.147004959,-0.467187275,0.640365897,0.995007564,0.699819795,1.424423717,0.376320026
OS,PLAUR,0.830376658,0.601095584,0.546018807,1.14711439,0.164862948,-1.127456952,0.259549331,0.995007564,0.536177111,2.178593357,0.185719277
OS,PLCB1,0.857962275,0.619562878,0.56853165,1.188094528,0.166097917,-0.922318303,0.35636257,0.995007564,0.581158953,1.958050585,0.391328281
OS,PLCB4,1.022566326,0.736037999,0.684597744,1.420635744,0.167752575,0.133026114,0.894172728,0.995007564,0.71178637,1.373379691,0.556003041
OS,PLCE1,0.808390242,0.580881462,0.544123941,1.125005403,0.16862463,-1.261443027,0.207149274,0.995007564,0.485026206,2.446560753,0.157293117
OS,PLCG2,0.930929037,0.666048409,0.635101568,1.301149977,0.170830026,-0.418967491,0.675239891,0.995007564,0.815988594,0.939078004,0.997626323
OS,PLD1,0.836069092,0.607176402,0.544073094,1.151249496,0.163213149,-1.096995092,0.272643538,0.995007564,0.740160068,1.25368171,0.441306689
OS,PLK1,0.879169694,0.647681188,0.545713597,1.193394785,0.155910698,-0.825968635,0.408821884,0.995007564,0.772687809,1.118177768,0.368760629
OS,PLOD2,1.062178817,0.786627825,0.647625838,1.434253663,0.153228495,0.393675382,0.693820719,0.995007564,0.825697633,0.898881863,0.888981278
OS,PMAIP1,1.324148769,0.962506729,0.859163614,1.821670343,0.162749948,1.725160702,0.084498516,0.995007564,0.821703969,0.915424698,0.541251514
OS,PMEL,0.850301816,0.609924899,0.57548855,1.185413449,0.169521243,-0.956599372,0.338769506,0.995007564,0.833811477,0.865221582,0.714073099
OS,PML,0.936055248,0.687345535,0.587412768,1.274758303,0.157572984,-0.419366169,0.674948545,0.995007564,0.769248439,1.13244344,0.499882277
OS,PMS2,0.908156645,0.670618515,0.559214054,1.229832569,0.154705106,-0.622722813,0.533466689,0.995007564,0.547749131,2.120636613,0.212467133
OS,PNMA1,0.914378374,0.680353594,0.548548284,1.228901879,0.150835326,-0.593434045,0.55289071,0.995007564,0.870808971,0.710171379,0.703289944
OS,PNOC,0.938584692,0.668775101,0.648470745,1.317245846,0.172924229,-0.366531546,0.713968477,0.995007564,0.374431325,3.113656816,0.103857877
OS,POLB,0.993327596,0.722463259,0.643280537,1.365743796,0.162448877,-0.04121151,0.967127278,0.995007564,0.50454152,2.341900077,0.471867326
OS,POLD1,0.908549098,0.664711284,0.577123303,1.241834588,0.159439737,-0.601520997,0.547493031,0.995007564,0.749371455,1.215156685,0.718468369
OS,POLD4,0.923308103,0.663049818,0.622672357,1.285722174,0.168938236,-0.472316368,0.636700989,0.995007564,0.827834584,0.890023883,0.71505463
OS,POLE2,1.105531583,0.794187878,0.74474279,1.538930668,0.168758975,0.594494545,0.55218139,0.995007564,0.613347812,1.807299317,0.71461002
OS,POLR1B,0.818699026,0.611375901,0.484951406,1.096327307,0.148984643,-1.342680348,0.179375501,0.995007564,0.312706844,3.562809469,0.134082401
OS,POLR2A,0.775396638,0.575101221,0.47034943,1.045450651,0.152466387,-1.668437187,0.095228971,0.995007564,0.765637213,1.14743476,0.739206279
OS,POLR2D,1.093355139,0.810285112,0.665029493,1.475314605,0.152870248,0.583835497,0.559330994,0.995007564,0.367582354,3.160176201,0.238808678
OS,POLR2H,0.873004639,0.62529019,0.593563251,1.218853441,0.170270998,-0.797636773,0.425081305,0.995007564,0.809159046,0.967319167,0.999868051
OS,POLR2J,0.930680315,0.660989232,0.649419179,1.310408411,0.174583969,-0.41148932,0.680713771,0.995007564,0.817726325,0.931888606,0.986197026
OS,POU2AF1,1.043423694,0.775219205,0.629200341,1.404419546,0.151592971,0.280404289,0.779167347,0.995007564,0.777125981,1.099785021,0.602340741
OS,POU2F2,0.868470386,0.630588367,0.565502221,1.196090588,0.163309219,-0.863526216,0.387848212,0.995007564,0.839015957,0.843585784,0.692523109
OS,POU2F3,1.103487019,0.806385745,0.703665254,1.510050999,0.160037758,0.615324684,0.538340319,0.995007564,0.773433919,1.115084543,0.646789084
OS,PPARGC1A,0.899929665,0.642672127,0.617493621,1.260165748,0.17177965,-0.613801859,0.539346269,0.995007564,0.788228227,1.053836237,0.942045823
OS,PPARGC1B,0.943648943,0.685577727,0.613287874,1.298865601,0.163009288,-0.355814478,0.721979506,0.995007564,0.801949117,0.997118821,0.675617407
OS,PPBP,0.981316637,0.700459873,0.674326006,1.37478588,0.172022598,-0.109637348,0.91269699,0.995007564,0.821264004,0.917246329,0.805342182
OS,PPL,0.835150841,0.615841052,0.516718923,1.132559975,0.155422988,-1.159049415,0.246436043,0.995007564,0.85555285,0.774513483,0.827791167
OS,PPP2CB,1.104696338,0.796532458,0.735550745,1.532083203,0.166869337,0.596697343,0.550709467,0.995007564,0.763383855,1.156796391,0.656196778
OS,PPP2R1A,1.007967598,0.723567552,0.680584245,1.404151796,0.169134431,0.046921397,0.962575874,0.995007564,0.690275014,1.46541589,0.320981655
OS,PPP2R2B,0.900724742,0.657486668,0.576462397,1.233949066,0.160602553,-0.651020604,0.515033186,0.995007564,0.827296794,0.892253542,0.793985364
OS,PPP2R3A,1.013867063,0.757422335,0.599715385,1.35713772,0.148781341,0.092563994,0.92624995,0.995007564,0.777059714,1.100059525,0.620593394
OS,PPP3CA,0.928417352,0.689712847,0.560022871,1.249735718,0.15163851,-0.489809051,0.624269026,0.995007564,0.772360672,1.119534174,0.462828928
OS,PPP3CB,0.869672004,0.629671673,0.571477159,1.201148832,0.164756907,-0.847546533,0.396690562,0.995007564,0.773836675,1.113415005,0.604008328
OS,PPP3CC,1.020126301,0.772116913,0.57568114,1.347798052,0.142117787,0.140210772,0.888493461,0.995007564,0.763416778,1.15665957,0.588987594
OS,PPP3R1,0.866341876,0.648271349,0.509497302,1.157768651,0.147946723,-0.969779321,0.332156503,0.995007564,0.79564266,1.023182742,0.821571272
OS,PPP3R2,0.900010368,0.628786563,0.659438586,1.288225149,0.182969899,-0.575772276,0.564769115,0.995007564,0.830290035,0.879839657,0.614466246
OS,PRAME,0.984598399,0.71685779,0.635480179,1.352337969,0.161919486,-0.095858985,0.92363257,0.995007564,0.826566158,0.895282253,0.916299385
OS,PRC1,0.987497562,0.725352339,0.619030775,1.344383114,0.157409274,-0.079926997,0.936295318,0.995007564,0.413726851,2.85994426,0.151685078
OS,PRDM1,0.930684275,0.659963604,0.652492436,1.312456041,0.17537843,-0.409601022,0.682098647,0.995007564,0.768232101,1.136661188,0.536579615
OS,PRDX5,0.775729725,0.563334236,0.504871046,1.068205282,0.163233125,-1.555757216,0.119765835,0.995007564,0.791227737,1.041433214,0.608042721
OS,PRF1,0.821184791,0.571096908,0.609691241,1.180788149,0.185304044,-1.063156045,0.287711192,0.995007564,0.814622329,0.944729375,0.54690191
OS,PRG2,0.812924257,0.548394888,0.656659831,1.205054719,0.200841606,-1.031247173,0.302424924,0.995007564,0.73418053,1.278769526,0.335882023
OS,PRKAA2,0.858596826,0.62808332,0.545628013,1.173711332,0.159506312,-0.955798036,0.339174281,0.995007564,0.803014215,0.99271703,0.736857516
OS,PRKACA,0.87317981,0.649477209,0.524456179,1.173933388,0.151009794,-0.898046234,0.369160902,0.995007564,0.579175163,1.967520867,0.295226774
OS,PRKACB,0.731362745,0.539354244,0.452371457,0.9917257,0.15537887,-2.013437933,0.044068578,0.995007564,0.633124845,1.717162948,0.2200883
OS,PRKACG,0.83101281,0.57964386,0.611746816,1.191390677,0.183794872,-1.007155787,0.313859916,0.995007564,0.685507786,1.485989133,0.313675183
OS,PRKAR1B,0.823099045,0.562038145,0.643381885,1.20542003,0.194649913,-1.000148094,0.317238844,0.995007564,0.793896174,1.030401779,0.823666246
OS,PRKAR2A,0.580524441,0.384497545,0.491993425,0.87649097,0.210205137,-2.587107918,0.009678527,0.995007564,0.625385453,1.752227813,0.74076868
OS,PRKAR2B,0.952577399,0.718576028,0.544204341,1.262780369,0.143829096,-0.337789209,0.735522042,0.995007564,0.791600813,1.039890769,0.655992258
OS,PRKCA,0.85725509,0.632932517,0.528149066,1.161081583,0.154784334,-0.995060329,0.319706924,0.995007564,0.544449831,2.137069493,0.194730837
OS,PRKCB,0.966714128,0.696882666,0.644141083,1.341023749,0.166985604,-0.202726786,0.839348585,0.995007564,0.719676698,1.339917915,0.480302088
OS,PRKCD,0.811961781,0.604081101,0.487298734,1.091379836,0.150892981,-1.38046188,0.167444479,0.995007564,0.805355941,0.983038927,0.98110609
OS,PRKCE,0.903617267,0.618173235,0.702693018,1.320866253,0.193695987,-0.523239468,0.600807619,0.995007564,0.697382758,1.434865673,0.320944566
OS,PRKCG,0.920361332,0.652561411,0.645500299,1.29806171,0.175442557,-0.473026246,0.636194455,0.995007564,0.611843515,1.81422871,0.208877796
OS,PRKDC,1.361921254,0.975633571,0.925520262,1.901153833,0.170189144,1.815018177,0.069521116,0.995007564,0.476992094,2.490600969,0.16875004
OS,PRKX,1.449055733,0.985329636,1.1456958,2.131025436,0.196784822,1.884861455,0.059448545,0.995007564,0.343489656,3.329995108,0.116813295
OS,PRL,0.983823618,0.701411983,0.678531521,1.379943505,0.17263134,-0.09447096,0.92473505,0.995007564,0.805868852,0.98091903,0.958703805
OS,PRLR,0.910927416,0.655018092,0.611799981,1.266818073,0.168268583,-0.554423519,0.579289034,0.995007564,0.703037509,1.410661592,0.440040847
OS,PRM1,1.105826046,0.734507905,0.930349933,1.664857839,0.208752371,0.481875285,0.629894544,0.995007564,0.59340256,1.900078143,0.501719777
OS,PRMT8,1.103106853,0.792837565,0.741959451,1.534797016,0.168506936,0.582353541,0.560328569,0.995007564,0.638573556,1.692630003,0.354318277
OS,PROM1,0.876999035,0.649191202,0.535555766,1.184746967,0.153461294,-0.855260527,0.392406935,0.995007564,0.272133501,3.902974758,0.077898084
OS,PRR5,0.929848108,0.676178872,0.60250276,1.278681632,0.162535437,-0.44749645,0.65451665,0.995007564,0.810182773,0.963087066,0.655595737
OS,PRUNE1,1.006028863,0.703990715,0.733661874,1.437652588,0.18214665,0.032999575,0.973674927,0.995007564,0.596557104,1.885270772,0.439052451
OS,PSAT1,1.294632946,0.934117153,0.860170062,1.794287215,0.166523791,1.55069263,0.120975362,0.995007564,0.757485952,1.181328299,0.515680133
OS,PSEN1,1.033465744,0.774763727,0.603787445,1.378551172,0.147000211,0.22393134,0.822810729,0.995007564,0.483283629,2.456064134,0.379269594
OS,PSEN2,0.81482627,0.609140789,0.480823734,1.089964523,0.148434107,-1.379604455,0.167708465,0.995007564,0.845136789,0.818084332,0.613568513
OS,PSMB10,0.969559907,0.694653443,0.658606118,1.353259561,0.170120058,-0.181712934,0.855808015,0.995007564,0.272231545,3.902099246,0.06660114
OS,PSMB2,0.870501504,0.634607417,0.559473915,1.194081331,0.161259556,-0.860015961,0.389780244,0.995007564,0.383255155,3.054785922,0.089590766
OS,PSMB5,0.763643685,0.539127257,0.542531425,1.081658682,0.177630641,-1.518060048,0.128999262,0.995007564,0.878212282,0.678656575,0.937514337
OS,PSMB7,0.916911822,0.669391927,0.586564792,1.25595672,0.160534368,-0.540345172,0.588959012,0.995007564,0.765418501,1.148343152,0.461311701
OS,PSMB8,0.677220647,0.472936798,0.496807586,0.969744384,0.183184681,-2.127678683,0.033363734,0.995007564,0.753456823,1.198113435,0.653682841
OS,PSMB9,0.754207181,0.520713378,0.571688885,1.092402263,0.18901743,-1.492392384,0.13559631,0.995007564,0.818869653,0.927157371,0.913625077
OS,PSMC4,0.90898995,0.595147802,0.793184184,1.388331986,0.216087775,-0.441585556,0.658789138,0.995007564,0.171320645,5.006515827,0.078691077
OS,PSMD7,0.989809666,0.731365354,0.608215704,1.339581059,0.154390354,-0.066342296,0.94710531,0.995007564,0.824584644,0.903493593,0.775284607
OS,PSPH,0.979964115,0.714595417,0.629283434,1.343878851,0.161125115,-0.125612478,0.900038685,0.995007564,0.402696413,2.929035512,0.157777905
OS,PTCD2,0.807581554,0.584636879,0.530906784,1.115543663,0.164826044,-1.29658656,0.194773479,0.995007564,0.785272007,1.066064097,0.460087637
OS,PTCH1,1.149767293,0.841343643,0.72991067,1.571254314,0.159347141,0.875820973,0.381127366,0.995007564,0.649726094,1.642793402,0.540969075
OS,PTCRA,1.006874789,0.701739319,0.742952196,1.444691515,0.184209788,0.037192731,0.970331335,0.995007564,0.816008922,0.938993915,0.675182781
OS,PTEN,1.073011279,0.781450321,0.691903996,1.473354317,0.161774745,0.435599358,0.663127437,0.995007564,0.771183757,1.12441482,0.698298287
OS,PTGDR2,0.861013712,0.616779504,0.585181014,1.201960518,0.170206616,-0.879195254,0.379295417,0.995007564,0.813617699,0.94888429,0.576070845
OS,PTGER4,0.998223278,0.711159746,0.690001833,1.401161579,0.173003125,-0.010279016,0.991798676,0.997966991,0.549805813,2.110428882,0.231969008
OS,PTGS2,0.877254898,0.639426007,0.564116149,1.203542156,0.161343111,-0.811671973,0.41697988,0.995007564,0.831262558,0.875804102,0.736059888
OS,PTPN11,1.081152236,0.777882528,0.724773871,1.502656399,0.167965901,0.464542848,0.642258868,0.995007564,0.683439408,1.494936794,0.469449352
OS,PTPN5,0.777482379,0.54801592,0.555015629,1.103031549,0.178450546,-1.410442868,0.158408955,0.995007564,0.840267644,0.838376123,0.726996838
OS,PTPRC,0.882708045,0.634212135,0.594357059,1.228569194,0.168682186,-0.739620326,0.459530405,0.995007564,0.80869642,0.969231567,0.715770407
OS,PTPRR,0.852393806,0.597964262,0.617117051,1.215081313,0.180879673,-0.88294413,0.377266459,0.995007564,0.801584415,0.998626039,0.974124237
OS,PTTG1,0.984235129,0.743317512,0.559919359,1.303236871,0.143238106,-0.11093737,0.911666012,0.995007564,0.801069026,1.000756004,0.70769217
OS,PTTG2,0.763054835,0.535056438,0.553151536,1.088207974,0.181104177,-1.493203449,0.13538394,0.995007564,0.705044369,1.402092253,0.82449262
OS,PUM1,1.222499293,0.878724589,0.822040975,1.700765564,0.168462849,1.192532148,0.233052653,0.995007564,0.747131732,1.224511131,0.413953615
OS,PURA,0.966825491,0.712325816,0.59992696,1.312252776,0.155861334,-0.21645692,0.828631602,0.995007564,0.767475559,1.139801491,0.478925
OS,PVR,1.076910359,0.796558195,0.659375508,1.455933703,0.153855507,0.48159578,0.630093124,0.995007564,0.626745363,1.746047529,0.32904919
OS,PVRIG,1.205225267,0.85889245,0.832318067,1.691210517,0.172849126,1.079938888,0.280169395,0.995007564,0.532275412,2.198340007,0.284208377
OS,PYCARD,0.808321256,0.597835678,0.495078774,1.092914452,0.153902646,-1.382664377,0.1667678,0.995007564,0.818305001,0.929494079,0.593973609
OS,PYCR1,0.880817928,0.635599249,0.585044455,1.220643704,0.166473817,-0.762308105,0.445876138,0.995007564,0.826834301,0.894170782,0.57022277
OS,PYCR2,0.84040962,0.565440234,0.683654342,1.249094576,0.202189844,-0.859913928,0.38983649,0.995007564,0.609177295,1.826536947,0.700823149
OS,PYCR3,1.140832075,0.832736825,0.730179315,1.56291614,0.160612905,0.820344332,0.412019841,0.995007564,0.753838761,1.196521329,0.682823464
OS,RAB7A,0.863111839,0.62385756,0.570264454,1.194122014,0.165626616,-0.88881248,0.374103868,0.995007564,0.714395389,1.362298848,0.72079841
OS,RAC1,1.026332144,0.75975519,0.626688343,1.386443532,0.15344692,0.16938379,0.865494773,0.995007564,0.278292319,3.848522978,0.062493763
OS,RAC2,0.828458145,0.591447891,0.568997363,1.160445255,0.171938228,-1.094514958,0.273729191,0.995007564,0.727419253,1.307220342,0.404733485
OS,RAC3,0.910494946,0.679048456,0.541779071,1.220827526,0.149643495,-0.626602119,0.530920079,0.995007564,0.813237899,0.950454929,0.948162201
OS,RAD21,1.111692457,0.823452866,0.67737392,1.500826786,0.153131669,0.691454552,0.489279932,0.995007564,0.468863311,2.535758826,0.184101931
OS,RAD50,0.816164394,0.594058193,0.527253364,1.121311557,0.162063445,-1.253456521,0.210039613,0.995007564,0.494125004,2.397366671,0.253564645
OS,RAD51,1.045336216,0.742897846,0.728001294,1.47089914,0.174255908,0.254445153,0.799151672,0.995007564,0.734397843,1.277856593,0.809638379
OS,RAD51C,0.838362783,0.610625185,0.540411775,1.15103696,0.161721133,-1.090175124,0.275636009,0.995007564,0.636868406,1.700294129,0.346865516
OS,RAD52,1.235532675,0.897883204,0.802272213,1.700155416,0.162869051,1.29860272,0.194080304,0.995007564,0.64555585,1.661370657,0.499478445
OS,RAF1,0.790213274,0.586313023,0.478710256,1.065023279,0.152272727,-1.54625459,0.122043094,0.995007564,0.561237904,2.054180127,0.497752709
OS,RAG1,0.879104471,0.630694018,0.594661937,1.225355954,0.169433171,-0.760485894,0.446964198,0.995007564,0.833250534,0.867551207,0.993011846
OS,RANBP2,1.077754828,0.784910567,0.694946523,1.479857091,0.161771089,0.462876367,0.643452988,0.995007564,0.297438883,3.685906991,0.15379333
OS,RASA4,1.172863122,0.826557801,0.837703189,1.66426099,0.17854068,0.893061864,0.371824044,0.995007564,0.529949442,2.210162546,0.226503895
OS,RASAL1,0.994920137,0.720042253,0.654691069,1.374733322,0.164978835,-0.030869471,0.975373637,0.995007564,0.824762831,0.902755344,0.87981293
OS,RASGRF1,0.877988,0.636562666,0.574414618,1.210977284,0.164059167,-0.793142831,0.427694611,0.995007564,0.821312979,0.917043563,0.96274563
OS,RASGRF2,0.944969609,0.687215239,0.612184876,1.299400116,0.16250565,-0.348311041,0.727606603,0.995007564,0.831493826,0.874844271,0.901192301
OS,RASGRP1,0.945946536,0.683869982,0.624587578,1.308457561,0.16552255,-0.335719982,0.737082036,0.995007564,0.774382556,1.111152394,0.47486469
OS,RB1,1.318984601,0.927646139,0.947767669,1.875413807,0.179578368,1.541734685,0.12313808,0.995007564,0.727326289,1.307612173,0.633608627
OS,RBL2,1.29709385,0.96515742,0.778032263,1.743189682,0.150814161,1.724813243,0.084561134,0.995007564,0.741838352,1.246651925,0.565963924
OS,RBP4,1.07273509,0.768763364,0.728134935,1.496898299,0.169994767,0.413021804,0.679590639,0.995007564,0.820174296,0.921757521,0.848908664
OS,RBX1,0.866130112,0.627464729,0.568110634,1.195575363,0.164466125,-0.873858592,0.382195267,0.995007564,0.761668512,1.163926792,0.733458724
OS,REL,1.005669263,0.726925878,0.664372324,1.391298202,0.165607133,0.034136533,0.972768276,0.995007564,0.772313974,1.119727804,0.854327066
OS,RELA,0.949134412,0.714992527,0.544959286,1.259951813,0.144532417,-0.361198245,0.717951254,0.995007564,0.780971833,1.083859462,0.744140882
OS,RELB,0.950430028,0.672952744,0.669366231,1.342318976,0.176145804,-0.288628706,0.772865526,0.995007564,0.685130064,1.487622153,0.309729991
OS,RELN,1.220973209,0.901902797,0.751019868,1.652922666,0.154542014,1.291870398,0.196402031,0.995007564,0.710834649,1.377425911,0.806303227
OS,REN,1.012906498,0.721878058,0.699386326,1.421264384,0.172821016,0.074203471,0.940848484,0.995007564,0.71348492,1.366163854,0.438867261
OS,REPS1,1.026567878,0.74412927,0.672078438,1.416207707,0.164167093,0.159721903,0.873100146,0.995007564,0.273144806,3.893957669,0.096681329
OS,RET,1.042705839,0.735924379,0.741449515,1.477373895,0.177782355,0.235226396,0.81403302,0.995007564,0.832120155,0.872244484,0.734913425
OS,RFC3,0.94963196,0.700741936,0.586180985,1.28692292,0.155071633,-0.333270369,0.738930204,0.995007564,0.113354333,5.964416476,0.016281328
OS,RFC4,1.051086937,0.776908119,0.645118142,1.422026262,0.154216095,0.323084348,0.746631364,0.995007564,0.782465182,1.077678286,0.8944668
OS,RGMB,0.930571954,0.712862582,0.501907535,1.214770117,0.135977362,-0.529175417,0.596683768,0.995007564,0.707334814,1.392324839,0.401983577
OS,RHOA,0.840609422,0.634123047,0.480209894,1.114332942,0.143821069,-1.207251129,0.227335445,0.995007564,0.753373318,1.198461554,0.562853279
OS,RHOB,1.105849457,0.788145984,0.76347395,1.551619935,0.172802015,0.582248875,0.560399057,0.995007564,0.796472465,1.019752992,0.674387563
OS,RICTOR,0.975646917,0.69923804,0.662082214,1.361320254,0.169956963,-0.145063334,0.884660867,0.995007564,0.815477812,0.9411909,0.923101906
OS,RIMKLA,1.058889989,0.770540343,0.684604762,1.455145105,0.162188922,0.35280572,0.724234096,0.995007564,0.603506992,1.852827998,0.29330798
OS,RIMKLB,1.15218108,0.8341396,0.757346095,1.591485695,0.164804682,0.859543161,0.390040918,0.995007564,0.813127668,0.950910771,0.907253575
OS,RIN1,1.068070802,0.7721446,0.705266806,1.477411406,0.165532365,0.397831762,0.690754203,0.995007564,0.736185092,1.270351757,0.421641122
OS,RIPK1,0.601299679,0.423572357,0.4300275,0.853599857,0.178763024,-2.84545329,0.004434826,0.995007564,0.402635269,2.929422896,0.153299302
OS,RIPK2,0.973483222,0.697911693,0.65995291,1.357864603,0.169792921,-0.158279206,0.874236793,0.995007564,0.784115158,1.070850408,0.882293366
OS,RIPK3,0.674621567,0.498440017,0.414637272,0.913077288,0.154425612,-2.548821931,0.010808747,0.995007564,0.941041983,0.396124166,0.874031746
OS,RNF43,0.902217438,0.659350069,0.575193375,1.234543444,0.160003423,-0.643109529,0.520153032,0.995007564,0.703828694,1.407281946,0.38626636
OS,RNLS,0.819806698,0.578913018,0.582026538,1.160939556,0.177511598,-1.119288556,0.263017057,0.995007564,0.845523555,0.816470631,0.920314684
OS,ROBO4,0.941449702,0.670692568,0.650818334,1.321510902,0.173018517,-0.348716179,0.727302397,0.995007564,0.416180169,2.844786874,0.116521088
OS,ROCK1,1.351055196,0.945891238,0.983876233,1.929767471,0.181898037,1.654146023,0.098097847,0.995007564,0.205942537,4.572169802,0.04665816
OS,ROPN1,0.952158339,0.693372594,0.614157457,1.307530051,0.161821257,-0.302951146,0.761927093,0.995007564,0.605989374,1.841298709,0.384880561
OS,ROR2,0.894009736,0.66342055,0.541325683,1.204746233,0.152200533,-0.736124972,0.461654647,0.995007564,0.801497088,0.998986939,0.668010479
OS,RORA,0.986528099,0.71316089,0.651520913,1.364681803,0.165556492,-0.08192654,0.934705129,0.995007564,0.753250755,1.198972515,0.400286797
OS,RORC,1.039607441,0.74047352,0.719110924,1.459584444,0.173119807,0.224371674,0.822468109,0.995007564,0.633018988,1.717640809,0.323233886
OS,RPA3,0.930066975,0.667794056,0.627552271,1.295346327,0.169021867,-0.428930768,0.667973608,0.995007564,0.771492173,1.123135699,0.639721247
OS,RPL23,1.117741145,0.796652091,0.771592417,1.568244509,0.172782273,0.644220104,0.519432716,0.995007564,0.803267927,0.991668488,0.63793722
OS,RPL7A,1.13132052,0.818685911,0.744656148,1.563342059,0.165023605,0.747684258,0.454650628,0.995007564,0.711587859,1.374223472,0.399549536
OS,RPLP0,0.884605792,0.639707171,0.583551599,1.22325877,0.165376297,-0.741419225,0.458439291,0.995007564,0.834676599,0.861627852,0.955816111
OS,RPS27A,1.013140399,0.734052778,0.664284644,1.398337422,0.164405655,0.079406108,0.93670961,0.995007564,0.633139509,1.717096757,0.356518912
OS,RPS6,1.122360753,0.834980795,0.673669066,1.508649861,0.150911363,0.76491445,0.444322489,0.995007564,0.619868201,1.777386526,0.294157002
OS,RPS6KA5,1.297994051,0.953642074,0.8130465,1.766688574,0.157292124,1.658188781,0.097279369,0.995007564,0.376608554,3.09902149,0.687349969
OS,RPS6KA6,0.838953455,0.60884775,0.547176723,1.156024473,0.163567797,-1.073561263,0.283019367,0.995007564,0.448285411,2.652931683,0.118647597
OS,RPS6KB1,1.042461113,0.770698911,0.639352611,1.410051522,0.154105828,0.269842958,0.787281072,0.995007564,0.613618567,1.806053251,0.387032895
OS,RPTOR,0.90160688,0.648384222,0.605339941,1.253724162,0.168214896,-0.615740273,0.538065953,0.995007564,0.648133548,1.649879711,0.36889174
OS,RRAD,1.032932933,0.764064569,0.632349411,1.39641398,0.153832033,0.21063405,0.833172841,0.995007564,0.641797257,1.678173147,0.288146847
OS,RRAS2,0.944978516,0.672970251,0.653959718,1.32692997,0.173197604,-0.326754441,0.74385362,0.995007564,0.821963547,0.914349867,0.99851039
OS,RRM2,1.042131276,0.787674738,0.591114685,1.378789423,0.142828116,0.288934149,0.772631771,0.995007564,0.711356116,1.375208631,0.392101874
OS,RSAD2,0.996036629,0.701957775,0.711359381,1.413317156,0.178529189,-0.022244241,0.982253127,0.997899637,0.804242789,0.987639536,0.984281645
OS,RUNX1,1.235018068,0.836539204,0.986769999,1.823309203,0.198762577,1.061998707,0.288236272,0.995007564,0.812613538,0.953036799,0.646800337
OS,RUNX1T1,1.065538308,0.793622087,0.636998235,1.430620322,0.150323179,0.422290998,0.672812628,0.995007564,0.771580106,1.122771023,0.668660395
OS,RUNX3,0.9046077,0.659407314,0.581578455,1.240985769,0.16130906,-0.621502037,0.534269354,0.995007564,0.626277987,1.748170657,0.312008841
OS,RXRG,0.931084838,0.679970755,0.594964922,1.274935678,0.1603604,-0.445277513,0.656119216,0.995007564,0.448049928,2.654297386,0.26431582
OS,RYBP,0.756781047,0.525887704,0.563161437,1.089049141,0.185710695,-1.500620661,0.133453704,0.995007564,0.155709106,5.230007737,0.052179167
OS,S100A12,0.942206506,0.680543349,0.623933583,1.304476932,0.165989249,-0.35864255,0.719862511,0.995007564,0.833498451,0.866521648,0.880688071
OS,S100A7,0.934949164,0.667061813,0.643356385,1.310418199,0.172252881,-0.390490542,0.696173847,0.995007564,0.830170092,0.880337292,0.958898299
OS,S100A8,0.848183262,0.62484784,0.526496215,1.151344055,0.155915395,-1.056076314,0.290933351,0.995007564,0.817109899,0.93443911,0.920461818
OS,S100A9,0.870579466,0.647408263,0.52327282,1.170681083,0.15111601,-0.91715124,0.359063394,0.995007564,0.806680607,0.977563895,0.870951026
OS,S100B,0.880588875,0.620339115,0.629681637,1.250020751,0.178740311,-0.711447904,0.476806723,0.995007564,0.763008625,1.158355859,0.879007181
OS,SAA1,0.975148315,0.683306665,0.708329456,1.391636121,0.181455284,-0.13868817,0.889696567,0.995007564,0.819190112,0.925831117,0.955070892
OS,SAMD9,0.846044264,0.579759753,0.654873892,1.234633645,0.192839197,-0.866958592,0.385964698,0.995007564,0.677215159,1.521943336,0.749467877
OS,SAMSN1,0.921058749,0.661516075,0.620915679,1.282431754,0.168875317,-0.48693591,0.62630375,0.995007564,0.805801903,0.981195737,0.975906405
OS,SBNO2,1.037024796,0.773252986,0.617521376,1.390774362,0.149750122,0.242776699,0.808178387,0.995007564,0.826663537,0.894878622,0.833561549
OS,SDHA,0.992779519,0.749179286,0.566408574,1.31558786,0.143640538,-0.050450064,0.959763742,0.995007564,0.784452987,1.069452606,0.840523591
OS,SELE,0.838676015,0.597859436,0.578633593,1.176493028,0.17269134,-1.01875869,0.308317542,0.995007564,0.790406638,1.044828132,0.972780598
OS,SELENOK,0.767264602,0.573268796,0.453640349,1.026909145,0.148715495,-1.781411905,0.074845185,0.995007564,0.560372727,2.058408478,0.303486036
OS,SELL,0.774484231,0.50127913,0.69531133,1.19659046,0.221960307,-1.151367929,0.249580902,0.995007564,0.767240346,1.14077795,0.992566135
OS,SELP,0.962146444,0.677125603,0.690014814,1.367140417,0.17924303,-0.215286539,0.829543924,0.995007564,0.820902775,0.918741852,0.985980665
OS,SELPLG,0.887135879,0.635968179,0.601530949,1.237499129,0.169824361,-0.705182216,0.480696847,0.995007564,0.734472007,1.277545048,0.392319433
OS,SEMG1,0.915559786,0.655501048,0.623291298,1.278792346,0.170480564,-0.517476071,0.604823869,0.995007564,0.792568689,1.035889396,0.896072052
OS,SERINC1,0.882321742,0.647975833,0.553444985,1.201420819,0.157504616,-0.794887831,0.426678753,0.995007564,0.739152055,1.257906343,0.667360423
OS,SERINC2,0.908151711,0.644149457,0.63620485,1.280354306,0.175248461,-0.549755648,0.582486983,0.995007564,0.666719493,1.567770608,0.710052251
OS,SERINC3,1.133306237,0.849623803,0.662084111,1.511707914,0.146992929,0.851328262,0.39458703,0.995007564,0.722474361,1.328087972,0.5220409
OS,SERINC5,0.938935648,0.707745607,0.537899923,1.24564553,0.144218073,-0.436896247,0.662186594,0.995007564,0.741243686,1.249142224,0.423675388
OS,SERPINA1,0.967928622,0.688768456,0.671464883,1.36023334,0.173601756,-0.187768444,0.851058174,0.995007564,0.743014046,1.241730245,0.471539551
OS,SERPINB2,1.025719281,0.742059571,0.675751187,1.417810758,0.165166228,0.153748768,0.877807831,0.995007564,0.757279925,1.182186059,0.78848902
OS,SERPINB5,1.058616931,0.757175033,0.722892002,1.480067035,0.170984829,0.333148116,0.73902248,0.995007564,0.797533941,1.015365859,0.954545956
OS,SERPING1,0.938755539,0.689044451,0.589917973,1.278962425,0.157783164,-0.400550818,0.688750862,0.995007564,0.741810747,1.246767514,0.546548954
OS,SERPINH1,0.80105184,0.56952955,0.557161857,1.126691407,0.174041461,-1.27457914,0.202458245,0.995007564,0.572984195,1.997218601,0.402111678
OS,SETBP1,1.233142806,0.893904506,0.807218119,1.701122625,0.164147079,1.276696718,0.201709341,0.995007564,0.742357318,1.244479141,0.687025408
OS,SETD2,0.90323529,0.68065153,0.517955912,1.198607442,0.144356026,-0.705008284,0.480805081,0.995007564,0.043590678,8.120255544,0.025643448
OS,SF3A1,1.117569812,0.809268916,0.734052791,1.543321707,0.16468697,0.674956356,0.499703494,0.995007564,0.826079717,0.897298404,0.837277327
OS,SF3B1,1.029454968,0.748663078,0.666896955,1.415560033,0.162500808,0.17864222,0.858218641,0.995007564,0.212443682,4.498280859,0.115630375
OS,SFN,0.992841554,0.746564244,0.57379681,1.320361054,0.145456456,-0.04939066,0.960607971,0.995007564,0.530760895,2.206033717,0.322013464
OS,SFRP1,0.91740221,0.672303572,0.579551765,1.251855337,0.158592714,-0.543589205,0.58672419,0.995007564,0.371987209,3.13017324,0.112838545
OS,SFRP2,1.194481289,0.834418638,0.875497088,1.709915726,0.183029926,0.970945178,0.331575579,0.995007564,0.716358406,1.353972431,0.453166706
OS,SFRP4,0.821462595,0.594013097,0.54199013,1.136003227,0.165403568,-1.18902438,0.234430073,0.995007564,0.802887562,0.993240459,0.90376793
OS,SFXN1,1.064267737,0.782975572,0.663641485,1.446617056,0.156605313,0.397732304,0.690827523,0.995007564,0.3871984,3.028850177,0.199702769
OS,SGK1,0.770567768,0.542831785,0.551014783,1.093846569,0.178742121,-1.458121188,0.144807142,0.995007564,0.608094579,1.831544944,0.239068149
OS,SGK2,1.018546159,0.733226359,0.681665871,1.41489223,0.167695474,0.109581231,0.912741496,0.995007564,0.786026888,1.062941262,0.921972835
OS,SH2B2,0.978972131,0.677251835,0.737859034,1.415110869,0.187993242,-0.11304717,0.909993158,0.995007564,0.571978143,2.002065356,0.605724127
OS,SH2D1A,0.867581899,0.628649612,0.56867611,1.197325722,0.164358055,-0.864243397,0.387454197,0.995007564,0.83160563,0.874380225,0.881258328
OS,SH2D1B,0.956176952,0.666617118,0.704896362,1.371513481,0.184047845,-0.243481723,0.807632242,0.995007564,0.826347334,0.896189241,0.688306176
OS,SHC1,0.913437884,0.664293945,0.591729499,1.256023443,0.162498209,-0.557174779,0.57740802,0.995007564,0.591184189,1.910522297,0.264011469
OS,SHC2,1.335518995,0.961197441,0.894416097,1.855613538,0.167806866,1.724124785,0.084685319,0.995007564,0.822103302,0.913771166,0.67809321
OS,SHC3,0.822902299,0.577229765,0.595904807,1.173134572,0.180920205,-1.077368879,0.281315502,0.995007564,0.845045794,0.818463946,0.736886048
OS,SHC4,0.870137883,0.62433484,0.588379696,1.212714536,0.169372938,-0.821285827,0.411483479,0.995007564,0.820765895,0.919308522,0.899108468
OS,SIGIRR,0.916445346,0.669524502,0.584906173,1.254430675,0.160173693,-0.544738932,0.585933085,0.995007564,0.743612504,1.239225891,0.609272996
OS,SIGLEC1,0.946593148,0.687831213,0.614870045,1.302701258,0.162924371,-0.33687962,0.736207649,0.995007564,0.816761422,0.935880853,0.643759601
OS,SIGLEC5,0.870218629,0.624616342,0.587776627,1.212392969,0.169190287,-0.821624008,0.411290921,0.995007564,0.796258154,1.02063877,0.527462919
OS,SIGLEC8,0.845693459,0.617434749,0.540902107,1.158336856,0.160504765,-1.044195334,0.296395025,0.995007564,0.815419499,0.941432108,0.599557698
OS,SIN3A,0.948479292,0.682672867,0.635107598,1.317780465,0.167780724,-0.315264593,0.752560766,0.995007564,0.559239412,2.063954253,0.270716915
OS,SIRPA,1.041830771,0.763651684,0.657691813,1.421343497,0.158484048,0.258571903,0.795965564,0.995007564,0.662582966,1.585935821,0.307043823
OS,SIRPB2,0.944426946,0.669509734,0.662722213,1.332231947,0.175530079,-0.325738711,0.744622053,0.995007564,0.827379652,0.891910036,0.722288336
OS,SIRT4,0.91488263,0.657996324,0.614062798,1.272059122,0.168164539,-0.529002705,0.596803574,0.995007564,0.832692078,0.869870093,0.836725878
OS,SIX1,0.743265798,0.54321424,0.47377686,1.016991099,0.159977392,-1.85464682,0.063646677,0.995007564,0.594484321,1.894994545,0.293191842
OS,SKP1,0.946038498,0.68898883,0.610000066,1.298988896,0.161767363,-0.342912281,0.731664452,0.995007564,0.7891759,1.049917212,0.948828033
OS,SKP2,1.074796568,0.780492568,0.699582591,1.48007516,0.163248645,0.441849943,0.658597796,0.995007564,0.775542077,1.106347169,0.510632392
OS,SLAMF1,0.935152881,0.640304055,0.725470384,1.365774438,0.193251957,-0.346931824,0.728642538,0.995007564,0.813428762,0.949665635,0.898156153
OS,SLAMF6,0.942993196,0.658237136,0.692698751,1.350935886,0.183418581,-0.320012351,0.748958968,0.995007564,0.770988492,1.125224706,0.888858468
OS,SLAMF7,1.000216147,0.741593358,0.607437523,1.349030881,0.152640736,0.0014159,0.998870276,0.999185952,0.824692658,0.903046082,0.952989312
OS,SLC11A1,0.910313207,0.634363804,0.671937295,1.3063011,0.18427181,-0.50993451,0.610097344,0.995007564,0.809810849,0.964624643,0.613742664
OS,SLC16A1,1.26715667,0.905227936,0.868564015,1.773791951,0.171607262,1.379752501,0.167662862,0.995007564,0.764530739,1.152030911,0.614494571
OS,SLC16A2,0.999658628,0.701077403,0.724324938,1.425402341,0.181021464,-0.001886132,0.998495085,0.999185952,0.574890178,1.988052376,0.208474896
OS,SLC1A5,1.077687134,0.781868583,0.703559511,1.485428094,0.163720257,0.456981948,0.647684021,0.995007564,0.704516754,1.404344156,0.454795281
OS,SLC25A1,1.140046673,0.80817736,0.800017178,1.608194538,0.175535339,0.746682712,0.455255108,0.995007564,0.637915498,1.695586343,0.530841923
OS,SLC2A1,1.051927241,0.799081257,0.585697713,1.38477897,0.140266143,0.360913532,0.718164088,0.995007564,0.795304709,1.0245796,0.843668225
OS,SLC39A6,1.171925213,0.887043493,0.661255676,1.548299169,0.142099112,1.11645932,0.264225574,0.995007564,0.412885719,2.865158274,0.153437098
OS,SLC7A5,1.291242808,0.935983168,0.84536082,1.781343988,0.164167791,1.556975158,0.119476384,0.995007564,0.777030624,1.100180028,0.70371026
OS,SMAD2,1.729716696,1.207377514,1.270654267,2.47803178,0.183425295,2.987361342,0.002813969,0.995007564,0.72874656,1.301627864,0.605999038
OS,SMAD3,0.829637199,0.588274022,0.581755348,1.170029369,0.175409159,-1.064749323,0.286989383,0.995007564,0.831738876,0.873827166,0.860931429
OS,SMAD4,1.414795299,1.012302833,0.965016278,1.977319111,0.170797571,2.031556151,0.04219861,0.995007564,0.584436548,1.942451758,0.244531916
OS,SMAD5,1.105499675,0.831822735,0.637395981,1.469218716,0.145121721,0.691126224,0.489486222,0.995007564,0.703648843,1.408050054,0.52036014
OS,SMAD9,1.418966066,1.013492351,0.973167634,1.986659985,0.17170027,2.03801942,0.041547991,0.995007564,0.424241897,2.795495973,0.160346211
OS,SMAP1,0.66623416,0.503089032,0.379196067,0.882285098,0.143305717,-2.833900049,0.004598371,0.995007564,0.883826985,0.654599522,0.999903917
OS,SMARCA4,1.074582072,0.798467298,0.647711691,1.446178989,0.151529867,0.474703877,0.634998054,0.995007564,0.35694445,3.233931916,0.126611215
OS,SMARCB1,1.393994915,0.99272086,0.964749665,1.957470525,0.173206972,1.917784608,0.055138328,0.995007564,0.853039234,0.785050832,0.700798465
OS,SMC1A,0.981324799,0.716818667,0.626615042,1.343433709,0.160248144,-0.117641206,0.906351954,0.995007564,0.682384422,1.49950569,0.319811894
OS,SMC1B,0.819940469,0.590888595,0.546893346,1.137781941,0.167148093,-1.187710472,0.234947497,0.995007564,0.818541063,0.928517208,0.744075643
OS,SMC3,0.823230081,0.606803712,0.510044706,1.116848418,0.155630594,-1.249879911,0.211343419,0.995007564,0.773654067,1.114171951,0.658022086
OS,SMO,0.981989107,0.726458445,0.600943848,1.327402293,0.153777791,-0.118190432,0.905916771,0.995007564,0.820366049,0.920963761,0.73208283
OS,SMPD3,1.14044727,0.834440187,0.724233514,1.558673701,0.159398205,0.824479344,0.409667248,0.995007564,0.741395485,1.248506471,0.40921926
OS,SNAI1,1.013602037,0.712733336,0.728744195,1.441477531,0.179675899,0.075192945,0.940061197,0.995007564,0.747765409,1.221863706,0.789863292
OS,SNAI2,0.985504845,0.733828222,0.589669253,1.323497475,0.15045127,-0.097049605,0.922687001,0.995007564,0.698679237,1.429308619,0.389207835
OS,SOCS1,1.123679545,0.753520089,0.922156164,1.675676253,0.203885485,0.571931878,0.567368127,0.995007564,0.749809196,1.213329328,0.704276848
OS,SOCS2,1.081102154,0.792041543,0.683615734,1.475657277,0.15873887,0.491253551,0.623247127,0.995007564,0.75887796,1.175534374,0.786426451
OS,SOCS3,0.797727035,0.567467288,0.5539514,1.121418689,0.173770219,-1.300503633,0.193428412,0.995007564,0.257234429,4.039461304,0.068939303
OS,SOD1,0.853090904,0.592993957,0.634276712,1.227270669,0.185555401,-0.85628964,0.39183759,0.995007564,0.814818638,0.94391743,0.603848536
OS,SOD2,0.862834507,0.629525437,0.553085053,1.182610491,0.160848183,-0.917215029,0.359029973,0.995007564,0.738401356,1.261053753,0.737945887
OS,SOS1,1.033004788,0.711915799,0.786995861,1.49891166,0.189935868,0.170962048,0.864253608,0.995007564,0.075245651,6.897256922,0.038000384
OS,SOS2,1.039946618,0.770926908,0.631915509,1.402842418,0.152722752,0.256473788,0.797585018,0.995007564,0.504003825,2.344741633,0.223149629
OS,SOST,0.863366467,0.565034283,0.754180637,1.31921492,0.216306442,-0.67920323,0.497009101,0.995007564,0.714615358,1.361365364,0.332855636
OS,SOX10,0.900707799,0.641875663,0.622036629,1.263912292,0.172853322,-0.604989132,0.545186218,0.995007564,0.827934732,0.889608641,0.732662523
OS,SOX11,0.908209868,0.689509569,0.506768484,1.196278053,0.14056121,-0.684967034,0.493364724,0.995007564,0.711593524,1.37419939,0.468440206
OS,SOX17,0.924830502,0.645640006,0.679109775,1.324749781,0.183354592,-0.426194943,0.669965802,0.995007564,0.807339341,0.974841133,0.540055145
OS,SOX2,0.896831913,0.656879083,0.567558565,1.224437649,0.158864398,-0.685407327,0.493086922,0.995007564,0.525047635,2.235203862,0.204075192
OS,SOX9,1.171182778,0.830301691,0.821711202,1.652012893,0.175503388,0.900348197,0.36793498,0.995007564,0.790559761,1.044195013,0.684864978
OS,SP1,1.041324903,0.762509653,0.659580613,1.422090265,0.15899984,0.254678545,0.798971389,0.995007564,0.818479145,0.928773437,0.645165383
OS,SPA17,0.742089348,0.527576037,0.516248095,1.043824133,0.174072917,-1.713567126,0.086608255,0.995007564,0.804183641,0.98788399,0.575724581
OS,SPACA3,0.838636946,0.595352885,0.585983337,1.181336222,0.17481116,-1.006671361,0.314092729,0.995007564,0.737398955,1.265258053,0.37568975
OS,SPANXB1,0.941585052,0.649200966,0.716450745,1.365651711,0.18970877,-0.317278946,0.751031951,0.995007564,0.796294353,1.020489153,0.969004194
OS,SPIB,0.88046315,0.594469398,0.709576464,1.304045862,0.200401048,-0.635262163,0.525257447,0.995007564,0.801556782,0.998740239,0.868468403
OS,SPINK5,0.894436361,0.661858986,0.546882484,1.208741471,0.15364631,-0.726093083,0.467781709,0.995007564,0.729218907,1.299638552,0.668318579
OS,SPN,0.939373068,0.666154194,0.658496719,1.324650913,0.175356048,-0.356660494,0.721345984,0.995007564,0.775400749,1.106932792,0.93650085
OS,SPOP,0.86338401,0.618008436,0.588175664,1.206184099,0.170593673,-0.86108537,0.389191026,0.995007564,0.658823543,1.602498022,0.45867399
OS,SPP1,1.01414195,0.760105363,0.592975334,1.353080697,0.147115512,0.095454825,0.923953571,0.995007564,0.812244621,0.954562272,0.550976942
OS,SPRED1,0.85075278,0.650257994,0.462808358,1.113066352,0.137121083,-1.178766201,0.238491286,0.995007564,0.615437627,1.797690548,0.321973546
OS,SPRY1,0.903150144,0.63229593,0.657733222,1.290029152,0.181907059,-0.559991833,0.575485009,0.995007564,0.709556051,1.382865381,0.380347817
OS,SPRY2,0.849494693,0.617352118,0.551577593,1.168929712,0.162861227,-1.001549529,0.316561207,0.995007564,0.573353868,1.995439137,0.607745991
OS,SPRY4,0.947969633,0.681668209,0.636636522,1.318304731,0.168257901,-0.317564938,0.750814974,0.995007564,0.450976425,2.637366027,0.135571002
OS,SRD5A2,0.854633609,0.607727349,0.594125103,1.201852452,0.173955496,-0.903003548,0.366524012,0.995007564,0.827196978,0.892667344,0.634552805
OS,SREBF1,0.625687124,0.429960108,0.480553147,0.910513254,0.191410666,-2.449732002,0.014296258,0.995007564,0.075618423,6.886091425,0.009493203
OS,SRP54,0.998792913,0.747638892,0.586678108,1.334317,0.14777178,-0.008173525,0.993478543,0.997966991,0.790772826,1.04331406,0.698231263
OS,SRR,0.830521338,0.591097143,0.575827282,1.166924424,0.173509947,-1.070265192,0.284499958,0.995007564,0.808116524,0.971628658,0.830325823
OS,SRSF2,0.973423244,0.692087345,0.677035815,1.369123159,0.174037284,-0.154773173,0.877000141,0.995007564,0.825370183,0.90023879,0.787660443
OS,SSX1,0.884680525,0.614620382,0.658782934,1.273403315,0.185830853,-0.659355997,0.509667192,0.995007564,0.733401411,1.282043361,0.411419471
OS,SSX4,0.858274053,0.5880786,0.664533464,1.252612064,0.192892751,-0.79231501,0.428177022,0.995007564,0.839248537,0.842617954,0.875068192
OS,ST6GAL1,0.878181555,0.644142758,0.553111784,1.197254542,0.158131976,-0.821477905,0.411374105,0.995007564,0.803594248,0.990319862,0.750920373
OS,STAG2,1.091394573,0.786599759,0.72769274,1.514292499,0.16709084,0.523405733,0.600691936,0.995007564,0.717662343,1.348446612,0.685443374
OS,STAT1,0.861425946,0.620228419,0.576193154,1.196421573,0.167605766,-0.889982423,0.373475324,0.995007564,0.80908184,0.967638326,0.884290677
OS,STAT2,0.940778503,0.685641666,0.605213653,1.290855318,0.161407348,-0.378220404,0.705266869,0.995007564,0.732765909,1.284714593,0.505762641
OS,STAT3,0.90693015,0.648170851,0.620819103,1.268989954,0.171386371,-0.569997735,0.568679235,0.995007564,0.117293182,5.885942231,0.025034068
OS,STAT4,0.892423928,0.634546638,0.620554911,1.255101549,0.173998344,-0.654109692,0.513041138,0.995007564,0.771246779,1.124153436,0.8849593
OS,STAT5B,0.953203209,0.667325997,0.694221976,1.361547973,0.18191632,-0.263457214,0.792198197,0.995007564,0.821726124,0.915332965,0.991206188
OS,STAT6,0.828288015,0.583405131,0.592554761,1.175959892,0.178819145,-1.053546817,0.292090449,0.995007564,0.71954425,1.340478409,0.48605153
OS,STC1,1.001042147,0.688449777,0.7671181,1.455567877,0.19100071,0.005453406,0.995648833,0.997966991,0.598337367,1.87693695,0.23923092
OS,STING1,0.924677737,0.691653386,0.544556737,1.236210123,0.148145754,-0.528601006,0.597082262,0.995007564,0.205240645,4.580276061,0.037586536
OS,STK11,0.956552729,0.719834881,0.551280408,1.271115289,0.145060859,-0.306211921,0.759443296,0.995007564,0.354580322,3.250580754,0.121235094
OS,STK11IP,1.033360868,0.739792019,0.703633505,1.443425524,0.170514693,0.192455371,0.847385523,0.995007564,0.806095415,0.979982614,0.670578329
OS,STMN1,1.141724345,0.841813867,0.706669154,1.548483021,0.155480435,0.852452612,0.39396293,0.995007564,0.666343562,1.569418994,0.352823286
OS,SUV39H2,1.101858146,0.812422415,0.681986592,1.494409007,0.155478794,0.623866287,0.532715402,0.995007564,0.216885466,4.448991938,0.061346613
OS,SYCP1,0.914164523,0.645224529,0.649978519,1.295203047,0.177764591,-0.504851497,0.613663143,0.995007564,0.807846763,0.972743729,0.98483671
OS,SYK,0.929628455,0.657556854,0.656715911,1.314272764,0.176663331,-0.413047142,0.679572075,0.995007564,0.350738573,3.277841848,0.120514666
OS,SYT17,0.82380877,0.602489121,0.523939334,1.126428454,0.159629882,-1.214163974,0.224685114,0.995007564,0.784571283,1.06896316,0.54882954
OS,TAB1,0.87678919,0.643435577,0.551337157,1.194772734,0.157882839,-0.832824471,0.404943732,0.995007564,0.801516203,0.998907943,0.782943678
OS,TACSTD2,1.032401486,0.740265986,0.699558142,1.439824128,0.169714009,0.187890369,0.850962592,0.995007564,0.810365852,0.962330181,0.602902631
OS,TAF3,0.852198302,0.571049634,0.700717129,1.271766763,0.204260446,-0.783000499,0.433626819,0.995007564,0.823395593,0.908419237,0.863469871
OS,TAL1,0.908095312,0.651333685,0.614741009,1.266074694,0.169557839,-0.56857257,0.569646244,0.995007564,0.827549887,0.891204265,0.667789289
OS,TANK,0.923933615,0.65470808,0.649160546,1.303868626,0.175743417,-0.450173652,0.652585233,0.995007564,0.657069361,1.610243723,0.853575612
OS,TAP1,0.800796827,0.550252531,0.61516793,1.165420461,0.191447368,-1.160360762,0.245901955,0.995007564,0.791489267,1.040351941,0.842784373
OS,TAP2,0.706255224,0.484937625,0.543640931,1.028578555,0.191818017,-1.813065345,0.069821743,0.995007564,0.74063675,1.251684541,0.754913963
OS,TAPBP,1.006851166,0.730081976,0.658459729,1.388541704,0.163996003,0.041633963,0.966790498,0.995007564,0.631795311,1.72316823,0.318576139
OS,TAPBPL,1.07941495,0.756985231,0.78219491,1.539180141,0.181039407,0.422113522,0.672942158,0.995007564,0.819708726,0.92368463,0.858474842
OS,TARP.TRGC1.2,0.846727055,0.593949602,0.613133799,1.207083401,0.180913489,-0.919648869,0.35775628,0.995007564,0.793126804,1.033582177,0.78344513
OS,TBC1D10B,1.025797973,0.750275458,0.652224745,1.402500203,0.159587465,0.159604142,0.873192916,0.995007564,0.571519308,2.004277789,0.298879654
OS,TBK1,0.814460125,0.579874701,0.564071214,1.143945914,0.17332636,-1.184065765,0.236387031,0.995007564,0.284170377,3.797557377,0.108816656
OS,TBL1XR1,0.892124371,0.647615866,0.581331625,1.228947491,0.163425366,-0.698482307,0.484875619,0.995007564,0.79382963,1.030676854,0.851341858
OS,TBP,0.999041757,0.732337184,0.630538351,1.362875536,0.158449613,-0.00605052,0.995172413,0.997966991,0.545104642,2.13380236,0.398609443
OS,TBX21,0.874106542,0.626247716,0.593816211,1.220063926,0.170133874,-0.790865488,0.429022489,0.995007564,0.819617276,0.924063145,0.57158758
OS,TBXAS1,0.888075672,0.630651556,0.619925552,1.250577108,0.174647829,-0.679643854,0.496729995,0.995007564,0.716885655,1.35173758,0.823349106
OS,TCF3,1.109224689,0.860495603,0.569354133,1.429849737,0.129547312,0.800180966,0.423605956,0.995007564,0.568980004,2.016544203,0.376209133
OS,TCF7,0.897687968,0.643644685,0.608356157,1.252000842,0.169735614,-0.635887443,0.524849788,0.995007564,0.791257865,1.041308651,0.933329099
OS,TCF7L1,0.752180507,0.557946646,0.456084929,1.014031575,0.152407388,-1.868537686,0.061687162,0.995007564,0.788279668,1.053623499,0.545512454
OS,TCL1A,0.97470752,0.687189765,0.695331919,1.382521683,0.178333364,-0.143651371,0.885775773,0.995007564,0.729546087,1.29826089,0.400274745
OS,TCL1B,0.994090025,0.712060829,0.675762991,1.387823819,0.170240082,-0.034818519,0.972224453,0.995007564,0.593485261,1.899689285,0.260227313
OS,TDO2,0.832116013,0.586077923,0.595364053,1.181441976,0.178839569,-1.027643991,0.304117323,0.995007564,0.813990705,0.94734168,0.988254793
OS,TECR,1.145736837,0.841700898,0.717894565,1.559595462,0.157338867,0.864681174,0.387213805,0.995007564,0.843034319,0.826851469,0.897339382
OS,TERT,0.880415998,0.631584571,0.595697358,1.227281929,0.169473863,-0.751506783,0.45234772,0.995007564,0.716420567,1.353708917,0.363465088
OS,TET2,0.794894865,0.554006768,0.586516925,1.140523693,0.184203873,-1.246148714,0.212709803,0.995007564,0.66937767,1.556128978,0.715408635
OS,TFDP1,0.979361832,0.720712039,0.61012406,1.330836099,0.156462825,-0.133284769,0.893968173,0.995007564,0.822600903,0.911710554,0.905008725
OS,TFE3,0.888583907,0.645380383,0.578055254,1.223435637,0.163160751,-0.72398661,0.469073955,0.995007564,0.724182656,1.320872951,0.992676964
OS,TFEB,0.880491679,0.642927794,0.562908389,1.205836183,0.160435629,-0.793307582,0.427598641,0.995007564,0.460063029,2.58535365,0.199054909
OS,TFRC,1.016899778,0.720332391,0.715234261,1.435566652,0.175922154,0.095261259,0.924107314,0.995007564,0.798566915,1.011096672,0.934916478
OS,TGFB1,0.942120593,0.706140484,0.550820747,1.256961231,0.147104275,-0.405304297,0.685253849,0.995007564,0.280140791,3.832392188,0.073837793
OS,TGFB2,1.127026167,0.854416969,0.632196741,1.486613711,0.141287496,0.846376762,0.397342598,0.995007564,0.58542317,1.937767758,0.226829952
OS,TGFB3,1.016982176,0.749342567,0.630870959,1.380213525,0.155818488,0.108071838,0.913938707,0.995007564,0.53489874,2.185051593,0.24699737
OS,TGFBR1,0.893122923,0.660694478,0.546623854,1.207318332,0.153795021,-0.734946135,0.462372299,0.995007564,0.758109911,1.178730894,0.912272371
OS,TGFBR2,0.876261011,0.631474197,0.584463623,1.21593782,0.167149461,-0.79025846,0.429376841,0.995007564,0.579649828,1.965252892,0.208444449
OS,THBD,0.894362669,0.645949229,0.592359521,1.238308751,0.166018588,-0.672478409,0.501279181,0.995007564,0.800526945,1.002996283,0.96797714
OS,THBS1,0.901121295,0.672010842,0.536332145,1.208342987,0.149678973,-0.695591408,0.486684748,0.995007564,0.485832441,2.442172858,0.232085309
OS,THBS4,0.858938563,0.611527419,0.594919639,1.206447058,0.173338698,-0.877229855,0.380361803,0.995007564,0.822151507,0.913571552,0.994103455
OS,THEM4,0.896712432,0.630281342,0.645487321,1.275768663,0.179885411,-0.6060528,0.544479692,0.995007564,0.638947081,1.690952729,0.606966684
OS,THY1,0.859489885,0.617968418,0.577437107,1.195405525,0.168320288,-0.899572029,0.368348048,0.995007564,0.394772714,2.979654418,0.177025102
OS,TIAM1,1.264801736,0.941265904,0.758278743,1.699544648,0.150740006,1.558414292,0.119135071,0.995007564,0.752909883,1.200393718,0.519373512
OS,TICAM1,0.907934719,0.65018495,0.61767807,1.26786302,0.170368243,-0.566906113,0.570777971,0.995007564,0.816762315,0.935877159,0.609988358
OS,TICAM2,0.789742608,0.566701615,0.533865898,1.100567512,0.169326666,-1.394040322,0.163305429,0.995007564,0.818659501,0.928027072,0.634976015
OS,TIE1,1.118784954,0.763302704,0.876518257,1.639820961,0.195076968,0.57537922,0.565034855,0.995007564,0.794952162,1.026036813,0.899453001
OS,TIGIT,0.880961227,0.611820291,0.656677492,1.268497783,0.18601108,-0.68136621,0.495639798,0.995007564,0.763791769,1.15510127,0.420778009
OS,TIRAP,0.901521456,0.659405796,0.573129529,1.232535324,0.159566566,-0.649706505,0.515881821,0.995007564,0.844781941,0.819564607,0.902418903
OS,TLK2,0.932629198,0.672931788,0.619617079,1.292548867,0.166515163,-0.418866281,0.675313861,0.995007564,0.671140145,1.548423474,0.339449449
OS,TLR1,0.836311267,0.574943484,0.641552666,1.21649615,0.191191842,-0.934947873,0.349815164,0.995007564,0.72651541,1.311030694,0.916006353
OS,TLR2,0.794831536,0.541836852,0.624117749,1.165954601,0.195496063,-1.174576551,0.240164169,0.995007564,0.793851441,1.030586695,0.753336673
OS,TLR3,0.797801425,0.563845186,0.564987921,1.128833107,0.177084889,-1.275634276,0.202084832,0.995007564,0.788349029,1.053336651,0.957256707
OS,TLR4,0.953825255,0.662744398,0.710005969,1.372750367,0.185764174,-0.254488228,0.799118397,0.995007564,0.548381958,2.117492839,0.391327185
OS,TLR5,0.912632028,0.64884159,0.63482646,1.283668051,0.174056341,-0.52524668,0.599411718,0.995007564,0.714405141,1.362257461,0.354693162
OS,TLR7,0.876377999,0.616476134,0.629376469,1.245852603,0.179481815,-0.735215295,0.462208385,0.995007564,0.82271114,0.911254024,0.610709993
OS,TLX1,0.873004424,0.635722383,0.563129104,1.198851487,0.161828821,-0.839248877,0.401329665,0.995007564,0.651700796,1.634020234,0.296428237
OS,TMEFF2,0.938497563,0.644400273,0.722417392,1.366817665,0.191819946,-0.33090938,0.740712936,0.995007564,0.831194359,0.876087137,0.777321603
OS,TMEM140,0.96594627,0.679350669,0.694096414,1.373447084,0.179580222,-0.192933651,0.847010931,0.995007564,0.750747559,1.209413097,0.408726056
OS,TMEM163,1.067665926,0.742923581,0.791434136,1.534357716,0.185022267,0.353875719,0.723432024,0.995007564,0.490097698,2.419053375,0.560877188
OS,TMEM45B,0.97438201,0.692704988,0.677893345,1.370598332,0.174084438,-0.149076193,0.881493512,0.995007564,0.819297462,0.925386822,0.879099782
OS,TMPRSS2,0.972607251,0.681451699,0.706709586,1.388161285,0.181510978,-0.153020637,0.878382001,0.995007564,0.825171902,0.901060403,0.875678271
OS,TMUB2,0.721695686,0.504670678,0.527377916,1.032048594,0.182502062,-1.787112495,0.073919308,0.995007564,0.353678561,3.256956556,0.096944831
OS,TNC,0.922332869,0.679944731,0.571183314,1.251128045,0.155561364,-0.519724749,0.603255435,0.995007564,0.773124956,1.116365383,0.732829319
OS,TNF,1.005637759,0.703027419,0.735475936,1.438503355,0.182646882,0.030780301,0.97544475,0.995007564,0.738323329,1.261380949,0.396103081
OS,TNFAIP3,0.84638828,0.621100772,0.532291967,1.153392739,0.157903346,-1.056197155,0.290878151,0.995007564,0.816122114,0.938525662,0.730196222
OS,TNFAIP6,0.91138074,0.668883378,0.572909855,1.241793233,0.157835055,-0.587920934,0.556585365,0.995007564,0.52353539,2.242964329,0.198782625
OS,TNFRSF10A,0.844524386,0.598277814,0.593846351,1.192124165,0.175879964,-0.960778378,0.336663613,0.995007564,0.805087145,0.984149863,0.51021142
OS,TNFRSF10B,0.883591703,0.653902767,0.540058074,1.193960841,0.15359283,-0.805768066,0.420376595,0.995007564,0.556753091,2.076148715,0.195656807
OS,TNFRSF10C,0.880074841,0.63007813,0.59918486,1.22926299,0.170494522,-0.749281129,0.45368778,0.995007564,0.821280037,0.91717995,0.645940514
OS,TNFRSF11A,1.00838672,0.746902669,0.614511369,1.361414038,0.153151868,0.054532455,0.956510952,0.995007564,0.641134683,1.681141032,0.604969243
OS,TNFRSF11B,0.881727401,0.633651222,0.593274856,1.226926078,0.168566494,-0.74672218,0.455231278,0.995007564,0.667859729,1.562773895,0.376704002
OS,TNFRSF12A,1.134777193,0.821955763,0.744697015,1.566652778,0.164546405,0.768393123,0.442253665,0.995007564,0.368467409,3.154123086,0.092274414
OS,TNFRSF13B,0.918846408,0.646184737,0.660374632,1.306559369,0.179612252,-0.471216739,0.637485967,0.995007564,0.796127734,1.02117782,0.510145268
OS,TNFRSF13C,0.793675568,0.585289549,0.490965628,1.076255177,0.155394739,-1.487054878,0.137000317,0.995007564,0.768960002,1.133640331,0.539650423
OS,TNFRSF14,0.942935385,0.708026226,0.547756553,1.255782779,0.146184638,-0.401940449,0.687727854,0.995007564,0.320703351,3.50045317,0.075799284
OS,TNFRSF17,0.932495011,0.663752826,0.646293492,1.310046317,0.173449091,-0.402950961,0.686984301,0.995007564,0.755144838,1.191078516,0.8321605
OS,TNFRSF18,0.858860212,0.602514226,0.621757055,1.224271281,0.180868068,-0.841215953,0.400226965,0.995007564,0.734850457,1.275955446,0.351820021
OS,TNFRSF1A,1.002812199,0.767787753,0.541991288,1.309779041,0.136252606,0.02061063,0.983556261,0.997966991,0.414360206,2.856024038,0.112825967
OS,TNFRSF1B,0.935264828,0.674002801,0.623796404,1.297799205,0.167143613,-0.400407468,0.688856424,0.995007564,0.45264281,2.627764724,0.130465336
OS,TNFRSF25,0.946690522,0.718602063,0.528573516,1.247175579,0.140647735,-0.389505294,0.696902395,0.995007564,0.811258692,0.958638833,0.704891255
OS,TNFRSF4,0.865205296,0.60430371,0.634444608,1.238748317,0.183110463,-0.790716499,0.429109446,0.995007564,0.73467611,1.276687724,0.391949643
OS,TNFRSF8,0.955954614,0.675681365,0.6768041,1.352485465,0.177038368,-0.254435476,0.799159147,0.995007564,0.775628083,1.105990792,0.466831106
OS,TNFRSF9,0.913709471,0.65617554,0.616144056,1.272319596,0.168923671,-0.534221302,0.593188433,0.995007564,0.831547163,0.874622895,0.759470173
OS,TNFSF10,0.829260805,0.583393371,0.595354138,1.178747509,0.179428304,-1.04342831,0.296749967,0.995007564,0.283901211,3.799870351,0.076264391
OS,TNFSF12,0.982194119,0.693983833,0.696113807,1.39009764,0.177217696,-0.101379902,0.91924889,0.995007564,0.59408961,1.896848732,0.228510706
OS,TNFSF13,0.873193317,0.589679753,0.703338306,1.293018059,0.200298259,-0.676981958,0.498417402,0.995007564,0.796382806,1.020123565,0.463351993
OS,TNFSF13B,0.855554051,0.61815534,0.56596892,1.18412426,0.165824214,-0.940791476,0.34681173,0.995007564,0.747716101,1.222069688,0.41520788
OS,TNFSF14,0.872897252,0.618323327,0.61396014,1.232283467,0.17592484,-0.772701713,0.439698933,0.995007564,0.825450978,0.899903994,0.69002944
OS,TNFSF15,0.966904535,0.695682457,0.64818409,1.343866547,0.167965562,-0.200371495,0.841190051,0.995007564,0.82894991,0.885398795,0.81000344
OS,TNFSF18,0.858789999,0.609771778,0.599730348,1.209502127,0.174717327,-0.871298006,0.383591459,0.995007564,0.707592607,1.391226349,0.706590877
OS,TNFSF4,0.975148827,0.708223663,0.63445279,1.342676452,0.163181647,-0.154215729,0.877439641,0.995007564,0.740211699,1.253465372,0.695481003
OS,TNFSF8,0.938732177,0.663308421,0.665210972,1.328519393,0.177192106,-0.35681647,0.721229206,0.995007564,0.806436845,0.978571421,0.564045264
OS,TNFSF9,0.894790781,0.650634075,0.579935568,1.230569643,0.162575711,-0.683775894,0.494116691,0.995007564,0.817913699,0.931113287,0.925116163
OS,TNKS,1.259144611,0.954764275,0.705797597,1.660561872,0.141188009,1.632097601,0.102658927,0.995007564,0.771036737,1.1250246,0.472740476
OS,TNN,0.937805722,0.656308674,0.683730862,1.340039536,0.182101096,-0.352619906,0.724373412,0.995007564,0.82579972,0.898458801,0.728302551
OS,TNR,0.905575623,0.668708422,0.557636545,1.226344968,0.154708284,-0.641106523,0.521453476,0.995007564,0.81664612,0.936357875,0.877863694
OS,TOLLIP,0.859654987,0.630118798,0.54268655,1.172805349,0.158483912,-0.954192419,0.339986251,0.995007564,0.688021836,1.475131107,0.393595736
OS,TOP2A,1.012429859,0.762738854,0.581121123,1.343859977,0.144488783,0.085496204,0.931866913,0.995007564,0.769689654,1.130612744,0.471767023
OS,TOX,1.142721437,0.846109091,0.697205238,1.543314328,0.153329155,0.870106164,0.384242389,0.995007564,0.729753056,1.297389509,0.621084051
OS,TP53,0.937150976,0.694565616,0.569896563,1.264462179,0.1528384,-0.424702708,0.67105341,0.995007564,0.759649878,1.172322518,0.529345103
OS,TP73,1.208699106,0.867872845,0.81549994,1.683372785,0.16901062,1.121495568,0.262076977,0.995007564,0.489310264,2.423309786,0.304368941
OS,TPI1,1.186671952,0.845295745,0.820618618,1.665914363,0.173075338,0.988891383,0.322716287,0.995007564,0.657646274,1.607695076,0.416288204
OS,TPM1,1.121827397,0.856475631,0.612914345,1.469389976,0.13770068,0.834846712,0.403804021,0.995007564,0.808670492,0.969338747,0.84148172
OS,TPM4,1.054926551,0.789953117,0.618826727,1.408779844,0.147580684,0.362318045,0.717114375,0.995007564,0.838785932,0.8445429,0.960121568
OS,TPO,0.923791153,0.667864872,0.609923691,1.277788563,0.165513325,-0.478929762,0.631988597,0.995007564,0.712020853,1.372383134,0.616887172
OS,TPR,1.152832207,0.797376015,0.8693685,1.666744514,0.188090511,0.756134388,0.449568626,0.995007564,0.663026548,1.583984966,0.42105184
OS,TPSAB1.B2,1.331084881,0.954682185,0.901209744,1.855891929,0.169580205,1.686484042,0.091702606,0.995007564,0.78523002,1.066237801,0.611503942
OS,TPTE,0.943684003,0.675112033,0.643986804,1.319098837,0.170876974,-0.339214291,0.734448304,0.995007564,0.835736856,0.857222107,0.995492055
OS,TRAC,0.786120953,0.555068291,0.558283277,1.113351568,0.177564238,-1.355253838,0.175336697,0.995007564,0.838610576,0.845272482,0.743762944
OS,TRAF1,0.911229391,0.632106425,0.681499909,1.313606334,0.186603885,-0.498170829,0.618363641,0.995007564,0.817770218,0.931706986,0.626646178
OS,TRAF2,1.013149823,0.726654351,0.685946513,1.412600864,0.169578868,0.077038577,0.938592856,0.995007564,0.773988297,1.112786525,0.733859215
OS,TRAF3,0.954249719,0.708743408,0.576055175,1.284798583,0.151753729,-0.308591308,0.757632434,0.995007564,0.807032359,0.97611,0.657274954
OS,TRAF6,0.8623513,0.629383834,0.552168225,1.181552059,0.160677151,-0.921677723,0.356696704,0.995007564,0.520958288,2.256227972,0.226021653
OS,TRAF7,0.876201241,0.649133561,0.533563899,1.18269746,0.153042251,-0.863549031,0.387835674,0.995007564,0.819332323,0.92524254,0.943305059
OS,TRAT1,0.872729977,0.630585405,0.577272575,1.207857979,0.165807946,-0.821004538,0.411643683,0.995007564,0.762607991,1.160021094,0.443290625
OS,TRBC1.2,0.972566872,0.681448001,0.706605553,1.388053554,0.181492564,-0.15326492,0.878189364,0.995007564,0.449824521,2.644019772,0.290338993
OS,TRDC,0.890570268,0.634788488,0.614628314,1.249416802,0.172743049,-0.670899763,0.502284387,0.995007564,0.837556505,0.849657021,0.988799793
OS,TREM1,0.927876308,0.639387243,0.707143285,1.346530528,0.189997445,-0.393988689,0.69358939,0.995007564,0.740755102,1.251188741,0.797079643
OS,TREM2,0.932819637,0.660022446,0.65834556,1.318368006,0.176502235,-0.394008673,0.693574636,0.995007564,0.68271306,1.498082064,0.641356491
OS,TRIM21,0.737740295,0.520081425,0.526409983,1.046491409,0.178373927,-1.705201117,0.088156922,0.995007564,0.830148639,0.880426298,0.659443819
OS,TSC1,1.085843902,0.750763529,0.819713636,1.570477165,0.188280003,0.437420187,0.661806647,0.995007564,0.613393085,1.807090939,0.767736192
OS,TSHR,1.120604487,0.813408518,0.73040912,1.543817637,0.163467327,0.696581159,0.48606495,0.995007564,0.737402324,1.265243918,0.589565661
OS,TSLP,0.846372193,0.613550532,0.553991261,1.167541793,0.164133924,-1.016219367,0.309524936,0.995007564,0.813612497,0.948905802,0.932990581
OS,TSPAN7,1.1473378,0.798718873,0.849400473,1.648119346,0.18479449,0.743768398,0.457016602,0.995007564,0.655863988,1.615572717,0.391085968
OS,TTC30A,0.925576673,0.663459102,0.627791819,1.291250921,0.169875448,-0.455264764,0.648918773,0.995007564,0.821253619,0.917289324,0.936076227
OS,TTK,0.843963452,0.6319698,0.495100367,1.127070167,0.147588213,-1.14945554,0.25036819,0.995007564,0.819655206,0.923906151,0.599547338
OS,TTPA,1.103355341,0.791816007,0.745653554,1.53746956,0.16927968,0.581025714,0.561223123,0.995007564,0.539399889,2.162361951,0.390664542
OS,TTR,0.978970355,0.697960683,0.675158145,1.373118828,0.1726249,-0.123121971,0.902010514,0.995007564,0.81481501,0.943932437,0.956833685
OS,TUBB,0.94686917,0.694174635,0.597375331,1.291549965,0.158389323,-0.344684518,0.730331558,0.995007564,0.782186935,1.078829883,0.438873275
OS,TWF1,0.826120041,0.605981962,0.520246812,1.126228773,0.158109982,-1.20811593,0.227002673,0.995007564,0.883788934,0.654763052,0.91559358
OS,TWIST1,0.979305727,0.726432099,0.593773474,1.320205573,0.152400179,-0.137213754,0.89086184,0.995007564,0.824116225,0.905434169,0.766860714
OS,TXK,0.693483198,0.496233139,0.472905978,0.969139116,0.17075883,-2.143539327,0.032069817,0.995007564,0.621603472,1.769458864,0.333651438
OS,TXN2,0.974020904,0.70653168,0.63624848,1.342780159,0.163811543,-0.160687783,0.872339312,0.995007564,0.711760016,1.373491704,0.650983261
OS,TXNIP,0.865541155,0.623961427,0.576692103,1.20065353,0.166975707,-0.864798585,0.387149348,0.995007564,0.705494903,1.400169915,0.598824195
OS,TYK2,0.94801567,0.707971481,0.561477551,1.269449032,0.148965605,-0.358366263,0.720069235,0.995007564,0.697366911,1.434933625,0.567051876
OS,TYMP,1.036541093,0.77234929,0.618753741,1.391103031,0.150108718,0.239088701,0.811036803,0.995007564,0.65509037,1.61899576,0.316608739
OS,TYMS,1.150703906,0.833437609,0.755306964,1.588744574,0.164579698,0.852923228,0.39370188,0.995007564,0.3947477,2.979815562,0.127102281
OS,U2AF1,1.127437765,0.767180666,0.889685794,1.656866459,0.196422257,0.610661922,0.54142342,0.995007564,0.800287628,1.003985316,0.892210406
OS,UBA7,0.824956396,0.581192299,0.589767908,1.170960207,0.178701676,-1.076793186,0.28157267,0.995007564,0.747224848,1.224122063,0.485804993
OS,UBB,0.87722485,0.648849684,0.537131377,1.185981061,0.153861126,-0.851364718,0.394566785,0.995007564,0.812282818,0.95440433,0.713444492
OS,UBC,0.941430126,0.68509447,0.608582125,1.293676595,0.162167974,-0.372176751,0.709761254,0.995007564,0.665991562,1.570962892,0.344652318
OS,UBE2C,1.013004207,0.758723713,0.593781166,1.352504879,0.147471057,0.087612976,0.930184288,0.995007564,0.471917508,2.518719719,0.164984969
OS,UBE2T,0.969046038,0.724809292,0.570773192,1.295582484,0.148167797,-0.212213169,0.831940733,0.995007564,0.792728438,1.035228993,0.807699976
OS,ULBP2,0.859992739,0.622315487,0.566129162,1.188444649,0.1650422,-0.913895556,0.360771729,0.995007564,0.818404503,0.929082323,0.629390379
OS,UQCR10,0.96921196,0.658048733,0.769462295,1.427511028,0.197556864,-0.158293414,0.874225598,0.995007564,0.68787727,1.475754964,0.836719367
OS,UQCR11,0.906059783,0.65758774,0.590830196,1.248417936,0.163537234,-0.603226479,0.546358035,0.995007564,0.698710681,1.429173902,0.38930785
OS,UQCRQ,0.837073512,0.615172123,0.523845785,1.139017908,0.15715074,-1.131673856,0.257771577,0.995007564,0.481492352,2.465861101,0.170214263
OS,USP9Y,0.807879217,0.585756299,0.528476413,1.114232712,0.164038082,-1.300568216,0.193406292,0.995007564,0.597944762,1.878773428,0.20494328
OS,UTY,0.864634628,0.619675151,0.586752182,1.206427333,0.169958037,-0.855789226,0.392114376,0.995007564,0.80575598,0.981385541,0.516288238
OS,VCAM1,0.894604262,0.642000962,0.604596526,1.246597488,0.169284567,-0.657908904,0.510596669,0.995007564,0.835566921,0.857928356,0.843218136
OS,VCAN,1.008157655,0.740367501,0.632439728,1.372807228,0.15751981,0.051578026,0.958864929,0.995007564,0.810591101,0.96139894,0.686345014
OS,VEGFA,1.255041079,0.894409745,0.86667137,1.761081115,0.172839699,1.314329435,0.188735366,0.995007564,0.772118234,1.120539454,0.667258068
OS,VEGFB,0.842098912,0.628120753,0.500850985,1.128971737,0.149576754,-1.148960615,0.250572221,0.995007564,0.661334456,1.591430491,0.374945134
OS,VEGFC,0.858953312,0.610622843,0.597652937,1.20827578,0.174102729,-0.873281604,0.382509605,0.995007564,0.81691349,0.935251714,0.575289027
OS,VEGFD,0.893795956,0.629005198,0.641049825,1.270055023,0.179257371,-0.626349513,0.531085717,0.995007564,0.687394912,1.477836967,0.313921142
OS,VHL,0.76685166,0.571110877,0.45856916,1.029680037,0.150365013,-1.765449918,0.07748818,0.995007564,0.103917148,6.163583911,0.08487651
OS,VSIR,0.913067775,0.660413275,0.601967105,1.26238038,0.16528074,-0.550246619,0.582150232,0.995007564,0.368370245,3.154787005,0.094261615
OS,VTCN1,1.033913295,0.730917334,0.731596486,1.46251382,0.176945002,0.188481836,0.850498953,0.995007564,0.820603348,0.919981432,0.782021409
OS,WDR76,0.945357971,0.671819448,0.658451202,1.33027065,0.17427567,-0.322429504,0.747127336,0.995007564,0.157288518,5.206460101,0.070737149
OS,WEE1,0.92599969,0.706173565,0.508082347,1.214255912,0.138274403,-0.556005865,0.578206846,0.995007564,0.826589569,0.895185219,0.823077033
OS,WIF1,0.83788615,0.580531642,0.628796411,1.209328053,0.187216667,-0.944750539,0.344786249,0.995007564,0.742684579,1.24310922,0.89623769
OS,WIPF1,0.936578174,0.684192489,0.59787168,1.282064169,0.16020381,-0.40899331,0.682544571,0.995007564,0.677156823,1.522197036,0.307283156
OS,WNT10A,0.9538383,0.66060887,0.716616814,1.377225684,0.187417842,-0.252169796,0.800909823,0.995007564,0.799724222,1.006313738,0.853951793
OS,WNT10B,0.909410439,0.647608968,0.629438427,1.277047395,0.17322229,-0.548190183,0.583561322,0.995007564,0.832065305,0.872472174,0.720903451
OS,WNT11,1.001442806,0.746956798,0.595674658,1.342631457,0.149589328,0.009638165,0.992309976,0.997966991,0.465586899,2.55413594,0.15790106
OS,WNT16,0.94090325,0.67917923,0.624304278,1.303483508,0.166306762,-0.366280725,0.714155611,0.995007564,0.81644647,0.937183834,0.97690593
OS,WNT2,0.824359375,0.58311576,0.582293283,1.165409043,0.176646534,-1.093419187,0.274209793,0.995007564,0.796022978,1.021610799,0.968593631
OS,WNT2B,0.960380464,0.67602324,0.688324286,1.364347526,0.179137,-0.225669498,0.821458483,0.995007564,0.796453068,1.019833164,0.524644287
OS,WNT3,0.849464755,0.589471891,0.634658352,1.224130243,0.186421494,-0.875161037,0.38148629,0.995007564,0.711290653,1.375486942,0.326077983
OS,WNT3A,0.902428949,0.643288636,0.622671872,1.265960507,0.172705443,-0.594453293,0.552208973,0.995007564,0.732700519,1.28498949,0.448636348
OS,WNT4,0.998807283,0.716099997,0.677023859,1.393123856,0.169769463,-0.007029704,0.994391154,0.997966991,0.795785275,1.022593278,0.92762708
OS,WNT5A,0.720039191,0.541292425,0.416519679,0.957812104,0.14558736,-2.256031264,0.024068673,0.995007564,0.616026424,1.794987018,0.367985173
OS,WNT5B,0.961110023,0.689742522,0.649499942,1.339242465,0.169273783,-0.234332738,0.814726672,0.995007564,0.825385272,0.900176266,0.947306006
OS,WNT6,0.993660198,0.713704797,0.669725148,1.383429946,0.168842831,-0.037668072,0.969952333,0.995007564,0.826146936,0.897019816,0.815744283
OS,WNT7A,1.01218779,0.730696808,0.671422528,1.402119336,0.16626366,0.072860884,0.941916822,0.995007564,0.825193152,0.900972352,0.839387141
OS,WNT7B,1.12321293,0.82172326,0.713595682,1.535318942,0.1594646,0.728646143,0.466218145,0.995007564,0.398612769,2.955017168,0.132624613
OS,WRN,1.319914258,0.93602291,0.925228164,1.861251074,0.175351234,1.582918872,0.113439957,0.995007564,0.702476079,1.413060816,0.594191003
OS,WT1,0.876273969,0.626772291,0.598323457,1.225095748,0.170970228,-0.772511613,0.439811471,0.995007564,0.631254056,1.725615159,0.263729226
OS,XCL1.2,0.922719749,0.656472809,0.640476166,1.296948975,0.173699255,-0.463040101,0.643335623,0.995007564,0.686461951,1.4818659,0.654533513
OS,XCR1,1.021937448,0.727023619,0.709458114,1.436481733,0.173725947,0.124911017,0.900593996,0.995007564,0.815914566,0.939384237,0.654216252
OS,XPA,1.091726983,0.791679716,0.713812696,1.505492412,0.163961788,0.535251728,0.592475801,0.995007564,0.065892995,7.196449066,0.016961182
OS,XRCC4,0.810457754,0.601857992,0.489498738,1.09135673,0.151828143,-1.384170676,0.1663062,0.995007564,0.769003293,1.133460684,0.497275909
OS,YAP1,0.951467168,0.713103381,0.556403674,1.269507055,0.147134733,-0.338126131,0.73526814,0.995007564,0.561886543,2.051013062,0.233400562
OS,YTHDF2,1.17476973,0.864400534,0.732178673,1.596579207,0.156528994,1.0290244,0.303468209,0.995007564,0.615121346,1.799143462,0.3265621
OS,ZAP70,0.879075123,0.619886416,0.626750148,1.246636564,0.178234957,-0.723118083,0.46960734,0.995007564,0.767515376,1.139636202,0.956278021
OS,ZBTB16,0.689211226,0.487439282,0.487065918,0.974505199,0.176728789,-2.106094248,0.035196166,0.995007564,0.749505569,1.214596792,0.514184888
OS,ZBTB20,1.202434732,0.868501319,0.796262169,1.664763488,0.165990101,1.110599028,0.266740981,0.995007564,0.505761413,2.335461883,0.329591905
OS,ZBTB32,0.936226261,0.675351192,0.622521118,1.29787231,0.166648133,-0.395432574,0.692523673,0.995007564,0.831019145,0.876814269,0.799813086
OS,ZC3H12A,0.958723728,0.694061648,0.630246054,1.324307702,0.164820459,-0.255746948,0.798146241,0.995007564,0.827834854,0.890022765,0.913265883
OS,ZEB1,0.934416498,0.649144364,0.695909588,1.345053951,0.185853995,-0.364980109,0.715126254,0.995007564,0.25688027,4.042792161,0.063122567
OS,ZEB2,1.06418415,0.809572572,0.589298814,1.398871386,0.139521599,0.445869669,0.655691393,0.995007564,0.835073939,0.85997695,0.821890545
OS,ZIC2,1.29799187,0.95170827,0.818564142,1.770272412,0.158326932,1.647340418,0.099488095,0.995007564,0.479493279,2.476828344,0.19091864
OS,ZNF205,0.960225942,0.705649654,0.600995725,1.306645378,0.157171122,-0.258232338,0.796227602,0.995007564,0.756463811,1.18558437,0.525553201
PFS,A2M,1.080483203,0.809797493,0.63185176,1.441649253,0.147135062,0.526104044,0.598815919,0.999089333,0.842779283,0.827914396,0.439363655
PFS,ABCB1,0.960392005,0.687732573,0.653417808,1.341150381,0.170381436,-0.237195675,0.812504992,0.999089333,0.862750196,0.744248255,0.632045131
PFS,ABCF1,0.963839051,0.740932975,0.512872357,1.253805333,0.134193359,-0.274461854,0.783729715,0.999089333,0.452373013,2.629317293,0.147454463
PFS,ABL1,0.98160742,0.722062552,0.612382952,1.334445505,0.156676185,-0.118485312,0.905683132,0.999089333,0.775478705,1.106609762,0.397480028
PFS,ACOT12,0.836419459,0.608903463,0.540043052,1.148946515,0.161977719,-1.102775417,0.270124706,0.999089333,0.966865716,0.262801045,0.862337299
PFS,ACSF3,0.968973868,0.720919765,0.581458672,1.302378437,0.150875117,-0.208898829,0.834527219,0.999089333,0.35220904,3.267376924,0.078748593
PFS,ACTA2,1.039157472,0.784671474,0.591507332,1.376178806,0.143319172,0.268005052,0.78869543,0.999089333,0.724670875,1.318812116,0.369769323
PFS,ACTB,0.73296907,0.543123967,0.446049207,0.989173174,0.152944602,-2.031139185,0.042240877,0.999089333,0.878530929,0.677295092,0.532553574
PFS,ACTR3B,1.094460804,0.767917014,0.791944833,1.559861846,0.180786706,0.49927247,0.617587447,0.999089333,0.901022433,0.579880471,0.87943459
PFS,ACVR1B,0.95125404,0.692597119,0.613911706,1.306508825,0.161907406,-0.308658661,0.757581193,0.999089333,0.628266837,1.739142647,0.255148441
PFS,ACVR1C,0.921921717,0.661410226,0.623631367,1.285041594,0.169434772,-0.479800952,0.631368936,0.999089333,0.834961691,0.860443346,0.634805749
PFS,ACVR2A,1.130432285,0.86280669,0.618263365,1.481070055,0.137841678,0.889427023,0.373773627,0.999089333,0.898832916,0.589495305,0.638368774
PFS,ACY1,1.058883829,0.750770837,0.742674178,1.493445015,0.175447193,0.326111585,0.744339933,0.999089333,0.942641663,0.388334344,0.98743304
PFS,ADA,1.020132272,0.710051842,0.755573329,1.465625171,0.184875638,0.107814624,0.914142742,0.999089333,0.865663316,0.731954934,0.748205239
PFS,ADAM12,0.794131843,0.592116534,0.472953175,1.065069709,0.149771137,-1.539053433,0.123791252,0.999089333,0.80160394,0.998545346,0.341088507
PFS,ADGRE1,0.95258162,0.684526112,0.641079627,1.32560574,0.168599528,-0.288135357,0.773243129,0.999089333,0.925331428,0.470460818,0.845448718
PFS,ADGRE5,0.931712824,0.693513947,0.558211111,1.251725058,0.1506422,-0.469527402,0.638692703,0.999089333,0.901694191,0.576923912,0.544319059
PFS,ADH1A.B.C,1.075909648,0.76847707,0.737854888,1.506331958,0.171692462,0.426148515,0.66999963,0.999089333,0.705883557,1.398512029,0.448073661
PFS,ADH6,0.912504897,0.660578325,0.599931073,1.260509398,0.164838616,-0.555463454,0.578577701,0.999089333,0.838457894,0.84590769,0.557495283
PFS,ADM,1.026420671,0.773284745,0.58913628,1.362421025,0.144485108,0.18048693,0.856770314,0.999089333,0.404760886,2.915984746,0.088983926
PFS,ADORA2A,1.115086616,0.806238381,0.736007919,1.5422463,0.165466258,0.658334126,0.510323454,0.999089333,0.778052424,1.095947657,0.465952368
PFS,AFDN,1.161134089,0.806135191,0.866329164,1.672464356,0.186177406,0.802445334,0.422295398,0.999089333,0.759688931,1.172160045,0.349746685
PFS,AICDA,0.941705902,0.673724905,0.642554188,1.316279092,0.170855765,-0.351537795,0.725184923,0.999089333,0.907036245,0.553294208,0.670259535
PFS,AIRE,0.999524522,0.722757929,0.659515764,1.382273693,0.165413926,-0.002875155,0.997705962,0.999089333,0.850722626,0.794748838,0.596577057
PFS,AKAP1,0.974351662,0.70127756,0.652481943,1.353759503,0.16779315,-0.154851322,0.87693853,0.999089333,0.469809419,2.530471185,0.22973878
PFS,AKR1C4,0.775717948,0.587122762,0.437770792,1.024893554,0.142122536,-1.786953015,0.073945083,0.999089333,0.798205757,1.012589291,0.39470742
PFS,AKT1,1.05019799,0.762843193,0.682953044,1.445796237,0.163105799,0.300287962,0.763957514,0.999089333,0.952855795,0.337358605,0.844884061
PFS,AKT2,1.050451507,0.729761793,0.782304717,1.51206651,0.185848918,0.264839196,0.791133341,0.999089333,0.851843746,0.790057059,0.452475221
PFS,AKT3,1.196166656,0.832619581,0.885829879,1.71844946,0.184850548,0.969009785,0.332540307,0.999089333,0.951059938,0.346492358,0.92368612
PFS,ALCAM,0.971125986,0.718257522,0.594761349,1.313018871,0.153894684,-0.190383902,0.849008311,0.999089333,0.796224465,1.020778014,0.464459285
PFS,ALDOA,1.023334588,0.756149351,0.62878033,1.384929681,0.154381851,0.149411986,0.881228555,0.999089333,0.909145271,0.54390404,0.607180592
PFS,ALDOC,1.087831677,0.766104407,0.77856463,1.544669037,0.178892698,0.470597339,0.637928308,0.999089333,0.84739893,0.80864181,0.522354584
PFS,ALK,0.874327586,0.642051071,0.548584319,1.19063539,0.157547419,-0.85244279,0.393968379,0.999089333,0.96520654,0.271994438,0.978544725
PFS,ALKBH2,0.893030887,0.658612807,0.552271884,1.210884691,0.155352524,-0.728241215,0.46646594,0.999089333,0.809942263,0.964081367,0.371893402
PFS,ALKBH3,0.984859406,0.697053147,0.69444484,1.391497986,0.17634877,-0.086512556,0.931058975,0.999089333,0.607293703,1.835252984,0.288206193
PFS,AMBP,0.951412246,0.678497213,0.655605925,1.334103138,0.172486375,-0.288763815,0.772762124,0.999089333,0.945967144,0.371984044,0.995095535
PFS,AMER1,0.802573992,0.567410061,0.567791896,1.135201957,0.176912331,-1.243165048,0.21380702,0.999089333,0.929031523,0.453267929,0.571832775
PFS,AMH,0.985642354,0.729375877,0.602572272,1.331948149,0.153627496,-0.094134937,0.925001968,0.999089333,0.620614942,1.77397333,0.300397512
PFS,ANGPT1,0.997884882,0.715387047,0.676550703,1.39193775,0.169806283,-0.012469259,0.990051229,0.999089333,0.629603107,1.733086623,0.290250529
PFS,ANGPT2,0.887323214,0.659077254,0.535536095,1.194613349,0.151721435,-0.787930679,0.430737255,0.999089333,0.837543842,0.849709683,0.399917335
PFS,ANGPTL4,0.90749676,0.678333272,0.535746007,1.214079279,0.148498278,-0.653645845,0.513340001,0.999089333,0.822865984,0.910612741,0.374719217
PFS,ANKRD28,0.853857303,0.642343309,0.492676368,1.135019676,0.145227759,-1.087885621,0.276645605,0.999089333,0.946325785,0.370207443,0.74035724
PFS,ANLN,0.836590052,0.633093441,0.472403583,1.105497024,0.142204725,-1.254677794,0.20959575,0.999089333,0.246696731,4.140403881,0.046450391
PFS,ANP32B,0.949470436,0.718345186,0.536614304,1.25495949,0.142326176,-0.364310256,0.715626342,0.999089333,0.733319975,1.282385617,0.347717773
PFS,ANXA1,1.089873609,0.761429872,0.798562094,1.559991966,0.182972208,0.470354136,0.638102026,0.999089333,0.754319574,1.194517359,0.477394981
PFS,APC,0.905796375,0.658722763,0.586819549,1.245542312,0.162508995,-0.608832454,0.5426355,0.999089333,0.71718784,1.350457001,0.294215529
PFS,APH1B,0.933769195,0.703423062,0.536122464,1.239545526,0.144528568,-0.474134539,0.63540397,0.999089333,0.959131717,0.304755051,0.86227712
PFS,API5,1.243673145,0.866166794,0.919543422,1.785710216,0.184568188,1.181510297,0.237400065,0.999089333,0.216858577,4.449287499,0.051838049
PFS,APLNR,0.944638728,0.695673266,0.587029935,1.282703202,0.156085751,-0.364880989,0.715200246,0.999089333,0.686433765,1.481987661,0.302783772
PFS,APOA1,0.947982661,0.68064504,0.639677701,1.320322742,0.169031308,-0.316030609,0.751979275,0.999089333,0.94748793,0.364431906,0.910543453
PFS,APOA2,1.102549246,0.791897474,0.743168465,1.535065939,0.168854298,0.578161147,0.563155328,0.999089333,0.936419138,0.418384049,0.924558599
PFS,APOA4,0.903468142,0.6556251,0.589377087,1.245002187,0.163600821,-0.620500739,0.534928167,0.999089333,0.955653603,0.322962267,0.960026708
PFS,APOB,0.891946096,0.653982194,0.562515513,1.216497707,0.158332285,-0.722212645,0.47016375,0.999089333,0.958892231,0.306020537,0.955282614
PFS,APOC2,0.875755644,0.652006625,0.524281958,1.176288583,0.150529493,-0.881343377,0.378131995,0.999089333,0.727623798,1.306358275,0.30075738
PFS,APOC3,0.991076145,0.702973038,0.694281013,1.397254051,0.17524446,-0.051150895,0.959205281,0.999089333,0.924104455,0.476124976,0.854119659
PFS,APOE,1.09870284,0.791253528,0.734361065,1.525614593,0.167486289,0.562017632,0.574104006,0.999089333,0.780850364,1.084362302,0.653536082
PFS,APOL6,0.846124281,0.61069154,0.561629104,1.172320644,0.166367479,-1.004337067,0.315216173,0.999089333,0.830092312,0.88065999,0.414373658
PFS,APOM,1.016625944,0.729454073,0.687397719,1.416851792,0.169364396,0.097359577,0.922440845,0.999089333,0.947299559,0.365370019,0.949833154
PFS,APP,0.947746767,0.6544299,0.718098973,1.372528873,0.18894371,-0.284041931,0.776378247,0.999089333,0.949566359,0.354029101,0.815791227
PFS,AQP9,0.840326736,0.606650336,0.557362904,1.16401324,0.166247042,-1.046421574,0.295366437,0.999089333,0.961398557,0.292683688,0.881893922
PFS,AR,0.729522571,0.541232364,0.442085002,0.983317366,0.152319949,-2.070411477,0.038413828,0.999089333,0.950160855,0.35103552,0.6872026
PFS,AREG,0.980712993,0.680816066,0.731897327,1.412713393,0.186221624,-0.104581991,0.916707506,0.999089333,0.950489722,0.349375953,0.879610514
PFS,ARG1,0.918699376,0.657989253,0.624719452,1.282708705,0.170294124,-0.497940443,0.618526021,0.999089333,0.931627384,0.441099384,0.869746016
PFS,ARG2,0.970636703,0.712415847,0.610035939,1.322451786,0.157804153,-0.188860863,0.850201869,0.999089333,0.213404966,4.487533546,0.039812276
PFS,ARID1A,0.96987717,0.721514661,0.5822173,1.303731961,0.150929679,-0.202649637,0.83940889,0.999089333,0.607795869,1.832927602,0.223164116
PFS,ARID1B,0.955649431,0.69448545,0.620539705,1.315025155,0.162870305,-0.278529206,0.780606148,0.999089333,0.938951583,0.406234599,0.891971627
PFS,ARID2,1.109181303,0.799846751,0.738301851,1.538148602,0.166818019,0.621168976,0.53448845,0.999089333,0.88646882,0.643228102,0.624143344
PFS,ARMH3,0.732520576,0.535548354,0.466389921,1.001938276,0.159798981,-1.947846261,0.051433362,0.999089333,0.30624711,3.614223207,0.066842529
PFS,ARNT,1.170683891,0.849512063,0.763767879,1.613279943,0.163615883,0.96315894,0.335467767,0.999089333,0.948027872,0.361738662,0.76224232
PFS,ARNT2,0.874169477,0.627960239,0.588951639,1.216911878,0.168777293,-0.796795651,0.425569721,0.999089333,0.862086306,0.747046172,0.689639419
PFS,ASCL1,0.987848401,0.730338344,0.605815606,1.33615395,0.154095349,-0.079340704,0.936761631,0.999089333,0.951745043,0.343017357,0.87096071
PFS,ASL,1.11323617,0.800347398,0.748098658,1.548446056,0.168360563,0.637151838,0.524025945,0.999089333,0.691103483,1.46184749,0.447628687
PFS,ASNS,1.224763224,0.908283989,0.743231364,1.651515354,0.152526131,1.329264282,0.183760794,0.999089333,0.699060586,1.427674942,0.370334442
PFS,ASPA,0.85839221,0.611653345,0.593011344,1.204664689,0.172909006,-0.8830897,0.377187809,0.999089333,0.897863959,0.593739963,0.784791804
PFS,ASPG,0.939155923,0.675329034,0.630721504,1.306050538,0.168258953,-0.373078283,0.709090181,0.999089333,0.941546265,0.393673566,0.916979195
PFS,ASXL1,1.357923464,0.929204333,1.055242003,1.984446336,0.193566456,1.580628553,0.113962993,0.999089333,0.825109365,0.901319529,0.839497052
PFS,ATF1,0.882918309,0.655567633,0.533546507,1.189114139,0.151906468,-0.81973203,0.412368886,0.999089333,0.950048506,0.351601885,0.780055359
PFS,ATF2,0.935053751,0.689235434,0.579308627,1.268544062,0.155625869,-0.431491655,0.666110919,0.999089333,0.440728333,2.697053033,0.199393498
PFS,ATF3,1.123180496,0.815178494,0.732377577,1.547556071,0.163529826,0.71035598,0.477483413,0.999089333,0.94195404,0.391688568,0.862792943
PFS,ATG10,0.865187356,0.642139992,0.523570244,1.165710236,0.15211491,-0.95197242,0.341110969,0.999089333,0.69721624,1.435579751,0.260766376
PFS,ATG12,0.932186305,0.693234986,0.56026682,1.253501806,0.151106688,-0.464721894,0.642130627,0.999089333,0.852956408,0.785397784,0.498019049
PFS,ATG16L1,0.966220923,0.725128095,0.562344946,1.287473041,0.146453806,-0.234632152,0.814494253,0.999089333,0.324714809,3.469688069,0.082338533
PFS,ATG5,0.900040407,0.68060415,0.50962182,1.19022597,0.14258364,-0.738623446,0.460135683,0.999089333,0.559392222,2.063206029,0.222904974
PFS,ATG7,1.060256978,0.79770967,0.611505865,1.409215535,0.145166892,0.403062365,0.686902346,0.999089333,0.954410301,0.329385778,0.974725974
PFS,ATM,0.994425879,0.711728376,0.677682054,1.38941043,0.170650697,-0.032755299,0.973869726,0.999089333,0.945065167,0.376440467,0.803849748
PFS,ATOX1,0.803570558,0.5930302,0.495827738,1.088857938,0.155012883,-1.4107878,0.158307193,0.999089333,0.315791628,3.538589073,0.103486295
PFS,ATP11C,0.873258277,0.611742883,0.634826615,1.246569498,0.181594813,-0.746298391,0.455487183,0.999089333,0.941051448,0.396078211,0.83934372
PFS,ATP2A2,0.91945915,0.666947823,0.600625289,1.267573112,0.163816173,-0.51258469,0.608241865,0.999089333,0.859202777,0.759183493,0.468168378
PFS,ATP5F1D,0.980932714,0.712896121,0.636850302,1.349746423,0.162843886,-0.118220044,0.905893309,0.999089333,0.946265071,0.370508394,0.95511616
PFS,ATP5ME,0.906352936,0.68047242,0.526741305,1.207213725,0.146248347,-0.672325511,0.501376493,0.999089333,0.925677395,0.46886046,0.805438247
PFS,ATR,1.19060511,0.814727867,0.925166626,1.739894493,0.193556006,0.901349834,0.367402345,0.999089333,0.037249563,8.469083252,0.00568363
PFS,ATRX,0.958673639,0.681795606,0.666196575,1.347992181,0.173891352,-0.242706583,0.808232708,0.999089333,0.844590996,0.82036105,0.625795023
PFS,AURKA,0.955043587,0.734942681,0.506117712,1.241060393,0.133657797,-0.34414976,0.730733663,0.999089333,0.755977233,1.187610917,0.380852383
PFS,AURKB,0.891508041,0.667841682,0.522240652,1.190082334,0.147381951,-0.779205471,0.435858688,0.999089333,0.951270174,0.345427214,0.951552714
PFS,AXIN1,1.198063811,0.914224809,0.655801382,1.570026191,0.13795434,1.309902698,0.190228754,0.999089333,0.835681962,0.85745025,0.407215919
PFS,AXIN2,1.157557047,0.830972113,0.781522813,1.612494927,0.16912088,0.865131442,0.386966649,0.999089333,0.90630316,0.556549791,0.631162997
PFS,AXL,0.889800179,0.672889271,0.503744677,1.176633948,0.142561872,-0.819001304,0.41278567,0.999089333,0.662294976,1.587202765,0.232068846
PFS,B2M,0.840597633,0.612706331,0.54054498,1.153251311,0.161343451,-1.076226965,0.281825763,0.999089333,0.647693818,1.651838105,0.298302665
PFS,BAD,0.855132481,0.650280175,0.474237517,1.124517691,0.139723536,-1.120060927,0.2626878,0.999089333,0.928078934,0.457710819,0.70061013
PFS,BAG1,1.002357075,0.727411707,0.65381394,1.381225647,0.163583084,0.014392084,0.988517175,0.999089333,0.928177342,0.457252386,0.811287549
PFS,BAGE,1.129312681,0.815658988,0.747919848,1.563578836,0.166007193,0.732553805,0.463830615,0.999089333,0.914420812,0.52024894,0.904366713
PFS,BAIAP3,1.242254592,0.89831061,0.819576783,1.717887393,0.165394533,1.311578709,0.189662321,0.999089333,0.281860708,3.817469119,0.064438221
PFS,BAMBI,1.032633904,0.759220493,0.645289513,1.404510006,0.156929295,0.204631815,0.837859797,0.999089333,0.942533689,0.388861624,0.793135438
PFS,BAP1,0.842002401,0.647031864,0.448691674,1.095723538,0.134383757,-1.279711311,0.200646685,0.999089333,0.871295939,0.708104988,0.855229078
PFS,BATF,0.941692826,0.689792656,0.595789859,1.285582515,0.158823367,-0.378257594,0.705239244,0.999089333,0.865205236,0.733889813,0.478678455
PFS,BATF3,1.146963433,0.819755561,0.785021741,1.604777302,0.171363882,0.800156693,0.423620018,0.999089333,0.925441035,0.469953962,0.954925942
PFS,BAX,0.832736899,0.599196749,0.558103828,1.157300577,0.167925401,-1.089993133,0.275716169,0.999089333,0.813080946,0.951103979,0.667127263
PFS,BBC3,1.015454603,0.758639121,0.600568467,1.359207588,0.14876063,0.10309446,0.917888002,0.999089333,0.863305233,0.741908064,0.471148155
PFS,BBS1,0.969622669,0.729331112,0.559751591,1.289082703,0.145298163,-0.212310212,0.831865029,0.999089333,0.638531024,1.692821023,0.276167179
PFS,BCAT1,0.889333974,0.667841329,0.516444343,1.184285672,0.146136474,-0.8025542,0.422232449,0.999089333,0.610504725,1.820404784,0.197698027
PFS,BCL10,0.943591396,0.665562061,0.672201574,1.337763635,0.178095793,-0.326015841,0.74441237,0.999089333,0.605894214,1.841740111,0.342091136
PFS,BCL2,1.367641262,0.993871471,0.888104897,1.881976368,0.16287796,1.922221704,0.054577867,0.999089333,0.948802907,0.357861525,0.777017784
PFS,BCL2A1,0.841899688,0.621607904,0.51865283,1.140260734,0.154773945,-1.111908127,0.266177654,0.999089333,0.947537269,0.364186069,0.972027496
PFS,BCL2L1,1.257732073,0.922624077,0.791931185,1.714555262,0.158086358,1.450537287,0.146908749,0.999089333,0.931093626,0.443608985,0.652562633
PFS,BCL6,0.871865179,0.648050716,0.524926757,1.172977473,0.151362905,-0.905905433,0.364985909,0.999089333,0.579112036,1.967822585,0.217002199
PFS,BCL6B,0.91317283,0.66977079,0.575259047,1.245029837,0.158160872,-0.574289435,0.565771958,0.999089333,0.891124132,0.62310111,0.528821519
PFS,BCOR,0.893023517,0.665716736,0.532226713,1.197943448,0.149874518,-0.754913946,0.450300617,0.999089333,0.799377851,1.007745216,0.417278314
PFS,BDNF,0.922833069,0.668846744,0.604420833,1.273267577,0.164234349,-0.488977599,0.624857556,0.999089333,0.878704519,0.676553205,0.606875239
PFS,BID,0.937385205,0.680579323,0.610513418,1.291092741,0.163344798,-0.395855742,0.692211452,0.999089333,0.944586074,0.378800846,0.925890372
PFS,BIRC3,0.914044233,0.656668103,0.615628899,1.272297002,0.168727715,-0.532670725,0.594261534,0.999089333,0.948624244,0.358756483,0.974080421
PFS,BIRC5,0.850254907,0.641443988,0.485596597,1.127040585,0.143785463,-1.128202252,0.259234513,0.999089333,0.71141902,1.374941205,0.250295731
PFS,BIRC7,1.005464879,0.713080887,0.704653961,1.417734848,0.17531466,0.031086966,0.975200184,0.999089333,0.70983544,1.381676442,0.348215916
PFS,BLK,0.925951093,0.685875672,0.564183867,1.250059539,0.153127835,-0.50241591,0.61537499,0.999089333,0.93406196,0.429601063,0.676897932
PFS,BLM,1.000991997,0.721556625,0.66708696,1.388643585,0.167011195,0.005936759,0.995263179,0.999089333,0.845423243,0.816889189,0.544055884
PFS,BLVRA,0.646603184,0.463157747,0.439549116,0.902706863,0.170240417,-2.561216055,0.010430647,0.999089333,0.887568866,0.638482614,0.546795759
PFS,BMI1,1.002961432,0.758092786,0.568831375,1.326924161,0.142812087,0.020705919,0.983480247,0.999089333,0.933187919,0.433738989,0.749062373
PFS,BMP2,1.109334842,0.813311629,0.699790788,1.513102417,0.158371038,0.655174052,0.512355699,0.999089333,0.704155423,1.405886763,0.378577483
PFS,BMP4,1.03445913,0.754662467,0.66333,1.417992466,0.160902653,0.210554085,0.833235244,0.999089333,0.933123764,0.434042269,0.840931762
PFS,BMP5,1.23827794,0.871083023,0.88917658,1.760259603,0.179462299,1.190900023,0.233692836,0.999089333,0.852844972,0.785864553,0.607507763
PFS,BMP6,0.972660605,0.707985058,0.628298304,1.336283361,0.162050029,-0.17105872,0.864177594,0.999089333,0.866509311,0.728379731,0.672594664
PFS,BMP7,1.178417131,0.852097094,0.777607952,1.629705046,0.165424939,0.992426685,0.320989427,0.999089333,0.936415303,0.418402369,0.908109619
PFS,BMP8A,1.035454294,0.777521327,0.601431969,1.378953296,0.146168231,0.238357283,0.811603996,0.999089333,0.24061491,4.200469234,0.066756339
PFS,BMPR1B,0.964187793,0.696581204,0.63801998,1.334601184,0.165871265,-0.219864468,0.825976709,0.999089333,0.756015926,1.187449753,0.435386758
PFS,BNIP3,0.779954996,0.57457685,0.484167157,1.058744006,0.155922439,-1.593863337,0.110966648,0.999089333,0.614709616,1.801035541,0.196305864
PFS,BNIP3L,1.045650425,0.779519686,0.62311944,1.402639126,0.149858082,0.297875878,0.765797899,0.999089333,0.942024326,0.391346117,0.774650853
PFS,BRAF,0.932646166,0.653185333,0.678487054,1.331672387,0.181720165,-0.383718522,0.701187083,0.999089333,0.540801265,2.155326033,0.301889127
PFS,BRCA1,1.089386485,0.812007297,0.649510249,1.461517547,0.149931649,0.571024733,0.567982878,0.999089333,0.916359533,0.511491906,0.681849139
PFS,BRCA2,0.981098804,0.697738545,0.681796627,1.379535172,0.173895398,-0.109733246,0.912620933,0.999089333,0.27347902,3.890984358,0.054287837
PFS,BRD2,0.975848545,0.723547907,0.592578331,1.316126237,0.152625578,-0.160182086,0.872737641,0.999089333,0.740535318,1.252109478,0.380160935
PFS,BRD3,0.95345168,0.731526899,0.511175328,1.242702227,0.135183482,-0.352606186,0.7243837,0.999089333,0.816820335,0.93563712,0.468565785
PFS,BRD4,1.131214619,0.813661511,0.759039787,1.572701298,0.168116749,0.733370946,0.463332215,0.999089333,0.884510511,0.651660716,0.52722357
PFS,BRD7,1.06092633,0.797801925,0.613030316,1.410832241,0.145429891,0.406673085,0.684248111,0.999089333,0.882389532,0.660772428,0.701718646
PFS,BRIP1,0.965723522,0.734816086,0.534374859,1.269190944,0.139419572,-0.250163546,0.802460875,0.999089333,0.706045192,1.397822658,0.315616995
PFS,BST1,0.894280509,0.638301402,0.614613955,1.252915357,0.172048522,-0.649443444,0.516051791,0.999089333,0.883029503,0.658025401,0.733338986
PFS,BST2,0.932994097,0.6955833,0.555852703,1.251436003,0.149823212,-0.462921627,0.643420545,0.999089333,0.936636916,0.417343352,0.757432792
PFS,BTK,0.904985775,0.658131785,0.586298694,1.244430479,0.162510146,-0.61433736,0.53899242,0.999089333,0.923257063,0.480026547,0.607413636
PFS,BTLA,0.89400934,0.655939993,0.562544485,1.218484478,0.157986021,-0.709170695,0.478218557,0.999089333,0.958801557,0.306499205,0.817435178
PFS,C1orf43,0.923677733,0.670546982,0.601818083,1.272365065,0.163405792,-0.485858189,0.627067715,0.999089333,0.663205453,1.583198349,0.222975722
PFS,C1QA,0.846963072,0.619779835,0.537641565,1.1574214,0.159335981,-1.0424399,0.297207776,0.999089333,0.472128247,2.517547254,0.139922229
PFS,C1QB,0.854953247,0.626533236,0.540116854,1.166650089,0.158597283,-0.98809065,0.323108254,0.999089333,0.545485282,2.131904488,0.177570327
PFS,C1QBP,0.774415266,0.55506931,0.525370545,1.080439854,0.169908867,-1.504612643,0.132423694,0.999089333,0.807361696,0.974748732,0.484305041
PFS,C1R,0.948356271,0.720059921,0.528974487,1.249034408,0.14051065,-0.37737377,0.705895857,0.999089333,0.893118045,0.614443518,0.584151425
PFS,C1S,0.950669504,0.719581052,0.536389355,1.255970407,0.142093074,-0.356025805,0.72182124,0.999089333,0.950671864,0.348455704,0.893104356
PFS,C2,0.952915283,0.704571804,0.584221662,1.288793466,0.154051686,-0.31307203,0.754225938,0.999089333,0.943045737,0.386359138,0.771209564
PFS,C3,1.125169428,0.830899595,0.692757715,1.52365731,0.154686487,0.7624042,0.4458188,0.999089333,0.173164155,4.981400677,0.060258716
PFS,C3AR1,0.976145094,0.713746896,0.621263106,1.335010002,0.159739071,-0.151146753,0.879859952,0.999089333,0.935844325,0.421127311,0.686983615
PFS,C4B,1.062917005,0.81310936,0.576362483,1.389471843,0.136689596,0.446391109,0.655314754,0.999089333,0.350475078,3.279721099,0.093655035
PFS,C4BPA,0.988868193,0.711782855,0.662035434,1.373818288,0.167752146,-0.066730767,0.946796041,0.999089333,0.951195694,0.345804681,0.974674762
PFS,C5,0.971159562,0.704559231,0.634080382,1.338639612,0.163736876,-0.178728805,0.85815065,0.999089333,0.772831804,1.117580757,0.52347023
PFS,C5AR1,0.846936334,0.638063634,0.48612072,1.124184354,0.144486077,-1.149797659,0.250227219,0.999089333,0.93979313,0.402173529,0.887497191
PFS,C6,0.993625007,0.731640157,0.617780925,1.349421083,0.15616158,-0.040953738,0.967332776,0.999089333,0.877212752,0.682924448,0.538781217
PFS,C7,0.869322737,0.661114415,0.481988814,1.143103228,0.139690081,-1.002510933,0.316096889,0.999089333,0.968353897,0.254453175,0.876042044
PFS,C8A,0.973622192,0.710150806,0.624692674,1.33484348,0.160995808,-0.166041239,0.868124497,0.999089333,0.916161999,0.512385804,0.653636183
PFS,C8B,0.92554437,0.671793129,0.603349982,1.275143111,0.163488526,-0.473263835,0.63602496,0.999089333,0.877741475,0.680667398,0.599039371
PFS,C8G,1.01011965,0.737174345,0.646951019,1.384125364,0.160717057,0.062649166,0.950045877,0.999089333,0.930012408,0.448680591,0.717389097
PFS,C9,0.976181199,0.690821184,0.688594728,1.379415911,0.176415085,-0.136649627,0.891307748,0.999089333,0.720238318,1.337541691,0.416303281
PFS,CACNA1C,0.87410954,0.637281982,0.561665279,1.198947261,0.16122412,-0.834549939,0.403971159,0.999089333,0.930415966,0.44678951,0.628364954
PFS,CACNA1D,0.953503795,0.671717617,0.681781926,1.353499543,0.178730512,-0.266389175,0.789939501,0.999089333,0.481855164,2.463874483,0.148441681
PFS,CACNA1E,0.931833713,0.671421581,0.621825604,1.293247184,0.16722611,-0.422188256,0.672887613,0.999089333,0.957110909,0.31537753,0.897514285
PFS,CACNA1G,0.881254302,0.654478606,0.532128775,1.186607381,0.151792248,-0.832776674,0.404970692,0.999089333,0.894581612,0.608073743,0.644846861
PFS,CACNA1H,0.940720132,0.705053522,0.550105609,1.255159132,0.147131255,-0.415340702,0.677892509,0.999089333,0.30502211,3.624081719,0.11790203
PFS,CACNA2D1,1.415933403,1.021457368,0.941294545,1.962751913,0.166614573,2.08738621,0.036853237,0.999089333,0.946306657,0.370302269,0.874368776
PFS,CACNA2D2,0.847636901,0.633340655,0.501101466,1.134442121,0.148698612,-1.111664161,0.266282575,0.999089333,0.937590342,0.41277824,0.783100396
PFS,CACNA2D3,0.975002978,0.721359423,0.596472959,1.317832383,0.153728848,-0.164671456,0.869202585,0.999089333,0.937037671,0.415426279,0.722985355
PFS,CACNA2D4,0.938668185,0.673639854,0.634326051,1.307965905,0.169271692,-0.37391505,0.708467519,0.999089333,0.911878606,0.531678728,0.685490836
PFS,CACNB3,1.39188338,0.801595959,1.615256724,2.416852683,0.281540056,1.174460874,0.240210475,0.999089333,0.245114722,4.155896704,0.157324906
PFS,CACNB4,0.469344618,0.239449628,0.680511585,0.919961213,0.343370706,-2.20291939,0.027600431,0.999089333,0.967807719,0.257528568,0.673766331
PFS,CACNG1,0.956613139,0.689066482,0.638974749,1.328041231,0.167381295,-0.26500101,0.791008684,0.999089333,0.94042182,0.399131637,0.851377942
PFS,CACNG4,0.893908309,0.67098039,0.519921873,1.190902263,0.146361514,-0.766267504,0.44351715,0.999089333,0.65740523,1.608759794,0.232562687
PFS,CACNG6,0.958644635,0.687381806,0.649574638,1.336956445,0.169712584,-0.248860928,0.80346836,0.999089333,0.782387679,1.077999048,0.477521483
PFS,CALML3,1.22853598,0.880047534,0.834974207,1.715021741,0.170208514,1.209241508,0.226570075,0.999089333,0.902706833,0.57246097,0.79201617
PFS,CALML5,0.823932612,0.610798969,0.500638646,1.111437615,0.152717531,-1.268135579,0.204749538,0.999089333,0.97625632,0.208190771,0.871845047
PFS,CALML6,0.996188093,0.729379919,0.631215144,1.360595063,0.159054627,-0.02401182,0.980843181,0.999089333,0.908534574,0.546626833,0.716040399
PFS,CAMK2B,1.160674711,0.858576718,0.710491901,1.569068619,0.153819522,0.968677329,0.332706207,0.999089333,0.930943068,0.444316162,0.825254443
PFS,CAPN2,1.071708755,0.820447552,0.579470885,1.399918437,0.13630844,0.508070827,0.611403673,0.999089333,0.91105411,0.535373219,0.657459974
PFS,CARD11,0.994915765,0.727879331,0.632040282,1.359919613,0.159453335,-0.031966745,0.974498571,0.999089333,0.863824936,0.73971598,0.584336015
PFS,CARD9,0.929595768,0.686762987,0.571528895,1.258291882,0.154472531,-0.472611182,0.636490604,0.999089333,0.804479497,0.986661245,0.426946172
PFS,CASP1,0.942361624,0.672739468,0.647304133,1.320043601,0.171957729,-0.345237103,0.729916127,0.999089333,0.956183113,0.320213445,0.936014407
PFS,CASP10,0.981736114,0.720054922,0.618462138,1.33851706,0.158163651,-0.116542134,0.907222895,0.999089333,0.942392345,0.389551532,0.974106948
PFS,CASP12,0.99466596,0.706800351,0.692973107,1.399773459,0.174318879,-0.030681224,0.975523765,0.999089333,0.856252488,0.771577687,0.613470755
PFS,CASP3,0.866876814,0.64284206,0.526147116,1.168989176,0.152552711,-0.936452685,0.349040163,0.999089333,0.93382939,0.430703209,0.880000679
PFS,CASP7,0.765808105,0.560340922,0.486275575,1.046616497,0.15938366,-1.674096679,0.0941116,0.999089333,0.788465064,1.052856781,0.346136526
PFS,CASP8,0.974539414,0.71053887,0.626090426,1.336629296,0.161197508,-0.159992023,0.872887358,0.999089333,0.76149135,1.164663427,0.440036278
PFS,CASP9,1.222852383,0.903541875,0.751464928,1.655006803,0.154400271,1.303016806,0.192569024,0.999089333,0.496758735,2.383258075,0.180977379
PFS,CBL,0.805069987,0.599570164,0.481433736,1.081003899,0.150368176,-1.441967774,0.149311465,0.999089333,0.865392295,0.733099779,0.639625475
PFS,CBLC,0.996568764,0.748153602,0.579313509,1.327467112,0.146283216,-0.023496449,0.981254271,0.999089333,0.720267018,1.33742028,0.278168785
PFS,CCL1,0.938456652,0.675213606,0.629115691,1.304329297,0.167966134,-0.378163213,0.705309352,0.999089333,0.954863284,0.327050366,0.806126502
PFS,CCL11,0.989281555,0.72949643,0.612083809,1.341580239,0.155423521,-0.069335076,0.944722906,0.999089333,0.951125016,0.346162758,0.853339582
PFS,CCL13,0.957574886,0.696574838,0.61979436,1.316369198,0.16236456,-0.267000085,0.789469096,0.999089333,0.952262009,0.340387523,0.9087411
PFS,CCL15,1.316472109,0.98269583,0.780920908,1.763616738,0.149192104,1.842962906,0.065334427,0.999089333,0.797684117,1.014745191,0.617334689
PFS,CCL16,0.964295372,0.693379826,0.647682502,1.341062328,0.168278455,-0.216056352,0.828943822,0.999089333,0.932918482,0.435012307,0.810784513
PFS,CCL18,1.053227206,0.792515802,0.60718821,1.399704012,0.145105633,0.35738778,0.720801524,0.999089333,0.940067342,0.400847614,0.827812782
PFS,CCL19,1.169311611,0.808679863,0.882087654,1.690767516,0.188150074,0.831332168,0.405786007,0.999089333,0.334576695,3.395453671,0.140496979
PFS,CCL2,0.878132278,0.6412851,0.561169624,1.202454724,0.16037188,-0.810354272,0.417736592,0.999089333,0.725006871,1.317394128,0.405696191
PFS,CCL21,1.180910437,0.815270136,0.895266529,1.710536665,0.189045036,0.879608907,0.379071212,0.999089333,0.931836405,0.440115527,0.758156207
PFS,CCL24,0.821647625,0.591168111,0.55081639,1.141984501,0.167967982,-1.169530369,0.242190013,0.999089333,0.930083716,0.448346601,0.851556865
PFS,CCL25,1.001925393,0.737531764,0.62356825,1.361100014,0.156313926,0.012305634,0.990181772,0.999089333,0.949776714,0.352970802,0.932423807
PFS,CCL27,1.035719223,0.744966017,0.694984643,1.439950661,0.168121846,0.208753876,0.83464038,0.999089333,0.677465759,1.52085361,0.31826969
PFS,CCL28,1.172550522,0.818406485,0.861534659,1.679941144,0.183461254,0.867656284,0.385582524,0.999089333,0.828720562,0.886349977,0.533450294
PFS,CCL3.L1,1.009659822,0.748782655,0.612644389,1.361427044,0.152512997,0.063033738,0.949739639,0.999089333,0.786275821,1.061911526,0.391272506
PFS,CCL4,0.908808185,0.675751802,0.546490321,1.222242123,0.151180432,-0.632497363,0.527061931,0.999089333,0.867194043,0.725484286,0.463247762
PFS,CCL5,0.906195884,0.662481625,0.577086311,1.239567936,0.159830829,-0.616275277,0.537712853,0.999089333,0.748740016,1.217793163,0.320097882
PFS,CCL7,0.934530048,0.667388283,0.641214869,1.308603152,0.171774468,-0.394188375,0.693441968,0.999089333,0.943232253,0.385446358,0.850604294
PFS,CCL8,0.812255211,0.587821744,0.534556826,1.12237857,0.164998361,-1.260259116,0.207575903,0.999089333,0.965891117,0.268215242,0.776025924
PFS,CCNA1,0.790507733,0.555928862,0.568140274,1.124069136,0.179613045,-1.308812734,0.190597793,0.999089333,0.120716528,5.819754948,0.072004329
PFS,CCNA2,0.907340108,0.6867702,0.511980228,1.198750428,0.142103439,-0.684275617,0.493801141,0.999089333,0.945800223,0.372810014,0.98972676
PFS,CCNB1,0.741716729,0.541221878,0.475262728,1.016484606,0.160787691,-1.858275794,0.063129859,0.999089333,0.77290812,1.117264353,0.432382484
PFS,CCND1,0.841413605,0.637232145,0.473786595,1.111018739,0.141813482,-1.217598897,0.223376434,0.999089333,0.933752357,0.431068093,0.87320518
PFS,CCND2,0.933676021,0.686358809,0.583750791,1.2701096,0.157007461,-0.437086063,0.662048934,0.999089333,0.455529555,2.611199255,0.117209528
PFS,CCND3,1.087506518,0.750881461,0.824161323,1.575042784,0.188980492,0.443894904,0.657118569,0.999089333,0.612394287,1.811690388,0.319869746
PFS,CCNE1,0.793119378,0.564300699,0.550421203,1.114721902,0.173669766,-1.334610702,0.182003794,0.999089333,0.29893111,3.673630739,0.060454483
PFS,CCNE2,1.09425834,0.829022234,0.615331445,1.444353679,0.141627665,0.636011463,0.52476895,0.999089333,0.762355859,1.161069177,0.348640976
PFS,CCNO,1.054062493,0.789586743,0.617538881,1.407125624,0.1473993,0.357204813,0.720938483,0.999089333,0.870308636,0.712293581,0.568450932
PFS,CCR1,0.915920565,0.671419683,0.578038,1.249457683,0.158439259,-0.554317397,0.579361646,0.999089333,0.95849453,0.308118069,0.824277201
PFS,CCR4,0.908722854,0.651444719,0.616164337,1.267609056,0.169823333,-0.563615854,0.573015595,0.999089333,0.941717632,0.392839744,0.900869323
PFS,CCR5,0.863094904,0.626241719,0.563287486,1.189529205,0.16367047,-0.89955521,0.368357002,0.999089333,0.94185893,0.392151826,0.658763755
PFS,CCR6,0.989918841,0.710494446,0.668741265,1.379235711,0.169218329,-0.059877189,0.952253448,0.999089333,0.890430428,0.626107832,0.620595775
PFS,CCR7,0.984394803,0.696690183,0.694219511,1.390909694,0.176373766,-0.089175618,0.928942342,0.999089333,0.941770215,0.392583782,0.941147867
PFS,CCRL2,0.938481242,0.665738288,0.657224589,1.322962877,0.175190074,-0.362420137,0.717038094,0.999089333,0.937757308,0.411977271,0.936075304
PFS,CD14,0.91302525,0.700904741,0.488436776,1.189341516,0.134896126,-0.674531918,0.4999732,0.999089333,0.922616696,0.482969462,0.654382652
PFS,CD160,0.98281204,0.717512362,0.62869372,1.346206082,0.160527294,-0.108002743,0.913993517,0.999089333,0.936954152,0.415826016,0.872019111
PFS,CD163,0.896788354,0.668210303,0.535346945,1.203557248,0.150113441,-0.725687136,0.46803059,0.999089333,0.631136594,1.72614635,0.215033924
PFS,CD164,1.05645771,0.766472744,0.689681962,1.456154706,0.163716105,0.335468091,0.737272011,0.999089333,0.881617547,0.664083539,0.571605115
PFS,CD180,0.879309819,0.651933059,0.534056435,1.185989494,0.152653528,-0.842548331,0.399481099,0.999089333,0.86955435,0.715491221,0.472108892
PFS,CD19,0.972360591,0.707831729,0.627916696,1.335748426,0.162003139,-0.173012482,0.862641617,0.999089333,0.950359342,0.350034196,0.96002713
PFS,CD1A,0.966569544,0.688030097,0.669841727,1.357871824,0.173432099,-0.19605384,0.844568026,0.999089333,0.955010587,0.326289722,0.910058205
PFS,CD1C,0.951378804,0.683885288,0.63961391,1.323499198,0.168432743,-0.295922115,0.767289562,0.999089333,0.95101177,0.346736248,0.982131269
PFS,CD1D,0.933681928,0.680242086,0.601304529,1.281546615,0.161578014,-0.424683067,0.671067729,0.999089333,0.95028164,0.350426295,0.927004916
PFS,CD1E,0.95357168,0.680835771,0.654727059,1.33556283,0.171887587,-0.27658007,0.782102569,0.999089333,0.876551317,0.685746363,0.668279659
PFS,CD2,0.918646887,0.67469623,0.576106821,1.250803052,0.1574719,-0.538848304,0.58999153,0.999089333,0.956987023,0.316024713,0.949521018
PFS,CD200,0.951932208,0.686813205,0.632577458,1.319390663,0.166549727,-0.295776265,0.76740095,0.999089333,0.897033422,0.597373343,0.667189553
PFS,CD207,0.848508406,0.617082337,0.549644486,1.166726823,0.162491521,-1.010977601,0.312027151,0.999089333,0.912774586,0.527657092,0.751748539
PFS,CD209,1.018004806,0.734118943,0.677551189,1.411670132,0.166803501,0.106980006,0.914804842,0.999089333,0.929461641,0.451257961,0.691861357
PFS,CD22,0.949894336,0.695122779,0.60292021,1.298042989,0.159320409,-0.322648721,0.746961292,0.999089333,0.938594833,0.407952532,0.681963929
PFS,CD24,0.995286525,0.754246566,0.559110777,1.313357344,0.141487975,-0.033392368,0.973361696,0.999089333,0.593082793,1.901582019,0.201364738
PFS,CD244,0.978594025,0.700614828,0.666250712,1.36686554,0.170492213,-0.12691727,0.899005878,0.999089333,0.953248573,0.335350079,0.93991434
PFS,CD247,1.011333465,0.725748763,0.683547994,1.409296756,0.169299592,0.066566742,0.946926623,0.999089333,0.922223051,0.484776226,0.622508936
PFS,CD27,0.992091768,0.726383836,0.628610626,1.354994463,0.159052431,-0.049918558,0.960187289,0.999089333,0.918399865,0.502236151,0.598207675
PFS,CD274,0.920278142,0.655445517,0.636670818,1.292116335,0.173146432,-0.479821186,0.631354547,0.999089333,0.882851141,0.6587912,0.756152776
PFS,CD276,0.880469605,0.666409801,0.4968785,1.163288301,0.142120269,-0.895719326,0.370402686,0.999089333,0.884984258,0.649622496,0.644205097
PFS,CD28,0.924760339,0.657827432,0.642181726,1.300009158,0.17377461,-0.450127137,0.652618771,0.999089333,0.897637096,0.594732875,0.804849109
PFS,CD300A,0.932374609,0.669007941,0.630412227,1.299420168,0.169359614,-0.413443339,0.679281827,0.999089333,0.960215312,0.299006021,0.818896971
PFS,CD33,0.914940497,0.633645707,0.687464978,1.321110685,0.187436636,-0.474273587,0.635304824,0.999089333,0.955958183,0.321382088,0.929456504
PFS,CD34,0.998680781,0.7057017,0.707591342,1.413293041,0.177167828,-0.007451073,0.994054959,0.999089333,0.932320265,0.437835645,0.628257772
PFS,CD36,0.999683733,0.733887786,0.62785659,1.361744376,0.157698216,-0.002005837,0.998399574,0.999089333,0.871252751,0.708288285,0.445127763
PFS,CD37,1.018140762,0.716486991,0.730309147,1.446796137,0.179275422,0.100282467,0.920120077,0.999089333,0.902496378,0.573389102,0.503428338
PFS,CD38,0.911401506,0.639729246,0.658714917,1.298444163,0.180584184,-0.513731299,0.607439866,0.999089333,0.938792705,0.406999942,0.965763584
PFS,CD3D,0.892239374,0.611638535,0.689932663,1.301571199,0.192653017,-0.591845523,0.553954036,0.999089333,0.938522591,0.408300152,0.590973136
PFS,CD3E,0.861312215,0.620882787,0.573962276,1.194845063,0.167000387,-0.893999252,0.371322292,0.999089333,0.948859454,0.357578123,0.733793445
PFS,CD3EAP,0.917554368,0.682812882,0.550183799,1.232996681,0.150763473,-0.570718111,0.56819074,0.999089333,0.904188938,0.565915516,0.551807655
PFS,CD4,0.926244643,0.677200978,0.589674244,1.266875222,0.159783701,-0.479503762,0.631580293,0.999089333,0.855819815,0.773393403,0.430888168
PFS,CD40,1.055911899,0.741462651,0.762254276,1.503716927,0.180378438,0.301614503,0.762945951,0.999089333,0.901164723,0.579254487,0.500115767
PFS,CD44,0.972756028,0.73721638,0.546333899,1.283550279,0.141457632,-0.195266737,0.845184136,0.999089333,0.233597908,4.271523126,0.040415177
PFS,CD46,1.137562848,0.839606357,0.701650711,1.541257068,0.154957052,0.831766737,0.405540623,0.999089333,0.934152728,0.429170698,0.576536133
PFS,CD47,0.759863887,0.498720134,0.659029651,1.157749785,0.214847947,-1.278187488,0.201183327,0.999089333,0.057620582,7.497583221,0.015877048
PFS,CD48,0.892437164,0.628863061,0.637619485,1.266482546,0.178596436,-0.637186135,0.524003608,0.999089333,0.954048981,0.331244628,0.758167084
PFS,CD5,0.870770869,0.585421287,0.709785982,1.295207268,0.202578793,-0.68307448,0.494559781,0.999089333,0.957333656,0.314212745,0.69319443
PFS,CD53,0.924117491,0.680031406,0.575782853,1.255814259,0.156482587,-0.504312091,0.614042082,0.999089333,0.84990061,0.798187084,0.457188358
PFS,CD55,1.063230974,0.771392758,0.694086524,1.465479282,0.163712183,0.374513125,0.708022594,0.999089333,0.717493488,1.349161961,0.421357903
PFS,CD58,1.097271107,0.806028583,0.687719786,1.493748369,0.157381647,0.589816458,0.555313708,0.999089333,0.880717201,0.667941709,0.639310027
PFS,CD59,0.994759282,0.713746922,0.6726633,1.386410222,0.169376751,-0.031022552,0.975251555,0.999089333,0.912173359,0.530356509,0.613902865
PFS,CD6,0.90762319,0.651639129,0.612526599,1.264165729,0.169053299,-0.573345663,0.566410673,0.999089333,0.92714721,0.462045106,0.584968383
PFS,CD63,0.951676043,0.6964655,0.603939603,1.300405103,0.15929192,-0.310942283,0.7558445,0.999089333,0.938252141,0.409600751,0.96353029
PFS,CD68,0.906293677,0.674145465,0.544238804,1.218384269,0.150981085,-0.651683476,0.514605384,0.999089333,0.547746829,2.120648057,0.16131523
PFS,CD69,0.900537567,0.645282269,0.611482326,1.256764595,0.170056203,-0.616051606,0.537860461,0.999089333,0.961032618,0.294644076,0.806540493
PFS,CD7,0.888150922,0.646409718,0.573887622,1.220297341,0.16209897,-0.731735636,0.464329941,0.999089333,0.955744398,0.322491488,0.973842438
PFS,CD70,1.042089903,0.73767052,0.734465529,1.47213605,0.17627172,0.233890149,0.815070261,0.999089333,0.867141355,0.725707137,0.76079071
PFS,CD74,0.876557444,0.642134279,0.554426905,1.196561184,0.158780877,-0.829779005,0.406663743,0.999089333,0.831231807,0.875931722,0.525876806
PFS,CD79A,1.044022019,0.762153259,0.667981643,1.430134902,0.160558153,0.268317613,0.78845485,0.999089333,0.939790632,0.402185599,0.672982867
PFS,CD79B,0.972105549,0.694753471,0.665425697,1.360179167,0.171384437,-0.165072698,0.868886762,0.999089333,0.954838698,0.327177267,0.887061583
PFS,CD80,0.908105987,0.662918219,0.581060993,1.243979212,0.160569004,-0.600328698,0.548287196,0.999089333,0.796504111,1.019622194,0.353210637
PFS,CD81,0.941813043,0.688733901,0.599153638,1.287887538,0.15967222,-0.375447226,0.707327888,0.999089333,0.888480081,0.63454689,0.634529359
PFS,CD83,0.997035967,0.720157341,0.660208673,1.380366014,0.165981176,-0.017884164,0.985731262,0.999089333,0.946739788,0.368153253,0.757115138
PFS,CD84,0.994924182,0.715808665,0.667066643,1.382875308,0.167989634,-0.030292011,0.975834168,0.999089333,0.941226314,0.395228928,0.702593622
PFS,CD86,0.830958781,0.584387076,0.597179945,1.18156702,0.179603621,-1.031020902,0.302531018,0.999089333,0.967008992,0.262001651,0.762019944
PFS,CD8A,0.949024073,0.690996454,0.612406312,1.303402767,0.16189046,-0.323188372,0.746552586,0.999089333,0.908062903,0.548727676,0.743584792
PFS,CD8B,0.897113878,0.642503622,0.610117038,1.252620659,0.170314535,-0.637482119,0.523810854,0.999089333,0.944737356,0.378056012,0.908105146
PFS,CD9,0.967220709,0.711726492,0.60270526,1.314431752,0.156499311,-0.21296304,0.831355791,0.999089333,0.936114913,0.419836593,0.88217406
PFS,CD96,0.933394255,0.680805819,0.598890698,1.279696517,0.160998139,-0.428126689,0.668558887,0.999089333,0.925188526,0.47112143,0.611564977
PFS,CD99,0.827869267,0.630528886,0.456443555,1.086972441,0.138929228,-1.359685294,0.173929534,0.999089333,0.491375451,2.412157874,0.168569238
PFS,CDC14A,1.120593337,0.815154211,0.725326608,1.54048082,0.162368431,0.701234283,0.483156818,0.999089333,0.771157102,1.124525372,0.46413796
PFS,CDC14B,0.962736168,0.686368939,0.664014035,1.350382974,0.172637922,-0.219974114,0.825891315,0.999089333,0.777193541,1.099505162,0.525091042
PFS,CDC20,0.844106762,0.643925181,0.462595028,1.106520209,0.138112967,-1.227084613,0.21979079,0.999089333,0.588321377,1.924039047,0.181112029
PFS,CDC25A,0.850721215,0.612534898,0.568992208,1.181527106,0.167594182,-0.964656406,0.334716937,0.999089333,0.583053705,1.949025798,0.297148621
PFS,CDC25B,0.908060615,0.689520985,0.506344114,1.195865099,0.140468908,-0.68658714,0.492342934,0.999089333,0.595843151,1.888617536,0.211665411
PFS,CDC25C,0.886636253,0.658138899,0.53632605,1.194464948,0.152053207,-0.791305025,0.428766017,0.999089333,0.871680343,0.706473191,0.572352131
PFS,CDC6,0.950743423,0.697278879,0.599064782,1.296343662,0.158196164,-0.319293773,0.749503754,0.999089333,0.94744832,0.364629237,0.791465784
PFS,CDC7,0.889637762,0.64912017,0.570153833,1.219274002,0.160817501,-0.727165312,0.467124693,0.999089333,0.964754671,0.274478523,0.703699004
PFS,CDH1,1.180470238,0.877171233,0.711469539,1.588640771,0.151516011,1.095018709,0.27350844,0.999089333,0.939228961,0.40489739,0.697260944
PFS,CDH11,0.934822123,0.688973194,0.579425068,1.268398262,0.155693628,-0.43289511,0.665090973,0.999089333,0.802762037,0.993759223,0.352283595
PFS,CDH2,0.892339571,0.641251955,0.600490706,1.241742661,0.168586924,-0.675666483,0.49925242,0.999089333,0.887663139,0.638075634,0.458160891
PFS,CDH3,1.119389211,0.832848086,0.671666633,1.50451472,0.150863595,0.747583863,0.454711201,0.999089333,0.865824217,0.731275139,0.605142129
PFS,CDH5,0.907338682,0.677683369,0.537136887,1.214820256,0.148898459,-0.653059068,0.513718199,0.999089333,0.840996589,0.83534097,0.465959844
PFS,CDK1,0.832220967,0.611565895,0.52092325,1.132489145,0.157184154,-1.168421136,0.242636934,0.999089333,0.860599548,0.753307234,0.541826465
PFS,CDK2,0.898118973,0.680246149,0.505527106,1.185773255,0.141761702,-0.757981395,0.448462121,0.999089333,0.896603303,0.59925325,0.705996252
PFS,CDK4,0.847818595,0.625364896,0.524038235,1.149403131,0.155273965,-1.063208426,0.287687442,0.999089333,0.924219563,0.475594353,0.79200157
PFS,CDK6,1.084111606,0.780509323,0.725299691,1.505809014,0.167640555,0.481750105,0.629983478,0.999089333,0.566447966,2.028813394,0.272062903
PFS,CDKN1A,1.106078585,0.820136384,0.671578727,1.49171511,0.152607694,0.660654458,0.508833936,0.999089333,0.812177696,0.954839001,0.390745443
PFS,CDKN1B,0.993935904,0.728911008,0.626410246,1.355321254,0.158227944,-0.038441737,0.969335484,0.999089333,0.894474242,0.608541483,0.774400451
PFS,CDKN1C,1.131089375,0.819848618,0.74063846,1.560487078,0.164195254,0.750211799,0.453127154,0.999089333,0.562785593,2.046627577,0.227377655
PFS,CDKN2A,0.874763025,0.652429832,0.520432461,1.172862294,0.149619802,-0.894281746,0.371171164,0.999089333,0.773875653,1.113253436,0.389376474
PFS,CDKN2B,0.943609646,0.687515816,0.607580448,1.295096264,0.161547732,-0.359291387,0.719377117,0.999089333,0.94684255,0.36764281,0.753418225
PFS,CDKN2C,0.897057932,0.661109437,0.556106485,1.217215922,0.155717685,-0.697639671,0.485402565,0.999089333,0.912104121,0.530667172,0.806859612
PFS,CDKN2D,0.838118085,0.627989462,0.490567404,1.118556867,0.147265776,-1.199167109,0.230462974,0.999089333,0.567113009,2.025587189,0.180403866
PFS,CEACAM1,1.053352379,0.763398807,0.690037096,1.453435903,0.164264509,0.316427576,0.751677989,0.999089333,0.944413235,0.379651263,0.970826123
PFS,CEACAM3,0.976059022,0.698506569,0.665390718,1.363897287,0.17070644,-0.141952587,0.887117456,0.999089333,0.898989314,0.588809597,0.573695725
PFS,CEACAM6,1.155939801,0.877923942,0.644072166,1.521996108,0.140364318,1.032411191,0.301879531,0.999089333,0.916059407,0.512849917,0.805195849
PFS,CEACAM8,1.21400969,0.867912507,0.830207426,1.698119933,0.171224086,1.132601601,0.257381596,0.999089333,0.848604939,0.803603468,0.592678952
PFS,CEBPA,0.874763875,0.654224854,0.515421684,1.169646539,0.148218482,-0.902730111,0.366669151,0.999089333,0.942810771,0.387508081,0.982812476
PFS,CEBPB,1.243577958,0.936907719,0.713720305,1.650628025,0.144473656,1.508874916,0.131330751,0.999089333,0.25222172,4.086999356,0.080905618
PFS,CENPF,0.894848804,0.675247616,0.510620149,1.185867765,0.143663511,-0.773338398,0.439322137,0.999089333,0.623562958,1.760523261,0.20244851
PFS,CEP55,0.694576826,0.514800739,0.422332662,0.937133401,0.152820597,-2.384838892,0.017086602,0.999089333,0.960721714,0.296306024,0.612079938
PFS,CES3,0.894112503,0.656179295,0.562141937,1.218321232,0.157858789,-0.709011329,0.478317447,0.999089333,0.949083227,0.356455899,0.786337842
PFS,CFB,1.028990802,0.755830242,0.645042615,1.400872857,0.157409522,0.181555204,0.855931807,0.999089333,0.540767415,2.155495829,0.267426145
PFS,CFD,1.033714748,0.791299877,0.559093584,1.350393461,0.136347984,0.243192931,0.807855943,0.999089333,0.937200565,0.414646313,0.774517895
PFS,CFI,0.933509368,0.674214747,0.618310733,1.29252548,0.166024644,-0.414422096,0.678565009,0.999089333,0.864711848,0.735973073,0.698988579
PFS,CFP,0.906213161,0.661028291,0.581312324,1.242340615,0.160961078,-0.611829422,0.540650621,0.999089333,0.939413312,0.404007929,0.77695744
PFS,CGAS,1.003453969,0.749679391,0.593454595,1.343133986,0.148756642,0.023178918,0.981507555,0.999089333,0.947325772,0.36523952,0.80220157
PFS,CHAD,1.041982708,0.753982346,0.686008881,1.439991227,0.165060009,0.249153918,0.803241724,0.999089333,0.8704963,0.711497699,0.589448898
PFS,CHEK1,0.833133967,0.632593416,0.464655132,1.097248548,0.14049572,-1.299404886,0.193805016,0.999089333,0.78864908,1.052095785,0.418450228
PFS,CHEK2,1.121593831,0.821122562,0.710893217,1.532015779,0.159101716,0.721241352,0.470761034,0.999089333,0.742804757,1.242606194,0.390884025
PFS,CHIT1,1.017441515,0.748091927,0.635678169,1.383770096,0.156901133,0.110204163,0.912247461,0.999089333,0.783873111,1.071851937,0.363857787
PFS,CHUK,0.722574083,0.516655445,0.493908387,1.010563831,0.171147916,-1.898564323,0.057621783,0.999089333,0.935916919,0.420781148,0.668951753
PFS,CIC,1.025122424,0.769767885,0.595417653,1.365185538,0.146165084,0.169753561,0.86520395,0.999089333,0.675105453,1.531125428,0.279914834
PFS,CKLF,1.2844438,0.94480834,0.801361551,1.746169891,0.156686028,1.597626716,0.110126077,0.999089333,0.587217953,1.929260577,0.200027363
PFS,CLCF1,0.929107247,0.679689133,0.590362473,1.270051607,0.15948693,-0.461047835,0.644764287,0.999089333,0.927939304,0.458361066,0.749565914
PFS,CLEC14A,1.155626463,0.821149572,0.805195454,1.626345026,0.174336159,0.829676357,0.406721793,0.999089333,0.867084116,0.725949228,0.526357677
PFS,CLEC4A,0.938851118,0.672684768,0.637648785,1.310333553,0.170095009,-0.370959539,0.710667668,0.999089333,0.954757677,0.327595339,0.98793455
PFS,CLEC4C,0.893733448,0.654690559,0.565365947,1.220056506,0.158801326,-0.707473344,0.479272372,0.999089333,0.889769105,0.628971691,0.569930293
PFS,CLEC4E,0.95042124,0.689679718,0.620059441,1.309739159,0.163614223,-0.310791941,0.755958796,0.999089333,0.937644226,0.412519799,0.716465807
PFS,CLEC5A,0.872579469,0.643341249,0.540159624,1.183500873,0.155502059,-0.876525673,0.380744326,0.999089333,0.880054293,0.670780041,0.598309005
PFS,CLEC6A,0.884006756,0.648801197,0.555678616,1.204479813,0.157828593,-0.781167543,0.43470396,0.999089333,0.963123008,0.283381769,0.998487464
PFS,CLEC7A,0.965071289,0.69849793,0.634881245,1.333379175,0.164936581,-0.21555743,0.829332742,0.999089333,0.909915722,0.540464538,0.624501841
PFS,CLECL1,0.897293533,0.663279888,0.550590304,1.213870192,0.15417936,-0.702897144,0.482119851,0.999089333,0.964121009,0.277948331,0.993017039
PFS,CLU,1.164398359,0.869815717,0.688932316,1.558748033,0.148818262,1.022754342,0.306424011,0.999089333,0.91685352,0.509254795,0.688014407
PFS,CMA1,0.946697091,0.690178249,0.60837815,1.298556399,0.161242393,-0.339712762,0.73407285,0.999089333,0.93984484,0.401923591,0.823215751
PFS,CMKLR1,0.943126993,0.699797833,0.571267156,1.271064989,0.152252522,-0.384586975,0.700543446,0.999089333,0.614007961,1.804261794,0.202898403
PFS,CMTM4,1.160917552,0.865805011,0.69081518,1.556620191,0.149648791,0.997072438,0.31872935,0.999089333,0.739557504,1.256206868,0.411162957
PFS,CMTM6,0.834724596,0.607672515,0.538940397,1.146612912,0.16197529,-1.115314767,0.264715559,0.999089333,0.932382828,0.437540617,0.938398987
PFS,CNOT2,0.898739225,0.633846185,0.640488525,1.27433471,0.178159705,-0.599250874,0.549005602,0.999089333,0.324542751,3.471000729,0.089025825
PFS,CNTFR,0.795446859,0.59121364,0.479018274,1.070231913,0.151393906,-1.511627798,0.130628576,0.999089333,0.834546879,0.862166775,0.441335696
PFS,COL11A1,0.842984725,0.628990459,0.500793365,1.129783824,0.14940721,-1.143227571,0.252944118,0.999089333,0.684203597,1.491629428,0.245866576
PFS,COL11A2,0.911765405,0.676038722,0.553648464,1.229687187,0.152621361,-0.605240004,0.545019539,0.999089333,0.950213376,0.350770655,0.989528326
PFS,COL17A1,0.83124529,0.615056982,0.508365322,1.123422304,0.1536814,-1.202685257,0.229098141,0.999089333,0.924602362,0.473828605,0.623821814
PFS,COL1A1,0.899077411,0.678818207,0.511986904,1.190805111,0.143378034,-0.741997483,0.45808886,0.999089333,0.762591972,1.160087683,0.507877797
PFS,COL1A2,0.845773946,0.623972459,0.522446036,1.146418495,0.155179325,-1.07941672,0.280402001,0.999089333,0.381251149,3.068053946,0.186120362
PFS,COL24A1,0.945555201,0.692256513,0.59928011,1.291536623,0.159092566,-0.351889538,0.724921106,0.999089333,0.900557999,0.5819227,0.627397039
PFS,COL27A1,0.925621069,0.685444741,0.564509212,1.249953953,0.153266619,-0.504286851,0.614059816,0.999089333,0.950243987,0.350616253,0.834583029
PFS,COL2A1,0.989445267,0.730606185,0.609379645,1.33998583,0.154732368,-0.068575371,0.945327624,0.999089333,0.897449273,0.595554665,0.687406173
PFS,COL3A1,0.931630081,0.708239452,0.517242418,1.22548187,0.139876847,-0.506298599,0.612647047,0.999089333,0.900041098,0.584193877,0.774328148
PFS,COL4A4,0.85002216,0.613583296,0.563987338,1.177570635,0.166302235,-0.977093659,0.328522787,0.999089333,0.964713604,0.274703879,0.965696507
PFS,COL4A5,1.167315766,0.822015395,0.835649542,1.657664937,0.178933416,0.864605948,0.387255107,0.999089333,0.904636074,0.563937609,0.630242634
PFS,COL4A6,1.112063563,0.778533996,0.809945601,1.588479597,0.181921698,0.583863038,0.559312463,0.999089333,0.819650403,0.923926031,0.390582341
PFS,COL5A1,0.941834498,0.717114897,0.519858739,1.236973636,0.139080868,-0.430869555,0.666563221,0.999089333,0.820543545,0.920228996,0.545575808
PFS,COL5A2,0.891009637,0.675365708,0.500142855,1.175508563,0.141380613,-0.816236636,0.414364807,0.999089333,0.583028679,1.94914487,0.232224135
PFS,COL6A3,0.971263147,0.742932797,0.526834945,1.269767743,0.136733046,-0.213246484,0.831134713,0.999089333,0.611688058,1.81494542,0.323803044
PFS,COL6A6,0.965122131,0.725952409,0.557135458,1.283087867,0.145293585,-0.24433718,0.80696969,0.999089333,0.767427747,1.139999974,0.37384572
PFS,COLEC12,0.830542746,0.610849042,0.518400914,1.129249956,0.156752644,-1.184515142,0.236209206,0.999089333,0.963516086,0.281246236,0.796501493
PFS,COMP,1.137431671,0.831061282,0.725684091,1.556745374,0.160117505,0.804239368,0.421258747,0.999089333,0.883586561,0.655632673,0.651675825
PFS,COX4I1,0.971955952,0.719448774,0.593637586,1.313086361,0.153485044,-0.18532615,0.852973229,0.999089333,0.783557864,1.073156404,0.49214688
PFS,COX5B,0.84209401,0.631942812,0.490187716,1.122130528,0.146478588,-1.173302003,0.240674719,0.999089333,0.91378096,0.523131292,0.976223501
PFS,COX6A1,0.903114249,0.6741177,0.535782805,1.209900505,0.149209038,-0.682976135,0.494621923,0.999089333,0.945600703,0.373796536,0.858644519
PFS,COX6B1,0.925366847,0.698717009,0.526820355,1.225537364,0.143341634,-0.541120027,0.588424855,0.999089333,0.875695367,0.689395451,0.631613867
PFS,CPA3,1.132469613,0.825176683,0.729020682,1.554197365,0.161512407,0.770224088,0.441166977,0.999089333,0.931958474,0.439540667,0.945469292
PFS,CPSF7,1.002460888,0.728230508,0.651727927,1.379958435,0.163061932,0.015073199,0.987973783,0.999089333,0.689823976,1.467359463,0.265728439
PFS,CR1,1.046912883,0.759460184,0.683705118,1.443165302,0.163775002,0.279931136,0.779530339,0.999089333,0.937857861,0.411494674,0.896844466
PFS,CR2,0.978458567,0.704093171,0.655643306,1.359736477,0.167894795,-0.12970525,0.896799629,0.999089333,0.953229668,0.335446847,0.974216298
PFS,CRABP2,0.921878977,0.685891108,0.553169785,1.239060892,0.150867606,-0.539157,0.589778528,0.999089333,0.763751517,1.155268534,0.404154527
PFS,CREB1,1.106712952,0.799115949,0.73359474,1.53271069,0.166147718,0.610266086,0.541685559,0.999089333,0.022683599,9.561734375,0.003723912
PFS,CREB3L1,1.047522353,0.782457765,0.619922184,1.402379949,0.148851227,0.311906813,0.755111344,0.999089333,0.747867483,1.221437313,0.352364213
PFS,CREB3L3,1.040670175,0.756351415,0.675515296,1.431866711,0.162816298,0.244845907,0.806575747,0.999089333,0.847723543,0.807285974,0.54294126
PFS,CREB3L4,1.135634946,0.841831108,0.690146885,1.531977993,0.152741474,0.832726796,0.404998829,0.999089333,0.934873596,0.425748378,0.798655548
PFS,CREB5,0.976762986,0.707680229,0.640479422,1.348159651,0.164417149,-0.142997551,0.886292115,0.999089333,0.948118054,0.361288208,0.74383501
PFS,CREBBP,1.116143675,0.820921116,0.696614102,1.517535217,0.156741581,0.701023915,0.483288091,0.999089333,0.922531498,0.483360655,0.642246791
PFS,CRLF2,0.935442969,0.687010448,0.586701692,1.27371214,0.157487935,-0.423747371,0.671750064,0.999089333,0.942263326,0.390180962,0.778329917
PFS,CRP,0.95614106,0.690566071,0.633283689,1.323849759,0.166020296,-0.270146636,0.787047445,0.999089333,0.77362593,1.114288584,0.446305687
PFS,CSF1,0.931588226,0.685091998,0.581681843,1.266773842,0.156807864,-0.451918532,0.651327673,0.999089333,0.953397722,0.33458634,0.960892633
PFS,CSF1R,0.864515322,0.640533836,0.526284683,1.166818519,0.15299622,-0.951567632,0.341316304,0.999089333,0.917801874,0.504953207,0.645873685
PFS,CSF2RB,1.053311733,0.749146821,0.731825368,1.480972189,0.173860095,0.298741538,0.765137261,0.999089333,0.94640768,0.369801386,0.818342852
PFS,CSF3,0.922645325,0.683142414,0.562973151,1.246115565,0.153340342,-0.525043711,0.599552805,0.999089333,0.961101581,0.294274984,0.963056518
PFS,CSF3R,0.958924155,0.678136799,0.67783671,1.355973509,0.176770058,-0.237276013,0.812442669,0.999089333,0.908984645,0.544620489,0.753670888
PFS,CST2,1.223151829,0.911163478,0.73080356,1.641967038,0.150239466,1.340732894,0.180007191,0.999089333,0.223457477,4.377748833,0.042732544
PFS,CT45A1,0.940805479,0.671488191,0.646651071,1.318139262,0.172064371,-0.354628202,0.722868146,0.999089333,0.953735482,0.332854637,0.931198691
PFS,CTAG1B,1.076281935,0.809943383,0.620258812,1.430202195,0.145055411,0.50678874,0.612303058,0.999089333,0.884744228,0.650655328,0.590960815
PFS,CTAGE1,0.998776131,0.732963409,0.628023712,1.360987121,0.157877839,-0.00775675,0.993811071,0.999089333,0.833198579,0.867766959,0.46389414
PFS,CTCFL,0.988335643,0.707567192,0.672948119,1.380515312,0.170508114,-0.068811501,0.945139663,0.999089333,0.680899055,1.505944364,0.321737413
PFS,CTLA4,0.930693528,0.671042851,0.619769564,1.290812415,0.166889312,-0.430376524,0.66692177,0.999089333,0.92854092,0.455557582,0.82666711
PFS,CTNNB1,0.973253369,0.706353363,0.634649837,1.3410032,0.163538118,-0.165776833,0.868332578,0.999089333,0.943465061,0.384306106,0.820796997
PFS,CTSG,0.966954766,0.704877186,0.621597182,1.326474367,0.161292828,-0.208338852,0.834964398,0.999089333,0.95451008,0.328871832,0.989225573
PFS,CTSH,0.997309083,0.765084717,0.534935246,1.300019963,0.135244406,-0.019923519,0.984104383,0.999089333,0.944100634,0.381187844,0.772657944
PFS,CTSL,1.007299826,0.785639531,0.505859814,1.291499345,0.126803613,0.057358863,0.954259331,0.999089333,0.829827029,0.881760543,0.397415382
PFS,CTSS,0.955272131,0.71367829,0.564971846,1.278650137,0.148759859,-0.307603312,0.758384199,0.999089333,0.907488744,0.551282557,0.620249271
PFS,CTSW,1.024520449,0.73087747,0.705262232,1.436139702,0.172316484,0.140582307,0.888199926,0.999089333,0.948635519,0.358700026,0.901212457
PFS,CUL1,1.037294812,0.755520487,0.668637489,1.424157976,0.161719585,0.226417733,0.820876537,0.999089333,0.204117692,4.593298881,0.051301363
PFS,CX3CL1,0.977350781,0.72241873,0.599826263,1.322244993,0.154207271,-0.148564023,0.881897663,0.999089333,0.922028567,0.485668232,0.725077163
PFS,CXADR,0.997232279,0.717324434,0.669038795,1.386363229,0.168092627,-0.016488281,0.986844852,0.999089333,0.49188089,2.409434066,0.123571795
PFS,CXCL1,1.017109773,0.744611846,0.644719113,1.389330959,0.159113769,0.106622129,0.915088762,0.999089333,0.568368952,2.019501626,0.174717706
PFS,CXCL10,0.85003146,0.613230501,0.565043381,1.178273882,0.166601262,-0.975274235,0.329424247,0.999089333,0.950512212,0.349262364,0.998328914
PFS,CXCL11,0.910500631,0.668861855,0.570574052,1.239435907,0.157358529,-0.59584115,0.551281351,0.999089333,0.930240775,0.447610731,0.74645473
PFS,CXCL12,0.781626466,0.586610321,0.454864589,1.04147491,0.146439533,-1.682457693,0.092480122,0.999089333,0.943909128,0.382128239,0.754785318
PFS,CXCL13,0.890404845,0.653619708,0.559349817,1.212969526,0.157732768,-0.735922151,0.461778076,0.999089333,0.955679273,0.322829187,0.9205687
PFS,CXCL14,1.020061543,0.769131182,0.583727182,1.352858363,0.144062187,0.13787769,0.890337082,0.999089333,0.93389567,0.43038919,0.702993939
PFS,CXCL16,0.908880989,0.679647683,0.535783007,1.21543069,0.14828824,-0.644293292,0.519385265,0.999089333,0.902924583,0.571500328,0.55796071
PFS,CXCL2,1.060020571,0.761780327,0.713242814,1.475023141,0.168567059,0.345787101,0.72950272,0.999089333,0.797235698,1.016598499,0.438589185
PFS,CXCL8,0.768238107,0.555374294,0.50731405,1.062688344,0.165542547,-1.5926755,0.111233006,0.999089333,0.943182025,0.385692234,0.778616854
PFS,CXCL9,0.89268691,0.645261378,0.589726406,1.234987784,0.16560531,-0.685481428,0.493040176,0.999089333,0.907335107,0.551965759,0.702963345
PFS,CXCR1,0.970979991,0.701348777,0.642921255,1.344270031,0.165972721,-0.17743529,0.859166489,0.999089333,0.748105565,1.220442843,0.369185292
PFS,CXCR3,0.963878041,0.697957613,0.633155995,1.331113608,0.164700168,-0.223378681,0.823240796,0.999089333,0.954521653,0.328812206,0.913320958
PFS,CXCR4,0.979556399,0.715172043,0.626506157,1.3416782,0.160501256,-0.128693469,0.897600204,0.999089333,0.721976058,1.330193771,0.359584376
PFS,CXCR5,1.042181199,0.745144022,0.71248245,1.457626471,0.171173342,0.241368328,0.809269658,0.999089333,0.920850471,0.49106267,0.832274792
PFS,CXXC4,0.927219009,0.704284077,0.516437958,1.220722034,0.140312783,-0.53855026,0.590197217,0.999089333,0.655805057,1.615833393,0.2629091
PFS,CXXC5,0.869428711,0.653512121,0.503170762,1.156682883,0.14565332,-0.960629918,0.33673828,0.999089333,0.919998489,0.494954458,0.896731687
PFS,CYBB,0.862729907,0.634349857,0.538981993,1.17333185,0.156891171,-0.941121203,0.346642751,0.999089333,0.860287422,0.75462084,0.495816708
PFS,CYFIP2,0.981980674,0.755058287,0.522043179,1.277101466,0.134072199,-0.135625811,0.8921171,0.999089333,0.939352417,0.404301801,0.90043898
PFS,CYLD,0.828816077,0.602937412,0.536378337,1.139315749,0.162342203,-1.156550828,0.247455922,0.999089333,0.919739749,0.496134825,0.614207632
PFS,CYP19A1,0.988324091,0.718880319,0.639877856,1.358758175,0.162408996,-0.072315005,0.942351223,0.999089333,0.850819054,0.794345409,0.625775719
PFS,CYP4A11.22,1.034040224,0.762973059,0.638438396,1.401411455,0.155108072,0.215808732,0.829136842,0.999089333,0.874833637,0.693066147,0.577209062
PFS,DAB2,0.990064255,0.756485165,0.539280137,1.295765303,0.137291769,-0.072731482,0.942019796,0.999089333,0.899893375,0.584842608,0.57883654
PFS,DAXX,0.921475862,0.724971903,0.446270405,1.171242307,0.122371475,-0.668282349,0.503953378,0.999089333,0.900836397,0.580698696,0.747345743
PFS,DDB2,1.207729661,0.90569387,0.704796144,1.610490014,0.146837497,1.285382055,0.198658809,0.999089333,0.880995523,0.666749438,0.674765529
PFS,DDIT3,1.108966513,0.847735936,0.602959588,1.450695524,0.137050784,0.7546729,0.450445271,0.999089333,0.877511203,0.681650544,0.594850364
PFS,DDIT4,1.032289337,0.768117986,0.619196588,1.387314574,0.150814467,0.210715815,0.833109033,0.999089333,0.951936464,0.34204436,0.967959761
PFS,DDX43,1.042603133,0.757252957,0.678226805,1.435479762,0.163155306,0.255710953,0.798174037,0.999089333,0.946206856,0.370796878,0.964800182
PFS,DDX58,1.144642854,0.794569275,0.854383566,1.648952841,0.186252287,0.725320869,0.468255206,0.999089333,0.955598258,0.323249115,0.949335479
PFS,DEFB1,1.209105327,0.892299935,0.746090514,1.638390449,0.155020012,1.224878549,0.220620984,0.999089333,0.56152472,2.052779392,0.184412167
PFS,DEFB134,0.984361304,0.714587608,0.64139333,1.355980939,0.163414943,-0.096455505,0.923158811,0.999089333,0.940837483,0.397116641,0.897262259
PFS,DEPTOR,1.093445838,0.777167121,0.761271354,1.538438475,0.174204168,0.512812234,0.608082671,0.999089333,0.459255927,2.589939986,0.230755231
PFS,DGLUCY,1.086874219,0.816939056,0.629063018,1.446002074,0.145664243,0.571903483,0.567387364,0.999089333,0.891551197,0.621248726,0.730662687
PFS,DIPK2B,1.076634197,0.760079684,0.764946202,1.525025886,0.177641884,0.415665996,0.677654427,0.999089333,0.911199796,0.534720848,0.679863541
PFS,DKK2,0.937693682,0.662135434,0.665794467,1.327929901,0.177530411,-0.362371426,0.717074489,0.999089333,0.930391284,0.446905237,0.883757593
PFS,DKK4,1.089868,0.792604662,0.70601415,1.498618813,0.162496508,0.529590384,0.596395963,0.999089333,0.844965332,0.818799608,0.469607273
PFS,DLL1,0.806143494,0.583420533,0.530471244,1.113891777,0.164979311,-1.30618511,0.191489615,0.999089333,0.320913215,3.498835257,0.107418123
PFS,DLL3,1.028436615,0.759407872,0.63336393,1.392771802,0.154725325,0.181223075,0.856192483,0.999089333,0.944612566,0.378670449,0.763562316
PFS,DLL4,1.136054564,0.833509181,0.714908044,1.548417225,0.157998777,0.807356569,0.419461081,0.999089333,0.792518525,1.036096777,0.441681183
PFS,DMBT1,1.310021274,0.94798708,0.862328455,1.810315535,0.165032513,1.636304093,0.10177596,0.999089333,0.965988427,0.267676463,0.999920306
PFS,DNAJC14,0.91994841,0.704092321,0.497887948,1.201980268,0.136435215,-0.61155536,0.54083198,0.999089333,0.80129858,0.99980732,0.375296328
PFS,DNMT1,1.034807145,0.746909595,0.686765689,1.433675284,0.166342955,0.20568996,0.837033102,0.999089333,0.608975483,1.827469979,0.209040173
PFS,DNMT3A,1.012458911,0.768870791,0.564348076,1.333218868,0.14041803,0.088179112,0.929734319,0.999089333,0.862834472,0.743892987,0.498223027
PFS,DOCK9,1.017965987,0.731613127,0.684784026,1.416397153,0.168528569,0.105658676,0.915853168,0.999089333,0.941916125,0.391873263,0.917718265
PFS,DPP4,0.850500448,0.619561115,0.547960528,1.167521643,0.161642557,-1.001780374,0.316449678,0.999089333,0.941960074,0.391659171,0.813339127
PFS,DSC3,1.014382519,0.727128903,0.687987304,1.415116207,0.169866173,0.084066601,0.93300348,0.999089333,0.804483764,0.986643609,0.636586808
PFS,DSP,1.172566619,0.873483738,0.700572445,1.574056182,0.150237865,1.059619941,0.289317538,0.999089333,0.78168179,1.080920673,0.385031302
PFS,DST,0.874939504,0.654594269,0.514861638,1.169455908,0.148032893,-0.902505729,0.36678828,0.999089333,0.869694787,0.71489602,0.694959331
PFS,DTX1,1.036812189,0.75222913,0.676829479,1.429058609,0.163709697,0.220822612,0.825230557,0.999089333,0.639385463,1.688984956,0.249014541
PFS,DTX3,1.108548764,0.832175834,0.644531745,1.476707579,0.146310475,0.704336035,0.48122353,0.999089333,0.829298033,0.8839549,0.396310349
PFS,DTX3L,0.881059483,0.634521647,0.588865793,1.22338744,0.167479475,-0.75609347,0.449593157,0.999089333,0.256488848,4.046478347,0.063133206
PFS,DTX4,1.043911761,0.765480792,0.658136592,1.423617385,0.158281542,0.271509646,0.785999082,0.999089333,0.774899107,1.109011591,0.483270338
PFS,DUOX1,0.934167234,0.670832493,0.630041319,1.300873812,0.168950047,-0.403076568,0.686891898,0.999089333,0.927435383,0.460705731,0.651489206
PFS,DUSP1,1.032910772,0.758683671,0.647573908,1.406257579,0.157426958,0.205687826,0.837034768,0.999089333,0.947196419,0.365883345,0.818259669
PFS,DUSP10,1.071084671,0.781953005,0.685171444,1.467124449,0.160529726,0.42778274,0.668809304,0.999089333,0.681141988,1.504890839,0.235299174
PFS,DUSP2,1.003039101,0.710028281,0.706939837,1.416968118,0.17627108,0.017214918,0.986265161,0.999089333,0.939724437,0.402505475,0.744096278
PFS,DUSP4,0.927877791,0.682343074,0.579422784,1.261765858,0.156823015,-0.477323091,0.633132071,0.999089333,0.699949923,1.423866619,0.263180599
PFS,DUSP5,0.9713452,0.700041679,0.647751639,1.347793318,0.167116357,-0.173970788,0.86188842,0.999089333,0.844666937,0.820044304,0.420473355
PFS,DUSP6,1.086637237,0.746068702,0.836601205,1.582669908,0.191853225,0.43308015,0.664956543,0.999089333,0.885279731,0.648350707,0.64614778
PFS,DUSP8,1.167893417,0.854923272,0.740512339,1.595435612,0.15915863,0.975138,0.329491811,0.999089333,0.93491631,0.425545348,0.817273631
PFS,E2F1,1.175476872,0.867746829,0.724590739,1.592337568,0.154864678,1.043968938,0.296499761,0.999089333,0.595027548,1.892444022,0.214900103
PFS,E2F3,1.054663136,0.810840541,0.560963499,1.371804041,0.134137811,0.39676668,0.691539524,0.999089333,0.93916948,0.40518425,0.841966275
PFS,E2F4,1.137700616,0.826534618,0.739476851,1.56601147,0.163024781,0.791347313,0.428741346,0.999089333,0.650616232,1.638836855,0.298631514
PFS,E2F5,0.972482078,0.711401966,0.617975008,1.329376974,0.159499882,-0.174944533,0.861123218,0.999089333,0.373374797,3.120785067,0.128236317
PFS,EBI3,0.994628182,0.723810407,0.642963558,1.366773965,0.162165986,-0.033214725,0.973503356,0.999089333,0.929054035,0.453162789,0.858058659
PFS,ECSIT,1.087599647,0.81124569,0.646848949,1.458094639,0.149572867,0.561419396,0.574511665,0.999089333,0.895358929,0.604685384,0.65884538
PFS,EDN1,1.0598459,0.761768331,0.712791963,1.474560293,0.168491014,0.344965108,0.730120602,0.999089333,0.878035607,0.679411271,0.641517791
PFS,EFNA1,1.44409327,1.043264987,0.955657048,1.998922036,0.165883876,2.215294444,0.026739861,0.999089333,0.884864222,0.650139039,0.890176118
PFS,EFNA2,0.956653264,0.706437366,0.589056774,1.29549414,0.154700019,-0.286452899,0.774531264,0.999089333,0.890030491,0.627840048,0.627910307
PFS,EFNA3,1.039153322,0.759129607,0.663341096,1.422470703,0.160201425,0.239737366,0.810533865,0.999089333,0.424161549,2.795983391,0.153493895
PFS,EFNA5,1.071839085,0.765203457,0.736147607,1.501351064,0.171936561,0.403497337,0.686582393,0.999089333,0.598464206,1.876343804,0.231241813
PFS,EGFR,1.276742902,0.893753599,0.930096329,1.823849928,0.181961193,1.342661162,0.179381716,0.999089333,0.502063524,2.355014835,0.177556569
PFS,EGR1,1.005742969,0.765719029,0.555286303,1.321005332,0.139118128,0.041163158,0.967165824,0.999089333,0.886020976,0.645158266,0.52235788
PFS,EGR2,0.936696206,0.690049808,0.581452295,1.271502104,0.155918798,-0.419425172,0.674905431,0.999089333,0.705888703,1.398490079,0.276268428
PFS,EHHADH,0.887495481,0.629279092,0.622388475,1.251667567,0.175425961,-0.680354543,0.496279997,0.999089333,0.950882687,0.347389554,0.654170051
PFS,EIF2AK2,0.890428662,0.632932947,0.61974825,1.252681197,0.174155497,-0.666371673,0.505173564,0.999089333,0.898843855,0.58944735,0.610706294
PFS,EIF2B4,0.957824048,0.722157059,0.548240974,1.270398033,0.144095223,-0.299046579,0.764904506,0.999089333,0.947114814,0.366289329,0.805740209
PFS,EIF4EBP1,1.002587662,0.745233374,0.603581715,1.34881509,0.15135083,0.017075032,0.986376758,0.999089333,0.785507801,1.065088618,0.386757693
PFS,EIF5AL1,1.059388176,0.763980749,0.705039652,1.469020401,0.16679094,0.345891381,0.729424346,0.999089333,0.939920793,0.401556392,0.988814174
PFS,ELANE,1.017526227,0.747094295,0.638754358,1.385848654,0.15762447,0.110226631,0.912229642,0.999089333,0.834118211,0.863947521,0.505754136
PFS,ELK1,0.886228818,0.653200595,0.549188875,1.20238947,0.155661485,-0.775915136,0.437799095,0.999089333,0.939650812,0.40286117,0.775059499
PFS,ELMO1,0.879229632,0.655461641,0.523928115,1.179389756,0.149852918,-0.858903352,0.39039384,0.999089333,0.977995158,0.197479532,0.968788979
PFS,ELOB,0.936063771,0.675566251,0.621442566,1.297008817,0.166397127,-0.397072198,0.691314221,0.999089333,0.836637338,0.853479021,0.438149884
PFS,ENDOG,1.003846913,0.732481511,0.643264645,1.375746157,0.160797195,0.023878105,0.980949839,0.999089333,0.479384627,2.477425457,0.170103885
PFS,ENG,0.987424,0.726290195,0.616156892,1.342447086,0.156712002,-0.080757996,0.935634413,0.999089333,0.782931872,1.075746882,0.480242992
PFS,ENO1,1.173211561,0.874949728,0.698198217,1.573147945,0.149662832,1.067365295,0.285806914,0.999089333,0.539974844,2.159473657,0.168545099
PFS,ENTPD1,0.912748407,0.670845975,0.571033214,1.241879189,0.15710529,-0.581107125,0.561168257,0.999089333,0.837220307,0.851055118,0.417273245
PFS,EP300,0.944537538,0.683728649,0.621103555,1.304832204,0.16486747,-0.346095255,0.729271129,0.999089333,0.94943557,0.354686589,0.932958506
PFS,EPCAM,1.015824543,0.762487087,0.590846654,1.353333741,0.146365111,0.107270372,0.914574489,0.999089333,0.532919033,2.195075311,0.153221706
PFS,EPHA2,1.079615075,0.800823987,0.654637798,1.455461785,0.152410282,0.50262072,0.615230959,0.999089333,0.926016444,0.46729069,0.885892858
PFS,EPM2AIP1,1.004704213,0.756459755,0.577954337,1.334414091,0.144798135,0.032411902,0.974143571,0.999089333,0.706404207,1.3962917,0.312940531
PFS,EPO,1.063024879,0.753604767,0.745884016,1.499488782,0.175516355,0.348221132,0.727674119,0.999089333,0.886424098,0.643420899,0.730696447
PFS,EPOR,1.491089642,1.053817598,1.055986153,2.109803751,0.177088855,2.255970065,0.024072506,0.999089333,0.906078749,0.557545537,0.757883328
PFS,ERBB2,1.042827,0.801322106,0.555795269,1.357117375,0.134404295,0.31200859,0.755033995,0.999089333,0.862145141,0.746798271,0.645003373
PFS,ERCC2,0.961374796,0.723969896,0.552659841,1.276629737,0.144703949,-0.272217451,0.785454824,0.999089333,0.641377842,1.680051637,0.215954129
PFS,ERCC3,0.988933832,0.739669928,0.582528107,1.322198034,0.148177918,-0.07509792,0.940136803,0.999089333,0.197953373,4.665993726,0.090471963
PFS,ERCC6,1.018463301,0.704315728,0.768415115,1.472730843,0.188178698,0.097221015,0.922550879,0.999089333,0.711227358,1.375756046,0.254848623
PFS,ERG,1.021903364,0.738832891,0.674594283,1.413427174,0.165487961,0.13092754,0.895832629,0.999089333,0.935607431,0.42225637,0.837164975
PFS,ERO1A,1.086000851,0.830216069,0.59037538,1.420591449,0.137028688,0.602078339,0.547121992,0.999089333,0.760812557,1.167486187,0.380990603
PFS,ESR1,1.028579258,0.72432665,0.736306188,1.460632838,0.178927422,0.15748558,0.874862171,0.999089333,0.947595874,0.363893987,0.891302866
PFS,ESR2,1.052833896,0.767907632,0.675572244,1.443479876,0.161008725,0.319768245,0.749144021,0.999089333,0.936649675,0.417282355,0.986649123
PFS,ETS1,0.764107635,0.542949374,0.532400386,1.07534976,0.174336154,-1.54326346,0.122766866,0.999089333,0.702880033,1.411334469,0.293316443
PFS,ETS2,1.037096566,0.761505899,0.650918204,1.412424103,0.15759596,0.23112931,0.817214346,0.999089333,0.936078979,0.420008067,0.956545722
PFS,ETV1,1.148586068,0.804776656,0.834497976,1.639274632,0.181494236,0.763284184,0.445293932,0.999089333,0.408614299,2.891773614,0.127398149
PFS,ETV4,0.961311116,0.674818373,0.694615384,1.369433758,0.180541338,-0.218549288,0.82700116,0.999089333,0.631648104,1.723833607,0.217769756
PFS,ETV7,0.927000546,0.676892654,0.592629192,1.269521847,0.160432262,-0.472480557,0.636583817,0.999089333,0.929201006,0.452476214,0.800045012
PFS,EWSR1,0.974420989,0.693122729,0.676759146,1.369881875,0.173797253,-0.149092358,0.881480756,0.999089333,0.653572079,1.625720296,0.231340417
PFS,EXO1,0.991094838,0.731369952,0.611683553,1.343053506,0.155049179,-0.057691694,0.95399421,0.999089333,0.924739828,0.473194092,0.786879646
PFS,EYA1,0.929924559,0.673451641,0.610619304,1.284070945,0.164639389,-0.441278458,0.65901142,0.999089333,0.852418116,0.787652249,0.695815342
PFS,EZH2,0.964038411,0.722863023,0.562816322,1.285679345,0.146896266,-0.249319746,0.803113458,0.999089333,0.61221851,1.812500325,0.207970484
PFS,F12,0.940835335,0.677477814,0.629090623,1.306568437,0.167549676,-0.3639944,0.715862191,0.999089333,0.932375824,0.437573649,0.877421391
PFS,F13A1,0.943599265,0.665533488,0.672309895,1.337843383,0.178121953,-0.325921144,0.744484018,0.999089333,0.887680873,0.63799907,0.47327129
PFS,F2RL1,0.831283914,0.610439628,0.521585415,1.132025043,0.157549829,-1.172859975,0.240851962,0.999089333,0.947226498,0.365733666,0.664795258
PFS,FAAP24,0.962668029,0.684302746,0.669965873,1.354268619,0.174140035,-0.218483086,0.827052735,0.999089333,0.952838215,0.337448409,0.908101237
PFS,FADD,0.795866319,0.565862305,0.553496931,1.119359236,0.17402384,-1.312027408,0.189510887,0.999089333,0.749395172,1.215057672,0.476273456
PFS,FAM124B,0.909219605,0.651626464,0.617014904,1.268641369,0.169959839,-0.559947721,0.575515098,0.999089333,0.899834405,0.585101537,0.81309745
PFS,FAM30A,0.979804712,0.715174545,0.627179263,1.342353808,0.160628792,-0.127013348,0.898929834,0.999089333,0.901798197,0.576465876,0.584974325
PFS,FANCA,1.024503492,0.76764204,0.599671565,1.367313605,0.147267933,0.16438132,0.869430968,0.999089333,0.932250832,0.438163012,0.873835453
PFS,FANCB,0.914173208,0.679929523,0.549187063,1.229116586,0.151038953,-0.594119716,0.552432045,0.999089333,0.951962756,0.341910649,0.75205749
PFS,FANCC,1.019888974,0.756144764,0.619482719,1.375627484,0.152664135,0.12900065,0.897357135,0.999089333,0.789388594,1.049037681,0.617621722
PFS,FANCE,1.270855291,0.894474312,0.911137261,1.805611574,0.179191673,1.337618694,0.181020767,0.999089333,0.850510572,0.795635941,0.549139343
PFS,FANCF,0.947617109,0.754048464,0.436827493,1.190875957,0.116580656,-0.461523837,0.644422823,0.999089333,0.943816843,0.382581153,0.837553694
PFS,FANCG,1.062334312,0.807987776,0.588758839,1.396746615,0.139633697,0.433052118,0.664976907,0.999089333,0.937146562,0.414904936,0.7320321
PFS,FANCL,0.919287137,0.679975217,0.562847785,1.242823002,0.153850871,-0.547002168,0.584377243,0.999089333,0.936090786,0.419951726,0.962043918
PFS,FAP,0.917108204,0.691497807,0.524829198,1.216327005,0.144066669,-0.600623426,0.548090831,0.999089333,0.839233933,0.842678727,0.408436064
PFS,FAS,0.859234494,0.626927721,0.550694341,1.177622062,0.160824697,-0.943346471,0.345503714,0.999089333,0.804870614,0.985044781,0.347504331
PFS,FASLG,1.02217799,0.735821705,0.684152502,1.419974207,0.167708731,0.130796022,0.89593667,0.999089333,0.918646805,0.501113082,0.822814559
PFS,FBP1,0.975802249,0.709862979,0.631508607,1.341371586,0.162343793,-0.150885513,0.880066029,0.999089333,0.50326994,2.348623728,0.26654678
PFS,FBXW7,1.043577551,0.759226219,0.675200147,1.434426366,0.162304136,0.262807618,0.792698863,0.999089333,0.91747771,0.506424577,0.891659208
PFS,FCAR,0.92818143,0.671701639,0.610892771,1.28259441,0.165009649,-0.451658794,0.651514808,0.999089333,0.670876233,1.54957662,0.306255383
PFS,FCER1A,0.976579312,0.700128844,0.662059216,1.36218806,0.169794746,-0.139576238,0.888994817,0.999089333,0.884779682,0.65050279,0.70415863
PFS,FCER1G,0.889546625,0.665016844,0.524867602,1.189884446,0.148420867,-0.788590972,0.430351109,0.999089333,0.756141978,1.186924735,0.333389544
PFS,FCER2,0.989741062,0.718261162,0.645570579,1.363831741,0.163579597,-0.063039178,0.949735307,0.999089333,0.923603195,0.478433884,0.783752379
PFS,FCGR1A,1.078518056,0.780657121,0.709371172,1.490028292,0.164904653,0.458373533,0.646684103,0.999089333,0.797959548,1.013606849,0.45579852
PFS,FCGR3A.B,1.070546787,0.793956051,0.649537481,1.443493532,0.152501121,0.447010052,0.654867802,0.999089333,0.778084416,1.09581516,0.335472649
PFS,FCGRT,1.034610819,0.793622709,0.555153647,1.348776357,0.135294549,0.251490809,0.801434667,0.999089333,0.220908897,4.405143955,0.046033132
PFS,FCN1,0.950782716,0.68032829,0.648424001,1.328752291,0.170773595,-0.295535863,0.767584561,0.999089333,0.906885149,0.553965565,0.709949625
PFS,FCRL2,0.97659202,0.70276932,0.654335987,1.357105307,0.167880778,-0.141089996,0.887798847,0.999089333,0.934349939,0.428235218,0.832935529
PFS,FEN1,0.878240371,0.679529883,0.455528589,1.135058471,0.130879506,-0.992018962,0.321188276,0.999089333,0.938188598,0.409906153,0.860787664
PFS,FEZ1,0.717018922,0.487536971,0.566980255,1.054517226,0.196807752,-1.690243631,0.090981354,0.999089333,0.957079774,0.315540221,0.694486336
PFS,FGCR2A.B,1.081984544,0.810553996,0.633755154,1.44430915,0.147367103,0.534698003,0.592858703,0.999089333,0.882068435,0.662149979,0.501947593
PFS,FGF1,0.898398848,0.655025515,0.577171508,1.232197023,0.161196805,-0.664660556,0.506267628,0.999089333,0.958986535,0.30552244,0.958493892
PFS,FGF10,1.028197233,0.738015774,0.694459775,1.432475549,0.169185298,0.164358312,0.86944908,0.999089333,0.811520071,0.957558135,0.487309368
PFS,FGF11,0.924830791,0.649373703,0.667760002,1.317133705,0.180412717,-0.433142898,0.664910959,0.999089333,0.924318322,0.475138971,0.842088927
PFS,FGF12,0.888696578,0.651505516,0.560735345,1.212240861,0.158405976,-0.744917662,0.456321497,0.999089333,0.635578301,1.706100802,0.239257405
PFS,FGF13,1.003605818,0.742313252,0.614559519,1.356872771,0.153871851,0.023391757,0.98133778,0.999089333,0.927210572,0.461750702,0.860112583
PFS,FGF14,0.920749078,0.653036732,0.645173343,1.298210075,0.175285963,-0.471045848,0.637607994,0.999089333,0.953903304,0.331993094,0.9569332
PFS,FGF16,0.832482005,0.593177218,0.575152022,1.16832924,0.172920729,-1.060275852,0.289019122,0.999089333,0.942894815,0.387097238,0.936264927
PFS,FGF17,0.990598736,0.741205746,0.58269907,1.323904816,0.147977871,-0.063832074,0.949103939,0.999089333,0.914203289,0.521229247,0.764985122
PFS,FGF18,0.884615459,0.665783061,0.509591557,1.175374618,0.144997133,-0.845549393,0.397804167,0.999089333,0.497529327,2.379141015,0.141953264
PFS,FGF19,0.974416746,0.703643635,0.645743965,1.3493876,0.166108693,-0.156019505,0.876017647,0.999089333,0.951116069,0.346208079,0.924224198
PFS,FGF2,0.880841968,0.630046396,0.601422553,1.231468949,0.170964759,-0.742123975,0.458012225,0.999089333,0.96376861,0.279871233,0.917408932
PFS,FGF20,1.027273623,0.744744823,0.672238637,1.41698346,0.164095854,0.163979308,0.869747433,0.999089333,0.880449203,0.669089419,0.662736178
PFS,FGF21,0.953824614,0.686540774,0.638626541,1.325167316,0.167765427,-0.28179505,0.778100667,0.999089333,0.940458325,0.398954796,0.916153694
PFS,FGF22,1.019487306,0.72925306,0.695978349,1.42523141,0.170939026,0.112904935,0.910105923,0.999089333,0.905395136,0.560576422,0.802203218
PFS,FGF23,0.962171426,0.69047017,0.650317444,1.340787614,0.169298958,-0.227778408,0.819818513,0.999089333,0.950257843,0.350546354,0.960480958
PFS,FGF3,1.009871397,0.716883366,0.70571937,1.422602736,0.174832352,0.056185212,0.955194262,0.999089333,0.949282057,0.355457812,0.822023247
PFS,FGF4,0.936713595,0.67609478,0.621700124,1.297794904,0.16635219,-0.393007781,0.694313735,0.999089333,0.955422111,0.32416151,0.962150687
PFS,FGF5,1.047334597,0.751558785,0.707954138,1.459512922,0.169316533,0.273147913,0.784739518,0.999089333,0.93739093,0.413734266,0.983529139
PFS,FGF6,0.945790198,0.676948945,0.644449228,1.321398173,0.17062809,-0.326643242,0.743937733,0.999089333,0.956162544,0.320320372,0.910721857
PFS,FGF7,0.93473036,0.682040005,0.59900046,1.281040465,0.160803867,-0.419748467,0.674669214,0.999089333,0.954599888,0.328409018,0.955030875
PFS,FGF8,1.049713365,0.747290858,0.727232932,1.47452379,0.173379687,0.27983175,0.779606591,0.999089333,0.943247487,0.385371778,0.867540668
PFS,FGF9,0.918823169,0.665288523,0.603688749,1.268977272,0.164734084,-0.513928814,0.607301761,0.999089333,0.859378057,0.758446387,0.434607903
PFS,FGFR1,1.063355808,0.750476339,0.756200841,1.50667718,0.177797614,0.345503874,0.729715598,0.999089333,0.702986959,1.410877579,0.412379094
PFS,FGFR2,0.910377325,0.684586843,0.526051198,1.21063804,0.145433106,-0.645631009,0.518518351,0.999089333,0.94131879,0.394779569,0.736649261
PFS,FGFR3,1.229256027,0.865846153,0.879348851,1.745195004,0.178807964,1.154362065,0.248351761,0.999089333,0.619319969,1.779894006,0.289855112
PFS,FGFR4,0.991314901,0.722713534,0.637030246,1.35974378,0.161237309,-0.054100595,0.956855018,0.999089333,0.941805007,0.392414395,0.732300289
PFS,FGL1,0.885930193,0.643467615,0.576286553,1.219754168,0.16314915,-0.74237053,0.45786287,0.999089333,0.817402913,0.933226774,0.418819216
PFS,FH,0.94384498,0.683476366,0.619924003,1.303400369,0.164681526,-0.350940044,0.725633329,0.999089333,0.943165151,0.385774822,0.877823422
PFS,FLG,1.011212489,0.724846292,0.685867552,1.410713844,0.169873404,0.065637676,0.947666292,0.999089333,0.915224477,0.516623216,0.647437092
PFS,FLNA,0.990091497,0.709629169,0.671770039,1.381399208,0.169929053,-0.058600452,0.953270351,0.999089333,0.333142208,3.406131159,0.100999722
PFS,FLNB,1.009931086,0.743382053,0.62867259,1.372054643,0.156343311,0.063207671,0.949601136,0.999089333,0.951108067,0.34624861,0.862017689
PFS,FLNC,0.97964635,0.720037344,0.612819875,1.332857218,0.157088888,-0.130904484,0.895850867,0.999089333,0.934441241,0.427801924,0.876916312
PFS,FLT1,0.947851074,0.720327596,0.526912775,1.247240371,0.140049151,-0.382422054,0.702148334,0.999089333,0.941070527,0.395985574,0.817911186
PFS,FLT3LG,0.960161392,0.694341738,0.633404888,1.327746626,0.165379126,-0.245822388,0.805819726,0.999089333,0.808351785,0.970656181,0.425579957
PFS,FN1,0.901864478,0.670767749,0.541812221,1.21257997,0.151044261,-0.683846012,0.494072408,0.999089333,0.930911072,0.444466404,0.889757485
PFS,FOLH1,0.897044756,0.651790503,0.582792221,1.234582724,0.16295328,-0.666752598,0.504930175,0.999089333,0.962842786,0.284900659,0.989060446
PFS,FOS,1.254902804,0.916374597,0.802115911,1.718490508,0.160405076,1.415529535,0.156913295,0.999089333,0.847367896,0.80877142,0.661251752
PFS,FOSL1,0.943048791,0.680367661,0.626780038,1.307147699,0.166576883,-0.352013174,0.724828383,0.999089333,0.957505175,0.313314836,0.906870218
PFS,FOXA1,1.210701715,0.888942562,0.759981344,1.648923907,0.157616558,1.213071292,0.225102565,0.999089333,0.190479185,4.757015326,0.03810412
PFS,FOXA2,0.927330694,0.701242294,0.525070243,1.226312537,0.142582605,-0.529132157,0.596713775,0.999089333,0.918835051,0.500256525,0.5894278
PFS,FOXC1,1.05441752,0.756292061,0.713770053,1.470062114,0.169552174,0.312520324,0.75464512,0.999089333,0.779115314,1.091545922,0.500144905
PFS,FOXJ1,1.072549108,0.763808404,0.742278178,1.506086582,0.173205458,0.404364618,0.685944615,0.999089333,0.593316347,1.900483551,0.278007111
PFS,FOXL2,0.980213568,0.719042675,0.617204355,1.33624703,0.15808952,-0.126414478,0.899403842,0.999089333,0.914396867,0.520356875,0.60518354
PFS,FOXM1,0.838854749,0.629638332,0.487951329,1.117589662,0.146376154,-1.200453124,0.229963407,0.999089333,0.887388481,0.639261209,0.483392686
PFS,FOXO4,0.880045644,0.622981893,0.620200846,1.243182739,0.176256464,-0.724974856,0.468467456,0.999089333,0.602978378,1.855287067,0.205489382
PFS,FPR1,0.929860259,0.678350245,0.59627169,1.274621935,0.160906312,-0.451945994,0.651307889,0.999089333,0.961322542,0.293091289,0.900012185
PFS,FPR3,0.902333263,0.676646631,0.526648088,1.203294719,0.146857163,-0.69980486,0.484049179,0.999089333,0.889768868,0.628972717,0.546414657
PFS,FST,0.859624855,0.643456798,0.50495735,1.148414148,0.147778832,-1.023551193,0.306047308,0.999089333,0.184978629,4.826154582,0.043473057
PFS,FSTL3,1.11891241,0.829007183,0.681190806,1.51019799,0.153004653,0.734338131,0.462742684,0.999089333,0.927552405,0.460161533,0.983180984
PFS,FUBP1,0.925655446,0.681533402,0.575687451,1.257220853,0.156205327,-0.494561893,0.620909407,0.999089333,0.800798212,1.001875207,0.42920786
PFS,FUT4,0.843675726,0.635510267,0.484516846,1.120027113,0.144563862,-1.175861431,0.239650253,0.999089333,0.962302605,0.287820478,0.782580964
PFS,FUT5,1.220950962,0.894094043,0.773204004,1.667298048,0.158969425,1.255776274,0.209197096,0.999089333,0.881450278,0.664800605,0.615008689
PFS,FUT7,1.002189862,0.712575057,0.696938943,1.409514,0.174012124,0.012570776,0.989970236,0.999089333,0.696452324,1.438856643,0.389961207
PFS,FUT8,0.851609597,0.624462442,0.536918703,1.161381144,0.1582871,-1.014783118,0.310209223,0.999089333,0.185853625,4.815028977,0.058548551
PFS,FYN,0.917251355,0.699408058,0.503537829,1.202945887,0.138342947,-0.624345085,0.532400981,0.999089333,0.894805073,0.607100049,0.61455272
PFS,FZD1,0.910002774,0.68598383,0.521194843,1.207178673,0.144183054,-0.654082629,0.513058572,0.999089333,0.88436835,0.652272122,0.569238126
PFS,FZD10,0.943371028,0.681385041,0.624703063,1.306088104,0.16598882,-0.351202082,0.725436748,0.999089333,0.876899297,0.684261986,0.583110758
PFS,FZD2,0.841442585,0.624878446,0.508182917,1.133061363,0.151819441,-1.13712378,0.255486544,0.999089333,0.586879676,1.930862659,0.194303865
PFS,FZD3,1.144877694,0.836797577,0.729584747,1.566382324,0.159937069,0.845944061,0.397583951,0.999089333,0.313117943,3.559569503,0.103593641
PFS,FZD4,1.0164263,0.712145377,0.738573052,1.450718429,0.181516629,0.089759532,0.928478308,0.999089333,0.782965306,1.075608516,0.487474308
PFS,FZD5,0.952892013,0.688277676,0.630961958,1.319239634,0.165977147,-0.29072493,0.771261704,0.999089333,0.257845857,4.033720635,0.153455799
PFS,FZD6,1.192301931,0.858939619,0.796105582,1.655045202,0.167320669,1.051190121,0.29317128,0.999089333,0.877469486,0.681828631,0.726621554
PFS,FZD7,1.323224414,0.916379715,0.99431606,1.910695775,0.187450363,1.494110185,0.135146822,0.999089333,0.860548322,0.753522841,0.645951143
PFS,FZD8,1.145652103,0.84883696,0.697418449,1.546255409,0.152993702,0.888755519,0.374134486,0.999089333,0.93844806,0.408658695,0.76817711
PFS,FZD9,0.896674022,0.653415182,0.577080104,1.230495287,0.161472177,-0.675428383,0.499403638,0.999089333,0.129130562,5.664385092,0.032268476
PFS,G6PD,0.766697218,0.542962302,0.539662811,1.082625113,0.176050209,-1.509020174,0.131293627,0.999089333,0.886435547,0.64337154,0.930991306
PFS,GABPA,1.073096016,0.757659484,0.762198823,1.519858307,0.177589573,0.397252733,0.691181099,0.999089333,0.718426638,1.345209523,0.385706355
PFS,GADD45A,1.068615067,0.774445006,0.700079528,1.474524534,0.164274502,0.403979188,0.686228024,0.999089333,0.675438774,1.529673743,0.25314311
PFS,GADD45B,1.008864886,0.763955412,0.568332235,1.332287647,0.141875911,0.062208051,0.950397152,0.999089333,0.786409181,1.061359883,0.483240268
PFS,GADD45G,0.965801605,0.725148018,0.561172453,1.286320471,0.146218319,-0.23797869,0.811897622,0.999089333,0.545595457,2.131355337,0.231693735
PFS,GAS1,0.880931552,0.635023842,0.587041138,1.22206498,0.167001734,-0.759125948,0.447777218,0.999089333,0.932904323,0.435079195,0.652952502
PFS,GATA1,1.015314775,0.705042889,0.757086732,1.462129621,0.186072465,0.081681553,0.934899948,0.999089333,0.941151774,0.395591018,0.933294679
PFS,GATA2,1.260014434,0.906605808,0.844581268,1.751187076,0.167947326,1.37616467,0.168770658,0.999089333,0.762218021,1.161642189,0.344569857
PFS,GATA3,0.900658176,0.646328103,0.608739016,1.255067119,0.169298279,-0.61801855,0.536563111,0.999089333,0.885547662,0.647197084,0.727633274
PFS,GBP1,0.853617614,0.619050512,0.558015037,1.177065549,0.163929779,-0.965486228,0.334301331,0.999089333,0.946742757,0.36813851,0.989299801
PFS,GBP2,1.006885486,0.717008146,0.696948429,1.413956575,0.173232758,0.039610809,0.96840341,0.999089333,0.935824819,0.421220314,0.96506701
PFS,GBP4,0.886766499,0.644769919,0.574819892,1.219589811,0.162598988,-0.739079503,0.459858722,0.999089333,0.936546847,0.417773856,0.703417101
PFS,GDF15,1.248785781,0.91125052,0.800096572,1.711347092,0.160772918,1.381897566,0.167003155,0.999089333,0.775367232,1.107071681,0.400233984
PFS,GDF6,1.048673842,0.739195186,0.74852666,1.487721846,0.178431661,0.266356084,0.789964984,0.999089333,0.76676651,1.142745209,0.545374979
PFS,GHR,1.071668063,0.747414667,0.789178725,1.536593392,0.18385619,0.376470177,0.706567383,0.999089333,0.874211246,0.69571548,0.776347675
PFS,GIMAP4,0.964508977,0.719610427,0.573141223,1.29275165,0.149446189,-0.241800341,0.808934875,0.999089333,0.945035109,0.376588693,0.790859855
PFS,GIMAP6,0.956393066,0.693636486,0.625048036,1.318684522,0.163891256,-0.27204803,0.785585089,0.999089333,0.902345633,0.574053706,0.693489543
PFS,GLI1,1.080462703,0.772306372,0.739269468,1.51157584,0.17131097,0.451747944,0.651450575,0.999089333,0.92866503,0.454978654,0.7761565
PFS,GLI3,0.96920605,0.70343389,0.631958646,1.335392536,0.163525113,-0.191273669,0.848311189,0.999089333,0.949670066,0.35350748,0.979996934
PFS,GLS,1.131624463,0.846488333,0.666319197,1.512807531,0.148121619,0.834815197,0.403821768,0.999089333,0.787285996,1.057733151,0.331893117
PFS,GLUD1,0.907414995,0.655753938,0.599902987,1.255656925,0.165724611,-0.586245977,0.557710229,0.999089333,0.787627256,1.05632171,0.363448397
PFS,GLUL,0.917194562,0.658013265,0.620450117,1.278463382,0.169439099,-0.510128168,0.609961672,0.999089333,0.958460927,0.308295068,0.814908131
PFS,GMIP,1.102202877,0.801477061,0.714288317,1.515765379,0.162558966,0.598618424,0.549427367,0.999089333,0.907861724,0.549623181,0.596638469
PFS,GNA11,1.11428216,0.816601079,0.703877849,1.520478928,0.158581982,0.682362482,0.495009773,0.999089333,0.062425257,7.317951661,0.007886955
PFS,GNAQ,0.796164797,0.594861569,0.47072817,1.065589739,0.14871573,-1.532783944,0.125329098,0.999089333,0.895773273,0.602877709,0.787144208
PFS,GNAS,0.962671856,0.706587746,0.604979157,1.311566903,0.157791271,-0.241094941,0.809481534,0.999089333,0.896033438,0.601742127,0.607859551
PFS,GNG12,0.955162964,0.720981042,0.544428499,1.26540954,0.143507293,-0.319658385,0.74922731,0.999089333,0.915385861,0.515894396,0.607836872
PFS,GNG4,0.961756355,0.720984387,0.561949477,1.282933864,0.147014776,-0.265239528,0.790824946,0.999089333,0.874203271,0.695749418,0.516089718
PFS,GNG7,0.918997661,0.673781107,0.579677461,1.253458567,0.158359178,-0.533418415,0.593743973,0.999089333,0.884340907,0.652390139,0.676905828
PFS,GNLY,0.970448419,0.707256475,0.624325728,1.331582203,0.161413623,-0.185839496,0.852570631,0.999089333,0.786700552,1.060154655,0.359391449
PFS,GOT1,0.681584958,0.477671056,0.494876995,0.972548052,0.181380158,-2.113430574,0.034563931,0.999089333,0.927886573,0.45860657,0.769301972
PFS,GOT2,1.184718198,0.860622112,0.770241412,1.630863523,0.163066621,1.039482745,0.298580279,0.999089333,0.893738703,0.611743853,0.653039339
PFS,GPC4,1.022702872,0.708216776,0.768620824,1.4768376,0.18748,0.119740756,0.904688514,0.999089333,0.746933942,1.225337602,0.337871328
PFS,GPI,0.933850275,0.685319108,0.587192233,1.272511341,0.157876136,-0.433499073,0.66465224,0.999089333,0.936695747,0.417062087,0.997579051
PFS,GPR160,0.837540918,0.6152823,0.524803787,1.140086087,0.157344184,-1.126734747,0.259854647,0.999089333,0.918969803,0.49964315,0.569149664
PFS,GPSM3,0.957175829,0.692965818,0.629156491,1.322122309,0.164802227,-0.265579995,0.790562694,0.999089333,0.917286608,0.507291489,0.770953632
PFS,GPT,1.201425451,0.850889009,0.845481608,1.696370617,0.176014617,1.042576637,0.297144414,0.999089333,0.771258908,1.124103132,0.446489468
PFS,GPX1,1.024346689,0.779325443,0.567077589,1.346403032,0.139482963,0.172458573,0.863077027,0.999089333,0.777432705,1.098514483,0.329248068
PFS,GPX4,1.150953637,0.861411231,0.676407441,1.537818671,0.147846654,0.950923435,0.341643244,0.999089333,0.909487257,0.542377937,0.622847368
PFS,GRB2,0.822189025,0.608660242,0.501967241,1.110627483,0.153426344,-1.276084329,0.201925711,0.999089333,0.782857471,1.07605478,0.46752454
PFS,GRB7,1.117257884,0.838662053,0.649738637,1.488400691,0.146341881,0.757659837,0.448654649,0.999089333,0.934832384,0.425944248,0.930034855
PFS,GRIN1,1.060959929,0.760469771,0.71971526,1.480185031,0.169897514,0.348292866,0.727620251,0.999089333,0.749885896,1.213009172,0.431578292
PFS,GRIN2B,0.909282644,0.658247929,0.597806044,1.256053973,0.164836872,-0.576929741,0.563986918,0.999089333,0.831052011,0.876677879,0.447519046
PFS,GSK3B,1.040809593,0.763181753,0.656250254,1.419432008,0.158297772,0.25268116,0.800514608,0.999089333,0.722783269,1.326782819,0.377668605
PFS,GTF2H3,0.905750146,0.656625699,0.59276696,1.249392659,0.164109826,-0.603204514,0.546372645,0.999089333,0.839886763,0.839961663,0.418527037
PFS,GTF3C1,1.296955475,0.978888349,0.739482806,1.718371156,0.143552262,1.811323426,0.070090801,0.999089333,0.5181082,2.270953876,0.134143672
PFS,GUSB,1.216426154,0.895248214,0.757581209,1.652829423,0.156416876,1.252532229,0.210375992,0.999089333,0.937248247,0.41441792,0.646513395
PFS,GZMA,0.858442962,0.634825747,0.526003541,1.160829288,0.153966958,-0.991349322,0.321515037,0.999089333,0.961970918,0.289608105,0.835975096
PFS,GZMB,0.933089983,0.685054704,0.585875794,1.270930498,0.157657461,-0.439266479,0.66046846,0.999089333,0.961470778,0.292296242,0.986875975
PFS,GZMH,0.872500659,0.636952096,0.558204345,1.195156441,0.160548338,-0.849537725,0.395582148,0.999089333,0.961796838,0.290544744,0.793254644
PFS,GZMM,1.010179052,0.725548099,0.680922013,1.406470112,0.168857952,0.059977003,0.952173951,0.999089333,0.936899695,0.416086598,0.669563612
PFS,H2AX,0.855401854,0.654135231,0.464459668,1.118594898,0.136868463,-1.141124201,0.253818242,0.999089333,0.852086861,0.789039264,0.4549437
PFS,H3.3A,0.955598491,0.726920291,0.529295125,1.256215416,0.139554098,-0.325446861,0.744842895,0.999089333,0.934797804,0.426108571,0.917561911
PFS,H3.5,0.866931509,0.640338216,0.533370024,1.17370824,0.154576042,-0.923786774,0.355597343,0.999089333,0.880718668,0.667935427,0.690838712
PFS,H3C10,0.813964303,0.61474985,0.462985894,1.077735744,0.143217465,-1.437246265,0.150648031,0.999089333,0.897867709,0.593723544,0.494498702
PFS,H3C2,0.776394455,0.579063274,0.4619082,1.040971474,0.149619564,-1.691587407,0.090724669,0.999089333,0.945223231,0.375660713,0.616707874
PFS,H3C8,0.805032217,0.605637898,0.464435282,1.070073179,0.14520676,-1.493546041,0.135294312,0.999089333,0.95419477,0.330495019,0.953830683
PFS,HACD2,0.964501912,0.62524748,0.862585686,1.487833167,0.221159306,-0.163427281,0.870182024,0.999089333,0.378453855,3.08667393,0.180903453
PFS,HAMP,1.036775814,0.684490326,0.885881155,1.570371482,0.211838834,0.17048677,0.864627338,0.999089333,0.935428884,0.423106761,0.620895161
PFS,HAVCR2,0.939103259,0.694799069,0.574510249,1.269309318,0.153728716,-0.408705934,0.682755478,0.999089333,0.902275878,0.574361188,0.540397167
PFS,HCK,1.042453887,0.712717929,0.812022873,1.524740802,0.194007131,0.214308826,0.830306235,0.999089333,0.360451212,3.209411271,0.129752972
PFS,HDAC1,1.033176419,0.761916897,0.639093524,1.401010422,0.155388441,0.2100411,0.833635596,0.999089333,0.909942054,0.540346895,0.567500728
PFS,HDAC10,0.958275338,0.725944531,0.539016612,1.264961143,0.141666653,-0.300848028,0.763530383,0.999089333,0.573379962,1.995313561,0.230646611
PFS,HDAC11,1.075861453,0.744035369,0.811640496,1.555675865,0.188160804,0.388612777,0.697562614,0.999089333,0.94438443,0.379792934,0.719896586
PFS,HDAC2,0.849869451,0.638521756,0.492650481,1.131172237,0.145883804,-1.115082856,0.264814918,0.999089333,0.862474736,0.745409326,0.5778556
PFS,HDAC3,0.927650876,0.706963206,0.51026584,1.217229045,0.138613174,-0.541794303,0.587960217,0.999089333,0.891687772,0.620656116,0.673081012
PFS,HDAC4,0.933881748,0.706955015,0.526695076,1.233650091,0.142034643,-0.481611075,0.630082257,0.999089333,0.634952544,1.708919798,0.272505992
PFS,HDAC5,0.868599591,0.652919003,0.502607556,1.155526559,0.145629801,-0.967336553,0.333375816,0.999089333,0.197886286,4.666796379,0.045503135
PFS,HDAC6,0.939423449,0.696063839,0.571803228,1.267867067,0.152974728,-0.408491942,0.682912545,0.999089333,0.648782215,1.646992162,0.271850726
PFS,HELLS,0.881615327,0.661295373,0.514042633,1.175338006,0.146714546,-0.858806835,0.390447096,0.999089333,0.86312223,0.742679759,0.627126096
PFS,HERC6,0.916693131,0.664775326,0.599300315,1.264075641,0.163943647,-0.53056345,0.595721329,0.999089333,0.949330596,0.355214021,0.79758026
PFS,HES1,1.078955798,0.795072861,0.66912705,1.464199912,0.155775943,0.487839894,0.625663252,0.999089333,0.422506012,2.806043523,0.122388455
PFS,HES5,1.016602877,0.74173958,0.651581521,1.393321101,0.160831334,0.102384003,0.918451881,0.999089333,0.620320353,1.775319531,0.326649601
PFS,HEY1,0.974071495,0.713405746,0.616574119,1.329979865,0.15889801,-0.165329786,0.868684415,0.999089333,0.017934002,10.07563856,0.003754327
PFS,HGF,0.976016092,0.698033998,0.666666598,1.364700596,0.171029299,-0.141941789,0.887125986,0.999089333,0.832710546,0.869793415,0.640564805
PFS,HHEX,0.930236807,0.67416373,0.609412468,1.283576198,0.164271478,-0.440223068,0.659775554,0.999089333,0.722668669,1.327266988,0.286996611
PFS,HHIP,0.938589344,0.667791674,0.651407097,1.319198772,0.173677574,-0.36491314,0.715176245,0.999089333,0.843661075,0.824238811,0.659329481
PFS,HIF1A,1.041253042,0.683330378,0.90332219,1.586652567,0.214902754,0.188107577,0.850792322,0.999089333,0.88558598,0.647032073,0.96652088
PFS,HK1,0.909284089,0.66458033,0.579509386,1.244089716,0.159952845,-0.594535875,0.552153755,0.999089333,0.919944163,0.495202349,0.827174296
PFS,HK2,1.0633927,0.783969346,0.658439137,1.442408483,0.155538479,0.395172038,0.692715927,0.999089333,0.886648925,0.642451578,0.469179865
PFS,HLA.A,0.86415336,0.647246005,0.506505465,1.15375147,0.147463836,-0.990107337,0.322121658,0.999089333,0.896899894,0.59795708,0.740907979
PFS,HLA.B,0.902994586,0.673252927,0.537880645,1.211133572,0.149796364,-0.681182895,0.49575577,0.999089333,0.928919341,0.453791763,0.863512846
PFS,HLA.C,0.83741354,0.618402945,0.515584922,1.133987868,0.154685374,-1.147084893,0.251346537,0.999089333,0.825445042,0.899928587,0.527613833
PFS,HLA.DMA,0.972866301,0.719334351,0.596422135,1.315756487,0.154043846,-0.178576531,0.858270224,0.999089333,0.853232752,0.784240135,0.429392819
PFS,HLA.DMB,0.981607215,0.72484797,0.604469024,1.329316993,0.154711673,-0.119991178,0.904490137,0.999089333,0.830934098,0.877167198,0.385175799
PFS,HLA.DOA,0.910959946,0.656805175,0.606656282,1.263461457,0.166896685,-0.558766937,0.57632079,0.999089333,0.916339498,0.511582588,0.570027339
PFS,HLA.DOB,0.893561872,0.626508679,0.647939459,1.274448138,0.181152794,-0.621241866,0.534440497,0.999089333,0.958257073,0.309368093,0.974740606
PFS,HLA.DPA1,0.870187094,0.637974327,0.548947383,1.18692171,0.15837546,-0.87795824,0.379966382,0.999089333,0.91207237,0.530809619,0.629105256
PFS,HLA.DPB1,0.966452361,0.689370022,0.665533929,1.354903951,0.172377575,-0.197956558,0.843079053,0.999089333,0.848713287,0.803150671,0.59851267
PFS,HLA.DQA1,0.863878746,0.635775819,0.538044363,1.173820181,0.156424509,-0.935421579,0.34957108,0.999089333,0.727352955,1.307499775,0.281327614
PFS,HLA.DQA2,0.99170005,0.724511666,0.632911596,1.357423262,0.160167652,-0.05203664,0.958499499,0.999089333,0.950695982,0.348333789,0.857112448
PFS,HLA.DQB1,0.947690502,0.698933075,0.586050163,1.284983239,0.155346211,-0.345855265,0.729451489,0.999089333,0.892479979,0.61721653,0.708388467
PFS,HLA.DRA,0.872830747,0.64094586,0.547662352,1.188608212,0.157552217,-0.863292311,0.38797677,0.999089333,0.834915745,0.860634253,0.477406882
PFS,HLA.DRB,0.915484324,0.683462885,0.542809333,1.226272218,0.149125642,-0.592131816,0.553762323,0.999089333,0.861036135,0.751469346,0.526812392
PFS,HLA.DRB3,0.816170977,0.599374825,0.512008296,1.111383121,0.157521624,-1.289546224,0.197208257,0.999089333,0.592131414,1.906059563,0.20526478
PFS,HLA.DRB4,0.855411185,0.634284376,0.519343748,1.153628124,0.152597128,-1.02343347,0.306102941,0.999089333,0.576648827,1.979613191,0.198889997
PFS,HLA.DRB5,1.20437167,0.867829032,0.803595946,1.671424978,0.167206413,1.112146313,0.266075247,0.999089333,0.936920851,0.41598537,0.826420887
PFS,HLA.E,0.872572544,0.652603369,0.514082067,1.166685435,0.148204892,-0.919736733,0.357710352,0.999089333,0.849450295,0.800069982,0.535126815
PFS,HLA.F,0.83887449,0.625261594,0.500203999,1.125465593,0.149947137,-1.171707453,0.24131453,0.999089333,0.883992191,0.65388943,0.714055291
PFS,HLA.G,0.934308067,0.663654602,0.65168558,1.315340182,0.174515648,-0.389357971,0.697011358,0.999089333,0.943161832,0.385791064,0.667055862
PFS,HMGA1,0.902745379,0.680776245,0.516311969,1.197088214,0.143985736,-0.710589395,0.477338716,0.999089333,0.943305596,0.385087249,0.89302342
PFS,HMGA2,0.941984451,0.66542552,0.668059111,1.333484632,0.177330836,-0.337033946,0.73609131,0.999089333,0.949702065,0.353346478,0.921117655
PFS,HMGB1,0.881445388,0.655653404,0.529341543,1.184994947,0.150987848,-0.835777414,0.403280135,0.999089333,0.720934564,1.334596849,0.306101866
PFS,HMGN5,0.870854594,0.646971719,0.525239834,1.172211553,0.151621377,-0.912010299,0.361763296,0.999089333,0.481281531,2.46701601,0.131634308
PFS,HNF1A,1.05298916,0.773701699,0.659390891,1.433092589,0.157248716,0.328352052,0.742645492,0.999089333,0.94166473,0.39309721,0.881196877
PFS,HNRNPK,0.854001439,0.630401762,0.526508803,1.156910564,0.154888329,-1.018943142,0.308229961,0.999089333,0.873347185,0.69939099,0.580941758
PFS,HOXA10,0.91694709,0.680046202,0.556328567,1.236374768,0.152497206,-0.568571124,0.569647226,0.999089333,0.388446512,3.020687784,0.092492392
PFS,HOXA11,0.932813211,0.668477132,0.633198641,1.301675773,0.170004548,-0.409108471,0.68246006,0.999089333,0.724421655,1.319864042,0.386341987
PFS,HOXA9,0.889629188,0.655317085,0.552403744,1.207720828,0.155964864,-0.749851876,0.453343921,0.999089333,0.446280075,2.664580434,0.134032826
PFS,HPRT1,0.835566164,0.573746039,0.643117809,1.216863849,0.191800808,-0.936626624,0.348950652,0.999089333,0.469463919,2.532401144,0.139151804
PFS,HRAS,0.833286668,0.622527173,0.492872607,1.115399779,0.148773368,-1.225875025,0.220245709,0.999089333,0.913998343,0.522152468,0.975319394
PFS,HSD11B1,0.973906794,0.709272651,0.62800497,1.337277621,0.161776236,-0.163433611,0.870177041,0.999089333,0.952730321,0.337999398,0.879468099
PFS,HSD17B8,1.086671979,0.785639517,0.717411139,1.503050656,0.165501519,0.502229804,0.615505881,0.999089333,0.898177887,0.592365435,0.640186297
PFS,HSP90B1,0.89873222,0.652090635,0.586570925,1.23866156,0.163677274,-0.652321185,0.514193996,0.999089333,0.920622531,0.492104647,0.939287257
PFS,HSPA1A,1.198132146,0.879226548,0.75348193,1.632708477,0.157899065,1.144806015,0.252289523,0.999089333,0.756652544,1.184798401,0.396669048
PFS,HSPA2,0.958728092,0.694019211,0.630381524,1.324400735,0.164853978,-0.255667338,0.798207718,0.999089333,0.905132015,0.561742041,0.651169521
PFS,HSPA6,1.7961572,1.193581689,1.509359147,2.702940836,0.208519589,2.808606599,0.004975641,0.999089333,0.944426281,0.379587092,0.917088731
PFS,HSPB1,1.09248633,0.820378085,0.634471092,1.454849177,0.146148656,0.605247684,0.545014437,0.999089333,0.959505282,0.302777402,0.874792498
PFS,IBSP,1.090224038,0.790985603,0.711682015,1.502667618,0.16370644,0.527671448,0.597727393,0.999089333,0.938231663,0.409699181,0.953193557
PFS,ICAM1,0.961862635,0.716049615,0.576011311,1.292060926,0.150575313,-0.258233764,0.796226501,0.999089333,0.919279722,0.498231723,0.669753233
PFS,ICAM2,1.043951003,0.736814522,0.742300867,1.479115389,0.177774512,0.241950076,0.808818848,0.999089333,0.942584121,0.388615371,0.846234306
PFS,ICAM3,1.06222463,0.777538127,0.673607643,1.451145771,0.159180483,0.379226242,0.704519866,0.999089333,0.839811053,0.840276805,0.447185804
PFS,ICAM4,0.999367733,0.730313249,0.63723125,1.367544499,0.160028074,-0.003952224,0.996846589,0.999089333,0.949199685,0.355871416,0.833661178
PFS,ICAM5,0.941005104,0.700357583,0.56398313,1.264340713,0.150695384,-0.403507485,0.686574929,0.999089333,0.836530726,0.853922242,0.401383087
PFS,ICOS,0.949170151,0.674322927,0.661719403,1.33604233,0.174431246,-0.29907028,0.764886422,0.999089333,0.877964175,0.679716363,0.719405847
PFS,ICOSLG,1.064387176,0.802546111,0.609111168,1.411657279,0.144066514,0.433127797,0.66492193,0.999089333,0.924903614,0.472437795,0.772026011
PFS,ID1,1.195541247,0.869605975,0.774033689,1.643639665,0.162408128,1.099692558,0.271466099,0.999089333,0.957016082,0.315872946,0.919565567
PFS,ID2,1.059997018,0.777463685,0.66774038,1.445204066,0.158158232,0.36840381,0.712572157,0.999089333,0.638309034,1.693818157,0.232156645
PFS,ID4,1.036057482,0.79257692,0.561758641,1.35433556,0.136680239,0.259164219,0.795508538,0.999089333,0.947336908,0.365184074,0.886320307
PFS,IDH1,1.020730889,0.752001025,0.633491165,1.38549219,0.155888844,0.131625381,0.895280609,0.999089333,0.770566899,1.126973443,0.412828168
PFS,IDH2,0.838867653,0.580942532,0.630363063,1.211305595,0.187452991,-0.937314084,0.34859702,0.999089333,0.707750194,1.390554931,0.298953193
PFS,IDO1,0.9068983,0.658019993,0.591888118,1.24990811,0.163673926,-0.597071053,0.550459943,0.999089333,0.854762053,0.777830284,0.611964278
PFS,IER3,0.892198449,0.661673828,0.541363136,1.203036964,0.152510893,-0.747924899,0.454505458,0.999089333,0.910370108,0.538433678,0.691862636
PFS,IFI16,0.945488232,0.696431569,0.587180544,1.283612113,0.155988532,-0.359345885,0.719336352,0.999089333,0.947351753,0.365110163,0.871073616
PFS,IFI27,0.884075615,0.647187195,0.560484555,1.20767175,0.159139157,-0.774244915,0.438785972,0.999089333,0.86612069,0.730022349,0.56025409
PFS,IFI35,0.958455273,0.704212975,0.600273797,1.304486772,0.15726925,-0.269807232,0.787308559,0.999089333,0.735405864,1.273623068,0.313768995
PFS,IFI6,0.979426674,0.719808623,0.612874232,1.332682854,0.15713656,-0.13229197,0.894753358,0.999089333,0.934761651,0.426280355,0.797364389
PFS,IFIH1,0.976567808,0.714366643,0.620640655,1.335007299,0.159517141,-0.148642908,0.881835413,0.999089333,0.948137502,0.361191042,0.767290812
PFS,IFIT2,0.858101411,0.636951506,0.519083176,1.156034682,0.152058286,-1.006410085,0.314218344,0.999089333,0.931164419,0.443276362,0.626878226
PFS,IFIT3,0.829031279,0.592037756,0.568855877,1.160893633,0.171782481,-1.091481462,0.275061085,0.999089333,0.827148245,0.892869367,0.394962621
PFS,IFITM1,0.919683272,0.689742345,0.536537768,1.226280113,0.146794139,-0.570362946,0.568431556,0.999089333,0.883662316,0.655307168,0.556059112
PFS,IFITM2,0.936559015,0.704801439,0.539723245,1.244524685,0.145051859,-0.451857305,0.651371784,0.999089333,0.909382624,0.542844961,0.633068431
PFS,IFNA1,1.016939439,0.721049398,0.713201608,1.434251005,0.175434447,0.095748396,0.923720403,0.999089333,0.660808847,1.593745362,0.227904952
PFS,IFNA7.17,1.102602251,0.784919981,0.763940737,1.548860717,0.173394294,0.563300365,0.57323037,0.999089333,0.860642398,0.753126874,0.52552983
PFS,IFNAR1,0.968401746,0.692372843,0.662102496,1.354475339,0.171188057,-0.187561279,0.851220583,0.999089333,0.947838907,0.362681948,0.879401461
PFS,IFNAR2,1.058612592,0.782169954,0.650588509,1.432758463,0.154412228,0.368877364,0.712219137,0.999089333,0.944877666,0.377364788,0.956909821
PFS,IFNB1,0.954256721,0.682229026,0.652521996,1.334751022,0.171210961,-0.273478659,0.784485295,0.999089333,0.568190167,2.020367339,0.284743054
PFS,IFNG,0.897049898,0.644849657,0.603035817,1.247885474,0.168418548,-0.645082101,0.518873982,0.999089333,0.904139951,0.56613212,0.737963307
PFS,IFNGR1,0.972251221,0.711017702,0.618446295,1.329463997,0.159654414,-0.176262277,0.860087896,0.999089333,0.862813473,0.743981512,0.431935239
PFS,IFNGR2,0.888675507,0.609846821,0.68514092,1.294987741,0.192107789,-0.614358841,0.538978227,0.999089333,0.910233093,0.539046246,0.681827148
PFS,IFNL1,1.051166254,0.746058395,0.734992555,1.48105095,0.174927536,0.285262498,0.775443042,0.999089333,0.930997387,0.444061059,0.685533054
PFS,IFNL2,1.076436983,0.767694426,0.741651663,1.509346089,0.172462356,0.427087392,0.669315676,0.999089333,0.940547738,0.398521551,0.936253133
PFS,IGF1,0.93785635,0.67374785,0.631747272,1.305495123,0.168748438,-0.380201962,0.703795503,0.999089333,0.941127191,0.395710411,0.856719334
PFS,IGF1R,0.926852502,0.665360249,0.62575319,1.291113439,0.16911832,-0.44915796,0.653317712,0.999089333,0.915281099,0.516367536,0.632258908
PFS,IGF2R,1.11402684,0.815561713,0.706157343,1.521719057,0.159114872,0.678636971,0.497367911,0.999089333,0.966701884,0.263714028,0.888650595
PFS,IGFBP3,0.943918687,0.715711202,0.529179872,1.244891075,0.141208354,-0.408724068,0.682742169,0.999089333,0.791232257,1.041414526,0.436729688
PFS,IGLL1,1.263231108,0.969583065,0.676230367,1.645813432,0.134983062,1.731126904,0.083429133,0.999089333,0.956007027,0.321128436,0.740998843
PFS,IHH,0.909792436,0.657707276,0.600789179,1.258496455,0.165542081,-0.571086201,0.567941212,0.999089333,0.710897914,1.377156871,0.395205075
PFS,IKBKB,1.283965912,0.90949613,0.903121218,1.812617348,0.175930882,1.420749182,0.155389689,0.999089333,0.891938457,0.619568089,0.650147351
PFS,IKBKE,0.978631732,0.721081202,0.607091082,1.328172284,0.155821052,-0.138619747,0.889750638,0.999089333,0.932313778,0.437866235,0.692211997
PFS,IKBKG,1.113069715,0.811872967,0.714134477,1.526007443,0.160989235,0.665396707,0.505796791,0.999089333,0.837734816,0.848915435,0.524910807
PFS,IL10,1.049207475,0.764331147,0.675929833,1.440260979,0.161630133,0.297191449,0.76632035,0.999089333,0.942197813,0.390500447,0.943887898
PFS,IL10RA,0.911209208,0.667783036,0.575588204,1.24337124,0.158579033,-0.586349653,0.55764057,0.999089333,0.937886566,0.411356877,0.684469077
PFS,IL11RA,1.033010839,0.747732482,0.679397432,1.427129914,0.164894709,0.196960127,0.843858741,0.999089333,0.948690657,0.358423889,0.829129227
PFS,IL12A,0.914527915,0.670966029,0.575537179,1.246503207,0.158007742,-0.56546145,0.571759938,0.999089333,0.942842232,0.387354301,0.678053358
PFS,IL12B,0.92181103,0.663081798,0.618412548,1.281494346,0.168085684,-0.484366252,0.628125965,0.999089333,0.953198627,0.335605706,0.985218406
PFS,IL12RB1,1.153324103,0.803884761,0.850775895,1.654660656,0.184160348,0.774587466,0.438583466,0.999089333,0.896169497,0.601148076,0.895069678
PFS,IL12RB2,1.079336145,0.796020404,0.667467852,1.463488256,0.155348075,0.491452317,0.623106569,0.999089333,0.93159772,0.441238958,0.963724729
PFS,IL13RA1,1.02894418,0.764850373,0.61937609,1.384226463,0.151333528,0.188545191,0.850449293,0.999089333,0.953311723,0.335026784,0.865113536
PFS,IL15,0.882684244,0.636587375,0.587331771,1.223919145,0.166761156,-0.748302178,0.454277911,0.999089333,0.94042694,0.399106837,0.927890653
PFS,IL15RA,1.07986999,0.782175219,0.708691745,1.490866964,0.164552591,0.466967148,0.640523383,0.999089333,0.929596555,0.450626993,0.89919862
PFS,IL16,0.892845778,0.628707305,0.639249305,1.26795661,0.178956375,-0.633346612,0.526507321,0.999089333,0.899925481,0.584701626,0.833737641
PFS,IL17A,1.04999361,0.745302868,0.733943527,1.479246395,0.174874993,0.278965434,0.780271352,0.999089333,0.681348675,1.503994649,0.37756577
PFS,IL17B,0.983023073,0.691396698,0.706258751,1.397655449,0.179553728,-0.095362469,0.924026926,0.999089333,0.951272402,0.345415921,0.75792673
PFS,IL17F,0.898794523,0.648210853,0.598037326,1.246248179,0.166757357,-0.63985682,0.522265689,0.999089333,0.956176069,0.320250062,0.982227291
PFS,IL17RA,1.321572516,0.914050486,0.996734468,1.910784954,0.188111518,1.482218262,0.138282229,0.999089333,0.600173271,1.868359614,0.240411196
PFS,IL17RB,1.080231258,0.806482214,0.640418351,1.446900565,0.149109159,0.51757482,0.604754954,0.999089333,0.911796601,0.53204645,0.773263652
PFS,IL18,0.882479285,0.642509046,0.569566789,1.212075835,0.161918495,-0.772116634,0.440045351,0.999089333,0.947221244,0.365759811,0.916522501
PFS,IL18R1,0.912352487,0.667457186,0.579644617,1.247101803,0.159467811,-0.575218688,0.565143406,0.999089333,0.849630282,0.799317455,0.553319422
PFS,IL18RAP,0.890092623,0.646640655,0.5785605,1.225201155,0.16303095,-0.714157349,0.475129887,0.999089333,0.894206536,0.609707394,0.721955641
PFS,IL19,0.979636111,0.694039721,0.688715301,1.382755022,0.175846085,-0.117000569,0.906859603,0.999089333,0.953034225,0.336446672,0.828463633
PFS,IL1A,0.866572242,0.612141998,0.614611685,1.226753683,0.177340605,-0.807540953,0.41935489,0.999089333,0.834094099,0.864047676,0.694573053
PFS,IL1B,0.792851915,0.586894516,0.484190906,1.071085422,0.1534678,-1.512491961,0.130408756,0.999089333,0.768561571,1.13529379,0.408989537
PFS,IL1R1,0.969715497,0.701267782,0.639658137,1.340925919,0.165366769,-0.185965734,0.852471633,0.999089333,0.9240044,0.476586083,0.880979578
PFS,IL1R2,0.866247082,0.629919067,0.561319692,1.191238759,0.162543209,-0.883365704,0.377038714,0.999089333,0.915505039,0.51535602,0.807810562
PFS,IL1RAP,0.856928918,0.645705429,0.491542512,1.137247941,0.144396308,-1.069281537,0.284942827,0.999089333,0.961873951,0.290129972,0.896393564
PFS,IL1RL1,0.930095985,0.674502046,0.608041938,1.282543984,0.163938258,-0.442041349,0.658459285,0.999089333,0.883882021,0.654362978,0.659507294
PFS,IL1RL2,0.862443163,0.611511945,0.604830951,1.216342896,0.175429122,-0.843565929,0.39891201,0.999089333,0.861888794,0.747878317,0.712681793
PFS,IL1RN,0.796541762,0.581772838,0.50882256,1.090595397,0.160308814,-1.418984477,0.155903542,0.999089333,0.944258656,0.380411333,0.90251121
PFS,IL20RA,0.988795447,0.691043041,0.723798551,1.414841592,0.182802018,-0.061639346,0.950850043,0.999089333,0.921565224,0.487791676,0.929004068
PFS,IL20RB,0.967072489,0.716971401,0.587444923,1.304416324,0.152675001,-0.219301281,0.826415364,0.999089333,0.911737512,0.532311382,0.643649698
PFS,IL21R,1.095319713,0.772690092,0.779970265,1.552660357,0.178025477,0.511422845,0.609055002,0.999089333,0.942187246,0.390551974,0.829844841
PFS,IL22,0.981001613,0.679044263,0.738189072,1.417233335,0.187701301,-0.102189887,0.918605955,0.999089333,0.939147184,0.405291761,0.989815559
PFS,IL22RA1,0.980335236,0.714322478,0.631088321,1.345410799,0.161513213,-0.122966337,0.902133755,0.999089333,0.939340559,0.40435902,0.70878637
PFS,IL22RA2,0.957890694,0.683092867,0.660142623,1.343235489,0.172504626,-0.249393926,0.803056083,0.999089333,0.951857263,0.342447051,0.99771685
PFS,IL23A,0.975691508,0.703416656,0.649940433,1.353357089,0.166940343,-0.147410868,0.882807728,0.999089333,0.86086118,0.752205915,0.59470405
PFS,IL23R,0.930137557,0.670631325,0.619430508,1.290061832,0.166897425,-0.433935951,0.664334952,0.999089333,0.918187845,0.503199909,0.771276148
PFS,IL24,0.996851406,0.727598797,0.638143874,1.365742672,0.160641689,-0.019631029,0.984337711,0.999089333,0.950686851,0.348379949,0.933180952
PFS,IL25,0.910603252,0.656742082,0.605851415,1.262593497,0.166745881,-0.561620978,0.574374285,0.999089333,0.955692105,0.322762661,0.980217232
PFS,IL27,0.851199744,0.621665134,0.543819248,1.165484382,0.16033215,-1.00484189,0.314972989,0.999089333,0.933071264,0.434290414,0.830878319
PFS,IL2RA,1.037699742,0.725952046,0.757370111,1.483322157,0.182287939,0.20301111,0.839126348,0.999089333,0.945632035,0.373641668,0.779057275
PFS,IL2RB,0.963982085,0.691035354,0.653702588,1.344737942,0.169840735,-0.215982159,0.829001655,0.999089333,0.921784275,0.486788086,0.584062468
PFS,IL2RG,0.846779243,0.601753301,0.58982319,1.191576491,0.174285072,-0.954271354,0.339946304,0.999089333,0.820407097,0.920793843,0.373235065
PFS,IL32,0.851578109,0.632997869,0.512638337,1.145636206,0.151341644,-1.061598425,0.288418029,0.999089333,0.808896051,0.968406344,0.424592008
PFS,IL33,0.964353604,0.694644517,0.644137912,1.338782429,0.167379508,-0.216855951,0.828320607,0.999089333,0.387888404,3.024334939,0.210837707
PFS,IL34,1.019431901,0.732612946,0.685927918,1.418540864,0.16856599,0.114171978,0.909101465,0.999089333,0.678607069,1.515893231,0.432264233
PFS,IL3RA,0.878242423,0.655397727,0.52145981,1.176857537,0.149329477,-0.869437285,0.384607997,0.999089333,0.956361833,0.319283855,0.858649415
PFS,IL4,1.043799834,0.742053981,0.72619243,1.468246411,0.174085357,0.246245533,0.80549217,0.999089333,0.932551944,0.436742826,0.944071168
PFS,IL4R,0.991637448,0.751587325,0.556770063,1.308357388,0.141415946,-0.059383076,0.952646993,0.999089333,0.860010859,0.755784544,0.446844174
PFS,IL6,0.875384175,0.646238227,0.539543458,1.185781686,0.154847049,-0.859508995,0.390059759,0.999089333,0.937779578,0.411870401,0.707524127
PFS,IL6R,0.968841066,0.705634777,0.624590209,1.330224986,0.161739089,-0.195714585,0.844833568,0.999089333,0.949690717,0.353403579,0.767121987
PFS,IL6ST,0.92569692,0.675022788,0.594437744,1.269460532,0.161125629,-0.47918136,0.631809614,0.999089333,0.326695112,3.454623881,0.067861226
PFS,IL7R,0.954739377,0.697266388,0.610020602,1.30728699,0.160345227,-0.28885724,0.772690627,0.999089333,0.957156109,0.315141287,0.926052798
PFS,ILF3,0.995152938,0.714674797,0.671031504,1.385706302,0.168915768,-0.02876491,0.977052087,0.999089333,0.610628383,1.819833967,0.210313608
PFS,INHBA,0.890152415,0.662971779,0.532209296,1.195181075,0.150339639,-0.773997983,0.438931984,0.999089333,0.716283062,1.354291847,0.275531832
PFS,INHBB,1.139543083,0.847436261,0.684901328,1.53233759,0.151108403,0.864461373,0.387334491,0.999089333,0.477216798,2.48936133,0.130047968
PFS,INPP5D,1.031809789,0.744257742,0.686202945,1.430460687,0.166677662,0.187873631,0.850975714,0.999089333,0.939835365,0.401969391,0.780830611
PFS,IRAK1,1.006362516,0.746857218,0.609179103,1.356036321,0.152157701,0.041682811,0.966751557,0.999089333,0.937008746,0.415564735,0.852109585
PFS,IRAK2,0.951730153,0.680766012,0.649779681,1.330545693,0.170953595,-0.289398633,0.772276341,0.999089333,0.944323523,0.380092434,0.874980513
PFS,IRAK3,0.895788469,0.662779707,0.547934763,1.21071447,0.15370774,-0.715975509,0.474006471,0.999089333,0.48897879,2.42510313,0.204620921
PFS,IRAK4,0.991878526,0.714374134,0.662807603,1.377181737,0.167448905,-0.048699231,0.961158989,0.999089333,0.923741811,0.477795683,0.655972895
PFS,IRF1,0.870741254,0.637058395,0.553084201,1.190142596,0.159433308,-0.868139885,0.385317759,0.999089333,0.895762991,0.60292258,0.51453542
PFS,IRF2,0.849349399,0.631695033,0.510302867,1.1419979,0.15105579,-1.080955821,0.279716766,0.999089333,0.78847442,1.05281809,0.553099604
PFS,IRF3,1.003318506,0.742609075,0.612946705,1.35555578,0.153522478,0.021579979,0.982783004,0.999089333,0.594571172,1.894586665,0.219014738
PFS,IRF4,0.995520797,0.751881298,0.566227901,1.3181092,0.143210565,-0.031347303,0.974992567,0.999089333,0.916202184,0.512203988,0.683966047
PFS,IRF5,0.884010891,0.633510447,0.600052881,1.233563328,0.169999497,-0.725213297,0.468321186,0.999089333,0.542836111,2.145133186,0.291831803
PFS,IRF7,1.086270983,0.802650867,0.667458613,1.47010948,0.154383531,0.536007395,0.59195344,0.999089333,0.390431195,3.007754077,0.094210162
PFS,IRF8,0.980664465,0.721720132,0.610794715,1.332514848,0.15642784,-0.124817373,0.900668133,0.999089333,0.950632158,0.348656378,0.874257113
PFS,IRF9,0.905102302,0.653565348,0.599882649,1.253447997,0.166128284,-0.600182576,0.548384565,0.999089333,0.928286244,0.456744923,0.924351668
PFS,IRS1,1.05025176,0.796860695,0.587357106,1.384217802,0.140872644,0.348044203,0.727806987,0.999089333,0.93618386,0.41950753,0.861890606
PFS,ISG15,0.97182288,0.713334681,0.610643718,1.323978399,0.157769662,-0.181161025,0.856241186,0.999089333,0.943187948,0.385663241,0.864677754
PFS,ISG20,0.832180507,0.616829598,0.505886299,1.122715897,0.152786769,-1.2023679,0.22922102,0.999089333,0.973355538,0.225593647,0.764540252
PFS,ITCH,1.285116708,0.906595157,0.915083396,1.821678553,0.178017975,1.409124764,0.158798279,0.999089333,0.89381672,0.611404337,0.919341625
PFS,ITGA1,0.86548962,0.626418354,0.569383584,1.195801938,0.164940243,-0.875831728,0.381121519,0.999089333,0.161477121,5.145074639,0.041424177
PFS,ITGA2,0.864279475,0.650014344,0.499158775,1.149173119,0.145360708,-1.003428628,0.315654097,0.999089333,0.775077864,1.1082708,0.359622192
PFS,ITGA2B,0.898125436,0.662517296,0.555004576,1.217521872,0.155239117,-0.692129273,0.48885615,0.999089333,0.822013204,0.914144249,0.394125018
PFS,ITGA3,1.191593851,0.903465375,0.668145384,1.57161076,0.141231816,1.24116354,0.214545341,0.999089333,0.809466166,0.966049564,0.398026536
PFS,ITGA4,1.002274784,0.75832435,0.566378913,1.324703264,0.142306841,0.015966909,0.987260791,0.999089333,0.943945273,0.381950807,0.800441139
PFS,ITGA5,0.888208566,0.673227512,0.498611788,1.1718393,0.141392015,-0.838439792,0.401783749,0.999089333,0.510195967,2.312156913,0.178896747
PFS,ITGA6,0.853401388,0.633390057,0.516444743,1.1498348,0.152116857,-1.042128298,0.297352201,0.999089333,0.969238772,0.249440964,0.784866635
PFS,ITGA7,1.115323826,0.80818133,0.731011907,1.539193236,0.164346702,0.664113048,0.50661796,0.999089333,0.950653113,0.348550475,0.946999393
PFS,ITGA8,0.964783462,0.702846607,0.621492329,1.324338937,0.161617773,-0.221829529,0.824446592,0.999089333,0.947704018,0.363354819,0.944573254
PFS,ITGA9,0.931358577,0.683362794,0.58599048,1.269353273,0.157971505,-0.450150318,0.652602057,0.999089333,0.815233785,0.94220029,0.51381334
PFS,ITGAE,0.992502885,0.69656942,0.717592541,1.41416196,0.180647432,-0.041657719,0.96677156,0.999089333,0.948890293,0.357423534,0.967042163
PFS,ITGAL,0.911774828,0.676000536,0.553781531,1.229782067,0.152655454,-0.605037138,0.545154321,0.999089333,0.931035424,0.443882401,0.790328003
PFS,ITGAM,0.864233107,0.638752338,0.530556672,1.16930901,0.154250656,-0.94594571,0.344176278,0.999089333,0.96065666,0.296653357,0.923910656
PFS,ITGAV,0.984778613,0.726409299,0.608635446,1.335044745,0.155259603,-0.098792094,0.921303346,0.999089333,0.455140561,2.613426542,0.109810691
PFS,ITGAX,0.964009146,0.724575357,0.557987767,1.282563124,0.145673602,-0.251620723,0.801334239,0.999089333,0.920267677,0.493725668,0.594442822
PFS,ITGB1,0.967656123,0.712456389,0.601811245,1.314267634,0.156205971,-0.210481706,0.833291728,0.999089333,0.359907035,3.213202813,0.08581719
PFS,ITGB2,0.979380273,0.727088096,0.592127174,1.319215269,0.151978481,-0.137093634,0.890956784,0.999089333,0.723262401,1.324758874,0.285127529
PFS,ITGB3,0.9354265,0.690317674,0.577247634,1.267565309,0.155028709,-0.430582857,0.666771708,0.999089333,0.75083331,1.209055284,0.305337257
PFS,ITGB4,1.152558677,0.807857102,0.836482597,1.644339699,0.181306647,0.783117498,0.433558117,0.999089333,0.530267178,2.208545288,0.27962479
PFS,ITGB6,1.03621632,0.72734929,0.748893659,1.47624295,0.180576985,0.19701251,0.843817748,0.999089333,0.597788887,1.879502776,0.374181606
PFS,ITGB7,1.001030686,0.726042773,0.654127199,1.380169972,0.163868575,0.00628647,0.994984156,0.999089333,0.904592417,0.564130794,0.606614909
PFS,ITGB8,0.97905841,0.661054878,0.788984148,1.450039026,0.200388603,-0.105614665,0.915888089,0.999089333,0.658520969,1.60383325,0.461146533
PFS,ITK,0.857145928,0.613633611,0.583659252,1.197292862,0.17051852,-0.903990354,0.366000516,0.999089333,0.957033751,0.31578066,0.790409179
PFS,ITPK1,1.114592018,0.81760354,0.70185584,1.51945938,0.158097887,0.68621053,0.492580359,0.999089333,0.887424288,0.639106667,0.763211252
PFS,JADE1,0.945412494,0.6875442,0.612451906,1.299996106,0.162500545,-0.345438506,0.729764733,0.999089333,0.947219421,0.365768885,0.834172829
PFS,JAG1,0.951176464,0.694381595,0.608557122,1.302938717,0.160552921,-0.311770583,0.755214882,0.999089333,0.373415483,3.120510241,0.229613761
PFS,JAG2,1.06151493,0.757333376,0.730537069,1.487870444,0.172272961,0.34652604,0.728947418,0.999089333,0.760487081,1.168839882,0.334105522
PFS,JAK1,1.091478077,0.829141916,0.607674111,1.436816027,0.140256027,0.62409305,0.532566478,0.999089333,0.960913348,0.295282027,0.938378439
PFS,JAK2,0.865663436,0.617023828,0.597472519,1.214496347,0.172752434,-0.835062548,0.403682493,0.999089333,0.929801098,0.44966992,0.614419174
PFS,JAK3,0.979603825,0.712037025,0.635678923,1.347715948,0.162767439,-0.126604246,0.899253636,0.999089333,0.897395349,0.59579056,0.525123197
PFS,JAM3,1.058339488,0.799432689,0.601663974,1.401096662,0.143142478,0.396116931,0.692018769,0.999089333,0.721593315,1.331811597,0.338369084
PFS,JAML,0.862705289,0.632979631,0.542825054,1.175804685,0.15797989,-0.93481609,0.349883086,0.999089333,0.958553078,0.307809588,0.932759001
PFS,JUN,1.017296912,0.77227262,0.567789143,1.340061762,0.140597829,0.12197218,0.902921051,0.999089333,0.526446584,2.228039591,0.157094147
PFS,JUNB,1.096422201,0.837902438,0.59680116,1.434703599,0.13719943,0.67093817,0.502259919,0.999089333,0.947951427,0.362120357,0.961448539
PFS,JUP,1.014706526,0.755487267,0.607380619,1.362867886,0.150508779,0.097000547,0.92272596,0.999089333,0.942815012,0.387487353,0.708256937
PFS,KAT2B,0.834928861,0.613939829,0.521523569,1.135463397,0.156864924,-1.150089831,0.250106874,0.999089333,0.921826142,0.486596214,0.604366986
PFS,KDM5C,0.957670968,0.725006864,0.539993135,1.264999999,0.142004211,-0.304575599,0.760689407,0.999089333,0.940383356,0.39931794,0.822707735
PFS,KDM6A,0.98759018,0.718407603,0.639226083,1.357633687,0.162365592,-0.076909553,0.938695498,0.999089333,0.475256613,2.500190739,0.1782665
PFS,KDR,0.868019073,0.646332034,0.519411068,1.165743102,0.150462117,-0.940712481,0.346852221,0.999089333,0.939068812,0.405669607,0.952177431
PFS,KEAP1,0.724392978,0.511392836,0.514716937,1.026109773,0.177654274,-1.814880325,0.069542303,0.999089333,0.892137954,0.618701973,0.610113486
PFS,KIF2C,0.88561964,0.671408885,0.496764732,1.168173617,0.14128282,-0.859748701,0.389927583,0.999089333,0.710080403,1.380634164,0.252915579
PFS,KIR.Family,0.982025024,0.703779769,0.666497113,1.370276882,0.169978282,-0.106710621,0.915018556,0.999089333,0.86500552,0.73473318,0.47330886
PFS,KIT,1.044765534,0.792159808,0.585762944,1.377922752,0.141219238,0.310102871,0.756482729,0.999089333,0.742135044,1.245409692,0.373126632
PFS,KITLG,0.978434614,0.747820642,0.532345002,1.280165644,0.137140681,-0.15897046,0.873692147,0.999089333,0.297884796,3.682232802,0.091956049
PFS,KLF4,1.175837916,0.86859426,0.723167128,1.591761388,0.15452334,1.048262441,0.294517709,0.999089333,0.854302369,0.779757592,0.590605047
PFS,KLRG1,0.90204885,0.643729786,0.620297677,1.264027463,0.172140727,-0.598850744,0.54927242,0.999089333,0.944994384,0.376789488,0.693279914
PFS,KLRK1,0.938089713,0.677139274,0.622463843,1.299603117,0.166313574,-0.384272251,0.700776673,0.999089333,0.952834766,0.337466027,0.898055595
PFS,KMT2C,1.059307166,0.759972975,0.716568571,1.476541547,0.169435503,0.340041353,0.733825386,0.999089333,0.639583602,1.688095825,0.298903933
PFS,KMT2D,0.983429633,0.721549717,0.618806771,1.340356488,0.157984946,-0.105764449,0.915769244,0.999089333,0.399596169,2.948740009,0.104688836
PFS,KRAS,0.868340083,0.618782128,0.599763893,1.218546021,0.172875729,-0.816608792,0.414152029,0.999089333,0.890661004,0.625108746,0.476029706
PFS,KRT1,0.922189532,0.656617496,0.638555932,1.295173427,0.17329355,-0.467441001,0.640184394,0.999089333,0.795028122,1.025722836,0.346401349
PFS,KRT10,0.746780031,0.570888959,0.405974241,0.9768632,0.137031064,-2.130791365,0.033106334,0.999089333,0.442258788,2.688068203,0.140286579
PFS,KRT14,0.985696883,0.726632891,0.6104912,1.337124092,0.155578114,-0.092599097,0.926222061,0.999089333,0.925555151,0.469426094,0.686707208
PFS,KRT17,1.164620481,0.84318274,0.76541383,1.60859657,0.164782026,0.924829422,0.355054644,0.999089333,0.936191836,0.419469458,0.847851332
PFS,KRT18,0.98922593,0.752519844,0.547868376,1.30038822,0.139541024,-0.077629718,0.938122602,0.999089333,0.795863608,1.02226951,0.376617482
PFS,KRT19,1.052515031,0.774724301,0.655188108,1.429912409,0.156345027,0.327369339,0.743388554,0.999089333,0.499598677,2.368109275,0.152321096
PFS,KRT5,1.249408898,0.921642579,0.772097088,1.693739667,0.155241805,1.434346619,0.151473373,0.999089333,0.877361861,0.68228804,0.577656503
PFS,KRT6A.B.C,0.861963629,0.640878325,0.518438924,1.159317249,0.151213726,-0.982332804,0.325935919,0.999089333,0.84804158,0.805957391,0.509450423
PFS,KRT7,1.047444378,0.801551387,0.567218904,1.368770291,0.136512441,0.339553461,0.734192831,0.999089333,0.175883975,4.944801292,0.027092445
PFS,KYAT1,0.987565126,0.705397922,0.677204502,1.382602424,0.171676814,-0.072885989,0.941896843,0.999089333,0.947569097,0.364027448,0.752095581
PFS,L1CAM,1.250217108,0.887372475,0.87405563,1.761428105,0.174905092,1.276790859,0.201676093,0.999089333,0.831319711,0.875566908,0.431622543
PFS,LAG3,0.907690516,0.652176437,0.611135186,1.263311623,0.168670622,-0.574206689,0.565827943,0.999089333,0.943120604,0.38599283,0.728332867
PFS,LAIR1,1.00651009,0.715294595,0.700992578,1.416287174,0.174263299,0.037236703,0.970296274,0.999089333,0.938685829,0.40751454,0.941185399
PFS,LAIR2,1.107354626,0.78711883,0.7707581,1.55787693,0.174161364,0.585514194,0.558202026,0.999089333,0.924113714,0.476082299,0.887361846
PFS,LAMA1,0.919288441,0.676576298,0.572493821,1.249070119,0.156408339,-0.538048946,0.590543258,0.999089333,0.94929831,0.355376185,0.811074603
PFS,LAMA3,1.026372794,0.789402625,0.545076233,1.334478857,0.133936042,0.194354166,0.845898576,0.999089333,0.873353598,0.699363722,0.675529709
PFS,LAMA5,0.790613395,0.574485818,0.513564608,1.088050427,0.162928341,-1.442021589,0.149296283,0.999089333,0.34375738,3.328051955,0.153916943
PFS,LAMB3,1.075005833,0.788256744,0.677810687,1.466067431,0.158297558,0.456899578,0.647743228,0.999089333,0.587902636,1.92601981,0.201406426
PFS,LAMC2,1.159624039,0.854053225,0.720471492,1.574524717,0.156052669,0.949011951,0.342614534,0.999089333,0.555544833,2.082088695,0.241000172
PFS,LAMC3,0.958019965,0.694256887,0.627735405,1.321992292,0.16430229,-0.261022904,0.794074844,0.999089333,0.928521523,0.455648046,0.657635027
PFS,LAMP1,0.816500059,0.589900625,0.540242855,1.130143481,0.165856565,-1.222310948,0.221590061,0.999089333,0.814307795,0.946030266,0.650063943
PFS,LAMP3,0.869232979,0.648065633,0.517813152,1.165878785,0.149808474,-0.935488397,0.34953666,0.999089333,0.977061307,0.203260045,0.946673422
PFS,LAT,0.952117082,0.703815619,0.584202029,1.288017648,0.154172015,-0.31826312,0.750285357,0.999089333,0.857329764,0.767054762,0.564514017
PFS,LCK,0.898838305,0.660441321,0.562847218,1.223288539,0.157245174,-0.678253704,0.497610847,0.999089333,0.751245894,1.207333852,0.299769753
PFS,LCN2,1.048191955,0.771959589,0.651309699,1.423269287,0.156069097,0.301576245,0.762975119,0.999089333,0.24076268,4.198993439,0.072870672
PFS,LCOR,0.76853883,0.544180204,0.541217481,1.085397685,0.176131114,-1.494705757,0.134991251,0.999089333,0.980845649,0.179391033,0.968112745
PFS,LCP1,0.835884379,0.606227378,0.546314919,1.152542297,0.163898508,-1.093756007,0.274062004,0.999089333,0.917162818,0.507852852,0.687068908
PFS,LDHA,0.830699017,0.598054615,0.555787925,1.15384254,0.167648721,-1.106407152,0.268550331,0.999089333,0.874274709,0.695445407,0.435054216
PFS,LDHB,0.93644086,0.690326771,0.579972342,1.270299113,0.155574952,-0.422104638,0.672948643,0.999089333,0.93475315,0.426320746,0.963765909
PFS,LEF1,1.072492454,0.769380322,0.7256411,1.495021422,0.169470053,0.412965798,0.679631672,0.999089333,0.616408394,1.793234022,0.200432097
PFS,LEFTY1,0.937782823,0.685862254,0.596372797,1.282235052,0.159615983,-0.402446468,0.687355478,0.999089333,0.874549052,0.694277734,0.586896285
PFS,LEFTY2,1.019319117,0.745927604,0.646984331,1.392911935,0.159320071,0.120103336,0.90440129,0.999089333,0.924471018,0.474434653,0.682998579
PFS,LEPR,0.943420768,0.67670618,0.638551124,1.315257304,0.169531283,-0.343552489,0.731182861,0.999089333,0.913824969,0.522933168,0.706014754
PFS,LFNG,1.188616538,0.859718419,0.783621126,1.643339544,0.165278762,1.045446224,0.295816782,0.999089333,0.096566151,6.331116805,0.014726645
PFS,LGALS3,1.006776427,0.753299745,0.592245345,1.34554509,0.147985185,0.045636798,0.963599739,0.999089333,0.950707757,0.348274264,0.907308317
PFS,LGALS9,0.924670686,0.681801602,0.572252178,1.25405378,0.155461504,-0.503775009,0.614419491,0.999089333,0.902324517,0.574146789,0.65037511
PFS,LGR5,0.860113663,0.636033142,0.527106741,1.163139883,0.153989501,-0.978577962,0.327788553,0.999089333,0.972260374,0.232028245,0.944946956
PFS,LIF,1.051624228,0.739735666,0.755276091,1.495011757,0.179492185,0.280434788,0.77914395,0.999089333,0.901717823,0.576819847,0.84415223
PFS,LIG4,0.756072914,0.558679955,0.464528853,1.023208809,0.154370714,-1.811337477,0.070088628,0.999089333,0.943163576,0.385782532,0.740921854
PFS,LILRA1,1.007798367,0.708805783,0.724107961,1.432913744,0.179565462,0.043260639,0.965493767,0.999089333,0.709924626,1.381296953,0.397678816
PFS,LILRA3,1.013119123,0.72930928,0.67806395,1.40737323,0.167702672,0.077719768,0.938050969,0.999089333,0.633749097,1.714345901,0.32421108
PFS,LILRA4,0.937265921,0.662579529,0.663249853,1.325829382,0.176955521,-0.366127239,0.714270133,0.999089333,0.705758738,1.399044429,0.388466512
PFS,LILRA5,0.900412419,0.644069969,0.614710231,1.2587802,0.17094474,-0.613662502,0.539438373,0.999089333,0.763584307,1.155963374,0.35891754
PFS,LILRB1,0.900019411,0.627146013,0.664474953,1.291620966,0.184307948,-0.571537742,0.567635184,0.999089333,0.84515817,0.817995132,0.667419611
PFS,LILRB2,1.041901026,0.743616583,0.71621873,1.459835313,0.172083099,0.238529839,0.811470175,0.999089333,0.817127972,0.934364333,0.463663896
PFS,LILRB3,0.904533442,0.656935087,0.588516348,1.245451435,0.163183644,-0.614865558,0.53864351,0.999089333,0.795869185,1.022246459,0.520454807
PFS,LILRB4,0.930156821,0.67676641,0.601653585,1.278419995,0.162261665,-0.446205718,0.655448653,0.999089333,0.955146502,0.325587353,0.920544147
PFS,LOXL2,0.897918036,0.67993398,0.505852908,1.185786889,0.141881732,-0.758917218,0.447902079,0.999089333,0.729674197,1.297721512,0.325160706
PFS,LRP1,0.957741222,0.714240606,0.570016044,1.28425665,0.149675061,-0.288475988,0.772982409,0.999089333,0.457237308,2.601439111,0.125008237
PFS,LRP5,1.040785049,0.729171391,0.756396382,1.485567772,0.181545047,0.220194844,0.825719412,0.999089333,0.078281957,6.807824486,0.019277055
PFS,LRP6,0.984153661,0.714573988,0.640860781,1.355434769,0.163317032,-0.097805076,0.922087076,0.999089333,0.919115739,0.498978658,0.657206064
PFS,LRRC32,0.912195256,0.684031014,0.532434567,1.21646558,0.146865354,-0.625751501,0.531477947,0.999089333,0.804694686,0.985771884,0.372933128
PFS,LTA,0.983752962,0.707465481,0.660473899,1.367939379,0.16821022,-0.097380932,0.922423887,0.999089333,0.944778439,0.377853661,0.966470066
PFS,LTB,1.041426179,0.74287664,0.717081081,1.459957722,0.172358462,0.23550396,0.813817606,0.999089333,0.9487901,0.357925704,0.779597563
PFS,LTBP1,1.209825758,0.909713841,0.699229872,1.608943713,0.145462641,1.309452014,0.190381282,0.999089333,0.944985948,0.376831078,0.895792108
PFS,LTBR,1.212657457,0.866822484,0.829647251,1.696469735,0.171296652,1.125615681,0.260328228,0.999089333,0.359603228,3.215321733,0.105303597
PFS,LTF,1.370979857,1.01381398,0.840161013,1.853974994,0.153985621,2.049059557,0.040456291,0.999089333,0.927409471,0.460826209,0.653745482
PFS,LTK,0.942496875,0.688664621,0.601223566,1.289888187,0.160093867,-0.369924697,0.711438599,0.999089333,0.952187714,0.340765876,0.967324451
PFS,LY6E,0.92365263,0.695515177,0.53110677,1.226621947,0.144739,-0.54870643,0.583206933,0.999089333,0.876519469,0.685882194,0.591720392
PFS,LY86,0.964418798,0.674180889,0.705424544,1.379605433,0.182670286,-0.198333523,0.842784125,0.999089333,0.84018942,0.838701776,0.707363535
PFS,LY9,0.971775198,0.691203814,0.675031466,1.36623528,0.173824503,-0.164710835,0.869171588,0.999089333,0.92480572,0.472889869,0.891174671
PFS,LY96,0.966868896,0.701139966,0.632167941,1.333307907,0.163959836,-0.205491613,0.83718805,0.999089333,0.923548192,0.478687066,0.820194649
PFS,LYN,1.038386986,0.724479508,0.763826953,1.488306461,0.18366171,0.205097372,0.83749605,0.999089333,0.688724039,1.472101742,0.58859348
PFS,LYZ,1.000853541,0.706063147,0.712659547,1.418722694,0.178015403,0.004792712,0.996175983,0.999089333,0.649272322,1.644811534,0.262810679
PFS,MAD2L2,0.945746865,0.72575817,0.506659419,1.232417588,0.13508314,-0.412933324,0.679655465,0.999089333,0.903385034,0.569467825,0.694588407
PFS,MAF,0.704573478,0.514570183,0.450164662,0.964734846,0.160340022,-2.183875559,0.028971393,0.999089333,0.477524154,2.48766646,0.131068693
PFS,MAGEA1,0.995438102,0.712439606,0.678410939,1.390850545,0.170660176,-0.026792048,0.978625596,0.999089333,0.951630932,0.343596947,0.938113059
PFS,MAGEA12,0.902232943,0.655982497,0.58494129,1.240923787,0.162624739,-0.632637697,0.526970264,0.999089333,0.533195866,2.193671994,0.232481266
PFS,MAGEA3.A6,1.054469774,0.770412861,0.672847708,1.443260569,0.160139056,0.331200008,0.740493414,0.999089333,0.656985479,1.610614394,0.473265593
PFS,MAGEA4,1.081802592,0.766879322,0.759171537,1.526050859,0.175541259,0.44792157,0.6542098,0.999089333,0.93342386,0.432623096,0.844833386
PFS,MAGEB2,0.868425457,0.631291887,0.563342147,1.194634034,0.162713917,-0.867003445,0.385940122,0.999089333,0.95668457,0.317602837,0.769882532
PFS,MAGEC1,0.946722575,0.69351773,0.598855335,1.292373065,0.158793374,-0.344782522,0.730257874,0.999089333,0.474133495,2.506411507,0.156200096
PFS,MAGEC2,0.859256628,0.641051535,0.510684187,1.151735722,0.149471001,-1.014829961,0.310186889,0.999089333,0.874459059,0.694660799,0.47100139
PFS,MAML2,0.903651841,0.663574985,0.567011865,1.23058685,0.157555086,-0.643020336,0.520210904,0.999089333,0.945510194,0.374243788,0.820084974
PFS,MAP2K1,0.849596992,0.628873143,0.518918041,1.147791184,0.153488818,-1.061922106,0.288271048,0.999089333,0.840713565,0.836519521,0.384765419
PFS,MAP2K2,1.054827664,0.788731604,0.621965513,1.410697117,0.148322414,0.359874142,0.718941255,0.999089333,0.314985981,3.544894365,0.08853055
PFS,MAP2K4,0.814293159,0.598687102,0.508858637,1.107545739,0.156932145,-1.309067884,0.190511357,0.999089333,0.931939463,0.43963021,0.582312027
PFS,MAP2K6,0.889005804,0.651076618,0.562807121,1.213883739,0.158919469,-0.740321593,0.459104882,0.999089333,0.967920827,0.256892808,0.989631837
PFS,MAP3K1,0.795235738,0.579293274,0.512381543,1.091674817,0.161650791,-1.417355776,0.156378935,0.999089333,0.917562504,0.5060398,0.528286756
PFS,MAP3K12,0.994822642,0.746960691,0.577971265,1.324931956,0.146202641,-0.035504194,0.971677702,0.999089333,0.829543959,0.882934798,0.502905202
PFS,MAP3K13,1.009035207,0.744677239,0.622562144,1.367239383,0.15500235,0.058029013,0.953725518,0.999089333,0.932173636,0.438526896,0.754672291
PFS,MAP3K14,0.992003461,0.720158782,0.646304963,1.366463745,0.163398348,-0.049135645,0.960811197,0.999089333,0.186921142,4.801521527,0.041679019
PFS,MAP3K20,0.969423101,0.704855538,0.628440575,1.333296113,0.162609255,-0.190973912,0.848546032,0.999089333,0.576979038,1.978030584,0.171073624
PFS,MAP3K5,1.141031687,0.813645761,0.786501837,1.600147598,0.17253533,0.764671455,0.444467208,0.999089333,0.843264702,0.825891192,0.604571109
PFS,MAP3K7,1.010569692,0.72547878,0.68221381,1.40769259,0.169103964,0.062176092,0.950422602,0.999089333,0.933732711,0.431161135,0.952431585
PFS,MAP3K8,0.946840282,0.688373657,0.613980828,1.302354485,0.162655349,-0.335831913,0.736997623,0.999089333,0.954739249,0.3276904,0.964636516
PFS,MAP4K2,1.015862511,0.706047056,0.75557881,1.461625867,0.185621476,0.084785533,0.932431895,0.999089333,0.910119811,0.539552588,0.549938017
PFS,MAPK1,0.962866144,0.697735685,0.631007033,1.328742719,0.164326513,-0.230278579,0.817875305,0.999089333,0.925866543,0.46798489,0.703056156
PFS,MAPK10,0.951496436,0.70250361,0.586237764,1.288741374,0.154791314,-0.321202375,0.748057032,0.999089333,0.762979064,1.158478725,0.367838929
PFS,MAPK11,1.034264137,0.776000962,0.602479681,1.378480643,0.146580099,0.229841539,0.818214906,0.999089333,0.925775174,0.468407891,0.753310124
PFS,MAPK12,0.958593059,0.719267243,0.55828385,1.277551093,0.146550484,-0.288560174,0.772917976,0.999089333,0.944233606,0.380534461,0.91346461
PFS,MAPK14,1.115759862,0.790004157,0.785835743,1.5758399,0.176152592,0.621822606,0.53405852,0.999089333,0.935349413,0.42348511,0.965695768
PFS,MAPK3,0.943240132,0.698676215,0.574734739,1.273410955,0.153132137,-0.381594505,0.702762161,0.999089333,0.848656075,0.803389768,0.545148069
PFS,MAPK8,0.909405915,0.670600417,0.562651302,1.233251719,0.155420248,-0.611012624,0.541191223,0.999089333,0.748903354,1.217111109,0.330585389
PFS,MAPK8IP1,0.852420465,0.627101503,0.531595527,1.15869703,0.156620987,-1.01950175,0.307964823,0.999089333,0.086107448,6.591909477,0.013853174
PFS,MAPK8IP2,1.166129306,0.850023485,0.749764735,1.59978822,0.161319943,0.952702907,0.34074062,0.999089333,0.744383958,1.2359985,0.50301174
PFS,MAPK9,0.909536802,0.662480609,0.586246046,1.248726654,0.161709182,-0.586360134,0.557633528,0.999089333,0.370991346,3.13692961,0.116106289
PFS,MAPKAPK2,1.130435903,0.804475687,0.783994109,1.588469796,0.173558213,0.706410322,0.479933004,0.999089333,0.664533874,1.577361047,0.232082503
PFS,MAPT,0.9414313,0.703592792,0.556074595,1.259667387,0.14857498,-0.406218478,0.684582079,0.999089333,0.926092372,0.466938955,0.63098771
PFS,MARCO,0.907608402,0.659435253,0.589744265,1.249179518,0.162977086,-0.594821465,0.551962818,0.999089333,0.955474849,0.323888432,0.846071417
PFS,MASP1,0.927612987,0.683660262,0.5749559,1.258616162,0.155693425,-0.482619433,0.629365978,0.999089333,0.936138134,0.419725775,0.739468691
PFS,MASP2,0.972341234,0.701872458,0.645163552,1.347036009,0.16630668,-0.168655119,0.866067923,0.999089333,0.945248418,0.375536417,0.757779118
PFS,MAVS,1.200610702,0.900730958,0.699598248,1.600329206,0.146624641,1.246927832,0.212423961,0.999089333,0.975016117,0.2156984,0.839003017
PFS,MBL2,0.84008126,0.603999735,0.56443873,1.168438466,0.168332106,-1.035195585,0.30057758,0.999089333,0.961812205,0.290462106,0.780603571
PFS,MBNL1,0.994548873,0.701258172,0.709245834,1.410504006,0.178275281,-0.030660664,0.975540162,0.999089333,0.01270586,10.825844,0.002927246
PFS,MBNL3,0.915782878,0.687570411,0.532171255,1.219741666,0.146234862,-0.601607403,0.5474355,0.999089333,0.056428787,7.544389948,0.013379971
PFS,MCAM,0.722215387,0.481825458,0.600713991,1.082539448,0.206504553,-1.575906486,0.115047356,0.999089333,0.751510282,1.206230872,0.366965034
PFS,MCAT,0.954641417,0.674751011,0.675880882,1.350631893,0.177040008,-0.262197732,0.793169002,0.999089333,0.938476855,0.408520183,0.801686226
PFS,MCL1,0.942781868,0.684360303,0.614425799,1.298786102,0.163447086,-0.360485722,0.718483932,0.999089333,0.88377638,0.654817005,0.791837087
PFS,MCM2,0.990947157,0.723998408,0.632325385,1.356323794,0.160141726,-0.05678763,0.954714368,0.999089333,0.620119272,1.776238649,0.339064958
PFS,MCM4,1.086050292,0.796741128,0.68367101,1.480412138,0.158050348,0.522286289,0.601471014,0.999089333,0.6231959,1.762195795,0.247463093
PFS,MCM5,0.937479696,0.691922254,0.578261176,1.27018343,0.154962797,-0.416617277,0.676958371,0.999089333,0.886573043,0.642778767,0.704697003
PFS,MCM7,1.120562291,0.84787888,0.633063598,1.480942478,0.142272047,0.800091143,0.423657992,0.999089333,0.723767663,1.322625096,0.272039434
PFS,MDC1,1.013092778,0.768488698,0.567063771,1.335552469,0.140990974,0.092259869,0.926491572,0.999089333,0.448649642,2.650820442,0.137224555
PFS,MDM2,1.007973891,0.74682994,0.613602081,1.360432021,0.15299263,0.051912744,0.958598219,0.999089333,0.943128876,0.385952353,0.804231468
PFS,MDM4,1.154454577,0.837048253,0.755172229,1.592220481,0.164034425,0.875596722,0.381249308,0.999089333,0.932951721,0.434855285,0.796384712
PFS,ME2,1.23195987,0.914677992,0.744621929,1.659299921,0.151936204,1.372986067,0.169756678,0.999089333,0.95227713,0.340310502,0.688025183
PFS,MECOM,0.938412004,0.691009234,0.583383415,1.27439265,0.156143635,-0.407100742,0.683933998,0.999089333,0.927987575,0.4581363,0.663797757
PFS,MED12,1.04874956,0.77929387,0.632080812,1.411374683,0.151515857,0.314149026,0.753407855,0.999089333,0.626884827,1.745414178,0.251016495
PFS,MEF2C,0.930043601,0.689519974,0.564948544,1.254468518,0.152674133,-0.475023567,0.634770175,0.999089333,0.785001398,1.067183641,0.450302277
PFS,MEFV,0.886676358,0.650777339,0.557308618,1.208085956,0.157815394,-0.762126132,0.445984728,0.999089333,0.932755105,0.435783891,0.854851766
PFS,MELK,0.966544945,0.738290797,0.527076634,1.265367431,0.137446413,-0.247569059,0.804467853,0.999089333,0.733224194,1.282788185,0.348599482
PFS,MEN1,0.999531585,0.736187865,0.620888821,1.357076686,0.156023998,-0.003002904,0.997604033,0.999089333,0.930411053,0.446812546,0.936095189
PFS,MERTK,0.814717315,0.608932173,0.481114196,1.090046369,0.148540645,-1.379515208,0.16773596,0.999089333,0.906328322,0.556438119,0.529969135
PFS,MET,0.89544778,0.650492961,0.582151779,1.23264474,0.163060868,-0.677240186,0.498253575,0.999089333,0.832510586,0.870623619,0.385544267
PFS,MFGE8,0.864807063,0.660348106,0.472223106,1.132571213,0.137624622,-1.055398688,0.291243023,0.999089333,0.566549462,2.028320854,0.166333631
PFS,MFNG,0.832230279,0.616746568,0.506254795,1.123001363,0.152885967,-1.201196571,0.229674959,0.999089333,0.815654007,0.940462071,0.354609779
PFS,MGMT,1.02914197,0.761289714,0.629945677,1.391235391,0.153812371,0.186756214,0.851851779,0.999089333,0.887803503,0.637469591,0.593180091
PFS,MIA,1.063150241,0.791962046,0.635238209,1.427200255,0.150246759,0.40757236,0.68358766,0.999089333,0.913563748,0.524108907,0.649984016
PFS,MIB1,1.065615473,0.757873903,0.740444396,1.498318299,0.173876054,0.365504853,0.714734585,0.999089333,0.761468526,1.164758328,0.369960375
PFS,MICA,1.171994851,0.839414398,0.796931051,1.636345449,0.17028786,0.931994197,0.351339524,0.999089333,0.916972939,0.508713622,0.914187523
PFS,MICB,0.859433007,0.629297228,0.544432863,1.173730091,0.159017816,-0.95261277,0.340786305,0.999089333,0.753850309,1.196473195,0.293775637
PFS,MIF,1.001082193,0.709005532,0.704475057,1.413480589,0.176010151,0.006145145,0.995096915,0.999089333,0.879742802,0.672113047,0.757785748
PFS,MKI67,0.791117016,0.591892943,0.465504581,1.057397524,0.148023185,-1.582923569,0.113438886,0.999089333,0.865160426,0.734079049,0.41056406
PFS,MLF1,0.928831388,0.672933732,0.609105951,1.282039682,0.16443178,-0.448988966,0.653439616,0.999089333,0.755723361,1.188668399,0.341582555
PFS,MLH1,0.947240613,0.713699157,0.543503924,1.257203082,0.144437152,-0.37526452,0.70746375,0.999089333,0.814440128,0.945482951,0.695390179
PFS,MLLT3,0.956358614,0.720814531,0.548058057,1.268872587,0.144263415,-0.309311389,0.757084669,0.999089333,0.861156711,0.750961664,0.611474856
PFS,MLPH,1.381558258,0.970924569,0.994936919,1.965861489,0.179961741,1.79600415,0.072493857,0.999089333,0.719305609,1.341488392,0.38491709
PFS,MME,0.942442005,0.686633082,0.606920864,1.293553947,0.1615715,-0.366901923,0.713692177,0.999089333,0.533823507,2.190492358,0.144357299
PFS,MMP1,0.696391865,0.506175749,0.451913671,0.95808942,0.162772678,-2.222994396,0.026216178,0.999089333,0.936372951,0.418604666,0.728267467
PFS,MMP11,1.05721064,0.81130418,0.566347218,1.377651397,0.135077072,0.411868329,0.680435936,0.999089333,0.3881354,3.022720307,0.10375205
PFS,MMP3,0.721322305,0.536953848,0.432041662,0.96899551,0.150601704,-2.169093764,0.030075566,0.999089333,0.858066938,0.76395796,0.482111207
PFS,MMP9,0.958266799,0.693305615,0.631182805,1.32448842,0.165133305,-0.258149282,0.796291699,0.999089333,0.946182848,0.370915832,0.938598055
PFS,MMRN2,1.027938981,0.757264308,0.63809863,1.395362938,0.155920591,0.176729758,0.859720665,0.999089333,0.924088534,0.476198357,0.744015625
PFS,MNAT1,1.229340839,0.933969582,0.684154743,1.618124325,0.140201317,1.472725989,0.140824936,0.999089333,0.798236591,1.012461857,0.396025866
PFS,MNX1,0.924170798,0.675241535,0.589626841,1.264868376,0.160118475,-0.492500181,0.622365794,0.999089333,0.418326793,2.831585177,0.105889013
PFS,MPL,0.986729157,0.709059649,0.664075081,1.373134729,0.168603066,-0.079237514,0.936843707,0.999089333,0.932300238,0.437930079,0.871180398
PFS,MPO,0.947427344,0.671352547,0.665677564,1.337030111,0.175746008,-0.307290207,0.758622489,0.999089333,0.959492879,0.302843138,0.860332233
PFS,MPPED1,0.838755236,0.623745237,0.504135674,1.127880911,0.15111345,-1.163604881,0.244584173,0.999089333,0.892923246,0.615290364,0.583828646
PFS,MR1,1.021766912,0.739266164,0.672955404,1.412221568,0.165120713,0.130410017,0.896242042,0.999089333,0.924788969,0.472967213,0.6885177
PFS,MRC1,0.928367084,0.684281344,0.575237786,1.25951913,0.15564473,-0.477549478,0.632970897,0.999089333,0.804203035,0.987803836,0.356044489
PFS,MRE11,0.863062069,0.626349568,0.562884324,1.189233892,0.163563199,-0.900377766,0.367919249,0.999089333,0.957966618,0.310894748,0.956417292
PFS,MRM2,0.901638595,0.64537702,0.614277617,1.259654637,0.170604714,-0.606908842,0.54391141,0.999089333,0.081025172,6.729857798,0.01027859
PFS,MRPL19,0.935016101,0.691311806,0.573320306,1.264632112,0.15407058,-0.436108758,0.662757823,0.999089333,0.742965048,1.241935313,0.455184343
PFS,MS4A1,0.884871858,0.639230477,0.585677024,1.2249075,0.165910073,-0.737221286,0.460987791,0.999089333,0.947938596,0.362184413,0.892868576
PFS,MS4A2,0.933441366,0.68664853,0.582287096,1.268935627,0.156663894,-0.439649032,0.660191322,0.999089333,0.925760055,0.46847788,0.652709686
PFS,MS4A4A,0.904734784,0.68399621,0.512713682,1.196709892,0.142701331,-0.701559219,0.482954091,0.999089333,0.843739465,0.823911988,0.440956848
PFS,MS4A6A,0.914472045,0.661493226,0.602705844,1.26419907,0.165231177,-0.541110837,0.588431189,0.999089333,0.889158492,0.6316138,0.524792586
PFS,MSH2,0.948146965,0.727326048,0.508684501,1.236010549,0.135275269,-0.39361047,0.69386865,0.999089333,0.913384715,0.524914364,0.756433451
PFS,MSH6,0.921132283,0.682655511,0.560262286,1.242917797,0.152866738,-0.53740679,0.590986654,0.999089333,0.802378686,0.995343525,0.417915788
PFS,MSR1,0.934901342,0.701065456,0.54566623,1.246731686,0.146859713,-0.458357645,0.646695516,0.999089333,0.862849423,0.743829957,0.460946161
PFS,MSRB2,0.941670377,0.712877754,0.531014475,1.243892229,0.142015539,-0.423193015,0.672154443,0.999089333,0.941182445,0.395442041,0.745928319
PFS,MST1R,0.929754134,0.682336048,0.584551069,1.266887117,0.157858974,-0.461393473,0.644516333,0.999089333,0.951792284,0.342777314,0.789836527
PFS,MTF1,0.953524685,0.696183291,0.609808015,1.305991306,0.160488836,-0.296531312,0.766824358,0.999089333,0.898170045,0.592399781,0.571059685
PFS,MTF2,1.040375133,0.750458995,0.691832224,1.442291218,0.166662052,0.237494694,0.812273035,0.999089333,0.723767902,1.322624089,0.339944549
PFS,MUC1,1.261224232,0.688040152,1.623869349,2.311909501,0.309184735,0.750628463,0.452876287,0.999089333,0.667379646,1.564877152,0.884307848
PFS,MUC4,1.02287752,0.748118457,0.650428003,1.39854646,0.15960176,0.141726213,0.887296269,0.999089333,0.440436812,2.698767344,0.179780331
PFS,MX1,0.965372372,0.718848095,0.577592453,1.296440548,0.150443501,-0.234249893,0.814790984,0.999089333,0.90242106,0.573721183,0.625032804
PFS,MXI1,0.945629264,0.694525893,0.592992274,1.287518167,0.157462663,-0.355034548,0.722563709,0.999089333,0.125657788,5.727308697,0.026589378
PFS,MYB,1.083138648,0.779098682,0.726730243,1.505828926,0.168105408,0.475076818,0.634732221,0.999089333,0.704865053,1.402857504,0.401107446
PFS,MYBL2,1.320798098,0.943026764,0.906875788,1.849902552,0.171889275,1.618694204,0.105513075,0.999089333,0.738233592,1.261757265,0.277559502
PFS,MYC,1.052129161,0.800492742,0.582375224,1.382867967,0.139463632,0.364366555,0.715584306,0.999089333,0.668485415,1.56003394,0.245071536
PFS,MYCN,0.82053926,0.48812126,0.891217712,1.379338971,0.265003798,-0.74637995,0.455437928,0.999089333,0.780193767,1.087080565,0.45720473
PFS,MYCT1,0.990317374,0.6966414,0.711153917,1.407795317,0.179469973,-0.054214124,0.956764568,0.999089333,0.836365104,0.854610755,0.712166025
PFS,MYD88,0.817042692,0.556956053,0.64162821,1.198584263,0.195516353,-1.033488647,0.301375281,0.999089333,0.81805667,0.930521684,0.696852785
PFS,NAALAD2,0.871424713,0.64269403,0.538865148,1.181559179,0.155339951,-0.885965295,0.375636229,0.999089333,0.868153328,0.7214252,0.5924767
PFS,NANOG,1.245096537,0.913136155,0.784601227,1.697737382,0.158208696,1.385594293,0.165870822,0.999089333,0.829583815,0.882769473,0.758695563
PFS,NASP,1.017091467,0.756100846,0.612069892,1.368170738,0.151292356,0.112015252,0.910811314,0.999089333,0.913810629,0.522997726,0.577774064
PFS,NAT1,0.984404843,0.714222596,0.64257135,1.356793946,0.163698194,-0.096018413,0.923505949,0.999089333,0.812873486,0.951961876,0.547014354
PFS,NAT8L,1.35568057,0.954878569,0.969837166,1.924715736,0.178816905,1.701760773,0.088800223,0.999089333,0.469858791,2.53019548,0.150798506
PFS,NBN,0.970228816,0.693843364,0.662866238,1.356709603,0.171067277,-0.176675184,0.859763534,0.999089333,0.943756515,0.382877138,0.98445033
PFS,NCAM1,0.767823094,0.56890392,0.46739111,1.036295029,0.152986382,-1.726924414,0.084181239,0.999089333,0.914518849,0.519806975,0.605575152
PFS,NCF4,0.887991732,0.663321288,0.525437962,1.18875925,0.148830777,-0.798173931,0.424769563,0.999089333,0.927483406,0.460482426,0.626811432
PFS,NCOR1,0.919828809,0.697419943,0.515744446,1.213164388,0.141227006,-0.591726082,0.554034028,0.999089333,0.576205303,1.981739856,0.162544872
PFS,NCR1,0.982750597,0.712361921,0.64340782,1.35576974,0.164171014,-0.105986475,0.915593083,0.999089333,0.785347086,1.065753492,0.407124033
PFS,NDC1,0.825256397,0.609500891,0.507885695,1.117386586,0.154622081,-1.242132789,0.214187573,0.999089333,0.795971299,1.021824397,0.359729878
PFS,NDC80,0.960183949,0.704663222,0.603696839,1.308360061,0.157862539,-0.257378346,0.796886718,0.999089333,0.939841997,0.401937332,0.711364706
PFS,NDUFA1,0.950134666,0.690939991,0.615621933,1.306561924,0.162528881,-0.314722841,0.752972101,0.999089333,0.796328113,1.020349617,0.478197702
PFS,NDUFA11,0.924539813,0.666292895,0.616587158,1.282880053,0.167128968,-0.46945282,0.638746001,0.999089333,0.923543673,0.478707864,0.927291058
PFS,NDUFA12,0.781858139,0.568080755,0.508002431,1.076083186,0.162967144,-1.51000967,0.131040957,0.999089333,0.721037245,1.334162643,0.425687355
PFS,NDUFA13,1.035931124,0.745288246,0.694628858,1.439917104,0.16800558,0.210115989,0.833577147,0.999089333,0.939016459,0.405921955,0.949850139
PFS,NDUFA2,0.797217407,0.589994509,0.487228386,1.077222895,0.153581492,-1.475619579,0.140046046,0.999089333,0.731934227,1.288211629,0.497924231
PFS,NDUFA3,1.140868686,0.706758954,1.134860955,1.841619908,0.244318567,0.539418594,0.589598054,0.999089333,0.213509199,4.486370896,0.095803575
PFS,NDUFA4L2,0.910367502,0.662626109,0.588107868,1.250733977,0.162062913,-0.579447269,0.562287417,0.999089333,0.930141686,0.448075035,0.8211055
PFS,NDUFA6,0.757927693,0.545607533,0.507263538,1.052871071,0.167701079,-1.652746009,0.098382566,0.999089333,0.92628554,0.466043797,0.795846416
PFS,NDUFA7,0.954808313,0.725236614,0.531813703,1.257050316,0.140315148,-0.329577232,0.741719428,0.999089333,0.882380552,0.660810958,0.494696121
PFS,NDUFB1,0.945152204,0.670874719,0.660689376,1.331564095,0.174882583,-0.32255529,0.747032058,0.999089333,0.946334581,0.370163839,0.913872741
PFS,NDUFB10,0.992096449,0.725981656,0.629776242,1.355757898,0.159337408,-0.049799666,0.960282033,0.999089333,0.946551737,0.369086767,0.866960448
PFS,NDUFB11,0.731858302,0.540213051,0.451278311,0.991491362,0.154912702,-2.01512436,0.04389162,0.999089333,0.955578562,0.323351179,0.914033334
PFS,NDUFB4,0.940948226,0.706341814,0.547135675,1.253477489,0.146323526,-0.415976589,0.677427134,0.999089333,0.44939035,2.646531251,0.179475869
PFS,NDUFB7,1.089046241,0.81112048,0.651081183,1.462201663,0.150329795,0.567434453,0.570419048,0.999089333,0.920700135,0.491749958,0.985608545
PFS,NDUFB8,0.574795191,0.39047391,0.455650512,0.846124422,0.197275376,-2.806946829,0.00500135,0.999089333,0.15484063,5.243052119,0.040235509
PFS,NDUFS7,1.063163674,0.791008776,0.637947554,1.42895633,0.15086771,0.405978595,0.684758328,0.999089333,0.899320875,0.58735536,0.818858187
PFS,NDUFS8,0.793896191,0.600762943,0.448354964,1.049117907,0.14222317,-1.622819746,0.104627943,0.999089333,0.903441059,0.569220419,0.767636999
PFS,NECTIN1,0.721301418,0.512306124,0.503250222,1.015556346,0.174561759,-1.871533469,0.061271175,0.999089333,0.742280817,1.244799406,0.436251569
PFS,NECTIN2,1.058202286,0.771092513,0.68112244,1.452214954,0.161491964,0.350305431,0.72610949,0.999089333,0.530152124,2.20913082,0.162774851
PFS,NEFL,0.906066952,0.664303366,0.571513528,1.235816894,0.158357135,-0.622908951,0.533344355,0.999089333,0.774282444,1.111567327,0.454389574
PFS,NEIL1,1.078892521,0.779861793,0.712721997,1.49258379,0.165601836,0.458540031,0.646564509,0.999089333,0.743371384,1.240234829,0.435206793
PFS,NEUROD1,1.032577187,0.745216074,0.685530905,1.430746979,0.166400441,0.192654538,0.84722953,0.999089333,0.881334492,0.665296891,0.551439822
PFS,NF1,0.954747105,0.671527142,0.685889375,1.357416517,0.179540064,-0.257930091,0.796460861,0.999089333,0.863238379,0.742189987,0.542500791
PFS,NF2,1.059411349,0.784037869,0.647464931,1.4315028,0.153580056,0.37578722,0.70707509,0.999089333,0.870228227,0.712634558,0.626653811
PFS,NFAM1,1.069253873,0.767688144,0.72159348,1.489281624,0.169050444,0.396101241,0.692030343,0.999089333,0.914829848,0.518404345,0.715311231
PFS,NFATC1,1.177138313,0.841777803,0.804327147,1.64610495,0.171087596,0.953232957,0.340472052,0.999089333,0.812006409,0.955547253,0.50778712
PFS,NFATC2,0.907791241,0.679265702,0.533933984,1.213199686,0.147962962,-0.653817934,0.513229111,0.999089333,0.972241757,0.232137033,0.99437871
PFS,NFATC3,1.082314598,0.795331856,0.677518603,1.472850459,0.157195601,0.503206791,0.61481889,0.999089333,0.549092465,2.113966262,0.208955882
PFS,NFATC4,0.917387679,0.665929097,0.597869343,1.26379844,0.163445324,-0.527547225,0.597813631,0.999089333,0.85515074,0.776200231,0.458431656
PFS,NFE2L2,1.086280234,0.815212786,0.632267879,1.447480666,0.146464601,0.565045957,0.572042506,0.999089333,0.720097848,1.338135953,0.36975524
PFS,NFIL3,0.87537642,0.618321665,0.620974839,1.239296504,0.177373246,-0.750402294,0.45301245,0.999089333,0.820126907,0.921953681,0.783855844
PFS,NFKB1,1.074444059,0.771246318,0.725590697,1.496837015,0.169161706,0.424465887,0.671226078,0.999089333,0.905345741,0.560795281,0.811119847
PFS,NFKB2,0.892980046,0.666544959,0.52979349,1.196338449,0.149215315,-0.758575241,0.448106688,0.999089333,0.800751313,1.002069029,0.364306324
PFS,NFKBIA,0.96952026,0.743970317,0.519480002,1.263450319,0.135104643,-0.229110611,0.818782946,0.999089333,0.873440634,0.698993621,0.57124756
PFS,NFKBIE,0.992988396,0.696652958,0.718723153,1.415376111,0.180835772,-0.038909895,0.968962227,0.999089333,0.780419141,1.0861475,0.552897044
PFS,NFKBIZ,1.147246075,0.817941722,0.791187046,1.609128768,0.172619775,0.795762554,0.426170061,0.999089333,0.928228372,0.457014615,0.62223081
PFS,NGF,1.017919197,0.734853412,0.675168606,1.410022018,0.166250391,0.106830066,0.914923795,0.999089333,0.947060144,0.36656123,0.942453757
PFS,NGFR,1.130618184,0.807533017,0.775433193,1.582966209,0.171705138,0.714973065,0.474625687,0.999089333,0.89546592,0.604218713,0.590091639
PFS,NID2,0.855681505,0.644949815,0.490318111,1.135267926,0.14425047,-1.080461263,0.279936828,0.999089333,0.785693407,1.064320791,0.40383038
PFS,NKD1,0.973215907,0.682371048,0.705655607,1.388026655,0.181142302,-0.149878424,0.880860535,0.999089333,0.878763458,0.676301285,0.475246397
PFS,NKG7,0.914072841,0.663439155,0.595951632,1.259390787,0.163509697,-0.549478211,0.582677314,0.999089333,0.866473999,0.728529006,0.465327209
PFS,NKX2.1,1.080701543,0.826526386,0.5865148,1.413041186,0.136805496,0.567304744,0.570507154,0.999089333,0.946206315,0.370799563,0.884767558
PFS,NKX2.5,0.818972476,0.604631592,0.50466525,1.109296842,0.154814652,-1.28996061,0.197064335,0.999089333,0.881365825,0.665162596,0.522495796
PFS,NKX3.1,1.055466149,0.766042896,0.688195238,1.454238134,0.163523223,0.33012141,0.741308226,0.999089333,0.85295373,0.785409,0.578084055
PFS,NLRC5,0.876211918,0.651070549,0.528137029,1.179207578,0.15152828,-0.87209663,0.383155664,0.999089333,0.890001361,0.627966182,0.615501808
PFS,NLRP3,0.876578426,0.630681834,0.587665828,1.218347662,0.167974855,-0.784219171,0.432911518,0.999089333,0.860784288,0.752529608,0.641343387
PFS,NOD1,0.979325244,0.744425265,0.543921569,1.288346834,0.139926726,-0.149302936,0.881314599,0.999089333,0.806006563,0.980349852,0.429775007
PFS,NOD2,0.900481156,0.657558697,0.575587967,1.233146663,0.160408665,-0.653493629,0.513438095,0.999089333,0.954321385,0.329843538,0.799006088
PFS,NOG,0.915302619,0.674183434,0.568473746,1.24265718,0.155999045,-0.567314605,0.570500456,0.999089333,0.95764588,0.312577574,0.788715838
PFS,NOS1,0.863327984,0.637474058,0.531726788,1.169200846,0.154738092,-0.949737761,0.342245518,0.999089333,0.868403899,0.720364421,0.651105404
PFS,NOS2,0.973621106,0.697547183,0.66141187,1.358959053,0.17013173,-0.15713153,0.875141189,0.999089333,0.922200046,0.484881757,0.662724269
PFS,NOS3,1.000437612,0.701541811,0.725137827,1.426679638,0.181081029,0.002416138,0.998072203,0.999089333,0.819348504,0.925175571,0.592553533
PFS,NOTCH1,1.227171504,0.885014211,0.81659677,1.701610981,0.16677016,1.227509353,0.219631209,0.999089333,0.94684654,0.36762299,0.976657402
PFS,NOTCH2,1.035242042,0.794834614,0.553529016,1.34836363,0.13482721,0.256886253,0.797266583,0.999089333,0.953420769,0.33446827,0.847700899
PFS,NOTCH3,0.923094702,0.696184913,0.527777015,1.223961928,0.143939648,-0.55595139,0.578244086,0.999089333,0.567157709,2.025370436,0.221517892
PFS,NPM1,1.157351995,0.827139209,0.792254027,1.619393236,0.171389323,0.852647236,0.393854959,0.999089333,0.84104439,0.83514191,0.501139949
PFS,NPM2,0.980559753,0.736336413,0.569449111,1.305785524,0.146143751,-0.134331394,0.89314053,0.999089333,0.8258904,0.898083001,0.48931063
PFS,NR3C1,1.071609411,0.788778714,0.667075391,1.455854105,0.156345272,0.442364774,0.658225266,0.999089333,0.108833055,6.057772377,0.021052309
PFS,NR4A1,1.344083185,1.002257536,0.800232884,1.80249042,0.149725783,1.975024797,0.048265334,0.999089333,0.929279206,0.45211079,0.634647247
PFS,NR4A3,0.983013744,0.694119837,0.698025968,1.392145806,0.177543303,-0.09649577,0.923126834,0.999089333,0.885977776,0.645344398,0.781473771
PFS,NRAS,0.832784366,0.609557818,0.528201029,1.137758846,0.159207486,-1.149321178,0.250423569,0.999089333,0.523841119,2.241394057,0.184026257
PFS,NRDE2,1.212211336,0.918002837,0.682707166,1.600710002,0.141839872,1.356785224,0.174849464,0.999089333,0.838590615,0.845355527,0.603606388
PFS,NRP1,0.855924017,0.650019923,0.477031567,1.12705149,0.140399822,-1.108075994,0.267828998,0.999089333,0.288133626,3.763726559,0.056474191
PFS,NSD1,0.839855466,0.6233798,0.508124949,1.131504749,0.152081289,-1.147580137,0.251141934,0.999089333,0.927660594,0.459658259,0.740272082
PFS,NSD2,0.996238189,0.748725308,0.576848328,1.325573637,0.14572421,-0.025863266,0.9793664,0.999089333,0.849069128,0.801663405,0.513664213
PFS,NSD3,1.07990169,0.794776572,0.672538523,1.467315095,0.156413208,0.491454719,0.623104871,0.999089333,0.939856045,0.401869428,0.787929161
PFS,NT5E,0.889558092,0.663725994,0.528503338,1.192229332,0.14941877,-0.783238047,0.433487336,0.999089333,0.964022988,0.278483674,0.960564268
PFS,NTF3,0.937420273,0.671649766,0.636705886,1.308355652,0.170102456,-0.379909663,0.704012474,0.999089333,0.901141704,0.579355767,0.522385065
PFS,NTHL1,0.935569589,0.701134744,0.547256471,1.248391215,0.147173849,-0.452524342,0.65089129,0.999089333,0.914101489,0.521687877,0.711385923
PFS,NTRK1,1.034492665,0.748869143,0.680185699,1.429054842,0.164851064,0.205707668,0.837019268,0.999089333,0.919444551,0.497480658,0.718370524
PFS,NTRK2,0.878041288,0.64311852,0.555659745,1.198778264,0.158862402,-0.818706377,0.412953957,0.999089333,0.858358702,0.762731877,0.549058131
PFS,NUF2,0.889403484,0.67400098,0.499645025,1.173646005,0.141492105,-0.828345037,0.407475124,0.999089333,0.539862229,2.160039201,0.161151767
PFS,NUMBL,1.138070922,0.824222718,0.747203786,1.571426504,0.16461994,0.785656074,0.432069004,0.999089333,0.868019529,0.721991542,0.471915659
PFS,NUP107,1.172766014,0.850322807,0.767157179,1.617479986,0.164035821,0.971526048,0.331286388,0.999089333,0.510214873,2.312057883,0.158028531
PFS,NUPR1,1.145058592,0.839278879,0.722966057,1.562244936,0.158507015,0.854572952,0.392787607,0.999089333,0.938287998,0.409428386,0.969000427
PFS,OAS1,0.905592362,0.663140235,0.573547698,1.236687933,0.158983937,-0.623748587,0.532792709,0.999089333,0.857592813,0.765949882,0.467671463
PFS,OAS2,0.974074075,0.725833411,0.581381563,1.307214975,0.150087873,-0.175016975,0.861066295,0.999089333,0.919301512,0.498132452,0.657809026
PFS,OAS3,0.774473505,0.554522069,0.52714671,1.081668779,0.170450501,-1.499390307,0.133772407,0.999089333,0.56253868,2.047831508,0.212973809
PFS,OASL,1.019096617,0.748450531,0.639160102,1.387610633,0.157485921,0.120115914,0.904391326,0.999089333,0.887015214,0.640871803,0.55408567
PFS,OAT,0.867139218,0.616006936,0.60464559,1.220652526,0.17446306,-0.81711132,0.413864814,0.999089333,0.934188136,0.429002779,0.712210832
PFS,OAZ1,1.092565575,0.771255868,0.776478917,1.547734785,0.177688859,0.498222956,0.618326904,0.999089333,0.809669002,0.965211044,0.419391716
PFS,OLFML2B,1.004871933,0.756013591,0.579633827,1.335647418,0.145184315,0.033475401,0.973295482,0.999089333,0.88209795,0.662023376,0.562851374
PFS,OPN3,0.955301477,0.688430093,0.637196026,1.325626119,0.167152661,-0.273572106,0.784413473,0.999089333,0.906214063,0.556945176,0.646191469
PFS,ORC6,0.978388469,0.725714348,0.593322541,1.319036889,0.152426434,-0.143337871,0.886023348,0.999089333,0.853000609,0.785212632,0.670969116
PFS,OSM,0.913654069,0.656231916,0.615824102,1.272056018,0.1688489,-0.534816986,0.592776416,0.999089333,0.9127565,0.52773834,0.758391623
PFS,OTC,0.875343274,0.624547833,0.602301109,1.226848942,0.172242044,-0.772977104,0.439535931,0.999089333,0.925911704,0.467775777,0.859629209
PFS,OTOA,0.943026129,0.682432108,0.620698664,1.303130772,0.16501882,-0.355482413,0.722228218,0.999089333,0.865948326,0.730750736,0.637312622
PFS,P2RY13,0.87687698,0.631576243,0.585874931,1.217451174,0.167425547,-0.784758197,0.432595354,0.999089333,0.903665633,0.568228454,0.505041895
PFS,P4HA1,1.05142943,0.799583048,0.583017355,1.382600403,0.139704341,0.358976676,0.719612538,0.999089333,0.434207283,2.735623958,0.107332049
PFS,P4HA2,0.968299571,0.747710522,0.506256129,1.253966651,0.131903247,-0.244222686,0.807058358,0.999089333,0.882608651,0.659832095,0.547774842
PFS,PAK3,0.770997905,0.565763172,0.484919866,1.050683038,0.157916212,-1.646883619,0.09958197,0.999089333,0.948859787,0.357576452,0.627609794
PFS,PAK5,1.106094846,0.787633083,0.765686396,1.553319479,0.173247359,0.582032859,0.560544548,0.999089333,0.698554806,1.429841763,0.448055758
PFS,PALMD,0.971631122,0.714862896,0.605763818,1.320626714,0.15657709,-0.18380116,0.854169446,0.999089333,0.848606761,0.803595854,0.565989897
PFS,PARP12,0.789495003,0.588831729,0.469708988,1.058540717,0.149621653,-1.579729731,0.114168774,0.999089333,0.896756946,0.598581864,0.571981296
PFS,PARP4,0.945118636,0.708146541,0.553243839,1.261390381,0.147277915,-0.383253791,0.701531598,0.999089333,0.643247896,1.671681467,0.267005217
PFS,PARP9,0.962831203,0.690756773,0.651313203,1.342069976,0.169436963,-0.223547235,0.823109625,0.999089333,0.671842669,1.545354985,0.277822482
PFS,PASD1,0.91208917,0.665619056,0.584204917,1.249823974,0.160727566,-0.572506149,0.566979121,0.999089333,0.925398803,0.470149274,0.854230699
PFS,PAX3,0.853430347,0.616530138,0.564828749,1.181358886,0.165899336,-0.955346495,0.339402502,0.999089333,0.957538668,0.313139394,0.92220791
PFS,PAX5,1.043457067,0.748109717,0.707295321,1.455405037,0.169770943,0.250568809,0.802147499,0.999089333,0.840608797,0.836955757,0.438217227
PFS,PAX8,0.933862552,0.674270841,0.619125246,1.293396087,0.166175194,-0.411770312,0.680507783,0.999089333,0.864952925,0.73495526,0.641157618
PFS,PBK,0.82888658,0.63299475,0.452405979,1.085400729,0.137564366,-1.364248272,0.17248944,0.999089333,0.850923681,0.793907654,0.555492125
PFS,PBRM1,0.910562538,0.697936449,0.49002864,1.187965089,0.135683376,-0.690524508,0.489864403,0.999089333,0.571265075,2.005504192,0.305077835
PFS,PBX1,0.880463914,0.646803237,0.551732361,1.198535597,0.157353305,-0.809047735,0.418487689,0.999089333,0.845275951,0.817503741,0.585317513
PFS,PBX3,0.956683616,0.717504249,0.558088951,1.2755932,0.146785282,-0.301682437,0.762894158,0.999089333,0.667698269,1.563481168,0.395175606
PFS,PC,0.845751974,0.622738442,0.525892111,1.148630553,0.156176108,-1.072693765,0.283408539,0.999089333,0.944881788,0.377344476,0.683817349
PFS,PCK1,1.067776597,0.772568773,0.703218112,1.475786884,0.165111599,0.397177063,0.691236895,0.999089333,0.780869751,1.084282046,0.49960237
PFS,PCK2,1.024049936,0.76534153,0.604868017,1.370209547,0.148573338,0.159956637,0.872915233,0.999089333,0.860969131,0.751751446,0.624412687
PFS,PCNA,0.998056016,0.743069489,0.597472446,1.340541935,0.150523091,-0.012927423,0.989685696,0.999089333,0.498464014,2.374153822,0.140555412
PFS,PDCD1,1.075098268,0.772723068,0.723073206,1.495796274,0.16849627,0.429754736,0.667374063,0.999089333,0.938575268,0.408046682,0.937113415
PFS,PDCD1LG2,0.97472547,0.690742621,0.684718676,1.375461297,0.175711688,-0.145689893,0.884166201,0.999089333,0.810911042,0.960076187,0.555577672
PFS,PDGFA,0.861405285,0.650995753,0.488825916,1.139821669,0.142891396,-1.044080855,0.296447983,0.999089333,0.957941333,0.311027528,0.979920367
PFS,PDGFB,0.894483801,0.667573466,0.530948212,1.198521678,0.149287104,-0.74693984,0.455099876,0.999089333,0.898192717,0.592300486,0.633643121
PFS,PDGFC,0.905541946,0.669441089,0.555470602,1.224911691,0.154130603,-0.64375067,0.519737126,0.999089333,0.621511708,1.76987775,0.200886913
PFS,PDGFD,0.903296881,0.663923283,0.565051928,1.22897521,0.1570869,-0.647437864,0.517348597,0.999089333,0.769970818,1.129446237,0.336652721
PFS,PDGFRA,0.895157695,0.663444327,0.544354529,1.207798856,0.15283697,-0.724663549,0.468658462,0.999089333,0.932570739,0.436654138,0.643480545
PFS,PDGFRB,0.940207565,0.712944925,0.526968894,1.239913819,0.141174273,-0.436726981,0.662309359,0.999089333,0.494829064,2.39358943,0.193363378
PFS,PDK1,1.073626728,0.802378659,0.634192887,1.436571546,0.148582843,0.478133145,0.632555443,0.999089333,0.665895751,1.571383204,0.227934267
PFS,PDPN,0.826343853,0.613706179,0.498950313,1.112656492,0.151785798,-1.256667671,0.208873999,0.999089333,0.895131181,0.605678533,0.508376553
PFS,PDZK1IP1,1.02831019,0.748233556,0.664990749,1.413224305,0.162225926,0.172086322,0.863369666,0.999089333,0.842051516,0.830946895,0.540151546
PFS,PEBP1,0.878288105,0.67096582,0.478705253,1.149671074,0.13737828,-0.944695202,0.344814507,0.999089333,0.891882262,0.619812017,0.628396868
PFS,PECAM1,0.999504651,0.742064406,0.60419279,1.346257196,0.151953694,-0.003260677,0.997398361,0.999089333,0.848488901,0.804088372,0.522192231
PFS,PF4,1.050641596,0.747267182,0.72991232,1.477179502,0.17384682,0.284164079,0.776284642,0.999089333,0.896898929,0.597961295,0.657993773
PFS,PFKFB3,1.012777365,0.732652659,0.667353168,1.400005827,0.165196901,0.076856304,0.938737859,0.999089333,0.620780674,1.773216146,0.222772313
PFS,PFKM,0.910002091,0.657232427,0.6027538,1.259986226,0.166028138,-0.568026498,0.570016976,0.999089333,0.921384553,0.488619024,0.798170549
PFS,PGF,1.318835601,0.952358545,0.873978133,1.826336678,0.166106582,1.66609428,0.095694638,0.999089333,0.958571469,0.30771267,0.900071491
PFS,PGM2,0.863570471,0.643644805,0.514997282,1.158642086,0.149966265,-0.97808513,0.328032222,0.999089333,0.94402697,0.381549656,0.927341057
PFS,PGPEP1,1.07256565,0.762827615,0.745241903,1.508069518,0.173868902,0.402910361,0.687014169,0.999089333,0.646325706,1.657936028,0.218384358
PFS,PGR,0.935634168,0.680094049,0.607097478,1.287191526,0.162754755,-0.408778993,0.682701858,0.999089333,0.912870639,0.527225524,0.713491413
PFS,PHF6,0.935986168,0.680055036,0.608179093,1.288234129,0.162975938,-0.405916243,0.684804143,0.999089333,0.808985196,0.968037836,0.529804587
PFS,PHGDH,0.885420107,0.658456458,0.532159497,1.190615956,0.151106773,-0.805344773,0.420620752,0.999089333,0.863761785,0.739982393,0.53044658
PFS,PIAS4,1.456092337,1.015772883,1.071509547,2.08728243,0.183731224,2.045141582,0.040840902,0.999089333,0.008476078,11.70221525,0.001312076
PFS,PIK3CA,0.800485006,0.591103938,0.492929179,1.084033117,0.154709951,-1.438417357,0.150315671,0.999089333,0.477939337,2.485378364,0.159476203
PFS,PIK3CB,1.076734458,0.798401736,0.653695674,1.45209741,0.152592697,0.484510806,0.628023397,0.999089333,0.008825784,11.6149046,0.002013034
PFS,PIK3CD,1.005826637,0.730697451,0.653852643,1.384550094,0.163046627,0.03563231,0.971575545,0.999089333,0.891018144,0.623560673,0.603668738
PFS,PIK3CG,0.999058486,0.725637505,0.649867278,1.375504783,0.163147251,-0.005773665,0.995393308,0.999089333,0.948995656,0.356895205,0.953860364
PFS,PIK3R1,0.786105224,0.578393035,0.490017866,1.068410901,0.156552381,-1.537278586,0.124225103,0.999089333,0.760272826,1.169731063,0.321482273
PFS,PIK3R2,1.152415123,0.873600826,0.646613643,1.520214469,0.141324829,1.003785731,0.315481903,0.999089333,0.938026367,0.410685574,0.685032581
PFS,PIK3R3,0.901384171,0.670975651,0.539937773,1.210913424,0.150614349,-0.689334914,0.490612532,0.999089333,0.699162312,1.427239218,0.257647608
PFS,PIK3R5,0.931904287,0.687956025,0.574400245,1.262356269,0.154852435,-0.455434657,0.648796567,0.999089333,0.951016977,0.346709884,0.989691325
PFS,PIM1,0.958396964,0.66548282,0.714755275,1.380238095,0.186099969,-0.228335446,0.81938547,0.999089333,0.298007978,3.681218686,0.124107231
PFS,PIN1,0.988440385,0.744056299,0.569035728,1.313092027,0.144906555,-0.080237551,0.936048325,0.999089333,0.942008521,0.391423132,0.941279599
PFS,PITX2,0.96017726,0.668924928,0.709316984,1.378241911,0.184414652,-0.22035866,0.825591839,0.999089333,0.633992775,1.713246715,0.347676096
PFS,PKM,0.762329483,0.541182205,0.532663601,1.073845806,0.174810784,-1.552400937,0.120566319,0.999089333,0.940175032,0.400326538,0.963616384
PFS,PKMYT1,1.156184098,0.856616188,0.703897945,1.560514133,0.153008081,0.948479396,0.342885457,0.999089333,0.793014506,1.034046405,0.369346909
PFS,PKP3,1.215748453,0.901138464,0.739058198,1.640196662,0.15278661,1.278645411,0.201021951,0.999089333,0.885655743,0.646731622,0.657834284
PFS,PLA2G10,0.9879284,0.722859581,0.627336984,1.350196565,0.159388255,-0.076197919,0.939261639,0.999089333,0.902609131,0.572891885,0.653178721
PFS,PLA2G1B,0.968910803,0.706185957,0.623192141,1.329378098,0.161377434,-0.195707175,0.844839368,0.999089333,0.94890891,0.357330197,0.800842635
PFS,PLA2G2A,1.054032614,0.759551728,0.70313305,1.462684778,0.167171564,0.314786745,0.752923577,0.999089333,0.735567981,1.272942384,0.412727207
PFS,PLA2G3,1.002835933,0.720483362,0.67535721,1.395840573,0.168709669,0.016785759,0.986607531,0.999089333,0.943091293,0.386136256,0.874601668
PFS,PLA2G4C,0.967084654,0.704416441,0.623282167,1.327698608,0.16169497,-0.206990015,0.836017657,0.999089333,0.672714793,1.54154803,0.252546341
PFS,PLA2G4F,0.967381343,0.704459458,0.623972791,1.328432249,0.161820316,-0.204934124,0.837623594,0.999089333,0.844396713,0.82117134,0.542124955
PFS,PLA2G5,0.908183059,0.666653012,0.570567033,1.237220045,0.157745897,-0.610534507,0.541507792,0.999089333,0.941029354,0.396185479,0.801646396
PFS,PLA2G6,1.102936297,0.799903302,0.720866112,1.520769414,0.163901183,0.597774725,0.549990257,0.999089333,0.880941878,0.666979271,0.657798261
PFS,PLAT,1.035540821,0.767573183,0.629485516,1.397058699,0.152781009,0.22858746,0.819189572,0.999089333,0.89480313,0.607108516,0.624069491
PFS,PLAU,0.833269869,0.633029963,0.463819657,1.09684962,0.140226967,-1.300732094,0.193350173,0.999089333,0.626420318,1.747523992,0.203437628
PFS,PLAUR,0.832146666,0.605573316,0.537918404,1.14349172,0.162162708,-1.133100053,0.257172239,0.999089333,0.763100286,1.157974899,0.316965882
PFS,PLCB1,0.862082575,0.631780212,0.544556673,1.176336885,0.158579186,-0.935836676,0.349357285,0.999089333,0.813428741,0.949665723,0.548431974
PFS,PLCB4,1.029529174,0.744789005,0.678339309,1.423128313,0.165184617,0.176176121,0.86015558,0.999089333,0.87635534,0.686582119,0.617217077
PFS,PLCE1,0.857245757,0.630970993,0.53369473,1.164665723,0.15636244,-0.985087198,0.324581241,0.999089333,0.942247553,0.390257887,0.673826113
PFS,PLCG2,0.922864521,0.672447662,0.594087971,1.266535633,0.161512234,-0.497007775,0.619183569,0.999089333,0.956700537,0.317519592,0.886324201
PFS,PLD1,0.917054689,0.682748361,0.549022158,1.231770518,0.150533761,-0.575207643,0.565150875,0.999089333,0.941839972,0.392244144,0.72311413
PFS,PLK1,0.928491869,0.697858286,0.537488729,1.235347015,0.145689192,-0.509259845,0.6105701,0.999089333,0.292562079,3.726415184,0.060863236
PFS,PLOD2,1.050102348,0.774303496,0.649834388,1.424137883,0.155451327,0.314488365,0.753150152,0.999089333,0.358765325,3.221173773,0.102056291
PFS,PMAIP1,1.011772997,0.753842636,0.604112657,1.357955293,0.150143511,0.077953648,0.937864925,0.999089333,0.9489658,0.357044936,0.878500762
PFS,PMEL,0.909037453,0.658436446,0.596580794,1.25501724,0.164553173,-0.579563318,0.562209136,0.999089333,0.871945685,0.705346495,0.619115567
PFS,PML,0.941569165,0.708116737,0.543869616,1.251986354,0.145379633,-0.414139658,0.678771831,0.999089333,0.94973762,0.353167564,0.872135574
PFS,PMS2,0.964893253,0.713947014,0.590097925,1.304044938,0.153680746,-0.232545738,0.816114167,0.999089333,0.508409636,2.321526043,0.131562681
PFS,PNMA1,1.024217445,0.761273188,0.616709631,1.377982819,0.151376176,0.158075419,0.87439737,0.999089333,0.795350124,1.024391886,0.354245823
PFS,PNOC,0.927227678,0.688630173,0.559864591,1.248494765,0.151785837,-0.497781204,0.618638265,0.999089333,0.76528389,1.14890227,0.31154197
PFS,POLB,0.941624558,0.684820035,0.60990962,1.294729655,0.162477759,-0.370196162,0.711236336,0.999089333,0.777058983,1.100062554,0.579857081
PFS,POLD1,1.000248233,0.742506104,0.604952889,1.347458993,0.152029523,0.001632592,0.998697381,0.999089333,0.782961696,1.075623457,0.452350057
PFS,POLD4,0.961688408,0.693803117,0.639204146,1.333007262,0.166585852,-0.234502395,0.814594974,0.999089333,0.934778748,0.426199118,0.847371598
PFS,POLE2,1.077936041,0.78322263,0.700322489,1.483545119,0.162955257,0.460544455,0.645125471,0.999089333,0.897218409,0.596564463,0.852123732
PFS,POLR1B,0.835694263,0.623686311,0.496083178,1.119769488,0.149296262,-1.202256804,0.229264047,0.999089333,0.632183084,1.721415943,0.251137589
PFS,POLR2A,0.900303423,0.672305142,0.53331743,1.205622572,0.148992292,-0.704891736,0.480877613,0.999089333,0.828721978,0.886344104,0.551331245
PFS,POLR2D,0.969935093,0.726232827,0.569183808,1.295416634,0.147634597,-0.206768094,0.836190975,0.999089333,0.574118263,1.991762139,0.264012092
PFS,POLR2H,0.808618183,0.578530205,0.551684535,1.13021474,0.170837877,-1.243450454,0.213701888,0.999089333,0.439801297,2.702507749,0.183236482
PFS,POLR2J,1.034008773,0.737220577,0.713056554,1.450277131,0.17261103,0.193749269,0.846372211,0.999089333,0.901154372,0.579300029,0.715204146
PFS,POU2AF1,0.971021335,0.727791674,0.567747236,1.29553891,0.14711168,-0.199894659,0.841562968,0.999089333,0.581414203,1.956833661,0.199851012
PFS,POU2F2,0.917087901,0.677559757,0.563733294,1.241293051,0.154444457,-0.560408291,0.575200978,0.999089333,0.769972016,1.129441266,0.356982809
PFS,POU2F3,1.012011256,0.744795176,0.630303394,1.37509857,0.156424162,0.076328957,0.939157389,0.999089333,0.92744507,0.460660691,0.763068535
PFS,PPARGC1A,0.863004025,0.590249192,0.671549991,1.261799183,0.193817107,-0.760180183,0.447146889,0.999089333,0.857526726,0.766227485,0.656066999
PFS,PPARGC1B,0.967379973,0.71247762,0.601000846,1.313478466,0.156045141,-0.212527738,0.83169534,0.999089333,0.894803484,0.607106973,0.613472803
PFS,PPBP,0.942487772,0.689244383,0.599533913,1.288778295,0.15965959,-0.370991394,0.710643942,0.999089333,0.948786915,0.357941662,0.842217418
PFS,PPL,0.958122715,0.701098649,0.608273631,1.30937228,0.159353572,-0.268455948,0.788348379,0.999089333,0.592092265,1.906243914,0.245891822
PFS,PPP2CB,0.997108381,0.735269814,0.616921047,1.352190861,0.155422216,-0.01863188,0.98513477,0.999089333,0.949194243,0.355898735,0.965678572
PFS,PPP2R1A,0.963087421,0.700561922,0.623428652,1.323990574,0.162381264,-0.231622112,0.816831532,0.999089333,0.730867491,1.292699025,0.283337496
PFS,PPP2R2B,0.950241034,0.692754149,0.610677989,1.303432138,0.161248115,-0.316528393,0.751601478,0.999089333,0.920758275,0.49148419,0.669310032
PFS,PPP2R3A,0.975412827,0.723971503,0.590210313,1.314181816,0.152099103,-0.163672792,0.869988737,0.999089333,0.531926019,2.200113481,0.19149233
PFS,PPP3CA,1.050528157,0.783908703,0.623920302,1.407829005,0.149367929,0.330010902,0.741391725,0.999089333,0.935891895,0.420900482,0.851407887
PFS,PPP3CB,0.806001397,0.54180134,0.657232703,1.199034043,0.202649679,-1.064249422,0.287215724,0.999089333,0.757851855,1.179805062,0.34477088
PFS,PPP3CC,0.997513537,0.760874194,0.546875845,1.307750039,0.138164627,-0.018018791,0.985623863,0.999089333,0.944114254,0.381120933,0.874750879
PFS,PPP3R1,0.735667207,0.527727723,0.49781294,1.025540663,0.169491572,-1.811166322,0.07011511,0.999089333,0.920028675,0.494816704,0.96338312
PFS,PPP3R2,0.909523562,0.643130454,0.643129751,1.286260205,0.17682637,-0.53631353,0.591741881,0.999089333,0.875398979,0.690658309,0.737510806
PFS,PRAME,0.878060354,0.6467207,0.545432242,1.192152942,0.156023691,-0.833462833,0.404583751,0.999089333,0.901265438,0.578811321,0.585767354
PFS,PRC1,0.857211208,0.628816479,0.539745541,1.16856202,0.158087033,-0.974595689,0.329760853,0.999089333,0.423903301,2.797550534,0.117279547
PFS,PRDM1,0.954309604,0.692507313,0.622578899,1.315086212,0.163609819,-0.285845486,0.774996468,0.999089333,0.798874249,1.009826507,0.381182645
PFS,PRDX5,0.91801176,0.684076865,0.547868894,1.231945758,0.150074143,-0.570018766,0.56866497,0.999089333,0.804117487,0.988157394,0.562836598
PFS,PRF1,0.874455814,0.623501803,0.602914811,1.226416614,0.172579757,-0.777342114,0.436956955,0.999089333,0.944663005,0.378422134,0.655320279
PFS,PRG2,0.900870624,0.618555742,0.693481034,1.312036775,0.19182717,-0.544206661,0.586299268,0.999089333,0.960874498,0.29548972,0.74862374
PFS,PRKAA2,0.794759383,0.575049959,0.523363262,1.098413221,0.165096138,-1.391406699,0.164102134,0.999089333,0.9320195,0.4392532,0.709240585
PFS,PRKACA,0.922970423,0.697606883,0.5235313,1.221138183,0.142829895,-0.561213668,0.574651886,0.999089333,0.883631355,0.655440206,0.605412043
PFS,PRKACB,0.812680799,0.591175127,0.526006653,1.11718178,0.162363246,-1.277486581,0.201430515,0.999089333,0.980317894,0.182794313,0.984248176
PFS,PRKACG,0.902650322,0.638631693,0.637185985,1.275817678,0.176537596,-0.58015994,0.561806766,0.999089333,0.901417364,0.578142676,0.703098963
PFS,PRKAR1B,0.923805593,0.63706473,0.702542901,1.339607631,0.189610823,-0.417980497,0.675961376,0.999089333,0.928408818,0.45617357,0.725225773
PFS,PRKAR2A,0.777503511,0.531292712,0.606520204,1.137812916,0.194276551,-1.29540656,0.195180016,0.999089333,0.885277898,0.648358597,0.959897665
PFS,PRKAR2B,0.86237615,0.657997397,0.472239025,1.130236422,0.138007928,-1.07286398,0.28333215,0.999089333,0.915997901,0.513128108,0.611735133
PFS,PRKCA,0.784324718,0.589293274,0.454610143,1.043903417,0.145869587,-1.66540654,0.095831676,0.999089333,0.79701639,1.017504901,0.352214038
PFS,PRKCB,0.934186174,0.688445321,0.579199009,1.26764433,0.155737479,-0.437142883,0.662007729,0.999089333,0.910422396,0.538199864,0.632467809
PFS,PRKCD,0.916315547,0.688331136,0.531480285,1.219811421,0.145967358,-0.598726262,0.549355442,0.999089333,0.914921548,0.517990592,0.697337181
PFS,PRKCE,0.940959142,0.658517386,0.686024344,1.344541731,0.18209967,-0.334188197,0.73823755,0.999089333,0.950431949,0.349667677,0.685944472
PFS,PRKCG,0.989360612,0.699273822,0.700513201,1.399787023,0.177052483,-0.060413672,0.95182617,0.999089333,0.636491364,1.701990448,0.220692345
PFS,PRKDC,1.085746298,0.786464234,0.712453291,1.498917525,0.164531398,0.500011449,0.617067016,0.999089333,0.627915011,1.740738432,0.225010969
PFS,PRKX,0.983285618,0.696548086,0.691512016,1.388060101,0.175902623,-0.09582372,0.923660578,0.999089333,0.676564941,1.524771735,0.280497584
PFS,PRL,1.05641726,0.753713827,0.726977367,1.480691194,0.172261207,0.318604755,0.750026248,0.999089333,0.686904107,1.479956148,0.358022463
PFS,PRLR,0.985656241,0.725262665,0.614277162,1.339539827,0.156520105,-0.092305236,0.926455528,0.999089333,0.943714987,0.383080846,0.843214002
PFS,PRM1,1.139833438,0.764099075,0.936230514,1.700329589,0.204054751,0.641406993,0.521258291,0.999089333,0.380387491,3.073790348,0.157532648
PFS,PRMT8,1.161369054,0.83640251,0.77619198,1.61259449,0.167474934,0.893265186,0.371715177,0.999089333,0.914413087,0.520283763,0.99403448
PFS,PROM1,0.908222605,0.673847298,0.550270249,1.224117547,0.152291566,-0.632114915,0.52731179,0.999089333,0.62998383,1.731362594,0.217154092
PFS,PRR5,0.877397995,0.646201554,0.54510979,1.191311344,0.156048401,-0.838166712,0.401937079,0.999089333,0.938067653,0.41048726,0.917809562
PFS,PRUNE1,1.089056289,0.770774465,0.767994208,1.538768673,0.176365997,0.483718705,0.628585517,0.999089333,0.608318771,1.830507502,0.3195864
PFS,PSAT1,0.996638146,0.745373717,0.587229744,1.332603461,0.148218048,-0.022720022,0.981873605,0.999089333,0.777939252,1.096416385,0.346119612
PFS,PSEN1,1.13888789,0.850667808,0.674093813,1.524761621,0.148873058,0.873578152,0.382348029,0.999089333,0.761089704,1.166333603,0.532711151
PFS,PSEN2,1.041196023,0.775617837,0.622092615,1.397710452,0.150240226,0.268703498,0.788157859,0.999089333,0.927627723,0.459811183,0.657768899
PFS,PSMB10,1.014335163,0.743482745,0.640376973,1.383859719,0.158494293,0.089803776,0.928443148,0.999089333,0.604408274,1.848638516,0.189456929
PFS,PSMB2,0.786877402,0.582483007,0.480511172,1.062994179,0.153458149,-1.561877443,0.118316863,0.999089333,0.904240561,0.565687239,0.500092021
PFS,PSMB5,0.840067677,0.612385746,0.540014854,1.152400601,0.161288713,-1.080502284,0.27991857,0.999089333,0.941830416,0.392290674,0.992005313
PFS,PSMB7,0.833650162,0.620308997,0.500056169,1.120365166,0.150817112,-1.206371292,0.22767436,0.999089333,0.933083328,0.434233398,0.832958394
PFS,PSMB8,0.801318466,0.583420248,0.517177967,1.100598216,0.161916592,-1.367968668,0.171321884,0.999089333,0.905464401,0.56026949,0.856710398
PFS,PSMB9,0.860583942,0.628353995,0.550288502,1.178642496,0.160465942,-0.93567592,0.349440072,0.999089333,0.90836616,0.547377166,0.827774388
PFS,PSMC4,1.00535201,0.705250412,0.727903891,1.433154303,0.180891121,0.029508019,0.976459424,0.999089333,0.57214291,2.001271171,0.298696608
PFS,PSMD7,0.948259808,0.715385908,0.541553393,1.256939301,0.143781415,-0.369496679,0.711757548,0.999089333,0.778447812,1.094310144,0.375470333
PFS,PSPH,1.077925823,0.79662454,0.661934695,1.458559235,0.154293888,0.486335922,0.626729014,0.999089333,0.707153274,1.393098509,0.293595935
PFS,PTCD2,0.809921248,0.580401305,0.549803645,1.13020495,0.170011925,-1.240020439,0.214967835,0.999089333,0.816585064,0.936610469,0.35123357
PFS,PTCH1,1.004061207,0.743097032,0.613574928,1.356671961,0.153564878,0.026392642,0.978944163,0.999089333,0.900084624,0.5840027,0.729305908
PFS,PTCRA,1.164996506,0.819350951,0.837102683,1.656453633,0.179575169,0.85044101,0.395079944,0.999089333,0.897989019,0.593192469,0.849124606
PFS,PTEN,0.940204312,0.713229993,0.526179675,1.239409668,0.140968542,-0.437388886,0.661829343,0.999089333,0.633844187,1.713916939,0.25201344
PFS,PTGDR2,0.902245556,0.656098018,0.584641964,1.240739982,0.162542029,-0.632873611,0.526816182,0.999089333,0.94984493,0.352627382,0.909297854
PFS,PTGER4,1.069094098,0.780193158,0.6847802,1.464973357,0.1607302,0.415675784,0.677647264,0.999089333,0.933143012,0.433951284,0.737326447
PFS,PTGS2,0.895625529,0.665690827,0.539290608,1.204981435,0.151378828,-0.728192253,0.466495907,0.999089333,0.93090825,0.444479655,0.752438264
PFS,PTPN11,1.057856613,0.77434558,0.670823918,1.445169498,0.159177321,0.353346805,0.72382846,0.999089333,0.916746841,0.509738114,0.773647654
PFS,PTPN5,0.855475359,0.610378315,0.588612656,1.198990972,0.17223701,-0.906297606,0.364778352,0.999089333,0.941640364,0.393215772,0.908880169
PFS,PTPRC,0.891053648,0.656883992,0.551817413,1.208701405,0.155562658,-0.741505989,0.458386702,0.999089333,0.878827472,0.676027651,0.532205213
PFS,PTPRR,0.899254127,0.633677604,0.642457107,1.276134711,0.178587648,-0.594607788,0.552105673,0.999089333,0.899506395,0.58654134,0.764616468
PFS,PTTG1,0.889494685,0.673915843,0.500119169,1.174035012,0.141608873,-0.82693792,0.408272249,0.999089333,0.849308883,0.800661173,0.56157757
PFS,PTTG2,0.760419185,0.536312603,0.541859593,1.078172196,0.178142373,-1.53745251,0.124182536,0.999089333,0.901599519,0.577340781,0.735761984
PFS,PUM1,1.150847791,0.832140657,0.75947805,1.591618707,0.165438077,0.849253584,0.395740202,0.999089333,0.959556381,0.302506537,0.763786206
PFS,PURA,0.851696717,0.634166373,0.509677463,1.143843837,0.150471723,-1.066810281,0.286057515,0.999089333,0.615451723,1.797625809,0.197398245
PFS,PVR,1.008667525,0.745020995,0.620591765,1.36561276,0.154580931,0.055829513,0.955477624,0.999089333,0.64062007,1.683447382,0.234521449
PFS,PVRIG,1.327735644,0.950433651,0.904384872,1.854818522,0.170570426,1.661923315,0.096528151,0.999089333,0.46886381,2.535756033,0.141211267
PFS,PYCARD,0.906231039,0.671223113,0.552296577,1.22351969,0.153162352,-0.642853773,0.520318988,0.999089333,0.954735326,0.327710638,0.978868554
PFS,PYCR1,0.944972273,0.708195451,0.552717191,1.260912642,0.147163658,-0.384603734,0.700531027,0.999089333,0.951463177,0.34444843,0.990194828
PFS,PYCR2,0.958358215,0.652320914,0.755652446,1.407973359,0.196271458,-0.216708288,0.828435689,0.999089333,0.952494671,0.339201772,0.765113532
PFS,PYCR3,1.159320302,0.858831303,0.706113473,1.564944776,0.153072532,0.96577671,0.334155925,0.999089333,0.601285444,1.863171855,0.190634447
PFS,RAB7A,0.826618334,0.592028689,0.562134755,1.154163444,0.170303123,-1.11807813,0.263533626,0.999089333,0.526542273,2.227550065,0.252944473
PFS,RAC1,0.983579399,0.713653786,0.64194532,1.355599106,0.163676689,-0.101156209,0.919426459,0.999089333,0.248477129,4.123076379,0.047096692
PFS,RAC2,0.868724951,0.631310937,0.564111153,1.19542209,0.162874448,-0.864031883,0.387570376,0.999089333,0.733236201,1.282737715,0.285164579
PFS,RAC3,0.890668192,0.670700429,0.512077745,1.182778173,0.144721729,-0.800041028,0.423687027,0.999089333,0.916258509,0.511949115,0.810492112
PFS,RAD21,0.946962838,0.705707366,0.564987342,1.270694708,0.150032958,-0.36322305,0.71643827,0.999089333,0.399208956,2.951210077,0.106173231
PFS,RAD50,0.797853066,0.581526594,0.513125865,1.094652459,0.161364062,-1.399511288,0.161659716,0.999089333,0.899065503,0.588475496,0.714610059
PFS,RAD51,0.9820016,0.717581067,0.626277051,1.343858117,0.160057538,-0.113473829,0.909654911,0.999089333,0.820689979,0.919622798,0.606626947
PFS,RAD51C,0.760170201,0.565022085,0.45769676,1.022718845,0.151368872,-1.811554242,0.070055101,0.999089333,0.941182078,0.395443822,0.693408247
PFS,RAD52,1.016979928,0.742925571,0.649203353,1.392128923,0.16020539,0.105098715,0.916297479,0.999089333,0.942089378,0.391029082,0.818315234
PFS,RAF1,0.906959862,0.679371623,0.531418117,1.21078974,0.147415927,-0.662459515,0.507676772,0.999089333,0.880132536,0.670445137,0.688944259
PFS,RAG1,0.945572717,0.688256243,0.610835152,1.299091395,0.162058885,-0.345334263,0.729843091,0.999089333,0.86086272,0.752199433,0.548372173
PFS,RANBP2,1.072624979,0.770405342,0.722995966,1.493401308,0.168853807,0.415204706,0.677992054,0.999089333,0.139194975,5.490715734,0.032572638
PFS,RASA4,1.472728379,1.043141898,1.036085176,2.079227074,0.175962165,2.199999762,0.027806912,0.999089333,0.956621314,0.317932553,0.847054488
PFS,RASAL1,0.832942149,0.599391127,0.558104525,1.157495653,0.167885656,-1.088783236,0.276249486,0.999089333,0.724762993,1.318423331,0.305792675
PFS,RASGRF1,0.902997782,0.659151469,0.577901063,1.237052532,0.160598227,-0.635344384,0.525203833,0.999089333,0.941794711,0.392464524,0.859745756
PFS,RASGRF2,0.994054946,0.731492369,0.619369619,1.350861988,0.156485373,-0.038104495,0.969604367,0.999089333,0.947300624,0.365364716,0.815093965
PFS,RASGRP1,1.026613596,0.74167763,0.679337963,1.421015592,0.165873562,0.158347207,0.874183212,0.999089333,0.940373118,0.399367525,0.951378829
PFS,RB1,1.139582998,0.842959855,0.697622892,1.540582747,0.153828514,0.849403014,0.395657076,0.999089333,0.94138381,0.394463534,0.870866356
PFS,RBL2,1.211884444,0.890928309,0.757536432,1.648464741,0.15697628,1.224239352,0.220861948,0.999089333,0.932816417,0.435494377,0.594732667
PFS,RBP4,0.98982143,0.706453935,0.68039723,1.386851165,0.172077935,-0.059454025,0.952590484,0.999089333,0.93021744,0.447720086,0.695457182
PFS,RBX1,0.842071371,0.610298374,0.551566419,1.161864793,0.164246283,-1.046541218,0.295311225,0.999089333,0.950683933,0.348394696,0.952193149
PFS,REL,1.028924722,0.730838037,0.717753896,1.448591933,0.174532649,0.163375151,0.870223067,0.999089333,0.942408312,0.389473616,0.983637677
PFS,RELA,1.056829394,0.776493851,0.661879894,1.438373745,0.157268116,0.351458956,0.725244059,0.999089333,0.95634239,0.319385031,0.990658679
PFS,RELB,1.062777264,0.76025906,0.725412826,1.485671887,0.170912108,0.356238904,0.72166166,0.999089333,0.873430023,0.699038745,0.494977243
PFS,RELN,1.178387194,0.891222849,0.66685702,1.558079869,0.14250644,1.151854741,0.249380769,0.999089333,0.943753226,0.382893276,0.762902277
PFS,REN,1.160844159,0.837803748,0.770638762,1.60844251,0.166390232,0.896371516,0.370054375,0.999089333,0.926604174,0.464566209,0.925499231
PFS,REPS1,1.025175474,0.748485298,0.655663529,1.404148826,0.160496577,0.154917895,0.876886046,0.999089333,0.917820809,0.504867229,0.756686898
PFS,RET,1.283373679,0.887352889,0.968783514,1.856136403,0.188271229,1.325174848,0.185113165,0.999089333,0.858647912,0.761516299,0.61694419
PFS,RFC3,0.903096677,0.665182512,0.560922495,1.226105007,0.156007026,-0.653340245,0.513536953,0.999089333,0.485986175,2.441336818,0.138407415
PFS,RFC4,0.885720998,0.669421622,0.502488068,1.171909691,0.1428536,-0.849494017,0.395606458,0.999089333,0.799272449,1.008180819,0.48596688
PFS,RGMB,0.950128527,0.717085001,0.54182324,1.258908241,0.143575537,-0.356314267,0.721605226,0.999089333,0.948324633,0.360255684,0.97870606
PFS,RHOA,0.847685259,0.642478602,0.475956,1.118434601,0.141418874,-1.168485255,0.242611084,0.999089333,0.896618502,0.599186842,0.695410329
PFS,RHOB,1.042130168,0.734059952,0.745431313,1.479491265,0.178794832,0.230805647,0.817465794,0.999089333,0.158076413,5.194796524,0.032317804
PFS,RICTOR,1.170737259,0.838098897,0.797299661,1.635398559,0.170540305,0.924319245,0.355320126,0.999089333,0.802688283,0.994064031,0.583112107
PFS,RIMKLA,1.022945966,0.759799918,0.617429038,1.377228957,0.151730753,0.149519235,0.881143932,0.999089333,0.941029604,0.396184264,0.986022587
PFS,RIMKLB,0.903564498,0.672962294,0.540224253,1.213186547,0.150338575,-0.674529371,0.499974819,0.999089333,0.951329861,0.345124619,0.906305005
PFS,RIN1,1.10717312,0.797318757,0.740124463,1.53744322,0.167508569,0.607789968,0.543326784,0.999089333,0.865838094,0.731216509,0.55667393
PFS,RIPK1,0.963892579,0.691481767,0.652138481,1.343620249,0.169463865,-0.217010412,0.82820023,0.999089333,0.708183153,1.388710588,0.310940029
PFS,RIPK2,0.966382895,0.703678246,0.623484992,1.327163238,0.161859562,-0.21126433,0.832681015,0.999089333,0.956062461,0.320840483,0.953042828
PFS,RIPK3,0.831006939,0.620030304,0.493741922,1.113772226,0.149426108,-1.238854018,0.215399565,0.999089333,0.849414096,0.80022132,0.385631594
PFS,RNF43,1.053512762,0.75522703,0.714382894,1.469609924,0.169833192,0.306948642,0.758882464,0.999089333,0.883218202,0.657215049,0.617079065
PFS,RNLS,0.931777992,0.66729901,0.633782235,1.301081245,0.170337999,-0.414826398,0.678268994,0.999089333,0.95801246,0.310653971,0.979297187
PFS,ROBO4,0.936212579,0.669464151,0.639782942,1.309247093,0.171107709,-0.385211828,0.70008048,0.999089333,0.958159788,0.309879722,0.918952613
PFS,ROCK1,1.221560383,0.867798536,0.851736247,1.719534784,0.174454602,1.147169763,0.251311466,0.999089333,0.859740502,0.756921926,0.432841599
PFS,ROPN1,1.004658203,0.747844223,0.601819349,1.349663572,0.150619078,0.030855235,0.97538499,0.999089333,0.886798834,0.641805119,0.698430543
PFS,ROR2,0.863338645,0.641906154,0.519250523,1.161156677,0.151209362,-0.971819855,0.331140177,0.999089333,0.952261936,0.340387896,0.923594755
PFS,RORA,1.033233875,0.741367028,0.698637989,1.440005018,0.169366903,0.193033985,0.846932353,0.999089333,0.341326483,3.345744189,0.068540043
PFS,RORC,1.259595608,0.892140271,0.886258427,1.778398698,0.175984166,1.31142891,0.189712897,0.999089333,0.907913118,0.549394444,0.892859492
PFS,RPA3,0.977322888,0.712561325,0.627898779,1.340460104,0.161202507,-0.142294264,0.886847577,0.999089333,0.732704901,1.284971068,0.30630219
PFS,RPL23,0.944941203,0.685563508,0.616888949,1.302452458,0.163718093,-0.345915174,0.729406464,0.999089333,0.766101382,1.145507069,0.431262889
PFS,RPL7A,0.954596721,0.703867344,0.590772772,1.294640116,0.155461562,-0.29889259,0.765022002,0.999089333,0.926857671,0.463389779,0.812635196
PFS,RPLP0,0.949342261,0.688747932,0.619787,1.308534933,0.163724452,-0.317520626,0.750848591,0.999089333,0.948517797,0.359289352,0.828028942
PFS,RPS27A,0.930520541,0.682100957,0.587313005,1.269413961,0.158455194,-0.45445735,0.649499683,0.999089333,0.86961124,0.715250117,0.551931558
PFS,RPS6,0.980472582,0.738144723,0.564210296,1.302355019,0.144846935,-0.136147839,0.89170441,0.999089333,0.824130182,0.90537635,0.474905316
PFS,RPS6KA5,1.198053763,0.900249267,0.694123394,1.594372661,0.145809805,1.239274521,0.215243851,0.999089333,0.643093901,1.672370199,0.574359938
PFS,RPS6KA6,0.823637216,0.560886343,0.648589107,1.209475451,0.196030067,-0.989772236,0.322285458,0.999089333,0.893417008,0.613143413,0.526282503
PFS,RPS6KB1,1.034215601,0.760982168,0.644572332,1.4055545,0.156527683,0.214934928,0.829818052,0.999089333,0.640974899,1.681857023,0.325663779
PFS,RPTOR,0.939632602,0.682061787,0.61240954,1.294471326,0.163456421,-0.380935352,0.70325122,0.999089333,0.696380552,1.4391646,0.254332872
PFS,RRAD,1.070835723,0.793837141,0.650652019,1.44448916,0.152715226,0.448150419,0.654044643,0.999089333,0.879260413,0.67417655,0.684288943
PFS,RRAS2,0.952222077,0.6844763,0.640225349,1.324701649,0.168444045,-0.290642494,0.771324757,0.999089333,0.953565719,0.333725388,0.77944972
PFS,RRM2,0.962140993,0.7242762,0.553848486,1.278124685,0.144894597,-0.266361051,0.789961159,0.999089333,0.820242409,0.921475572,0.390951007
PFS,RSAD2,0.943501855,0.685746686,0.612394113,1.298140798,0.162804029,-0.357220571,0.720926687,0.999089333,0.914293288,0.520823704,0.781831313
PFS,RUNX1,1.091881969,0.7722255,0.771632133,1.543857633,0.17672848,0.497388898,0.618914833,0.999089333,0.915366996,0.515979606,0.895202353
PFS,RUNX1T1,1.204946603,0.882388609,0.76302737,1.645415979,0.158961071,1.172835918,0.240861612,0.999089333,0.294813946,3.707636025,0.069447999
PFS,RUNX3,0.78333893,0.583139331,0.469130421,1.052269752,0.15058405,-1.621618059,0.104885153,0.999089333,0.821957974,0.914372944,0.382903479
PFS,RXRG,0.950264481,0.705973955,0.57311372,1.279087675,0.151616052,-0.336474475,0.736513096,0.999089333,0.503857449,2.345515586,0.187753902
PFS,RYBP,0.847270391,0.607304302,0.574750745,1.182055047,0.169895923,-0.975511354,0.329306673,0.999089333,0.899140152,0.588148107,0.683573328
PFS,S100A12,0.958483783,0.695884549,0.624293006,1.320177555,0.163354468,-0.259574384,0.795192098,0.999089333,0.878250674,0.678492561,0.607804778
PFS,S100A7,0.993880873,0.719283922,0.654025225,1.373309147,0.16498323,-0.03720333,0.970322883,0.999089333,0.891761359,0.620336768,0.574954628
PFS,S100A8,0.814760368,0.610356593,0.477260817,1.08761741,0.147375503,-1.390063018,0.164509742,0.999089333,0.856611696,0.770069898,0.49043026
PFS,S100A9,0.848404368,0.644110613,0.473383739,1.117494351,0.140557124,-1.169616334,0.242155401,0.999089333,0.893279465,0.613741616,0.600692416
PFS,S100B,0.866016199,0.62710461,0.568842677,1.195947287,0.164691927,-0.873459114,0.382412882,0.999089333,0.759055194,1.174796855,0.450287005
PFS,SAA1,1.01758493,0.741165637,0.655929746,1.397095384,0.161718916,0.107792613,0.914160203,0.999089333,0.377169673,3.095261385,0.136546431
PFS,SAMD9,0.932873617,0.65088481,0.686146217,1.337031027,0.183644727,-0.378369404,0.705156193,0.999089333,0.940472928,0.398884046,0.940968695
PFS,SAMSN1,0.891383031,0.656514744,0.553760753,1.210275497,0.156038108,-0.73687804,0.46119652,0.999089333,0.954528088,0.328779046,0.995568127
PFS,SBNO2,1.149390059,0.854944144,0.69030009,1.545244234,0.150997958,0.922074842,0.356489538,0.999089333,0.91089156,0.536100891,0.609333663
PFS,SDHA,0.996948008,0.761731118,0.543067001,1.304798119,0.137300987,-0.022262468,0.982238588,0.999089333,0.917615997,0.505797028,0.718060064
PFS,SELE,0.911775103,0.666424991,0.581027985,1.247452975,0.159934454,-0.577498562,0.56360271,0.999089333,0.66425742,1.578575317,0.301017912
PFS,SELENOK,0.873975184,0.635157196,0.567431118,1.202588315,0.162849656,-0.827163536,0.408144376,0.999089333,0.974879549,0.216518807,0.879819853
PFS,SELL,0.852151815,0.563202371,0.726143614,1.289345985,0.211292496,-0.757199542,0.448930324,0.999089333,0.823394723,0.908422838,0.721087178
PFS,SELP,1.082827628,0.776751145,0.732761496,1.509512641,0.169498548,0.469477733,0.638728198,0.999089333,0.672602381,1.542038584,0.329277048
PFS,SELPLG,0.89464677,0.646575634,0.591319519,1.237895153,0.1656861,-0.671910974,0.501640374,0.999089333,0.962486275,0.286828882,0.916518199
PFS,SEMG1,0.956354929,0.686811615,0.644870509,1.331682124,0.168915894,-0.264191657,0.79163224,0.999089333,0.829410603,0.883487968,0.542386152
PFS,SERINC1,0.945417626,0.699313437,0.578818001,1.278131438,0.153843497,-0.364841657,0.715229607,0.999089333,0.911221128,0.53462531,0.629671478
PFS,SERINC2,1.044315138,0.742836199,0.725312646,1.468148845,0.173799631,0.249490174,0.802981641,0.999089333,0.357086885,3.232931904,0.130374949
PFS,SERINC3,1.129441366,0.844335408,0.666483384,1.510818791,0.148435689,0.820039607,0.412193529,0.999089333,0.954101457,0.330974875,0.982198738
PFS,SERINC5,0.913860767,0.662655503,0.597639625,1.260295128,0.163994327,-0.549269323,0.582820637,0.999089333,0.925864445,0.467994604,0.628799366
PFS,SERPINA1,1.050812739,0.757677562,0.699680378,1.45735794,0.166871059,0.297019159,0.766451882,0.999089333,0.756866494,1.18390748,0.427205018
PFS,SERPINB2,1.066615807,0.777144343,0.686765537,1.463909879,0.161543793,0.39921583,0.68973418,0.999089333,0.884012946,0.65380021,0.68651571
PFS,SERPINB5,1.097671876,0.783460892,0.754437885,1.537898777,0.172057036,0.54163121,0.588072587,0.999089333,0.908099492,0.548564771,0.903936826
PFS,SERPING1,0.904505389,0.672616252,0.543723668,1.21633992,0.151132012,-0.664101636,0.506625263,0.999089333,0.771641007,1.122518458,0.376495957
PFS,SERPINH1,0.799134506,0.574322783,0.537623283,1.111946066,0.168542738,-1.330380688,0.183392874,0.999089333,0.371580408,3.132931276,0.129696255
PFS,SETBP1,1.186843496,0.856551897,0.787945639,1.644497536,0.166399808,1.029431829,0.303276799,0.999089333,0.914524415,0.519781881,0.88243341
PFS,SETD2,1.01367717,0.778677715,0.540920092,1.319597807,0.134564981,0.100951092,0.919589284,0.999089333,0.542640806,2.146110293,0.29632117
PFS,SF3A1,1.033580028,0.718354744,0.768776346,1.487131091,0.185626008,0.177930515,0.858777546,0.999089333,0.816936552,0.935156303,0.441874552
PFS,SF3B1,1.08497797,0.796382651,0.681772599,1.47815525,0.157775947,0.516933565,0.605202536,0.999089333,0.377771591,3.091233195,0.151172958
PFS,SFN,1.024699245,0.777427869,0.573190736,1.350618604,0.140902366,0.173163524,0.862522894,0.999089333,0.949199001,0.355874847,0.993898892
PFS,SFRP1,0.909830009,0.672327687,0.558903248,1.231230934,0.154345657,-0.612245928,0.540375059,0.999089333,0.94455895,0.378934345,0.861690452
PFS,SFRP2,1.122588973,0.805811651,0.758084826,1.563896477,0.169157623,0.683608571,0.494222371,0.999089333,0.641078533,1.68139263,0.2215234
PFS,SFRP4,0.919828264,0.688674822,0.539893451,1.228568272,0.147664846,-0.565932228,0.571439852,0.999089333,0.945558742,0.374003908,0.93018521
PFS,SFXN1,0.926112164,0.692948974,0.544781035,1.237730009,0.147981795,-0.518711941,0.603961633,0.999089333,0.924299936,0.475223756,0.678693737
PFS,SGK1,0.845156109,0.611332384,0.557080852,1.168413236,0.165248212,-1.018068046,0.308645619,0.999089333,0.876929024,0.684135158,0.893058282
PFS,SGK2,1.081019719,0.771826975,0.742247646,1.514074621,0.17189074,0.45322267,0.65038841,0.999089333,0.781707985,1.08081225,0.519440175
PFS,SH2B2,1.049049212,0.739058733,0.75000323,1.489061964,0.17870845,0.267946151,0.788740769,0.999089333,0.486913111,2.436300273,0.334179246
PFS,SH2D1A,0.88880751,0.655351987,0.550074723,1.205426711,0.15546623,-0.758200611,0.448330896,0.999089333,0.952570482,0.33881511,0.798098559
PFS,SH2D1B,1.027579554,0.724009997,0.734422542,1.458432539,0.178654389,0.15228335,0.878963457,0.999089333,0.940326719,0.399592224,0.998516305
PFS,SHC1,0.966976735,0.732076051,0.545173771,1.277249823,0.14198732,-0.236505925,0.81304011,0.999089333,0.947257048,0.365581624,0.768412927
PFS,SHC2,1.089815245,0.799397776,0.686342247,1.485740022,0.158117598,0.543950726,0.586475381,0.999089333,0.656307338,1.613612023,0.258578052
PFS,SHC3,0.887051285,0.631714798,0.613878918,1.245593716,0.173199497,-0.691990924,0.488943029,0.999089333,0.82993461,0.881314243,0.586208977
PFS,SHC4,0.917664331,0.662202365,0.609475099,1.271677464,0.166462485,-0.516174006,0.605732883,0.999089333,0.945289913,0.375331611,0.917838704
PFS,SIGIRR,1.086123099,0.808780564,0.649789828,1.458570393,0.150432462,0.54918044,0.582881626,0.999089333,0.604949939,1.846122603,0.211370045
PFS,SIGLEC1,1.019706052,0.746613922,0.646074324,1.392688246,0.159044487,0.122697755,0.902346441,0.999089333,0.938465973,0.40857253,0.695369253
PFS,SIGLEC5,0.93989947,0.681834212,0.613804815,1.295639026,0.163771574,-0.378468343,0.705082707,0.999089333,0.948366497,0.360046323,0.739789154
PFS,SIGLEC8,0.889483858,0.657939554,0.544574459,1.202514014,0.153843794,-0.761252149,0.446506475,0.999089333,0.947618952,0.363778949,0.697763227
PFS,SIN3A,0.975756891,0.705327831,0.644543064,1.349870895,0.165590168,-0.14820814,0.882178508,0.999089333,0.802764079,0.993750786,0.477230762
PFS,SIRPA,0.958154954,0.707595656,0.589841529,1.297437185,0.154664418,-0.276377509,0.78225813,0.999089333,0.827205255,0.892633031,0.398528977
PFS,SIRPB2,1.01824257,0.719030826,0.722935072,1.441965898,0.17751817,0.101838422,0.918884928,0.999089333,0.871775959,0.706067217,0.711037872
PFS,SIRT4,0.97698002,0.704331696,0.650839405,1.355171101,0.166950413,-0.139496973,0.889057448,0.999089333,0.924550319,0.47406877,0.810105164
PFS,SIX1,0.915082664,0.712169418,0.463641086,1.175810503,0.127909786,-0.693777053,0.487822035,0.999089333,0.942045132,0.391244727,0.850987088
PFS,SKP1,0.940327116,0.673505965,0.639348161,1.312854126,0.170274026,-0.361343829,0.717842433,0.999089333,0.951092311,0.346328413,0.931837808
PFS,SKP2,1.078086485,0.795876717,0.664488241,1.460364958,0.15484911,0.485554592,0.627282998,0.999089333,0.877707249,0.680813538,0.460053823
PFS,SLAMF1,1.008443341,0.695883015,0.765509132,1.461392147,0.18927981,0.044420457,0.964569256,0.999089333,0.883851296,0.654495036,0.780205078
PFS,SLAMF6,0.988619453,0.694776425,0.71196161,1.406738035,0.179962172,-0.063601149,0.949287817,0.999089333,0.946349907,0.370087856,0.995873258
PFS,SLAMF7,1.001584453,0.751241795,0.584109117,1.335350912,0.146742959,0.010788924,0.991391851,0.999089333,0.822558808,0.911884881,0.421286078
PFS,SLC11A1,0.969991453,0.682769569,0.695269907,1.378039475,0.179151169,-0.170068772,0.864956052,0.999089333,0.895964454,0.602043274,0.840914028
PFS,SLC16A1,0.907212434,0.648912433,0.61941648,1.268328913,0.170961742,-0.569593164,0.568953666,0.999089333,0.907136929,0.552846745,0.654602126
PFS,SLC16A2,0.987008944,0.689082692,0.724661502,1.413744195,0.183328787,-0.071326374,0.943138005,0.999089333,0.949255412,0.355591617,0.746511281
PFS,SLC1A5,1.18660578,0.880995954,0.71723304,1.598228994,0.151941155,1.126073747,0.260134305,0.999089333,0.706462926,1.396041335,0.272510723
PFS,SLC25A1,1.308698176,0.926672576,0.921543244,1.84821582,0.176119496,1.527558793,0.126622119,0.999089333,0.851719464,0.790577309,0.572298734
PFS,SLC2A1,1.104533747,0.839316219,0.614241774,1.453557993,0.140100045,0.709659288,0.477915444,0.999089333,0.951535593,0.344080951,0.718264545
PFS,SLC39A6,1.214632718,0.884450535,0.783627645,1.66807818,0.161855235,1.201331183,0.229622759,0.999089333,0.517883259,2.272118686,0.179345204
PFS,SLC7A5,0.960287456,0.713495288,0.578947721,1.292443009,0.151562397,-0.267365833,0.789187504,0.999089333,0.895031113,0.606114802,0.580237652
PFS,SMAD2,1.34320749,0.974594424,0.876643708,1.851238132,0.163673555,1.802737182,0.0714295,0.999089333,0.926475969,0.465160878,0.552166874
PFS,SMAD3,0.94972513,0.689760973,0.617906257,1.307667231,0.163180286,-0.316108488,0.751920164,0.999089333,0.63241923,1.720349153,0.321234373
PFS,SMAD4,1.340646245,0.990867521,0.823030218,1.813897738,0.154250899,1.900486626,0.057369288,0.999089333,0.979813938,0.186020122,0.938179816
PFS,SMAD5,1.064031947,0.796608261,0.624622273,1.421230534,0.14768519,0.420254841,0.674299296,0.999089333,0.928855854,0.454088144,0.596434854
PFS,SMAD9,1.255470949,0.908992827,0.82502229,1.734015117,0.164762638,1.380839511,0.167328312,0.999089333,0.683286604,1.495598334,0.283158184
PFS,SMAP1,0.758784532,0.565164781,0.453571674,1.018736455,0.150309148,-1.836464583,0.066288976,0.999089333,0.923447125,0.479152181,0.85518013
PFS,SMARCA4,0.99927312,0.744176471,0.597638016,1.341814486,0.150385384,-0.004835203,0.996142081,0.999089333,0.593663892,1.898849486,0.19871048
PFS,SMARCB1,1.241331577,0.857582802,0.939216386,1.796799189,0.188688262,1.145723924,0.251909402,0.999089333,0.651364745,1.635512176,0.215350922
PFS,SMC1A,0.881641256,0.643289549,0.565017512,1.208307061,0.160814333,-0.783325978,0.433435712,0.999089333,0.93486533,0.425787666,0.972632317
PFS,SMC1B,0.878846894,0.634805127,0.581901908,1.216707034,0.16596868,-0.778126201,0.436494618,0.999089333,0.889456392,0.630325051,0.783719487
PFS,SMC3,0.765484005,0.563916948,0.475182453,1.039099401,0.155921914,-1.713979465,0.086532497,0.999089333,0.683807724,1.49334252,0.286775158
PFS,SMO,0.966773637,0.708413473,0.610944927,1.3193584,0.158643964,-0.212998324,0.83132827,0.999089333,0.951850898,0.342479404,0.845900513
PFS,SMPD3,1.274203359,0.925231405,0.829566575,1.75479798,0.163284925,1.484038818,0.137798623,0.999089333,0.799053239,1.009086774,0.346528877
PFS,SNAI1,1.190740192,0.84901532,0.820992479,1.670007799,0.17258132,1.011552835,0.311751907,0.999089333,0.603305091,1.853767061,0.31174829
PFS,SNAI2,0.915986542,0.691848628,0.520889696,1.212738324,0.143183492,-0.612875165,0.539958886,0.999089333,0.907000916,0.5534512,0.56851266
PFS,SOCS1,1.372717485,0.937741675,1.071717161,2.009458836,0.194428628,1.629350285,0.103238887,0.999089333,0.637689657,1.696601352,0.307652024
PFS,SOCS2,0.979386116,0.711212335,0.637466698,1.348679033,0.163245313,-0.127595183,0.898469343,0.999089333,0.853609173,0.782662954,0.631774204
PFS,SOCS3,0.828412945,0.611040911,0.512072115,1.123113026,0.155282364,-1.212265955,0.225410592,0.999089333,0.942204361,0.390468519,0.741597287
PFS,SOD1,0.836522021,0.588885479,0.599408536,1.188294015,0.179095695,-0.996687464,0.318916236,0.999089333,0.931906584,0.439785061,0.92432595
PFS,SOD2,0.87558272,0.647609579,0.536197956,1.183807535,0.153881204,-0.863430008,0.387901087,0.999089333,0.887935313,0.636900385,0.745124168
PFS,SOS1,0.926047796,0.633014008,0.721718288,1.354732296,0.194102188,-0.395819497,0.692238193,0.999089333,0.760665001,1.168099873,0.481848336
PFS,SOS2,1.180113172,0.864167754,0.747402558,1.611570312,0.158981855,1.041693353,0.297553872,0.999089333,0.93426958,0.428616472,0.809565758
PFS,SOST,1.006895014,0.679539377,0.812408849,1.491948226,0.200621772,0.034250279,0.972677573,0.999089333,0.940455805,0.398967005,0.663866581
PFS,SOX10,0.944962518,0.683928246,0.621697258,1.305625503,0.164948059,-0.343199043,0.731448725,0.999089333,0.846953996,0.810499842,0.636015846
PFS,SOX11,0.770513554,0.580334298,0.44268147,1.023015768,0.144621501,-1.802622925,0.071447454,0.999089333,0.952909759,0.33708289,0.847378093
PFS,SOX17,0.945998905,0.675221909,0.650140784,1.325362694,0.172043988,-0.322672521,0.746943265,0.999089333,0.765404147,1.148402775,0.544896351
PFS,SOX2,1.023029344,0.75626668,0.627622186,1.383888867,0.154150478,0.147700944,0.882578786,0.999089333,0.912360811,0.529515227,0.632822011
PFS,SOX9,1.182797027,0.833325141,0.845501931,1.678827072,0.178683581,0.939549088,0.347448902,0.999089333,0.597386413,1.881386559,0.225501024
PFS,SP1,0.905529003,0.670862502,0.551418925,1.222281427,0.153041132,-0.648426804,0.516708939,0.999089333,0.872938994,0.701126324,0.474679334
PFS,SPA17,0.871954099,0.626044067,0.588413493,1.21445756,0.169041892,-0.810559408,0.417618736,0.999089333,0.368860746,3.151436967,0.181456106
PFS,SPACA3,0.915953358,0.65878854,0.614716542,1.273505082,0.168147397,-0.522100471,0.601600379,0.999089333,0.96204098,0.289230835,0.91559107
PFS,SPANXB1,0.90034877,0.638787313,0.630223343,1.269010656,0.175110695,-0.599466919,0.548861564,0.999089333,0.950944947,0.347074499,0.937420405
PFS,SPIB,1.005101353,0.684675326,0.790810489,1.475485815,0.195870393,0.025978329,0.979274623,0.999089333,0.907563014,0.550952224,0.946088875
PFS,SPINK5,0.846797014,0.624084559,0.524902662,1.148987221,0.155704464,-1.068012186,0.285515015,0.999089333,0.937925267,0.411171072,0.75800928
PFS,SPN,0.994694159,0.713993471,0.671756556,1.385750026,0.169167137,-0.031447991,0.974912269,0.999089333,0.941336278,0.394694573,0.998599156
PFS,SPOP,0.98093602,0.71888703,0.619620186,1.338507215,0.158575881,-0.12138063,0.903389558,0.999089333,0.928630503,0.455139732,0.739059125
PFS,SPP1,0.955850994,0.712891893,0.568720554,1.281612446,0.149631449,-0.301763048,0.762832701,0.999089333,0.889266304,0.63114745,0.486973323
PFS,SPRED1,0.868358939,0.670465631,0.454196415,1.124662046,0.13195789,-1.069660368,0.284772212,0.999089333,0.820280158,0.921319312,0.429857746
PFS,SPRY1,1.075511599,0.775137707,0.717145778,1.492283485,0.167100536,0.435644647,0.663094572,0.999089333,0.870943498,0.709600616,0.499156746
PFS,SPRY2,0.91124484,0.658041513,0.603835043,1.261876556,0.166096726,-0.559575497,0.575769022,0.999089333,0.446906695,2.660935924,0.228716569
PFS,SPRY4,1.005705069,0.738607067,0.630785037,1.369392103,0.157491703,0.036121625,0.971185379,0.999089333,0.896140638,0.601274089,0.548950471
PFS,SRD5A2,0.913887626,0.655549328,0.618482323,1.274031651,0.16951029,-0.531222398,0.595264673,0.999089333,0.914430811,0.520203869,0.803362798
PFS,SREBF1,0.791244382,0.568752813,0.532020069,1.100772882,0.168452564,-1.389996092,0.164530064,0.999089333,0.652994204,1.628281996,0.22016171
PFS,SRP54,1.098757449,0.821560349,0.647921392,1.469481741,0.148334273,0.63491699,0.525482556,0.999089333,0.857375266,0.766863653,0.547911277
PFS,SRR,0.836284001,0.60067115,0.563644682,1.164315832,0.168840172,-1.058912748,0.289639518,0.999089333,0.925383165,0.470221587,0.781989661
PFS,SRSF2,0.862894281,0.618449983,0.585505971,1.203955954,0.169939786,-0.867737336,0.385538142,0.999089333,0.904948645,0.562554051,0.570949774
PFS,SSX1,1.149167632,0.812341681,0.813312002,1.625653683,0.176978823,0.785618749,0.432090877,0.999089333,0.919034183,0.499350037,0.694183289
PFS,SSX4,0.913109294,0.646090579,0.644391919,1.290482497,0.176490934,-0.5150389,0.606525838,0.999089333,0.959522596,0.302685633,0.867257527
PFS,ST6GAL1,0.977688749,0.728673603,0.583128122,1.311801725,0.149985137,-0.15044099,0.880416704,0.999089333,0.95156746,0.343919198,0.965356275
PFS,STAG2,0.982729406,0.70431847,0.666875282,1.371193752,0.169953726,-0.102507138,0.918354147,0.999089333,0.1370673,5.526413586,0.030374595
PFS,STAT1,0.849615005,0.622920834,0.535887183,1.158808017,0.158351824,-1.029176442,0.30339677,0.999089333,0.911241052,0.534536072,0.988531661
PFS,STAT2,0.911290993,0.682741812,0.533605657,1.216347469,0.14732184,-0.630544736,0.528338243,0.999089333,0.885698209,0.64654872,0.603649837
PFS,STAT3,1.043966734,0.769573706,0.646621432,1.416195138,0.15558764,0.276549119,0.782126338,0.999089333,0.652036866,1.632528639,0.228333399
PFS,STAT4,0.933153015,0.674683612,0.615957711,1.290641323,0.165475149,-0.418105609,0.675869905,0.999089333,0.892642618,0.616509933,0.73550184
PFS,STAT5B,0.918743364,0.643089041,0.669465388,1.31255443,0.182005199,-0.465637527,0.641474977,0.999089333,0.909364963,0.542923782,0.632622801
PFS,STAT6,0.952357169,0.673827972,0.672189433,1.346017405,0.176516151,-0.276547708,0.782127422,0.999089333,0.924683139,0.473455784,0.617654095
PFS,STC1,0.959492335,0.681792364,0.668509559,1.350301924,0.174329309,-0.237200229,0.812501459,0.999089333,0.90022329,0.583393563,0.747627669
PFS,STING1,1.008665875,0.73801051,0.640569922,1.378580432,0.159403825,0.054130082,0.956831525,0.999089333,0.708482057,1.387437578,0.258535322
PFS,STK11,1.193889004,0.883525803,0.729750174,1.613275977,0.153600185,1.153748929,0.248603118,0.999089333,0.668016183,1.562088639,0.257666002
PFS,STK11IP,1.261572302,0.90107706,0.86521435,1.766291411,0.171698716,1.353293766,0.1759618,0.999089333,0.73533758,1.273909789,0.384828576
PFS,STMN1,1.019860676,0.762832159,0.600660172,1.363492331,0.148157454,0.132737336,0.894401114,0.999089333,0.890412516,0.626185432,0.556505597
PFS,SUV39H2,1.074549129,0.802502547,0.636316351,1.438818898,0.148942231,0.48274528,0.629276608,0.999089333,0.938595806,0.407947845,0.874037718
PFS,SYCP1,0.908565096,0.651839656,0.61456156,1.266401216,0.169425527,-0.565963958,0.571418282,0.999089333,0.848575619,0.803725995,0.614975306
PFS,SYK,0.842377818,0.627330961,0.503811025,1.131141985,0.150387651,-1.140563401,0.254051655,0.999089333,0.160750833,5.155610331,0.02988452
PFS,SYT17,0.890070971,0.652029858,0.562985566,1.215015424,0.158783962,-0.733412083,0.463307132,0.999089333,0.532039091,2.199539447,0.228611068
PFS,TAB1,0.866731677,0.631515466,0.558041783,1.189557249,0.161537158,-0.885405167,0.375938147,0.999089333,0.927217298,0.461719445,0.637899056
PFS,TACSTD2,1.099264959,0.781434029,0.76493253,1.546366559,0.174118652,0.543547385,0.586752975,0.999089333,0.461238519,2.578685467,0.243519605
PFS,TAF3,0.914929914,0.626655608,0.709160648,1.335816256,0.193090459,-0.460446433,0.645195812,0.999089333,0.961446988,0.292423888,0.895179369
PFS,TAL1,0.926381085,0.672841692,0.602617191,1.275458884,0.163153821,-0.468696289,0.63928674,0.999089333,0.942297473,0.390014403,0.862120742
PFS,TANK,1.103129031,0.779012085,0.783086478,1.562098563,0.177492769,0.552984304,0.580274158,0.999089333,0.591990548,1.906722936,0.40924575
PFS,TAP1,0.864600351,0.628341642,0.56135154,1.189693182,0.162851637,-0.893376957,0.371655338,0.999089333,0.925713026,0.468695554,0.953040385
PFS,TAP2,0.800294149,0.569228935,0.555925962,1.125154897,0.173828013,-1.281588213,0.199987137,0.999089333,0.906157204,0.557197466,0.974432649
PFS,TAPBP,1.161216158,0.863954582,0.696802191,1.560756774,0.150871623,0.990695705,0.321834189,0.999089333,0.688782863,1.471848033,0.264245231
PFS,TAPBPL,1.193236825,0.835615607,0.86829479,1.703910398,0.181766711,0.971958148,0.33107137,0.999089333,0.929436793,0.451374143,0.725891079
PFS,TARP.TRGC1.2,0.942829731,0.676727218,0.636841791,1.313569009,0.169195681,-0.347937804,0.727886893,0.999089333,0.913320243,0.525204347,0.709600165
PFS,TBC1D10B,1.145214487,0.833510046,0.739975754,1.5734858,0.162095565,0.836493859,0.40287713,0.999089333,0.214585663,4.474394277,0.048588808
PFS,TBK1,1.006018875,0.7342914,0.644008794,1.378300193,0.160640789,0.037355608,0.970201468,0.999089333,0.518687317,2.26795677,0.260337662
PFS,TBL1XR1,0.83025043,0.600349526,0.54784123,1.148190756,0.165419034,-1.124585826,0.260764583,0.999089333,0.725170757,1.316702576,0.3580509
PFS,TBP,1.128055404,0.802605248,0.782867806,1.585473054,0.173670309,0.69381617,0.4877975,0.999089333,0.956979778,0.316062546,0.976617623
PFS,TBX21,0.890679534,0.644258916,0.587093904,1.23135282,0.165249977,-0.700578527,0.483566083,0.999089333,0.962548908,0.286490464,0.976032554
PFS,TBXAS1,0.892527348,0.645618562,0.588244765,1.233863328,0.165231754,-0.688113032,0.491381604,0.999089333,0.898391647,0.591429121,0.763251479
PFS,TCF3,1.125853054,0.849194759,0.643448813,1.492643573,0.143884143,0.823864367,0.410016629,0.999089333,0.842563171,0.828815002,0.54404869
PFS,TCF7,0.876899892,0.64007346,0.561278368,1.201351828,0.160620241,-0.817844878,0.413445769,0.999089333,0.891579667,0.621125201,0.491508543
PFS,TCF7L1,0.917839993,0.678652457,0.56267548,1.241327936,0.154040548,-0.556556075,0.577830772,0.999089333,0.898681696,0.590158157,0.738905945
PFS,TCL1A,1.073194378,0.763729679,0.744325074,1.508054753,0.173564912,0.406992407,0.684013565,0.999089333,0.935825764,0.421215806,0.940832845
PFS,TCL1B,1.038579154,0.747221412,0.696322151,1.443543563,0.167986412,0.22533716,0.821716994,0.999089333,0.895010233,0.606205828,0.621123756
PFS,TDO2,0.903623781,0.646658804,0.616040989,1.262699792,0.170714513,-0.593635392,0.552756004,0.999089333,0.867223473,0.725359803,0.66524674
PFS,TECR,1.217284442,0.897341722,0.753959421,1.651301143,0.155585021,1.263762467,0.206315297,0.999089333,0.78173232,1.080711524,0.551139044
PFS,TERT,1.133605242,0.813685357,0.765623935,1.579309292,0.169178905,0.741245097,0.458544845,0.999089333,0.643969101,1.668457188,0.261275039
PFS,TET2,0.998853964,0.701568136,0.720544969,1.422113106,0.180253599,-0.006361556,0.994924247,0.999089333,0.915718191,0.514392783,0.524606292
PFS,TFDP1,0.862142856,0.649763386,0.494176577,1.143939964,0.144294849,-1.02799439,0.303952466,0.999089333,0.903304282,0.569824391,0.799079028
PFS,TFE3,0.754091017,0.544164679,0.500837477,1.045002156,0.166462831,-1.695526886,0.089975514,0.999089333,0.780861238,1.084317288,0.321482654
PFS,TFEB,1.183510717,0.840362494,0.826415386,1.666777881,0.174700733,0.964421857,0.334834468,0.999089333,0.51704991,2.27643734,0.18703598
PFS,TFRC,0.939773156,0.666600222,0.658292203,1.324892425,0.175231804,-0.354483346,0.722976683,0.999089333,0.586662945,1.931889423,0.256504608
PFS,TGFB1,0.965599562,0.734925216,0.533751505,1.268676721,0.139278308,-0.251338943,0.801552069,0.999089333,0.580256884,1.962354184,0.192852188
PFS,TGFB2,1.197189026,0.875941406,0.760311379,1.636252785,0.15940722,1.129035002,0.258883069,0.999089333,0.905338668,0.560826621,0.812012753
PFS,TGFB3,1.142949642,0.856028984,0.670010331,1.526039315,0.147484021,0.905944422,0.364965271,0.999089333,0.906326398,0.556446654,0.724641959
PFS,TGFBR1,0.879891587,0.659390912,0.514736894,1.174127806,0.147187477,-0.869344171,0.384658909,0.999089333,0.783521755,1.073305824,0.616624751
PFS,TGFBR2,0.950337828,0.700713405,0.588175863,1.288889268,0.155471512,-0.327633973,0.743188432,0.999089333,0.860765966,0.752606733,0.439272762
PFS,THBD,0.9781431,0.708738258,0.641215571,1.349953828,0.164375312,-0.13444416,0.893051364,0.999089333,0.574772286,1.988618736,0.269457836
PFS,THBS1,0.87102626,0.65250738,0.510217776,1.162725156,0.147374992,-0.936951053,0.348783736,0.999089333,0.627810323,1.74121337,0.281972828
PFS,THBS4,0.910678103,0.657458241,0.603967285,1.261425526,0.166231748,-0.56286353,0.573527816,0.999089333,0.945131626,0.376112677,0.961766836
PFS,THEM4,1.021661447,0.716299336,0.740901669,1.457201005,0.181170321,0.118287431,0.905839916,0.999089333,0.781469573,1.081799089,0.536699501
PFS,THY1,0.76511344,0.546296796,0.525279278,1.071576074,0.171871372,-1.557741496,0.119294539,0.999089333,0.327711192,3.446925744,0.087880377
PFS,TIAM1,1.006571277,0.757646939,0.579632581,1.337279521,0.144945297,0.045187946,0.963957502,0.999089333,0.950639794,0.34861779,0.995034291
PFS,TICAM1,0.904799132,0.6495725,0.610735578,1.260308079,0.16908398,-0.591672334,0.554070026,0.999089333,0.883415972,0.656365564,0.448091318
PFS,TICAM2,0.874289402,0.633388856,0.573424228,1.206813084,0.164455524,-0.81690071,0.413985172,0.999089333,0.916434811,0.511151152,0.551408601
PFS,TIE1,1.260244697,0.860992345,0.983642751,1.844635096,0.194378863,1.189974579,0.234056384,0.999089333,0.519004253,2.266317598,0.265210339
PFS,TIGIT,0.931644342,0.662027405,0.649037927,1.311065332,0.174311459,-0.406193288,0.684600585,0.999089333,0.904324699,0.565315137,0.51658306
PFS,TIRAP,0.940229471,0.692282156,0.584699276,1.276981432,0.156191825,-0.394587331,0.693147465,0.999089333,0.844333058,0.821436809,0.533152349
PFS,TLK2,0.971779161,0.708082828,0.625595521,1.333678349,0.161517,-0.17723646,0.859322658,0.999089333,0.800409073,1.003483415,0.389275715
PFS,TLR1,0.911535209,0.637068728,0.667180564,1.304249292,0.182785337,-0.506742277,0.612335662,0.999089333,0.878411991,0.677803328,0.758842026
PFS,TLR2,0.894405251,0.616182233,0.682071287,1.29825352,0.19011381,-0.586997366,0.557205476,0.999089333,0.937205393,0.414623187,0.993524574
PFS,TLR3,0.898238114,0.649004745,0.594178323,1.243183068,0.165816907,-0.647220402,0.517489309,0.999089333,0.87409692,0.696201964,0.671026113
PFS,TLR4,0.944720153,0.685014743,0.617871327,1.30288607,0.164007293,-0.346731716,0.728792881,0.999089333,0.835464131,0.85835553,0.56648386
PFS,TLR5,0.997215653,0.709172371,0.69308059,1.402252962,0.173915661,-0.016032085,0.987208795,0.999089333,0.951646224,0.343519297,0.889942348
PFS,TLR7,0.873398247,0.625541589,0.59392089,1.219462479,0.170295893,-0.794873226,0.42668725,0.999089333,0.957274359,0.314522964,0.727396255
PFS,TLX1,0.831078347,0.614130196,0.51053559,1.124665786,0.154348306,-1.198790015,0.230609606,0.999089333,0.934224287,0.428831322,0.614721949
PFS,TMEFF2,1.022751927,0.700065114,0.794112332,1.494177446,0.193411151,0.116316776,0.90740149,0.999089333,0.854408391,0.779313125,0.728742263
PFS,TMEM140,0.986393628,0.708398081,0.665084451,1.373482531,0.168905805,-0.081109036,0.93535524,0.999089333,0.932797255,0.435584866,0.63164503
PFS,TMEM163,1.101023928,0.77961755,0.775316263,1.554933813,0.176121803,0.546443362,0.58476121,0.999089333,0.55063136,2.106339224,0.444671013
PFS,TMEM45B,0.946971353,0.660417015,0.69744434,1.357861355,0.183879586,-0.296315854,0.76698888,0.999089333,0.878286468,0.67833964,0.726113509
PFS,TMPRSS2,0.968179617,0.693411591,0.658414343,1.351825933,0.170306127,-0.189879569,0.849403503,0.999089333,0.74926996,1.21558042,0.456123672
PFS,TMUB2,0.970467566,0.653827791,0.786623823,1.440451614,0.201500632,-0.148770235,0.881734938,0.999089333,0.464504943,2.560227146,0.165164308
PFS,TNC,0.834757546,0.625584804,0.488285221,1.113870024,0.147173327,-1.227219388,0.219740144,0.999089333,0.962863488,0.284788549,0.991617589
PFS,TNF,1.172821817,0.82811605,0.832896333,1.661012383,0.177561748,0.897787142,0.369299041,0.999089333,0.872361451,0.703580528,0.52571183
PFS,TNFAIP3,0.972209675,0.727760765,0.571006217,1.298766983,0.147757369,-0.190743666,0.848726426,0.999089333,0.908567367,0.546480705,0.74306573
PFS,TNFAIP6,0.90338416,0.669927329,0.548268891,1.21819622,0.152542929,-0.666090463,0.50535328,0.999089333,0.82744096,0.891655863,0.408756216
PFS,TNFRSF10A,0.916679041,0.645086712,0.657529586,1.302616298,0.179275058,-0.485275971,0.627480598,0.999089333,0.934619883,0.426953774,0.908658938
PFS,TNFRSF10B,0.933974013,0.689013954,0.577008963,1.266022917,0.155200347,-0.440119279,0.65985072,0.999089333,0.955785189,0.322279913,0.865438273
PFS,TNFRSF10C,0.912143048,0.665318231,0.585218582,1.250536813,0.160988346,-0.571211847,0.567856049,0.999089333,0.910077179,0.539743114,0.736838987
PFS,TNFRSF11A,1.190145425,0.873517933,0.7480242,1.621542132,0.157810106,1.103069437,0.269997012,0.999089333,0.878324377,0.678177678,0.738114689
PFS,TNFRSF11B,1.016517994,0.722102966,0.708868627,1.430971593,0.174477999,0.093897546,0.925190543,0.999089333,0.627110292,1.744390449,0.297144677
PFS,TNFRSF12A,1.218881759,0.874867189,0.823302274,1.698169463,0.169195474,1.169853085,0.242060096,0.999089333,0.920317843,0.493496585,0.70628011
PFS,TNFRSF13B,1.032746116,0.726847342,0.740537181,1.467384523,0.179217677,0.17978911,0.857318133,0.999089333,0.932462051,0.437166941,0.692275197
PFS,TNFRSF13C,0.941013128,0.697900409,0.570913445,1.268813854,0.152492944,-0.398695091,0.690117885,0.999089333,0.910233129,0.539046086,0.669483154
PFS,TNFRSF14,1.071988254,0.804472613,0.623989708,1.428462322,0.146473845,0.474590571,0.635078828,0.999089333,0.757850306,1.179811507,0.321208051
PFS,TNFRSF17,0.981630132,0.712616779,0.639579443,1.352196222,0.163406467,-0.113463618,0.909663006,0.999089333,0.950385028,0.349904547,0.933056434
PFS,TNFRSF18,0.970951948,0.680950668,0.703507458,1.384458126,0.181017162,-0.162848089,0.870638044,0.999089333,0.952558968,0.338873845,0.762284939
PFS,TNFRSF1A,0.958257653,0.719260794,0.557407888,1.276668682,0.146376507,-0.291293931,0.770826529,0.999089333,0.929343839,0.451808698,0.668309855
PFS,TNFRSF1B,1.000770039,0.732173431,0.635727437,1.367900868,0.159445587,0.004827622,0.99614813,0.999089333,0.663720674,1.580933642,0.223575061
PFS,TNFRSF25,0.920778527,0.710391281,0.483082116,1.193473397,0.132351217,-0.623611508,0.532882751,0.999089333,0.71012045,1.380463785,0.283451931
PFS,TNFRSF4,0.971893279,0.695628707,0.662245883,1.35787459,0.170630662,-0.167081789,0.867305695,0.999089333,0.953486552,0.334131198,0.869943761
PFS,TNFRSF8,0.999309525,0.715746607,0.679467169,1.395213776,0.170277803,-0.004056392,0.996763476,0.999089333,0.951253304,0.345512725,0.871160769
PFS,TNFRSF9,0.939741254,0.687156516,0.59801448,1.285170996,0.159718488,-0.389126548,0.697182536,0.999089333,0.93882748,0.40683246,0.848219307
PFS,TNFSF10,0.863582372,0.629474519,0.555282751,1.18475727,0.161331491,-0.909097119,0.363298863,0.999089333,0.874374538,0.695020542,0.498298211
PFS,TNFSF12,1.083143374,0.768844406,0.757081464,1.52592587,0.174867503,0.456730634,0.647864669,0.999089333,0.845742771,0.81555587,0.472696479
PFS,TNFSF13,1.043170807,0.710826013,0.820076504,1.530902517,0.195714063,0.215952431,0.829024827,0.999089333,0.939753378,0.402365631,0.684028803
PFS,TNFSF13B,0.848560191,0.626991813,0.521435301,1.148427114,0.154394438,-1.063602167,0.28750896,0.999089333,0.935875775,0.420977354,0.63718913
PFS,TNFSF14,0.934075209,0.669981877,0.632286925,1.302268802,0.169547144,-0.402238095,0.687508809,0.999089333,0.940344484,0.399506196,0.942957866
PFS,TNFSF15,0.952919187,0.694772384,0.612209582,1.306981966,0.161199806,-0.299163993,0.764814921,0.999089333,0.922052182,0.485559941,0.725109626
PFS,TNFSF18,0.917103925,0.654911285,0.629353668,1.284264953,0.171799593,-0.503694332,0.614476192,0.999089333,0.884852719,0.650188535,0.671769512
PFS,TNFSF4,0.992510446,0.721168133,0.644778228,1.365946361,0.16294444,-0.046136838,0.963201185,0.999089333,0.943072069,0.386230315,0.877704319
PFS,TNFSF8,0.975220407,0.696404978,0.669258498,1.365663476,0.171805274,-0.146047758,0.883883687,0.999089333,0.935398822,0.423249893,0.876676062
PFS,TNFSF9,0.950236114,0.699920133,0.590153733,1.290073866,0.155994837,-0.327220986,0.743500749,0.999089333,0.950699031,0.348318377,0.937005022
PFS,TNKS,1.065789194,0.815522526,0.577334899,1.392857425,0.136554441,0.466594503,0.64079002,0.999089333,0.925748447,0.468531609,0.713020282
PFS,TNN,1.025949226,0.728581431,0.716105145,1.444686576,0.174632871,0.1466978,0.883370556,0.999089333,0.945767413,0.372972298,0.975191936
PFS,TNR,0.931486547,0.691598936,0.562982501,1.254581437,0.151929084,-0.467149077,0.640393224,0.999089333,0.902608086,0.572896496,0.55056815
PFS,TOLLIP,0.863385288,0.630809234,0.550901679,1.181710913,0.160134346,-0.917318735,0.358975643,0.999089333,0.762576863,1.160150486,0.321637486
PFS,TOP2A,0.895322763,0.680717023,0.496868997,1.17758602,0.139817668,-0.790822778,0.429047416,0.999089333,0.857528558,0.766219787,0.434985203
PFS,TOX,1.140428556,0.855295924,0.665320808,1.520616731,0.146794472,0.895157128,0.370703099,0.999089333,0.893147143,0.614317006,0.677707987
PFS,TP53,0.912489399,0.688500384,0.520848111,1.209348494,0.143707024,-0.637260511,0.523955169,0.999089333,0.912347927,0.529573058,0.713124234
PFS,TP73,1.044682721,0.75197436,0.699354361,1.451328722,0.167740977,0.260599549,0.794401338,0.999089333,0.750431921,1.210730255,0.439989373
PFS,TPI1,1.231335674,0.849047669,0.936703117,1.785750786,0.189666465,1.097186547,0.272559853,0.999089333,0.924896717,0.472469649,0.781625192
PFS,TPM1,0.920911568,0.693139684,0.53039164,1.223531324,0.14496821,-0.568340224,0.569803971,0.999089333,0.921965563,0.485957112,0.664413866
PFS,TPM4,0.874021471,0.63680104,0.56280996,1.199611,0.161557905,-0.833449389,0.40459133,0.999089333,0.372561511,3.126283978,0.182596032
PFS,TPO,0.927130425,0.678773044,0.58758665,1.266359694,0.159088347,-0.475591265,0.6343656,0.999089333,0.803606698,0.990268409,0.426558896
PFS,TPR,1.021530713,0.724508641,0.715812341,1.440320982,0.17529087,0.121524876,0.903275312,0.999089333,0.932595684,0.436536423,0.867822845
PFS,TPSAB1.B2,1.453801159,1.051265705,0.959203959,2.010469664,0.165404439,2.262222328,0.02368367,0.999089333,0.954688027,0.327954587,0.720035928
PFS,TPTE,1.021137615,0.735883502,0.681082671,1.416966173,0.167146323,0.125143732,0.900409763,0.999089333,0.90144276,0.57803089,0.676225962
PFS,TRAC,0.90508712,0.664413173,0.568528508,1.232941681,0.157720755,-0.632282509,0.527202291,0.999089333,0.840689078,0.836621481,0.423176446
PFS,TRAF1,0.906924706,0.641372886,0.641051799,1.282424685,0.176762645,-0.552695094,0.580472213,0.999089333,0.954711918,0.327831375,0.767924615
PFS,TRAF2,0.864967616,0.640460587,0.527712744,1.168173331,0.153321432,-0.946137857,0.344078277,0.999089333,0.92105898,0.490109023,0.913032054
PFS,TRAF3,0.945660039,0.712392949,0.542915531,1.255308479,0.144519739,-0.386605606,0.699048207,0.999089333,0.884790212,0.650457482,0.509120618
PFS,TRAF6,0.946870941,0.694489198,0.596480598,1.290969796,0.158159127,-0.345174372,0.729963284,0.999089333,0.535380631,2.182615789,0.192943578
PFS,TRAF7,1.027613341,0.759277615,0.631503778,1.390781393,0.154404252,0.176413337,0.859969228,0.999089333,0.870023745,0.713501559,0.495995861
PFS,TRAT1,0.936039555,0.68779377,0.586091059,1.273884828,0.157231815,-0.420382756,0.674205863,0.999089333,0.944152686,0.380932115,0.708592121
PFS,TRBC1.2,0.939722716,0.664633303,0.664037377,1.32867068,0.176712117,-0.351817587,0.724975068,0.999089333,0.88893885,0.632563692,0.690793793
PFS,TRDC,0.893901166,0.658551124,0.554808425,1.213359549,0.155897284,-0.71944847,0.471864642,0.999089333,0.95221471,0.340628411,0.731297057
PFS,TREM1,0.981237224,0.678520744,0.740487443,1.419008187,0.188217335,-0.100633821,0.919841148,0.999089333,0.83116243,0.876219645,0.569673818
PFS,TREM2,1.013727367,0.718712829,0.711125533,1.429838362,0.17547639,0.077697061,0.938069032,0.999089333,0.844351722,0.821358973,0.604019444
PFS,TRIM21,0.860687038,0.617430249,0.582352524,1.199782774,0.169474974,-0.885229976,0.376032608,0.999089333,0.942701946,0.388039861,0.681542215
PFS,TSC1,1.010392035,0.700678089,0.756327747,1.457005836,0.186761148,0.055356316,0.955854597,0.999089333,0.833111777,0.868127411,0.762533612
PFS,TSHR,1.043991814,0.762969081,0.665553957,1.428523038,0.159997542,0.269076938,0.787870477,0.999089333,0.890297557,0.626683425,0.630868075
PFS,TSLP,0.89198991,0.650411026,0.572886193,1.223297219,0.161151079,-0.709275169,0.478153734,0.999089333,0.947441687,0.364662276,0.818467138
PFS,TSPAN7,0.998400541,0.710969305,0.6910654,1.402034705,0.173230368,-0.009240526,0.992627232,0.999089333,0.951716022,0.343164786,0.990771997
PFS,TTC30A,0.999020156,0.723685746,0.655422905,1.379108651,0.164501854,-0.00595935,0.995245155,0.999089333,0.718980744,1.342863502,0.427855721
PFS,TTK,0.921091797,0.694127735,0.528140238,1.222267973,0.144341276,-0.569453025,0.569048741,0.999089333,0.680359315,1.50828572,0.298150662
PFS,TTPA,1.096865579,0.797704128,0.710516845,1.508220974,0.1624898,0.568999645,0.569356381,0.999089333,0.768793651,1.134330656,0.466153802
PFS,TTR,1.079469332,0.777678876,0.720695421,1.498374296,0.167304685,0.45706766,0.647622415,0.999089333,0.700615693,1.421017068,0.404416819
PFS,TUBB,0.845599915,0.627723068,0.511376722,1.139099791,0.152016691,-1.103227184,0.269928519,0.999089333,0.907138674,0.55283899,0.821814026
PFS,TWF1,1.021276739,0.744430311,0.656649364,1.401079674,0.161324182,0.130504609,0.896167208,0.999089333,0.937140664,0.414933179,0.815827913
PFS,TWIST1,0.94582056,0.711895879,0.544715596,1.256611475,0.144962462,-0.384254037,0.700790171,0.999089333,0.94422272,0.38058796,0.721189867
PFS,TXK,0.867857872,0.624446073,0.581706576,1.206152649,0.167943385,-0.843899391,0.398725628,0.999089333,0.952577471,0.338779458,0.895819763
PFS,TXN2,0.915806373,0.674562355,0.568764235,1.243326591,0.155993092,-0.563809067,0.57288408,0.999089333,0.795023606,1.025741505,0.511984379
PFS,TXNIP,0.908856838,0.662038364,0.585654816,1.24769318,0.161668319,-0.591134319,0.554430427,0.999089333,0.934494738,0.427547986,0.881784958
PFS,TYK2,1.077290412,0.783847497,0.69673978,1.480587277,0.162242679,0.458874393,0.646324368,0.999089333,0.948923142,0.35725884,0.921170871
PFS,TYMP,0.978037902,0.736044298,0.563548867,1.299593164,0.145032318,-0.153116597,0.878306327,0.999089333,0.939507934,0.403551168,0.918024137
PFS,TYMS,1.000508775,0.739485008,0.614183827,1.353668835,0.154242587,0.003297698,0.997368822,0.999089333,0.807769928,0.973061325,0.390524977
PFS,U2AF1,0.855417464,0.581988787,0.675319007,1.257307794,0.19650281,-0.794724853,0.426773572,0.999089333,0.835182172,0.859527213,0.40629342
PFS,UBA7,0.925161351,0.675496662,0.591605861,1.267102523,0.160472306,-0.484738616,0.62786177,0.999089333,0.926420669,0.465417324,0.662850036
PFS,UBB,0.845042416,0.621794217,0.526651145,1.148445362,0.156522073,-1.075685071,0.282068126,0.999089333,0.882537588,0.660137081,0.845598792
PFS,UBC,0.914926174,0.653284381,0.628071684,1.281356066,0.171855629,-0.517363913,0.604902146,0.999089333,0.685993927,1.483888028,0.290255325
PFS,UBE2C,0.884419914,0.669430256,0.499023931,1.168454187,0.142096989,-0.86436253,0.38738877,0.999089333,0.716169161,1.354774747,0.284998878
PFS,UBE2T,0.850172674,0.644378383,0.477312839,1.121691222,0.141407379,-1.147859506,0.251026567,0.999089333,0.849273222,0.800810253,0.607858556
PFS,ULBP2,0.963052046,0.711625786,0.59168455,1.303310336,0.154367767,-0.243883967,0.807320687,0.999089333,0.947091919,0.366403204,0.929062628
PFS,UQCR10,0.969192527,0.66173186,0.757776874,1.419508734,0.194698909,-0.160719958,0.87231397,0.999089333,0.906337685,0.556396563,0.528797952
PFS,UQCR11,0.921149075,0.657629487,0.63263446,1.290263948,0.171931834,-0.477709055,0.632857299,0.999089333,0.955810872,0.322146673,0.799475184
PFS,UQCRQ,0.837890111,0.62926925,0.486405539,1.115674789,0.146088263,-1.210694937,0.226012344,0.999089333,0.884352614,0.652339792,0.722989847
PFS,USP9Y,0.875136237,0.643876008,0.545581939,1.189457946,0.156570939,-0.851854794,0.39429469,0.999089333,0.940934209,0.396647305,0.629955922
PFS,UTY,0.934936336,0.672199042,0.628168701,1.300367743,0.168331637,-0.399668437,0.689400743,0.999089333,0.949379122,0.35497024,0.969099219
PFS,VCAM1,0.876567929,0.648709849,0.535750869,1.184460718,0.153588872,-0.857751449,0.391029724,0.999089333,0.962662191,0.285878006,0.83782982
PFS,VCAN,0.941684272,0.688443953,0.599633695,1.288077648,0.159817294,-0.375961994,0.706945151,0.999089333,0.705684206,1.399362353,0.286668924
PFS,VEGFA,1.318279967,0.940556479,0.907139126,1.847695605,0.172253886,1.604189252,0.108672343,0.999089333,0.821952361,0.914396187,0.515023152
PFS,VEGFB,0.923734407,0.677025839,0.583317868,1.260343707,0.158531053,-0.500411025,0.616785692,0.999089333,0.934906225,0.42559329,0.876057165
PFS,VEGFC,0.95107759,0.694113383,0.609057835,1.303171218,0.160696996,-0.312137957,0.754935681,0.999089333,0.953631108,0.333390087,0.905096975
PFS,VEGFD,0.888934247,0.645793792,0.57782295,1.223616742,0.163035151,-0.722126537,0.470216684,0.999089333,0.897168959,0.596780711,0.501858991
PFS,VHL,0.902705652,0.668147298,0.551460261,1.219607559,0.153517045,-0.666758179,0.50492661,0.999089333,0.893167419,0.614228842,0.853842093
PFS,VSIR,0.977546906,0.715261952,0.620749213,1.336011164,0.159389375,-0.14247501,0.886704817,0.999089333,0.561475339,2.05302052,0.165354336
PFS,VTCN1,1.091174878,0.781071295,0.743325546,1.52439684,0.170586722,0.511499277,0.609001495,0.999089333,0.848893503,0.802397475,0.663521222
PFS,WDR76,0.907260138,0.655782835,0.599390242,1.255173077,0.165615049,-0.587664339,0.556757617,0.999089333,0.583768923,1.945624342,0.29299099
PFS,WEE1,0.86771751,0.66338865,0.471592596,1.134981246,0.136994963,-1.035724694,0.300330599,0.999089333,0.883919079,0.654203698,0.63477822
PFS,WIF1,0.913031011,0.637962573,0.668737319,1.306699893,0.182906538,-0.497442216,0.618877242,0.999089333,0.739828198,1.255072392,0.507092697
PFS,WIPF1,0.92707972,0.688366334,0.560208393,1.248574727,0.151899935,-0.498457876,0.618161353,0.999089333,0.594147529,1.8965766,0.173628599
PFS,WNT10A,1.044348958,0.729580153,0.765340922,1.494921075,0.183003224,0.237119781,0.812563867,0.999089333,0.913144271,0.525995641,0.928407024
PFS,WNT10B,0.992948156,0.71269799,0.670701506,1.383399496,0.169197343,-0.041825868,0.966637514,0.999089333,0.912257365,0.529979528,0.852860359
PFS,WNT11,1.002660408,0.739537754,0.619862613,1.359400367,0.155302252,0.017107771,0.986350639,0.999089333,0.289982287,3.74808881,0.060140099
PFS,WNT16,0.876865001,0.642194228,0.555094997,1.197289225,0.158912233,-0.826885564,0.408301926,0.999089333,0.960577961,0.29707335,0.889813734
PFS,WNT2,0.836670804,0.599142892,0.569222858,1.16836575,0.17037587,-1.046654031,0.295259172,0.999089333,0.946370827,0.369984134,0.88433779
PFS,WNT2B,1.003903103,0.718087771,0.685391692,1.403479463,0.1709516,0.022787183,0.981820032,0.999089333,0.941982184,0.391551452,0.734330341
PFS,WNT3,0.998631132,0.70111983,0.721267749,1.42238758,0.180465897,-0.007590383,0.993943808,0.999089333,0.931101843,0.443570383,0.650939319
PFS,WNT3A,1.017253753,0.735288575,0.672057101,1.407345677,0.165614693,0.103291542,0.917731588,0.999089333,0.940748745,0.397547071,0.836057639
PFS,WNT4,0.961083906,0.689912688,0.648926693,1.33883938,0.16913406,-0.234686983,0.814451692,0.999089333,0.937449472,0.413453672,0.860881742
PFS,WNT5A,0.80574304,0.613163087,0.445644693,1.058807779,0.139356609,-1.549911394,0.121162784,0.999089333,0.944345531,0.37998422,0.824821222
PFS,WNT5B,0.922815682,0.669505064,0.602462587,1.271967651,0.1637228,-0.490620479,0.6236949,0.999089333,0.908717991,0.545809394,0.649479639
PFS,WNT6,1.101124658,0.789055555,0.7475606,1.536616155,0.170028952,0.566562771,0.571011275,0.999089333,0.894008488,0.610569648,0.717902638
PFS,WNT7A,1.105852927,0.79174868,0.752820609,1.544569289,0.170476692,0.590209225,0.555050388,0.999089333,0.867871455,0.722618235,0.653944721
PFS,WNT7B,1.035736812,0.764031866,0.640033582,1.404065448,0.15523696,0.226190135,0.821053543,0.999089333,0.943214082,0.385535318,0.811658538
PFS,WRN,1.116031558,0.784124043,0.804306319,1.588430362,0.180088612,0.609584025,0.542137396,0.999089333,0.915087569,0.517241308,0.80132374
PFS,WT1,0.932960061,0.682547931,0.592695075,1.275243006,0.159456828,-0.435182908,0.663429668,0.999089333,0.868697707,0.719120322,0.462305741
PFS,XCL1.2,0.934648854,0.671037993,0.630778727,1.30181672,0.169056751,-0.399773315,0.689323487,0.999089333,0.927811615,0.458955491,0.845581198
PFS,XCR1,1.238866051,0.877403609,0.871835939,1.749239548,0.176015818,1.216916123,0.223636131,0.999089333,0.907085478,0.553075417,0.914765307
PFS,XPA,1.068014396,0.796764384,0.634844221,1.431608606,0.149491263,0.440167661,0.65981568,0.999089333,0.333699665,3.401976988,0.085739681
PFS,XRCC4,0.898674706,0.678480978,0.511848971,1.190329949,0.143402985,-0.744992508,0.456276249,0.999089333,0.883588652,0.655623689,0.514315491
PFS,YAP1,0.98401467,0.750755205,0.538992591,1.289747795,0.138043948,-0.116734374,0.90707055,0.999089333,0.953388328,0.334634459,0.994468061
PFS,YTHDF2,1.226233987,0.93378258,0.676495683,1.610278264,0.139012414,1.467118423,0.142343843,0.999089333,0.913077937,0.526293854,0.650500286
PFS,ZAP70,0.912191937,0.655117917,0.615026143,1.270144059,0.168898604,-0.544142176,0.58634364,0.999089333,0.951928104,0.342086873,0.774316391
PFS,ZBTB16,0.763734033,0.556970066,0.490284911,1.047254977,0.161078525,-1.673318491,0.094264614,0.999089333,0.952859367,0.337340357,0.970874721
PFS,ZBTB20,1.147256556,0.840724124,0.724828197,1.565552322,0.158607605,0.866121698,0.386423427,0.999089333,0.042220024,8.191257224,0.013062529
PFS,ZBTB32,1.000186524,0.726085396,0.651676899,1.377762295,0.163408182,0.001141352,0.999089333,0.999089333,0.94588201,0.372405383,0.968009311
PFS,ZC3H12A,0.987438988,0.731890418,0.600325077,1.332215495,0.152800721,-0.08272584,0.934069538,0.999089333,0.77790731,1.096548682,0.423141128
PFS,ZEB1,0.95729242,0.694887065,0.623901014,1.318788079,0.163451763,-0.26702909,0.789446763,0.999089333,0.216666468,4.451400116,0.043059776
PFS,ZEB2,1.051433396,0.816908105,0.5363802,1.353288305,0.128769224,0.389490366,0.696913436,0.999089333,0.951804092,0.342717304,0.859075948
PFS,ZIC2,1.238317654,0.893244742,0.823452308,1.71669705,0.166660408,1.282570534,0.199642579,0.999089333,0.764007994,1.154202808,0.419575978
PFS,ZNF205,1.125306925,0.815808463,0.73641333,1.552221794,0.164100719,0.719410748,0.471887876,0.999089333,0.94623818,0.370641661,0.968074739