Endpoint,Gene,HR,Lower CI,CI Width,Upper CI,SE,Statistic,P-value,FDR,Global ZPH P-value,Global ZPH ChiSq,Gene ZPH P-value
DSS,A2M,1.113658363,0.834336368,0.652156368,1.486492736,0.147333859,0.730656344,0.464989087,0.975782698,0.316484419,1.003419841,0.316484419
DSS,ABCB1,0.896982216,0.638824161,0.620641503,1.259465663,0.173169916,-0.627818309,0.530122971,0.975782698,0.405184064,0.692887218,0.405184064
DSS,ABCF1,0.927417492,0.701235932,0.52531731,1.226553241,0.142634988,-0.528281643,0.59730387,0.975782698,0.132122952,2.267381698,0.132122952
DSS,ABL1,1.109009673,0.823409462,0.670261076,1.493670538,0.151925806,0.681039205,0.495846684,0.975782698,0.702593434,0.145788003,0.702593434
DSS,ACOT12,0.791775549,0.572391739,0.522852091,1.09524383,0.16554097,-1.410389976,0.158424564,0.975782698,0.929916392,0.007735208,0.929916392
DSS,ACSF3,0.855737454,0.609403438,0.592241555,1.201644993,0.17320885,-0.899444009,0.368416207,0.975782698,0.025878541,4.964115917,0.025878541
DSS,ACTA2,1.210105338,0.903929678,0.716057986,1.619987665,0.14883494,1.281334957,0.200076039,0.975782698,0.627332773,0.235695107,0.627332773
DSS,ACTB,0.90908255,0.686642664,0.516939819,1.203582483,0.143177063,-0.665744731,0.505574277,0.975782698,0.625384302,0.238372167,0.625384302
DSS,ACTR3B,0.990906583,0.70790083,0.67915201,1.387052839,0.171593077,-0.0532365,0.957543474,0.987855161,0.605770673,0.266379747,0.605770673
DSS,ACVR1B,0.854332476,0.605975025,0.598503623,1.204478648,0.175248966,-0.898349638,0.368999177,0.975782698,0.949670911,0.00398414,0.949670911
DSS,ACVR1C,0.796304026,0.573261567,0.532865442,1.106127009,0.167676018,-1.358418612,0.174330892,0.975782698,0.408591163,0.682896332,0.408591163
DSS,ACVR2A,0.98549106,0.745134662,0.558244014,1.303378676,0.142642977,-0.102460173,0.918391424,0.987855161,0.84490329,0.038269341,0.84490329
DSS,ACY1,0.897770852,0.624281153,0.666791786,1.291072939,0.185367706,-0.581764869,0.560725071,0.975782698,0.962032607,0.00226605,0.962032607
DSS,ADA,0.985171497,0.701529049,0.681967303,1.383496351,0.173244728,-0.086233759,0.931280595,0.987855161,0.774296554,0.082230952,0.774296554
DSS,ADAM12,0.692257846,0.4962453,0.469448328,0.965693628,0.169844005,-2.165497587,0.0303496,0.975782698,0.816566079,0.053807235,0.816566079
DSS,ADGRE1,0.852462018,0.621919602,0.546545728,1.168465329,0.160879399,-0.992212957,0.321093653,0.975782698,0.707983276,0.140299675,0.707983276
DSS,ADGRE5,0.887859471,0.650845099,0.560340853,1.211185952,0.158442609,-0.750693282,0.452837267,0.975782698,0.17150452,1.869742969,0.17150452
DSS,ADH1A.B.C,0.929215136,0.668655409,0.622653624,1.291309033,0.16789668,-0.437262895,0.661920702,0.975782698,0.882662043,0.021784418,0.882662043
DSS,ADH6,0.86275719,0.62741803,0.558952036,1.186370066,0.162513325,-0.908368486,0.36368357,0.975782698,0.624757063,0.239237933,0.624757063
DSS,ADM,1.021487482,0.772678109,0.577737623,1.350415732,0.142427421,0.149268169,0.881342032,0.987855161,0.090697753,2.8619453,0.090697753
DSS,ADORA2A,1.02689578,0.742191206,0.678621833,1.420813039,0.165660608,0.160209755,0.872715845,0.987855161,0.915264104,0.011321199,0.915264104
DSS,AFDN,1.095087607,0.770574748,0.78568812,1.556262868,0.179316041,0.506560182,0.612463453,0.975782698,0.522892417,0.408184512,0.522892417
DSS,AICDA,0.921985903,0.661045264,0.624884842,1.285930106,0.169751904,-0.478494454,0.632298321,0.975782698,0.783907167,0.075202598,0.783907167
DSS,AIRE,0.987417495,0.706068649,0.674807435,1.380876083,0.171115632,-0.073998703,0.941011418,0.987855161,0.667496845,0.184544106,0.667496845
DSS,AKAP1,1.06731075,0.785281087,0.665348828,1.450629915,0.156561917,0.416079261,0.677352005,0.975782698,0.061565699,3.494696301,0.061565699
DSS,AKR1C4,0.767654077,0.557267639,0.500200516,1.057468155,0.163418098,-1.618034183,0.105655231,0.975782698,0.666962678,0.185175542,0.666962678
DSS,AKT1,1.099808036,0.827738109,0.633566746,1.461304855,0.144999665,0.656109463,0.511753696,0.975782698,0.676984376,0.173540337,0.676984376
DSS,AKT2,1.119168472,0.779124139,0.828499095,1.607623234,0.184784448,0.609282735,0.542337049,0.975782698,0.191294346,1.707620835,0.191294346
DSS,AKT3,1.332782685,0.892654018,1.097265537,1.989919555,0.204506417,1.404694312,0.160112198,0.975782698,0.802794344,0.062366243,0.802794344
DSS,ALCAM,0.898915769,0.644865729,0.608185136,1.253050865,0.169465977,-0.628833848,0.529457838,0.975782698,0.584883387,0.298406093,0.584883387
DSS,ALDOA,1.062116461,0.785131183,0.651687784,1.436818967,0.154170201,0.390889926,0.6958786,0.975782698,0.30567115,1.049287887,0.30567115
DSS,ALDOC,0.882863055,0.606032115,0.680116183,1.286148298,0.191961241,-0.649012171,0.51633051,0.975782698,0.070649962,3.267854568,0.070649962
DSS,ALK,0.872157536,0.634623031,0.563976344,1.198599375,0.162216704,-0.843225185,0.399102516,0.975782698,0.890118398,0.019086637,0.890118398
DSS,ALKBH2,0.951494943,0.695187828,0.607111479,1.302299307,0.160131671,-0.310500148,0.756180647,0.976289835,0.337434684,0.920153453,0.337434684
DSS,ALKBH3,0.897894106,0.637781102,0.626310641,1.264091743,0.174522092,-0.617131841,0.537147768,0.975782698,0.500495603,0.453885375,0.500495603
DSS,AMBP,0.929690461,0.671354485,0.616079163,1.287433648,0.166102237,-0.43890791,0.660728265,0.975782698,0.796455924,0.066531232,0.796455924
DSS,AMER1,0.806831707,0.580009166,0.542347931,1.122357096,0.168406767,-1.27453414,0.202474181,0.975782698,0.892041012,0.018420476,0.892041012
DSS,AMH,1.113591066,0.821112323,0.689137892,1.510250215,0.155454568,0.692099238,0.48887501,0.975782698,0.839131738,0.041210711,0.839131738
DSS,ANGPT1,1.0161888,0.721674171,0.709220433,1.430894604,0.174615804,0.09196853,0.926723043,0.987855161,0.347751356,0.88164561,0.347751356
DSS,ANGPT2,0.885520957,0.664925932,0.514374389,1.179300321,0.146176395,-0.831729059,0.405561894,0.975782698,0.577090809,0.310961435,0.577090809
DSS,ANGPTL4,0.915638529,0.673668778,0.570850699,1.244519477,0.15657589,-0.562881116,0.57351584,0.975782698,0.353539342,0.860712638,0.353539342
DSS,ANKRD28,0.770625069,0.561714121,0.495519398,1.057233519,0.161334049,-1.614992734,0.106312268,0.975782698,0.929768766,0.007767914,0.929768766
DSS,ANLN,0.920915374,0.702566736,0.504557205,1.207123941,0.138077921,-0.59667129,0.550726864,0.975782698,0.199177617,1.648394292,0.199177617
DSS,ANP32B,1.039533043,0.778929373,0.608396595,1.387325968,0.147250928,0.263303026,0.792317028,0.976578192,0.363326647,0.826361867,0.363326647
DSS,ANXA1,1.173396661,0.845165958,0.783933877,1.629099835,0.167413761,0.955134576,0.339509646,0.975782698,0.476894202,0.505957219,0.476894202
DSS,APC,0.875393691,0.642579561,0.549979556,1.192559117,0.157749367,-0.843626594,0.398878099,0.975782698,0.670712303,0.180770052,0.670712303
DSS,APH1B,0.840386577,0.643750576,0.453335198,1.097085774,0.135997729,-1.278648429,0.201020888,0.975782698,0.866840623,0.028114199,0.866840623
DSS,API5,1.200880417,0.814460393,0.956176693,1.770637086,0.198107951,0.924016266,0.355477847,0.975782698,0.083797936,2.989656627,0.083797936
DSS,APLNR,0.845916731,0.6142234,0.550784504,1.165007904,0.163300053,-1.024704818,0.305502489,0.975782698,0.621435074,0.243855722,0.621435074
DSS,APOA1,0.890170961,0.644521952,0.584923123,1.229445075,0.164750299,-0.706170152,0.48008233,0.975782698,0.963108638,0.002139336,0.963108638
DSS,APOA2,0.967849449,0.687255037,0.675750696,1.363005733,0.174682338,-0.187075191,0.851601679,0.98321246,0.982529173,0.000479531,0.982529173
DSS,APOA4,0.857708504,0.623990346,0.554976416,1.178966763,0.162313904,-0.945642807,0.344330803,0.975782698,0.973735965,0.001083926,0.973735965
DSS,APOB,0.835878437,0.608222188,0.540523738,1.148745926,0.162218764,-1.105125464,0.269105228,0.975782698,0.685049561,0.164496974,0.685049561
DSS,APOC2,0.866328871,0.644123864,0.521064626,1.16518849,0.151213775,-0.948926013,0.342658243,0.975782698,0.644362891,0.213081386,0.644362891
DSS,APOC3,0.839138428,0.589590623,0.604718232,1.194308855,0.180078436,-0.973906696,0.330102869,0.975782698,0.953804741,0.003355833,0.953804741
DSS,APOE,1.081206629,0.796055683,0.672444322,1.468500005,0.156208895,0.499828556,0.617195802,0.975782698,0.599752137,0.275369894,0.599752137
DSS,APOL6,0.858780322,0.607350314,0.606946649,1.214296963,0.17674172,-0.861381949,0.389027715,0.975782698,0.159290852,1.980945348,0.159290852
DSS,APOM,0.909036363,0.648537704,0.625632023,1.274169727,0.172281204,-0.553572766,0.579871269,0.975782698,0.973422335,0.001109978,0.973422335
DSS,APP,1.177421822,0.812844629,0.892674603,1.705519232,0.189055743,0.863910023,0.38763732,0.975782698,0.877721539,0.023672347,0.877721539
DSS,AQP9,0.840803241,0.620592627,0.518560594,1.139153221,0.154943053,-1.119105389,0.263095181,0.975782698,0.848751348,0.036371013,0.848751348
DSS,AR,0.718455896,0.51765492,0.479493672,0.997148591,0.167245664,-1.97703756,0.048037385,0.975782698,0.825520455,0.048598346,0.825520455
DSS,AREG,0.899938209,0.652687681,0.588164266,1.240851947,0.163894528,-0.643274525,0.520045983,0.975782698,0.796465051,0.066525131,0.796465051
DSS,ARG1,0.844237829,0.617213533,0.537552969,1.154766502,0.159808649,-1.059523605,0.289361385,0.975782698,0.758996222,0.094125745,0.758996222
DSS,ARG2,1.028275075,0.746411031,0.670167215,1.416578246,0.163452781,0.170585741,0.864549511,0.987425028,0.154185838,2.030342689,0.154185838
DSS,ARID1A,0.991903081,0.740013493,0.589518647,1.32953214,0.149470595,-0.054391144,0.956623534,0.987855161,0.558690006,0.341977471,0.558690006
DSS,ARID1B,0.875860558,0.640084075,0.558401792,1.198485867,0.160006697,-0.828392706,0.407448136,0.975782698,0.902034765,0.015151479,0.902034765
DSS,ARID2,1.057407225,0.725990121,0.814127309,1.54011743,0.19186004,0.290940718,0.771096659,0.976578192,0.457306656,0.55247872,0.457306656
DSS,ARMH3,0.699998896,0.499440434,0.48165445,0.981094884,0.172243174,-2.070773035,0.038380011,0.975782698,0.444467985,0.584720438,0.444467985
DSS,ARNT,0.995339377,0.724408817,0.64318977,1.367598587,0.162109032,-0.028817136,0.977010434,0.996099448,0.179690649,1.800180711,0.179690649
DSS,ARNT2,0.939064788,0.696012847,0.570979107,1.266991954,0.152817275,-0.411411634,0.680770724,0.975782698,0.564899669,0.331291372,0.564899669
DSS,ASCL1,1.008155227,0.732606543,0.654737006,1.387343549,0.162895162,0.04986123,0.960232973,0.989539904,0.907587538,0.013475036,0.907587538
DSS,ASL,0.849346952,0.623019008,0.534875431,1.157894438,0.158110422,-1.032743538,0.301723933,0.975782698,0.27865934,1.173616753,0.27865934
DSS,ASNS,1.408117969,1.002845226,0.974325491,1.977170717,0.173173005,1.97637062,0.048112817,0.975782698,0.250668126,1.319576186,0.250668126
DSS,ASPA,0.804101963,0.58482671,0.520765692,1.105592402,0.162457322,-1.342070617,0.1795731,0.975782698,0.809126177,0.058348081,0.809126177
DSS,ASPG,0.879617323,0.647782345,0.546641433,1.194423778,0.156090726,-0.821754946,0.411216381,0.975782698,0.749808764,0.101691811,0.749808764
DSS,ASXL1,1.381778435,0.95316361,1.04996746,2.00313107,0.189462717,1.706781133,0.087862741,0.975782698,0.174110963,1.847186608,0.174110963
DSS,ATF1,0.734969354,0.538474855,0.464691677,1.003166531,0.158721286,-1.940045243,0.052374192,0.975782698,0.590331522,0.289826832,0.590331522
DSS,ATF2,0.864464189,0.626324312,0.566824859,1.193149171,0.164411987,-0.885856328,0.375694952,0.975782698,0.24261856,1.365314453,0.24261856
DSS,ATF3,1.210284577,0.87086003,0.811142482,1.682002512,0.167926318,1.136543229,0.255729284,0.975782698,0.109961137,2.554779759,0.109961137
DSS,ATG10,0.818203237,0.599222913,0.517984927,1.11720784,0.158919803,-1.262552015,0.206750222,0.975782698,0.702477994,0.145906872,0.702477994
DSS,ATG12,0.942234539,0.695557153,0.580838212,1.276395365,0.154870723,-0.384198216,0.70083154,0.975782698,0.814137941,0.055267877,0.814137941
DSS,ATG16L1,0.968984097,0.712459267,0.605412818,1.317872085,0.156903627,-0.200805296,0.840850821,0.979248328,0.486272984,0.484762497,0.486272984
DSS,ATG5,0.858891784,0.659545688,0.45894407,1.118489758,0.134743133,-1.128906086,0.258937453,0.975782698,0.105947661,2.613649913,0.105947661
DSS,ATG7,0.974833299,0.740433934,0.543002599,1.283436532,0.140324043,-0.181642417,0.855863358,0.983842926,0.557387821,0.344247262,0.557387821
DSS,ATM,1.073867106,0.74885965,0.791069175,1.539928825,0.183916618,0.387492181,0.698391873,0.975782698,0.151759677,2.054473785,0.151759677
DSS,ATOX1,0.763768896,0.555726361,0.493968179,1.04969454,0.162242387,-1.661033424,0.096706734,0.975782698,0.464622284,0.534736574,0.464622284
DSS,ATP11C,1.163716769,0.827228853,0.80984741,1.637076263,0.174132225,0.870711863,0.383911499,0.975782698,0.89302417,0.018084481,0.89302417
DSS,ATP2A2,1.016145763,0.741674493,0.650516045,1.392190538,0.160646639,0.099702094,0.920580838,0.987855161,0.879503215,0.02298226,0.879503215
DSS,ATP5F1D,0.954846556,0.691978442,0.625594319,1.317572761,0.164286617,-0.281244002,0.778523258,0.976578192,0.159585679,1.978147694,0.159585679
DSS,ATP5ME,0.979910081,0.726370698,0.595576579,1.321947278,0.152758075,-0.132853635,0.894309136,0.987855161,0.415335805,0.66347502,0.415335805
DSS,ATR,1.175108413,0.782761245,0.981352385,1.76411363,0.207293586,0.778414871,0.436324475,0.975782698,0.010850965,6.489562958,0.010850965
DSS,ATRX,1.218593249,0.841770172,0.922333091,1.764103262,0.188751109,1.047395798,0.294917069,0.975782698,0.445917851,0.581007073,0.445917851
DSS,AURKA,0.991235724,0.749330538,0.561904239,1.311234777,0.142743531,-0.061669399,0.950826109,0.987855161,0.491117303,0.474077459,0.491117303
DSS,AURKB,0.946637295,0.696888494,0.589001826,1.28589032,0.156273585,-0.350918316,0.72564963,0.975782698,0.42573228,0.634437462,0.42573228
DSS,AXIN1,1.018917155,0.767786001,0.584403499,1.3521895,0.144382592,0.12979716,0.89672691,0.987855161,0.931978283,0.007285666,0.931978283
DSS,AXIN2,1.080317475,0.760871237,0.773009648,1.533880886,0.178853334,0.431945856,0.665780765,0.975782698,0.190569862,1.713206571,0.190569862
DSS,AXL,0.922151503,0.687149581,0.550373394,1.237522976,0.15008313,-0.54000572,0.589193087,0.975782698,0.328222846,0.955896799,0.328222846
DSS,B2M,0.964183371,0.700077328,0.627846797,1.327924125,0.163314581,-0.223334517,0.823275165,0.979248328,0.204675471,1.608694083,0.204675471
DSS,BAD,0.813580748,0.626815493,0.429178879,1.055994372,0.133060074,-1.550503398,0.121020739,0.975782698,0.470569411,0.520638575,0.470569411
DSS,BAG1,1.034569771,0.740433819,0.705116862,1.445550681,0.170668791,0.199132248,0.842159296,0.979248328,0.34087001,0.9071565,0.34087001
DSS,BAGE,0.987303429,0.693834948,0.711064102,1.404899051,0.179974384,-0.070998223,0.943399169,0.987855161,0.901086052,0.015447882,0.901086052
DSS,BAIAP3,1.169453721,0.849301102,0.760989998,1.6102911,0.16320618,0.959134849,0.337490816,0.975782698,0.659417376,0.194232097,0.659417376
DSS,BAMBI,1.03516334,0.744777189,0.693992896,1.438770086,0.167977276,0.205737535,0.836995937,0.979248328,0.314963955,1.009744923,0.314963955
DSS,BAP1,0.80541031,0.578309864,0.543382515,1.121692379,0.16900414,-1.2804623,0.200382595,0.975782698,0.156912007,2.003736313,0.156912007
DSS,BATF,0.908114879,0.65379722,0.607561207,1.261358427,0.167642696,-0.574939391,0.565332288,0.975782698,0.558657581,0.342033868,0.558657581
DSS,BATF3,1.061914963,0.763475672,0.713537192,1.477012864,0.168343841,0.356852064,0.721202558,0.975782698,0.961690107,0.002307149,0.961690107
DSS,BAX,0.915651877,0.691073315,0.52213857,1.213211885,0.143569132,-0.613774235,0.539364525,0.975782698,0.809521646,0.058101817,0.809521646
DSS,BBC3,1.019149418,0.745992237,0.646335304,1.39232754,0.159190915,0.119154885,0.905152648,0.987855161,0.47249104,0.516144356,0.47249104
DSS,BBS1,1.048734896,0.771191315,0.654972154,1.42616347,0.156841338,0.303393082,0.761590317,0.976380034,0.109263353,2.564843749,0.109263353
DSS,BCAT1,0.951855263,0.699819196,0.59484155,1.294660745,0.156937057,-0.314408157,0.753211062,0.976289835,0.531589559,0.391352056,0.531589559
DSS,BCL10,0.893485376,0.646478588,0.588390024,1.234868612,0.165099916,-0.682164559,0.495134902,0.975782698,0.219739432,1.506072078,0.219739432
DSS,BCL2,1.389144772,1.034039868,0.832158192,1.866198061,0.150622642,2.18219706,0.029094992,0.975782698,0.462534965,0.539753347,0.462534965
DSS,BCL2A1,0.820504616,0.607560833,0.500522156,1.10808299,0.153302423,-1.29049325,0.196879454,0.975782698,0.706210401,0.14209167,0.706210401
DSS,BCL2L1,1.226752425,0.884806037,0.816043016,1.700849054,0.166715919,1.225859974,0.220251373,0.975782698,0.876232619,0.024257061,0.876232619
DSS,BCL6,0.782895336,0.557060232,0.543224929,1.100285161,0.173638724,-1.409571877,0.158666136,0.975782698,0.012875552,6.186129071,0.012875552
DSS,BCL6B,0.8522364,0.623242211,0.542126355,1.165368566,0.159660448,-1.001446054,0.316611209,0.975782698,0.158920069,1.984472131,0.158920069
DSS,BCOR,0.915193819,0.682127102,0.545766827,1.227893928,0.149961868,-0.590946305,0.554556399,0.975782698,0.560072261,0.339579123,0.560072261
DSS,BDNF,0.81610652,0.587174628,0.547121406,1.134296034,0.16797381,-1.209774272,0.226365521,0.975782698,0.379333465,0.772860892,0.379333465
DSS,BID,0.935287655,0.699598125,0.550781153,1.250379278,0.148139493,-0.451609108,0.651550607,0.975782698,0.604156122,0.268772885,0.604156122
DSS,BIRC3,0.844239452,0.609177898,0.56082557,1.170003468,0.166495828,-1.016957095,0.30917384,0.975782698,0.864411863,0.029159246,0.864411863
DSS,BIRC5,0.929930982,0.70232766,0.528966052,1.231293712,0.143222184,-0.507218269,0.612001678,0.975782698,0.738794546,0.111188973,0.738794546
DSS,BIRC7,0.966318089,0.689733169,0.664081162,1.353814331,0.172037984,-0.19915494,0.842141546,0.979248328,0.531754179,0.39103821,0.531754179
DSS,BLK,0.998886034,0.715444277,0.679176299,1.394620575,0.170277096,-0.006545724,0.994777305,0.997674152,0.864011327,0.029333474,0.864011327
DSS,BLM,1.203867225,0.858340607,0.830145623,1.68848623,0.172601816,1.074954292,0.282395193,0.975782698,0.062380892,3.472925542,0.062380892
DSS,BLVRA,0.678739876,0.485578764,0.46316087,0.948739635,0.170868674,-2.267924914,0.023333784,0.975782698,0.761354498,0.092235252,0.761354498
DSS,BMI1,0.784623882,0.559187492,0.541757442,1.100944934,0.172819323,-1.403493563,0.16046971,0.975782698,0.881940205,0.022055254,0.881940205
DSS,BMP2,1.121481124,0.818651679,0.71767927,1.53633095,0.160588068,0.713939993,0.475264286,0.975782698,0.303800422,1.057437229,0.303800422
DSS,BMP4,0.98557387,0.71162197,0.653366596,1.364988566,0.166164916,-0.087450462,0.93031346,0.987855161,0.843300836,0.039074655,0.843300836
DSS,BMP5,1.203659569,0.843357641,0.874533188,1.717890829,0.1814986,1.021311219,0.307107013,0.975782698,0.507073082,0.440102304,0.507073082
DSS,BMP6,0.905916434,0.673007048,0.546422358,1.219429406,0.151630982,-0.651636049,0.514635987,0.975782698,0.720383243,0.1281258,0.720383243
DSS,BMP7,1.438022635,1.030727536,0.975534087,2.006261623,0.169903174,2.138094255,0.032509094,0.975782698,0.36911716,0.806634421,0.36911716
DSS,BMP8A,1.01441382,0.74084257,0.64816427,1.389006841,0.160348896,0.089248687,0.928884273,0.987855161,0.009095269,6.804023259,0.009095269
DSS,BMPR1B,0.827210079,0.601838925,0.535137244,1.136976169,0.162283005,-1.168924562,0.242434026,0.975782698,0.330301541,0.947715259,0.330301541
DSS,BNIP3,0.7697967,0.566740911,0.478863785,1.045604696,0.156239708,-1.674534784,0.094025544,0.975782698,0.789035916,0.071589819,0.789035916
DSS,BNIP3L,1.050123781,0.751168631,0.716890484,1.468059115,0.170938424,0.286114983,0.774790056,0.976578192,0.659519715,0.194107535,0.659519715
DSS,BRAF,0.889959377,0.645857796,0.580461213,1.226319009,0.163572632,-0.712707621,0.4760267,0.975782698,0.419418784,0.651943217,0.419418784
DSS,BRCA1,1.323437204,0.9443352,0.910393959,1.854729159,0.172200299,1.62736241,0.10366015,0.975782698,0.400855451,0.705758626,0.400855451
DSS,BRCA2,1.117941061,0.769798483,0.853733186,1.623531669,0.190368378,0.585646925,0.558112808,0.975782698,0.001028189,10.7761031,0.001028189
DSS,BRD2,0.961253974,0.720233716,0.562695954,1.28292967,0.147279691,-0.268310065,0.78846066,0.976578192,0.484189658,0.489412127,0.484189658
DSS,BRD3,1.037055027,0.771747531,0.621821072,1.393568604,0.150759304,0.241344917,0.809287801,0.978519651,0.464542276,0.534928207,0.464542276
DSS,BRD4,1.249023411,0.893220381,0.853335692,1.746556073,0.171066366,1.299857943,0.193649662,0.975782698,0.358970121,0.841493001,0.358970121
DSS,BRD7,1.048335304,0.782927661,0.620786837,1.403714498,0.148940724,0.316927968,0.75129826,0.976289835,0.986402968,0.000290436,0.986402968
DSS,BRIP1,1.196129537,0.889991112,0.7175821,1.607573212,0.150836834,1.187315818,0.235103071,0.975782698,0.275465771,1.189324914,0.275465771
DSS,BST1,0.87635726,0.638450173,0.564466014,1.202916186,0.161600012,-0.816716771,0.414090305,0.975782698,0.678799428,0.171480444,0.678799428
DSS,BST2,1.004064847,0.745781954,0.606015594,1.351797548,0.151726572,0.026736302,0.978670058,0.996772012,0.580349018,0.305670749,0.580349018
DSS,BTK,0.890316793,0.644770543,0.584603225,1.229373768,0.164637128,-0.70566059,0.480399235,0.975782698,0.828617041,0.046861686,0.828617041
DSS,BTLA,0.803461634,0.578323273,0.537921963,1.116245236,0.167756362,-1.304426491,0.192088208,0.975782698,0.806829811,0.059788959,0.806829811
DSS,C1orf43,1.008782969,0.749701866,0.607695154,1.35739702,0.151443745,0.057741726,0.953954357,0.987855161,0.370653429,0.801472672,0.370653429
DSS,C1QA,0.94048245,0.684217284,0.608511297,1.292728581,0.162307806,-0.37806124,0.705385101,0.975782698,0.220839122,1.4989102,0.220839122
DSS,C1QB,0.957085157,0.703034829,0.599904881,1.302939711,0.157393676,-0.278682789,0.780488272,0.976578192,0.315548871,1.007306972,0.315548871
DSS,C1QBP,0.741062809,0.506852405,0.576646621,1.083499026,0.193812509,-1.546184485,0.122060019,0.975782698,0.587497735,0.294269028,0.587497735
DSS,C1R,0.996308758,0.739951188,0.601530735,1.341481923,0.151774721,-0.024365527,0.980561045,0.996772012,0.894934135,0.017440745,0.894934135
DSS,C1S,0.970621194,0.7204203,0.587296185,1.307716485,0.152095387,-0.196054639,0.8445674,0.979248328,0.987428719,0.000248265,0.987428719
DSS,C2,0.894799576,0.640776025,0.60874994,1.249525965,0.170370363,-0.652434622,0.514120836,0.975782698,0.914013523,0.011659145,0.914013523
DSS,C3,0.982459727,0.71758024,0.627533604,1.345113844,0.160296098,-0.110395241,0.912095927,0.987855161,0.562400636,0.335564669,0.562400636
DSS,C3AR1,0.92706347,0.680321994,0.582971984,1.263293977,0.157888526,-0.479662768,0.631467206,0.975782698,0.922178917,0.009543223,0.922178917
DSS,C4B,1.001212876,0.746834837,0.595399314,1.342234151,0.149555484,0.008104958,0.99353325,0.997446371,0.93432513,0.006790487,0.93432513
DSS,C4BPA,0.890830856,0.633578767,0.618956284,1.252535051,0.173865564,-0.664885577,0.506123681,0.975782698,0.745164302,0.105639403,0.745164302
DSS,C5,1.074102391,0.786539613,0.680259932,1.466799545,0.158981247,0.44964629,0.652965505,0.975782698,0.872404486,0.025793979,0.872404486
DSS,C5AR1,0.877305683,0.651256679,0.530558856,1.181815535,0.152018935,-0.861075577,0.38919642,0.975782698,0.294850106,1.097342269,0.294850106
DSS,C6,0.942742338,0.671997606,0.650571265,1.322568871,0.172726761,-0.341361525,0.732831436,0.976289835,0.745701747,0.105178349,0.745701747
DSS,C7,0.783445783,0.560854427,0.53352455,1.094378978,0.170533989,-1.431113055,0.152397816,0.975782698,0.869924901,0.026815333,0.869924901
DSS,C8A,0.942085133,0.671670022,0.649699651,1.321369673,0.172619735,-0.345613056,0.729633533,0.975782698,0.776393345,0.080668627,0.776393345
DSS,C8B,0.892021563,0.639400598,0.605050018,1.244450616,0.169880231,-0.672620782,0.501188577,0.975782698,0.798696138,0.065042804,0.798696138
DSS,C8G,1.038151185,0.7383528,0.721325937,1.459678737,0.173867962,0.215344012,0.829499118,0.979248328,0.782209159,0.076419778,0.782209159
DSS,C9,0.853851933,0.60332074,0.6050964,1.208417141,0.177201642,-0.891625376,0.372593764,0.975782698,0.540324893,0.374937943,0.540324893
DSS,CACNA1C,0.927915969,0.68424134,0.574127595,1.258368934,0.155426574,-0.48134691,0.630269962,0.975782698,0.573775943,0.316405359,0.573775943
DSS,CACNA1D,0.880683132,0.619288423,0.6331212,1.252409623,0.179659822,-0.707210909,0.47943542,0.975782698,0.044573465,4.034705084,0.044573465
DSS,CACNA1E,0.90143805,0.646297028,0.611004991,1.257302019,0.169764409,-0.611223272,0.541051779,0.975782698,0.749783475,0.101713081,0.749783475
DSS,CACNA1G,0.867493029,0.64252528,0.528703588,1.171228868,0.15316675,-0.928059139,0.353376894,0.975782698,0.854294686,0.033724209,0.854294686
DSS,CACNA1H,0.937224999,0.703169532,0.546018121,1.249187654,0.146597266,-0.442244938,0.658311971,0.975782698,0.754506272,0.097783203,0.754506272
DSS,CACNA2D1,1.040646403,0.778904706,0.611438589,1.390343295,0.147813242,0.269543248,0.787511666,0.976578192,0.335137644,0.928943355,0.335137644
DSS,CACNA2D2,0.743281199,0.535040282,0.49753046,1.032570742,0.167723694,-1.768866603,0.076916139,0.975782698,0.975156307,0.000969823,0.975156307
DSS,CACNA2D3,1.119192321,0.799663335,0.766735168,1.566398503,0.171519353,0.656528149,0.511484362,0.975782698,0.057657155,3.60352613,0.057657155
DSS,CACNA2D4,0.920254203,0.659990334,0.623161486,1.28315182,0.169607581,-0.489985994,0.62414381,0.975782698,0.86650255,0.02825849,0.86650255
DSS,CACNB3,1.284305978,0.892400614,0.95591932,1.848319935,0.1857476,1.347088619,0.177951693,0.975782698,0.108215402,2.580091571,0.108215402
DSS,CACNB4,0.79614857,0.587149701,0.492391928,1.079541629,0.155363058,-1.46733379,0.142285276,0.975782698,0.210062115,1.570998167,0.210062115
DSS,CACNG1,0.895056967,0.644646749,0.598091191,1.24273794,0.167444339,-0.662118011,0.507895594,0.975782698,0.978284559,0.000740908,0.978284559
DSS,CACNG4,0.892069826,0.661628028,0.541145343,1.202773371,0.15247265,-0.749058072,0.453822204,0.975782698,0.246432025,1.343418399,0.246432025
DSS,CACNG6,0.959429184,0.680609686,0.671860575,1.35247026,0.175181543,-0.236422005,0.813105223,0.978519651,0.929854314,0.007748953,0.929854314
DSS,CALML3,1.285728884,0.932716233,0.839632853,1.772349086,0.163768342,1.534642043,0.124871779,0.975782698,0.429259528,0.624826052,0.429259528
DSS,CALML5,0.860752054,0.61862016,0.579035764,1.197655924,0.168531178,-0.889739166,0.373605958,0.975782698,0.661520291,0.191682101,0.661520291
DSS,CALML6,0.925929388,0.674293987,0.597176984,1.271470971,0.161804901,-0.475617872,0.634346641,0.975782698,0.704066723,0.144275831,0.704066723
DSS,CAMK2B,1.052419727,0.798209427,0.589380402,1.387589828,0.141061924,0.362195645,0.717205833,0.975782698,0.353353069,0.861379026,0.353353069
DSS,CAPN2,0.946669464,0.710015085,0.552187778,1.262202863,0.146769932,-0.373409466,0.708843715,0.975782698,0.603715464,0.269428401,0.603715464
DSS,CARD11,0.96039935,0.692229229,0.640229549,1.332458778,0.167060229,-0.241865413,0.808884451,0.978519651,0.741773965,0.108573589,0.741773965
DSS,CARD9,0.932009554,0.677031875,0.605982767,1.283014642,0.163076829,-0.431773258,0.665906217,0.975782698,0.750466167,0.101139739,0.750466167
DSS,CASP1,0.914100413,0.654987299,0.620731429,1.275718728,0.170066687,-0.528115498,0.597419175,0.975782698,0.580637313,0.305205469,0.580637313
DSS,CASP10,0.921582098,0.674781075,0.583869465,1.25865054,0.159035351,-0.51349221,0.607607059,0.975782698,0.878690181,0.023295872,0.878690181
DSS,CASP12,0.93460743,0.673875056,0.622346018,1.296221074,0.166881569,-0.405249659,0.685294006,0.975782698,0.783210494,0.075700721,0.783210494
DSS,CASP3,0.771540801,0.555955436,0.514769248,1.070724684,0.167197673,-1.551251993,0.120841307,0.975782698,0.275230572,1.190490834,0.275230572
DSS,CASP7,0.771856785,0.553284792,0.523489602,1.076774394,0.169863406,-1.524497033,0.127384598,0.975782698,0.59794024,0.278113698,0.59794024
DSS,CASP8,0.837639826,0.589636304,0.600318375,1.189954679,0.179126911,-0.989058939,0.322634306,0.975782698,0.657358787,0.196747858,0.657358787
DSS,CASP9,1.097539456,0.801397108,0.701718944,1.503116052,0.160446573,0.580073567,0.561865008,0.975782698,0.070006261,3.28287348,0.070006261
DSS,CBL,0.754683534,0.550752241,0.483373801,1.034126043,0.160724099,-1.751179694,0.079914962,0.975782698,0.650636198,0.205098981,0.650636198
DSS,CBLC,0.906969919,0.674435227,0.545243701,1.219678928,0.151142392,-0.646052993,0.518245037,0.975782698,0.284464393,1.145636768,0.284464393
DSS,CCL1,0.867809747,0.628994445,0.568303499,1.197297944,0.164212241,-0.863411724,0.387911136,0.975782698,0.964679659,0.001960891,0.964679659
DSS,CCL11,0.920736849,0.668781974,0.598830459,1.267612433,0.163123489,-0.506248406,0.612682278,0.975782698,0.880668709,0.022536483,0.880668709
DSS,CCL13,0.86878859,0.626827582,0.57732111,1.204148692,0.166548112,-0.84453352,0.39837134,0.975782698,0.9805825,0.000592369,0.9805825
DSS,CCL15,1.155094201,0.859214326,0.69364923,1.552863556,0.150981745,0.954962472,0.339596675,0.975782698,0.242642042,1.365178344,0.242642042
DSS,CCL16,0.890493676,0.643829331,0.587830908,1.231660239,0.165483819,-0.700849659,0.483396844,0.975782698,0.879418827,0.023014709,0.879418827
DSS,CCL18,0.903748491,0.641125587,0.632823467,1.273949054,0.175169414,-0.577750265,0.563432738,0.975782698,0.391567786,0.734067924,0.391567786
DSS,CCL19,0.958898152,0.672542038,0.69463743,1.367179467,0.180983044,-0.231902457,0.816613776,0.978519651,0.68345621,0.16626119,0.68345621
DSS,CCL2,0.866862368,0.626281319,0.573579418,1.199860738,0.165860475,-0.86141716,0.389008328,0.975782698,0.900017659,0.015785168,0.900017659
DSS,CCL21,1.057535146,0.755961799,0.723452353,1.479414152,0.171281362,0.326602179,0.743968795,0.976289835,0.280389926,1.165198958,0.280389926
DSS,CCL24,0.799486797,0.581037939,0.519026439,1.100064378,0.162836647,-1.374292978,0.169350745,0.975782698,0.39386099,0.726988772,0.39386099
DSS,CCL25,0.968259277,0.702303241,0.632627275,1.334930516,0.163847205,-0.196862553,0.843935099,0.979248328,0.966869528,0.001725142,0.966869528
DSS,CCL27,0.954531442,0.679312046,0.661942358,1.341254405,0.173544002,-0.268143494,0.788588868,0.976578192,0.23316556,1.421445908,0.23316556
DSS,CCL28,0.812484854,0.583434976,0.548022108,1.131457084,0.168964464,-1.229004029,0.219070295,0.975782698,0.536407552,0.382238697,0.536407552
DSS,CCL3.L1,0.963866049,0.706793274,0.607647307,1.31444058,0.158275412,-0.232524727,0.816130484,0.978519651,0.185345222,1.754234973,0.185345222
DSS,CCL4,0.876425626,0.647814188,0.537899079,1.185713267,0.154210966,-0.855344049,0.392360708,0.975782698,0.342709787,0.900268273,0.342709787
DSS,CCL5,0.81186173,0.582714203,0.548405419,1.131119621,0.169203719,-1.23180057,0.21802359,0.975782698,0.430585975,0.621242405,0.430585975
DSS,CCL7,0.873958897,0.630502485,0.580918838,1.211421323,0.166592985,-0.808689112,0.418693992,0.975782698,0.954989936,0.003185666,0.954989936
DSS,CCL8,0.798941944,0.582588057,0.513054435,1.095642491,0.16112946,-1.393084772,0.163594157,0.975782698,0.919411168,0.010236476,0.919411168
DSS,CCNA1,0.791468104,0.582444936,0.493058895,1.075503831,0.156459472,-1.494736596,0.134983199,0.975782698,0.020410532,5.376436081,0.020410532
DSS,CCNA2,0.867170173,0.647517229,0.513817289,1.161334518,0.149028164,-0.956329596,0.338905742,0.975782698,0.076602676,3.135547209,0.076602676
DSS,CCNB1,0.811663759,0.591668218,0.52179037,1.113458588,0.161298949,-1.29367932,0.195776211,0.975782698,0.620632466,0.244979638,0.620632466
DSS,CCND1,0.944476841,0.70098927,0.571550184,1.272539454,0.152114319,-0.375534089,0.707263299,0.975782698,0.561611586,0.336921531,0.561611586
DSS,CCND2,0.733616358,0.460418687,0.708502071,1.168920757,0.237682915,-1.303287028,0.192476788,0.975782698,0.641599712,0.216656084,0.641599712
DSS,CCND3,0.893491551,0.586289066,0.775372268,1.361661334,0.214965136,-0.523891469,0.600354029,0.975782698,0.011404817,6.401123421,0.011404817
DSS,CCNE1,0.866241033,0.633975366,0.549625082,1.183600448,0.159264712,-0.901593816,0.367272677,0.975782698,0.635041438,0.225285995,0.635041438
DSS,CCNE2,1.2714408,0.963485457,0.714341329,1.677826786,0.141507004,1.697094413,0.089678812,0.975782698,0.44145583,0.592495275,0.44145583
DSS,CCNO,0.992591027,0.734211522,0.607686443,1.341897965,0.153840357,-0.048339431,0.96144573,0.989605228,0.252921077,1.307096203,0.252921077
DSS,CCR1,0.873525973,0.644338109,0.539896713,1.184234821,0.155265231,-0.870880201,0.383819568,0.975782698,0.689433405,0.159699419,0.689433405
DSS,CCR4,0.822534803,0.596777741,0.536916524,1.133694264,0.16369997,-1.193430178,0.232700942,0.975782698,0.351310606,0.868717493,0.351310606
DSS,CCR5,0.818163278,0.595947239,0.527291709,1.123238947,0.161691637,-1.241210491,0.214528,0.975782698,0.646535984,0.210295384,0.646535984
DSS,CCR6,0.886589891,0.632465815,0.610354928,1.242820743,0.172327834,-0.698510255,0.484858147,0.975782698,0.441498269,0.592385167,0.441498269
DSS,CCR7,0.844312202,0.60794851,0.564622987,1.172571497,0.167570499,-1.009920877,0.3125332,0.975782698,0.835720392,0.043002592,0.835720392
DSS,CCRL2,0.836227066,0.607282041,0.544202211,1.151484251,0.163220783,-1.09578627,0.273172319,0.975782698,0.608932624,0.261732165,0.608932624
DSS,CD14,0.910419556,0.685110512,0.524714404,1.209824916,0.145066639,-0.646942237,0.517669329,0.975782698,0.283769259,1.148949046,0.283769259
DSS,CD160,0.904590974,0.655159335,0.593826656,1.24898599,0.164597113,-0.609199018,0.542392531,0.975782698,0.864796077,0.02899262,0.864796077
DSS,CD163,0.811836199,0.58625346,0.537966792,1.124220253,0.16609814,-1.255021191,0.209471067,0.975782698,0.511566444,0.430861668,0.511566444
DSS,CD164,1.044551836,0.757206218,0.683733531,1.440939749,0.164139534,0.265554113,0.79058263,0.976578192,0.25965187,1.270612165,0.25965187
DSS,CD180,0.822930058,0.607847836,0.506269613,1.114117449,0.154567448,-1.260835111,0.207368261,0.975782698,0.957730601,0.002809174,0.957730601
DSS,CD19,0.861736403,0.63057287,0.547069974,1.177642844,0.159350226,-0.93382894,0.350392139,0.975782698,0.853196691,0.03424026,0.853196691
DSS,CD1A,0.869697973,0.627674236,0.577368954,1.20504319,0.166393208,-0.839032359,0.401451151,0.975782698,0.690387231,0.158666485,0.690387231
DSS,CD1C,0.850237736,0.617351482,0.553625229,1.170976711,0.163307835,-0.993456799,0.320487394,0.975782698,0.770748613,0.084911523,0.770748613
DSS,CD1D,0.832355879,0.606515525,0.535773965,1.14228949,0.161497745,-1.136208996,0.255869107,0.975782698,0.688102474,0.161147236,0.688102474
DSS,CD1E,0.832971418,0.599468985,0.557957672,1.157426657,0.167837314,-1.088887475,0.27620351,0.975782698,0.402445924,0.701005839,0.402445924
DSS,CD2,0.825376025,0.591759866,0.559459781,1.151219646,0.169767482,-1.130465068,0.25828031,0.975782698,0.411953974,0.673154466,0.411953974
DSS,CD200,0.802061151,0.591673072,0.495586294,1.087259366,0.155222553,-1.420994709,0.155318298,0.975782698,0.822939634,0.050071081,0.822939634
DSS,CD207,0.816931087,0.596812966,0.521420786,1.118233752,0.160182009,-1.262317392,0.206834601,0.975782698,0.758362082,0.094637679,0.758362082
DSS,CD209,0.909473238,0.674365325,0.552182867,1.226548192,0.152601571,-0.621813434,0.534064552,0.975782698,0.796886333,0.06624387,0.796886333
DSS,CD22,0.867914891,0.631405365,0.561609932,1.193015297,0.162322159,-0.872718926,0.382816299,0.975782698,0.848173633,0.036652817,0.848173633
DSS,CD24,0.957668617,0.726264547,0.536538633,1.262803181,0.141118648,-0.306504295,0.75922071,0.976289835,0.059959963,3.538491676,0.059959963
DSS,CD244,0.865115255,0.631016145,0.555046067,1.186062211,0.160988311,-0.900018996,0.368110142,0.975782698,0.654000091,0.200894136,0.654000091
DSS,CD247,0.900584809,0.656599941,0.578631661,1.235231602,0.161211852,-0.649523829,0.515999849,0.975782698,0.787882508,0.072393985,0.787882508
DSS,CD27,0.868693922,0.636573501,0.548881326,1.185454827,0.158620749,-0.887427622,0.374848718,0.975782698,0.774904114,0.081776589,0.774904114
DSS,CD274,0.862185079,0.615647491,0.591801774,1.207449265,0.171837551,-0.862938986,0.388171014,0.975782698,0.231304063,1.432824307,0.231304063
DSS,CD276,0.823653939,0.601266487,0.527028247,1.128294734,0.160570411,-1.208222693,0.226961615,0.975782698,0.831682576,0.045174995,0.831682576
DSS,CD28,0.867720994,0.633938832,0.553777844,1.187716676,0.160165064,-0.885867671,0.375688839,0.975782698,0.801860145,0.062971112,0.801860145
DSS,CD300A,0.90102379,0.658086276,0.575557244,1.23364352,0.160306833,-0.65015081,0.515594811,0.975782698,0.421361198,0.646515619,0.421361198
DSS,CD33,0.81999919,0.60018585,0.520131585,1.120317435,0.15921925,-1.246406616,0.212615154,0.975782698,0.859558336,0.031306494,0.859558336
DSS,CD34,0.877205901,0.634213149,0.579085873,1.213299021,0.165491127,-0.791665014,0.428556027,0.975782698,0.075289852,3.163754329,0.075289852
DSS,CD36,0.889042025,0.654204903,0.553972716,1.208177619,0.15649466,-0.751532181,0.452332441,0.975782698,0.626655164,0.236623973,0.626655164
DSS,CD37,0.895046562,0.663428299,0.544099852,1.207528152,0.152785949,-0.725718157,0.468011568,0.975782698,0.567881301,0.326240411,0.567881301
DSS,CD38,0.841494058,0.616172054,0.533039833,1.149211887,0.159009411,-1.085321465,0.277779302,0.975782698,0.721303119,0.12724755,0.721303119
DSS,CD3D,0.849097281,0.618388874,0.547489464,1.165878338,0.161766369,-1.011220792,0.311910767,0.975782698,0.730498048,0.118654822,0.730498048
DSS,CD3E,0.784077086,0.562293146,0.531045588,1.093338734,0.169637818,-1.433925189,0.151593613,0.975782698,0.971717936,0.001256967,0.971717936
DSS,CD3EAP,0.779849513,0.575033841,0.482582633,1.057616474,0.155447794,-1.599600126,0.109687321,0.975782698,0.526363592,0.401406854,0.526363592
DSS,CD4,0.909451543,0.669038576,0.567216161,1.236254737,0.15663553,-0.605951674,0.544546844,0.975782698,0.270344697,1.214997176,0.270344697
DSS,CD40,0.907404328,0.658999053,0.590445255,1.249444308,0.163199958,-0.59538705,0.55158478,0.975782698,0.26721903,1.230967164,0.26721903
DSS,CD44,0.942867105,0.70738927,0.54934223,1.2567315,0.146606896,-0.401276716,0.688216404,0.975782698,0.071201575,3.255100447,0.071201575
DSS,CD46,1.07556459,0.784605442,0.689816128,1.47442157,0.160931545,0.452650374,0.65080052,0.975782698,0.651298925,0.204266428,0.651298925
DSS,CD47,0.800980695,0.522765698,0.704495532,1.22726123,0.217709857,-1.019331127,0.308045791,0.975782698,0.261001845,1.263435251,0.261001845
DSS,CD48,0.839542624,0.615244738,0.530367362,1.1456121,0.158593277,-1.102808609,0.270110289,0.975782698,0.874021253,0.025138976,0.874021253
DSS,CD5,0.819278491,0.601116222,0.515501867,1.116618089,0.157980336,-1.261746999,0.207039839,0.975782698,0.805176256,0.060838039,0.805176256
DSS,CD53,0.884519682,0.64047634,0.581075525,1.221551866,0.164713529,-0.744993528,0.456275633,0.975782698,0.610223194,0.259850046,0.610223194
DSS,CD55,0.95063059,0.693513838,0.60955824,1.303072078,0.160898033,-0.314669703,0.75301245,0.976289835,0.822061471,0.050577465,0.822061471
DSS,CD58,1.170426676,0.825993233,0.832493241,1.658486474,0.177828299,0.884945555,0.376185996,0.975782698,0.447737943,0.576371904,0.447737943
DSS,CD59,0.927781404,0.681760702,0.580820629,1.26258133,0.157205659,-0.476822083,0.633488819,0.975782698,0.036210286,4.387173967,0.036210286
DSS,CD6,0.808437812,0.589146807,0.520206055,1.109352861,0.161446007,-1.317168044,0.187782303,0.975782698,0.907926178,0.013376019,0.907926178
DSS,CD63,0.944056344,0.692488012,0.594526876,1.287014888,0.158112561,-0.364104076,0.715780293,0.975782698,0.599017887,0.276479696,0.599017887
DSS,CD68,0.977440576,0.730230931,0.578108716,1.308339647,0.14876634,-0.153379998,0.878098617,0.987855161,0.195726012,1.673982104,0.195726012
DSS,CD69,0.815042103,0.591596822,0.531285527,1.122882349,0.163479745,-1.25101435,0.210929242,0.975782698,0.733845685,0.115609791,0.733845685
DSS,CD7,0.798175554,0.573342387,0.537833464,1.111175852,0.168801823,-1.335451887,0.181728492,0.975782698,0.91135658,0.012393832,0.91135658
DSS,CD70,0.910177387,0.659792306,0.595788986,1.255581293,0.164143023,-0.573376592,0.566389736,0.975782698,0.78890533,0.071680623,0.78890533
DSS,CD74,0.991233837,0.722037329,0.638757301,1.36079463,0.161673189,-0.054460554,0.956568236,0.987855161,0.185240559,1.755070565,0.185240559
DSS,CD79A,0.923550493,0.68214954,0.568229538,1.250379078,0.154582725,-0.514480548,0.606916057,0.975782698,0.924965797,0.008869961,0.924965797
DSS,CD79B,0.874627443,0.638532385,0.559485415,1.1980178,0.160526226,-0.834488338,0.404005856,0.975782698,0.868450046,0.027432493,0.868450046
DSS,CD80,0.851234771,0.617135553,0.556999741,1.174135295,0.164084275,-0.981613334,0.326290376,0.975782698,0.33323066,0.93630212,0.33323066
DSS,CD81,1.015811925,0.744083888,0.642686991,1.386770879,0.158824203,0.098777256,0.921315127,0.987855161,0.820969964,0.051210604,0.820969964
DSS,CD83,0.81216437,0.578838292,0.560704433,1.139542725,0.172798887,-1.204015464,0.228583602,0.975782698,0.718445426,0.129987089,0.718445426
DSS,CD84,0.899651945,0.660001362,0.566319779,1.22632114,0.158046814,-0.669088578,0.503438976,0.975782698,0.843312204,0.039068912,0.843312204
DSS,CD86,0.803861907,0.588001297,0.510965608,1.098966905,0.159542903,-1.36845813,0.171168719,0.975782698,0.576677292,0.31163716,0.576677292
DSS,CD8A,0.915544152,0.661758627,0.604898218,1.266656845,0.165624325,-0.53275199,0.594205272,0.975782698,0.750803885,0.100856774,0.750803885
DSS,CD8B,0.848785448,0.611291214,0.567257927,1.178549142,0.167468882,-0.978980897,0.327589418,0.975782698,0.730652849,0.118513038,0.730652849
DSS,CD9,0.947313476,0.67490351,0.654772227,1.329675736,0.172993141,-0.312874953,0.754375667,0.976289835,0.167694539,1.90343319,0.167694539
DSS,CD96,0.808235662,0.588470833,0.521600982,1.110071814,0.161904155,-1.314985413,0.188514805,0.975782698,0.924316979,0.009024485,0.924316979
DSS,CD99,0.92744163,0.695034783,0.542526269,1.237561052,0.147180239,-0.5117903,0.60879778,0.975782698,0.022476518,5.208515489,0.022476518
DSS,CDC14A,0.988498813,0.726611166,0.618165722,1.344776888,0.157041638,-0.073660957,0.941280166,0.987855161,0.681605426,0.168324236,0.681605426
DSS,CDC14B,0.888864082,0.639304425,0.596537726,1.235842151,0.168147776,-0.700639323,0.483528132,0.975782698,0.071115045,3.257094126,0.071115045
DSS,CDC20,0.83474452,0.629188614,0.478266921,1.107455535,0.144234609,-1.25233165,0.210449041,0.975782698,0.527083351,0.400011436,0.527083351
DSS,CDC25A,0.880675731,0.638446311,0.576361781,1.214808091,0.16411113,-0.774266739,0.438773068,0.975782698,0.033133385,4.538873756,0.033133385
DSS,CDC25B,0.937298148,0.701055431,0.55209486,1.253150291,0.148173369,-0.437014112,0.662101114,0.975782698,0.211522245,1.560976873,0.211522245
DSS,CDC25C,0.913965937,0.66129449,0.601885148,1.263179638,0.165102034,-0.544887145,0.585831138,0.975782698,0.835389881,0.043178313,0.835389881
DSS,CDC6,1.031849089,0.725919231,0.740790147,1.466709378,0.17942623,0.174737134,0.861286188,0.986782978,0.764476695,0.08976455,0.764476695
DSS,CDC7,1.004903531,0.743794941,0.613879131,1.357674072,0.153513763,0.031863905,0.974580584,0.994714958,0.422945216,0.642117064,0.422945216
DSS,CDH1,1.07411851,0.792745206,0.662615943,1.455361149,0.15497925,0.461354246,0.644544472,0.975782698,0.319906327,0.989329412,0.319906327
DSS,CDH11,0.868402721,0.640873315,0.535838634,1.176711948,0.155014977,-0.91023274,0.362699781,0.975782698,0.435410278,0.60834858,0.435410278
DSS,CDH2,1.051642259,0.768692933,0.67004989,1.438742823,0.159909415,0.314884513,0.752849341,0.976289835,0.801511442,0.063197684,0.801511442
DSS,CDH3,1.113479519,0.828595762,0.667714861,1.496310622,0.150774545,0.712917516,0.4758968,0.975782698,0.856815212,0.032554889,0.856815212
DSS,CDH5,0.866306069,0.629972675,0.561326938,1.191299614,0.162534532,-0.88299393,0.377239551,0.975782698,0.111131999,2.538049445,0.111131999
DSS,CDK1,0.96559898,0.721929704,0.569583009,1.291512712,0.148380707,-0.235924645,0.813491144,0.978519651,0.940871492,0.005501865,0.940871492
DSS,CDK2,0.899992192,0.656507982,0.5772713,1.233779282,0.160947466,-0.654680645,0.512673389,0.975782698,0.923109443,0.00931566,0.923109443
DSS,CDK4,0.777022071,0.549446235,0.549411598,1.098857832,0.176818469,-1.426810933,0.153634399,0.975782698,0.152245617,2.049605675,0.152245617
DSS,CDK6,1.061810663,0.757894628,0.729702516,1.487597144,0.17203711,0.348620268,0.72737441,0.975782698,0.343336522,0.897933123,0.343336522
DSS,CDKN1A,1.218349599,0.902098159,0.743372159,1.645470318,0.153333989,1.288019415,0.197739205,0.975782698,0.966506453,0.001763183,0.966506453
DSS,CDKN1B,1.216895052,0.905806822,0.729015893,1.634822715,0.150631233,1.303199684,0.192506598,0.975782698,0.418989688,0.653147279,0.418989688
DSS,CDKN1C,0.956684921,0.662261939,0.719738118,1.382000057,0.187663114,-0.235961012,0.813462924,0.978519651,0.559255879,0.340994258,0.559255879
DSS,CDKN2A,1.00582072,0.748503903,0.603092685,1.351596588,0.150759253,0.038497439,0.969291073,0.990575209,0.145138392,2.12261665,0.145138392
DSS,CDKN2B,0.934260961,0.687648425,0.581668151,1.269316576,0.156369253,-0.434864761,0.663660594,0.975782698,0.18995421,1.717972718,0.18995421
DSS,CDKN2C,0.880603802,0.651099503,0.539905946,1.191005449,0.154056573,-0.825329721,0.409184423,0.975782698,0.884612572,0.021061122,0.884612572
DSS,CDKN2D,0.885053739,0.64385094,0.572766249,1.216617189,0.162340292,-0.752166405,0.451950994,0.975782698,0.529231676,0.395866598,0.529231676
DSS,CEACAM1,1.03416348,0.739915054,0.70551317,1.445428225,0.170825975,0.196649649,0.844101715,0.979248328,0.788731902,0.071801313,0.788731902
DSS,CEACAM3,0.864814685,0.62000676,0.58627757,1.20628433,0.169791317,-0.855403178,0.392327985,0.975782698,0.838243195,0.041673611,0.838243195
DSS,CEACAM6,1.170986212,0.883003578,0.669887873,1.552891451,0.144019144,1.096009219,0.27307474,0.975782698,0.855618643,0.033107343,0.855618643
DSS,CEACAM8,1.128208681,0.807687995,0.768235922,1.575923917,0.170518734,0.707436271,0.479295403,0.975782698,0.90174715,0.01524103,0.90174715
DSS,CEBPA,0.829799487,0.609822999,0.519303302,1.129126301,0.157153571,-1.187190268,0.235152579,0.975782698,0.96287614,0.002166405,0.96287614
DSS,CEBPB,1.398643432,1.069179862,0.760450043,1.829629905,0.137048906,2.448051576,0.014363109,0.975782698,0.176883711,1.823613853,0.176883711
DSS,CENPF,1.001934461,0.755337367,0.573701429,1.329038795,0.14414723,0.013407072,0.989303024,0.997412066,0.164907649,1.92863693,0.164907649
DSS,CEP55,0.722982915,0.52619341,0.46717573,0.99336914,0.162103359,-2.001005343,0.045391814,0.975782698,0.572984532,0.317714273,0.572984532
DSS,CES3,0.837948477,0.612036409,0.535211762,1.147248171,0.160291131,-1.102984692,0.270033813,0.975782698,0.807853803,0.059144145,0.807853803
DSS,CFB,0.979008548,0.724383532,0.598752206,1.323135737,0.153686182,-0.138040416,0.890208476,0.987855161,0.910094832,0.012750684,0.910094832
DSS,CFD,0.878711813,0.667814256,0.488397136,1.156211392,0.140026507,-0.923384399,0.355806919,0.975782698,0.768498551,0.086635696,0.768498551
DSS,CFI,0.86262043,0.631386336,0.547153591,1.178539927,0.159215596,-0.928178611,0.353314927,0.975782698,0.676694949,0.17387014,0.676694949
DSS,CFP,0.94510433,0.687025337,0.613104579,1.300129917,0.162719394,-0.346977422,0.728608281,0.975782698,0.694795143,0.153943282,0.694795143
DSS,CGAS,0.809850715,0.605584012,0.477433649,1.083017661,0.148296922,-1.422182928,0.154973153,0.975782698,0.349733793,0.874422801,0.349733793
DSS,CHAD,0.937940234,0.678851143,0.617061652,1.295912795,0.164944029,-0.388429027,0.697698566,0.975782698,0.788729025,0.071803316,0.788729025
DSS,CHEK1,0.929248873,0.693480935,0.551691678,1.245172613,0.149315421,-0.491434054,0.623119483,0.975782698,0.184998676,1.757003786,0.184998676
DSS,CHEK2,1.16548972,0.832715517,0.798533403,1.63124892,0.171536096,0.892764628,0.371983233,0.975782698,0.598840895,0.276747642,0.598840895
DSS,CHIT1,0.936518758,0.682547211,0.602444318,1.284991529,0.16139983,-0.406355614,0.684481328,0.975782698,0.696347012,0.152300003,0.696347012
DSS,CHUK,0.779304373,0.56376506,0.513483866,1.077248926,0.165188794,-1.509506671,0.131169352,0.975782698,0.38356992,0.759228976,0.38356992
DSS,CIC,1.120628448,0.838927252,0.657994105,1.496921356,0.147717473,0.770996418,0.440709055,0.975782698,0.739443827,0.110616078,0.739443827
DSS,CKLF,1.186056075,0.850711453,0.802879795,1.653591248,0.169552022,1.006378916,0.314233332,0.975782698,0.309514595,1.032745947,0.309514595
DSS,CLCF1,0.921792982,0.674711022,0.584646352,1.259357374,0.159205059,-0.511507693,0.608995603,0.975782698,0.966815666,0.001730759,0.966815666
DSS,CLEC14A,1.014000728,0.739633276,0.65051169,1.390144967,0.160974596,0.086371535,0.931171074,0.987855161,0.234496497,1.413377625,0.234496497
DSS,CLEC4A,0.885015468,0.638875901,0.587109266,1.225985167,0.166275961,-0.734623066,0.462569086,0.975782698,0.884583512,0.021071806,0.884583512
DSS,CLEC4C,0.882058956,0.636330331,0.586349092,1.222679423,0.166605654,-0.753254041,0.45129727,0.975782698,0.579367756,0.307257878,0.579367756
DSS,CLEC4E,0.899730657,0.651195891,0.59192506,1.243120951,0.164944329,-0.640578743,0.521796414,0.975782698,0.863877944,0.029391613,0.863877944
DSS,CLEC5A,0.880231892,0.641406576,0.566576339,1.207982914,0.161493706,-0.789937237,0.429564423,0.975782698,0.715687841,0.132661957,0.715687841
DSS,CLEC6A,0.829734796,0.60257459,0.539955885,1.142530475,0.163214565,-1.143581467,0.252797251,0.975782698,0.6874347,0.161876514,0.6874347
DSS,CLEC7A,0.944534253,0.673545528,0.651004807,1.324550336,0.172521721,-0.330760246,0.740825591,0.976289835,0.964293962,0.00200398,0.964293962
DSS,CLECL1,0.858747914,0.624326837,0.556862145,1.181188981,0.162656768,-0.936203678,0.34916833,0.975782698,0.673930584,0.1770387,0.673930584
DSS,CLU,1.127244278,0.822794183,0.721552738,1.544346921,0.16062803,0.74567286,0.455865058,0.975782698,0.341803592,0.903654873,0.341803592
DSS,CMA1,0.843340611,0.6123413,0.549140683,1.161481983,0.163309693,-1.043320532,0.296799865,0.975782698,0.85284439,0.034406697,0.85284439
DSS,CMKLR1,0.755352093,0.511454621,0.60410238,1.115557001,0.198945045,-1.410295443,0.158452463,0.975782698,0.714774355,0.133554847,0.714774355
DSS,CMTM4,1.071117373,0.794270747,0.650189383,1.444460131,0.152570794,0.450298356,0.652495324,0.975782698,0.903947645,0.014562704,0.903947645
DSS,CMTM6,0.762266832,0.545604451,0.519362524,1.064966976,0.170616605,-1.591044502,0.111599561,0.975782698,0.813641976,0.055568763,0.813641976
DSS,CNOT2,1.016496399,0.698922575,0.779445656,1.47836823,0.191114288,0.085612709,0.931774295,0.987855161,0.151414581,2.057941659,0.151414581
DSS,CNTFR,0.776449528,0.560918131,0.513880198,1.074798329,0.165899314,-1.525163856,0.127218233,0.975782698,0.991497724,0.000113555,0.991497724
DSS,COL11A1,0.77423015,0.55521775,0.524416907,1.079634657,0.169650465,-1.508313566,0.131474293,0.975782698,0.835016242,0.043377413,0.835016242
DSS,COL11A2,0.835689384,0.604142452,0.551837804,1.155980256,0.165537213,-1.084337968,0.278214977,0.975782698,0.93934913,0.005789375,0.93934913
DSS,COL17A1,0.839454878,0.613467684,0.535222803,1.148690487,0.160015766,-1.093658183,0.274104921,0.975782698,0.928150388,0.008131023,0.928150388
DSS,COL1A1,1.011804374,0.761320238,0.583380767,1.344701006,0.145123301,0.080863965,0.935550138,0.987855161,0.504148088,0.446193661,0.504148088
DSS,COL1A2,0.993643599,0.738222186,0.599217438,1.337439624,0.151601636,-0.042062136,0.966449164,0.989914102,0.279129296,1.171324315,0.279129296
DSS,COL24A1,0.820361935,0.588663091,0.554594768,1.143257858,0.169335565,-1.169332926,0.242269522,0.975782698,0.295649666,1.093714468,0.295649666
DSS,COL27A1,0.947582393,0.700540904,0.581200657,1.281741561,0.154115656,-0.349357026,0.726821291,0.975782698,0.231077267,1.434218145,0.231077267
DSS,COL2A1,0.960773349,0.692799331,0.63960009,1.332399421,0.166838851,-0.23985269,0.810444458,0.978519651,0.707799469,0.140484862,0.707799469
DSS,COL3A1,1.021247904,0.772637962,0.577214533,1.349852495,0.142334253,0.147717886,0.882565416,0.987855161,0.673980332,0.17698138,0.673980332
DSS,COL4A4,0.819426851,0.599949605,0.519245005,1.11919461,0.159063879,-1.252013636,0.210564895,0.975782698,0.967788778,0.001630686,0.967788778
DSS,COL4A5,1.115359079,0.78016845,0.814392153,1.594560604,0.182361421,0.598681434,0.54938534,0.975782698,0.348079176,0.880447376,0.348079176
DSS,COL4A6,1.020588342,0.699318037,0.790133842,1.489451879,0.192875441,0.105660249,0.91585192,0.987855161,0.085136423,2.964012551,0.085136423
DSS,COL5A1,1.047253763,0.782843799,0.618125905,1.400969704,0.148468732,0.310983153,0.755813429,0.976289835,0.4574456,0.552137563,0.4574456
DSS,COL5A2,0.970852652,0.72350668,0.579252367,1.302759047,0.150035884,-0.197156637,0.843704963,0.979248328,0.312298467,1.02093019,0.312298467
DSS,COL6A3,1.030833281,0.778415545,0.586687273,1.365102818,0.143299707,0.2119159,0.832172646,0.979248328,0.283212405,1.151609852,0.283212405
DSS,COL6A6,1.003350104,0.714181581,0.695419925,1.409601506,0.173453462,0.019281859,0.984616256,0.996772012,0.371366131,0.799088172,0.371366131
DSS,COLEC12,0.822687162,0.608589999,0.503512018,1.112102017,0.153794257,-1.269093362,0.204407767,0.975782698,0.63693238,0.222776605,0.63693238
DSS,COMP,1.074159167,0.788392386,0.675114793,1.463507179,0.157807771,0.45332486,0.650314834,0.975782698,0.957935902,0.002781927,0.957935902
DSS,COX4I1,0.979095389,0.725098415,0.596967339,1.322065753,0.153228164,-0.137874168,0.890339866,0.987855161,0.700394217,0.148062089,0.700394217
DSS,COX5B,0.864690708,0.647041437,0.508510554,1.155551991,0.147942281,-0.982703508,0.325753384,0.975782698,0.998946197,1.74E-06,0.998946197
DSS,COX6A1,0.954389021,0.713226039,0.563870356,1.277096395,0.14861139,-0.314134144,0.753419158,0.976289835,0.856923561,0.032505102,0.856923561
DSS,COX6B1,0.971614789,0.718148533,0.59639192,1.314540453,0.154228854,-0.186708646,0.851889076,0.98321246,0.816810742,0.053661202,0.816810742
DSS,CPA3,0.992225139,0.711589996,0.671946495,1.383536491,0.169619514,-0.046016186,0.963297349,0.989914102,0.696355909,0.152290611,0.696355909
DSS,CPSF7,1.133466809,0.820875762,0.744217355,1.565093118,0.164627726,0.760995194,0.446659938,0.975782698,0.385786096,0.752182567,0.385786096
DSS,CR1,0.941227687,0.673269071,0.642563775,1.315832846,0.170941924,-0.354332071,0.723090035,0.975782698,0.603489151,0.269765454,0.603489151
DSS,CR2,0.910243987,0.648961586,0.627761309,1.276722895,0.17262519,-0.544779116,0.585905443,0.975782698,0.835111745,0.043326477,0.835111745
DSS,CRABP2,0.998458398,0.732109994,0.629596829,1.361706822,0.158309909,-0.009745385,0.992224431,0.997437519,0.406116113,0.690141919,0.406116113
DSS,CREB1,1.195823576,0.861611205,0.798063155,1.65967436,0.167240972,1.069326082,0.284922762,0.975782698,0.07750709,3.116415862,0.07750709
DSS,CREB3L1,1.044528699,0.775725169,0.630752599,1.406477768,0.151800118,0.286994365,0.774116635,0.976578192,0.577496766,0.310298999,0.577496766
DSS,CREB3L3,0.962733597,0.697048469,0.632638087,1.329686556,0.164759041,-0.230509621,0.817695789,0.978519651,0.662589093,0.190393764,0.662589093
DSS,CREB3L4,1.101859421,0.822785897,0.652803547,1.475589444,0.149012125,0.650947942,0.515080092,0.975782698,0.604113707,0.268835937,0.604113707
DSS,CREB5,0.965875626,0.70756642,0.6109186,1.31848502,0.158780249,-0.218668284,0.826908457,0.979248328,0.691180689,0.157810176,0.691180689
DSS,CREBBP,0.940338224,0.70147842,0.55905355,1.26053197,0.149517791,-0.411426996,0.680759462,0.975782698,0.867565465,0.027806112,0.867565465
DSS,CRLF2,0.881646966,0.635627251,0.587261434,1.222888685,0.166931334,-0.754583128,0.45049915,0.975782698,0.853922814,0.033898533,0.853922814
DSS,CRP,0.902113155,0.648601196,0.606111482,1.254712678,0.168330605,-0.611982107,0.540549596,0.975782698,0.272709284,1.203068306,0.272709284
DSS,CSF1,0.935017894,0.666660431,0.644739531,1.311399961,0.172597483,-0.389285001,0.69706533,0.975782698,0.508493312,0.437166361,0.508493312
DSS,CSF1R,0.841516456,0.60715013,0.559200516,1.166350646,0.166548712,-1.036031486,0.300187454,0.975782698,0.779346417,0.078495715,0.779346417
DSS,CSF2RB,0.961365374,0.695841926,0.632366894,1.32820882,0.164917328,-0.238912069,0.811173767,0.978519651,0.55983458,0.339990718,0.55983458
DSS,CSF3,0.950187453,0.69405252,0.606794564,1.300847084,0.160263991,-0.318823925,0.749860035,0.976289835,0.94335876,0.00504796,0.94335876
DSS,CSF3R,0.925020861,0.660105585,0.636147036,1.29625262,0.172154434,-0.452727165,0.650745216,0.975782698,0.977938493,0.000764717,0.977938493
DSS,CST2,1.315839293,0.937115909,0.910502968,1.847618877,0.173178187,1.584926557,0.112983022,0.975782698,0.158766414,1.985936394,0.158766414
DSS,CT45A1,0.918921326,0.635025783,0.694709835,1.329735619,0.188541683,-0.448467244,0.653816021,0.975782698,0.958139591,0.002755025,0.958139591
DSS,CTAG1B,0.921263289,0.662153023,0.619614209,1.281767232,0.168497579,-0.486709728,0.62646405,0.975782698,0.990631929,0.000137861,0.990631929
DSS,CTAGE1,0.955924363,0.695399796,0.618652052,1.314051848,0.162345771,-0.277657294,0.781275447,0.976578192,0.373233337,0.792871235,0.373233337
DSS,CTCFL,0.954708242,0.678920873,0.663603513,1.342524386,0.173932381,-0.26647994,0.789869606,0.976578192,0.255535241,1.292785562,0.255535241
DSS,CTLA4,0.891950127,0.643585593,0.592574814,1.236160407,0.166510809,-0.686712534,0.492263897,0.975782698,0.707143031,0.141147364,0.707143031
DSS,CTNNB1,0.989555259,0.733452564,0.601629837,1.335082401,0.152805197,-0.06871278,0.945218245,0.987855161,0.858169779,0.031935279,0.858169779
DSS,CTSG,0.939918646,0.680158719,0.618724965,1.298883684,0.16503729,-0.375442143,0.707331668,0.975782698,0.802579333,0.062505183,0.802579333
DSS,CTSH,1.0272212,0.778085644,0.578041928,1.356127572,0.141725039,0.189502807,0.849698755,0.98321246,0.358614297,0.842740024,0.358614297
DSS,CTSL,1.034104345,0.801450982,0.532843718,1.3342947,0.130036651,0.257894102,0.796488637,0.976578192,0.238190641,1.391270611,0.238190641
DSS,CTSS,0.963329043,0.710648081,0.59520621,1.305854291,0.155215962,-0.240698439,0.809788849,0.978519651,0.374308969,0.7893096,0.374308969
DSS,CTSW,0.94385177,0.673696046,0.648645342,1.322341388,0.172038922,-0.335889968,0.736953842,0.976289835,0.926878754,0.008422201,0.926878754
DSS,CUL1,1.050587815,0.733225629,0.772088304,1.505313934,0.183499106,0.268937718,0.787977611,0.976578192,0.017605517,5.634982898,0.017605517
DSS,CX3CL1,0.957507874,0.689251937,0.640916728,1.330168665,0.167720982,-0.258890295,0.795719886,0.976578192,0.967512717,0.001658772,0.967512717
DSS,CXADR,1.373543146,0.970409948,0.973738275,1.944148223,0.177263619,1.790517652,0.073370732,0.975782698,0.095819479,2.773782717,0.095819479
DSS,CXCL1,1.058428047,0.760886695,0.711434925,1.47232162,0.168398837,0.337204427,0.735962801,0.976289835,0.909268616,0.012987136,0.909268616
DSS,CXCL10,0.837941147,0.570308362,0.660859568,1.23116793,0.196315172,-0.900630396,0.367784868,0.975782698,0.819248349,0.052217663,0.819248349
DSS,CXCL11,0.942887517,0.679290287,0.629482834,1.308773121,0.167298194,-0.351517755,0.725199955,0.975782698,0.850924941,0.035320842,0.850924941
DSS,CXCL12,0.762820066,0.560207336,0.478505327,1.038712663,0.157510661,-1.718823976,0.085646428,0.975782698,0.977981891,0.000761711,0.977981891
DSS,CXCL13,0.849427433,0.604325364,0.589612551,1.193937915,0.173702059,-0.939498156,0.347475039,0.975782698,0.401091191,0.705052439,0.401091191
DSS,CXCL14,1.051005114,0.777870118,0.642176398,1.420046516,0.153545,0.323989435,0.745946033,0.976289835,0.499957952,0.455025677,0.499957952
DSS,CXCL16,0.916376493,0.68032316,0.554010648,1.234333808,0.151971863,-0.574632555,0.56553983,0.975782698,0.418541715,0.654406269,0.418541715
DSS,CXCL2,1.037954916,0.728458493,0.750487003,1.478945496,0.18065484,0.206207317,0.836628972,0.979248328,0.828511886,0.046920118,0.828511886
DSS,CXCL8,0.85680853,0.618431811,0.568636582,1.187068393,0.166343637,-0.929045484,0.352865515,0.975782698,0.668428653,0.183445675,0.668428653
DSS,CXCL9,0.863723387,0.600480769,0.641887226,1.242367996,0.185473789,-0.789883657,0.429595717,0.975782698,0.981791158,0.000520907,0.981791158
DSS,CXCR1,0.92989193,0.661364677,0.646081927,1.307446604,0.173861859,-0.418072742,0.675893934,0.975782698,0.658507588,0.195341545,0.658507588
DSS,CXCR3,0.939267914,0.669792086,0.647369214,1.3171613,0.172520217,-0.363172055,0.716476362,0.975782698,0.635335918,0.224894072,0.635335918
DSS,CXCR4,1.075762352,0.796827863,0.655511709,1.452339573,0.15313862,0.476885421,0.633443714,0.975782698,0.265251893,1.241137758,0.265251893
DSS,CXCR5,0.961093787,0.695485008,0.632654716,1.328139724,0.165034941,-0.240453818,0.809978461,0.978519651,0.975347543,0.000954945,0.975347543
DSS,CXXC4,0.917793006,0.68464926,0.545679979,1.230329238,0.149525811,-0.573702939,0.566168839,0.975782698,0.050186703,3.835210026,0.050186703
DSS,CXXC5,0.817090537,0.599300419,0.514726744,1.114027163,0.158159487,-1.277225779,0.201522548,0.975782698,0.710714613,0.137564223,0.710714613
DSS,CYBB,0.86799008,0.619474852,0.596727511,1.216202363,0.172099172,-0.822636109,0.410714958,0.975782698,0.860358691,0.030946996,0.860358691
DSS,CYFIP2,1.003417846,0.750034443,0.592367074,1.342401517,0.148496692,0.022977066,0.981668567,0.996772012,0.403705746,0.697260481,0.403705746
DSS,CYLD,0.785656599,0.57366303,0.50232803,1.07599106,0.16045072,-1.503486424,0.132713655,0.975782698,0.725492675,0.123290543,0.725492675
DSS,CYP19A1,0.94701411,0.695590416,0.593725401,1.289315817,0.157427887,-0.345817293,0.729480028,0.975782698,0.412172078,0.672526675,0.412172078
DSS,CYP4A11.22,0.871852948,0.613127359,0.626627403,1.239754762,0.179619675,-0.763471524,0.445182239,0.975782698,0.512035329,0.429905486,0.512035329
DSS,DAB2,0.913995205,0.672083231,0.570898586,1.242981816,0.156861626,-0.573307546,0.566436477,0.975782698,0.317672583,0.99850476,0.317672583
DSS,DAXX,0.822602683,0.62285025,0.463566869,1.086417119,0.141924647,-1.37595524,0.168835491,0.975782698,0.70230119,0.146089035,0.70230119
DSS,DDB2,1.079900139,0.809569546,0.630929687,1.440499233,0.147003298,0.522903728,0.60104125,0.975782698,0.207893446,1.586035636,0.207893446
DSS,DDIT3,1.22570609,0.954783725,0.618719657,1.573503382,0.127444948,1.596901888,0.110287579,0.975782698,0.980246031,0.00061308,0.980246031
DSS,DDIT4,1.063440827,0.783708808,0.659309798,1.443018606,0.155731157,0.394973716,0.692862286,0.975782698,0.812546784,0.056236234,0.812546784
DSS,DDX43,0.851784406,0.623924802,0.538934363,1.162859165,0.158831285,-1.010014045,0.312488561,0.975782698,0.878118907,0.023517532,0.878118907
DSS,DDX58,1.214492851,0.816118638,0.991207914,1.807326552,0.202821139,0.958117994,0.338003263,0.975782698,0.715086095,0.133249754,0.715086095
DSS,DEFB1,1.175854144,0.896746493,0.645086097,1.54183259,0.138256055,1.171701415,0.241316955,0.975782698,0.101930615,2.675073585,0.101930615
DSS,DEFB134,0.957521404,0.700638814,0.607948749,1.308587563,0.159368012,-0.272370872,0.785336867,0.976578192,0.893296687,0.017991905,0.893296687
DSS,DEPTOR,1.104398852,0.790551153,0.752292493,1.542843646,0.170577663,0.582146336,0.560468116,0.975782698,0.298392835,1.081363037,0.298392835
DSS,DGLUCY,1.050698886,0.76209493,0.686501703,1.448596633,0.163849796,0.301834667,0.762778102,0.976380034,0.279071115,1.171607858,0.279071115
DSS,DIPK2B,0.944058552,0.667652553,0.66724319,1.334895742,0.17674829,-0.325700969,0.744650611,0.976289835,0.518487575,0.416900749,0.518487575
DSS,DKK2,0.90070103,0.648053409,0.603791476,1.251844885,0.167962407,-0.622650619,0.53351414,0.975782698,0.719295743,0.129168487,0.719295743
DSS,DKK4,1.154827,0.801477447,0.86248129,1.663958737,0.186354953,0.772453575,0.439845833,0.975782698,0.663281634,0.189561733,0.663281634
DSS,DLL1,0.793010833,0.569958456,0.533395965,1.10335442,0.168509938,-1.376289134,0.168732136,0.975782698,0.14511583,2.122854811,0.14511583
DSS,DLL3,0.994886333,0.721276257,0.651011833,1.372288089,0.164087847,-0.031244157,0.975074825,0.994714958,0.67331281,0.177751407,0.67331281
DSS,DLL4,0.972963667,0.718336836,0.599510516,1.317847351,0.154802921,-0.177054405,0.859465655,0.985377535,0.764696475,0.089592008,0.764696475
DSS,DMBT1,1.24549844,0.887971526,0.859006072,1.746977598,0.17263144,1.271702321,0.203478906,0.975782698,0.694631629,0.15411702,0.694631629
DSS,DNAJC14,0.818369448,0.614607252,0.475078157,1.089685408,0.146089641,-1.37204387,0.170049781,0.975782698,0.524571436,0.404896182,0.524571436
DSS,DNMT1,1.205233865,0.872009602,0.793784751,1.665794353,0.165119601,1.130535842,0.258250505,0.975782698,0.188818676,1.726810992,0.188818676
DSS,DNMT3A,1.051449743,0.78394517,0.626289378,1.410234548,0.149791588,0.334931492,0.737676766,0.976289835,0.285230109,1.142000024,0.285230109
DSS,DOCK9,0.937727356,0.675011561,0.627681081,1.302692642,0.167722175,-0.383348461,0.701461412,0.975782698,0.566223609,0.329042219,0.566223609
DSS,DPP4,0.840707251,0.608871495,0.551945995,1.160817491,0.164613365,-1.054056433,0.291857081,0.975782698,0.812032646,0.056551031,0.812032646
DSS,DSC3,0.967417248,0.710331882,0.607215809,1.317547691,0.157603706,-0.210181541,0.833525986,0.979248328,0.848578178,0.036455365,0.848578178
DSS,DSP,1.194120139,0.885308788,0.725341559,1.610650347,0.152670362,1.16204368,0.245217723,0.975782698,0.285882717,1.138910242,0.285882717
DSS,DST,1.022226705,0.756459382,0.624906836,1.381366218,0.153620032,0.143101727,0.886209841,0.987855161,0.325577154,0.966409981,0.325577154
DSS,DTX1,1.056660654,0.753372073,0.728673488,1.482045561,0.172610142,0.31929531,0.749502589,0.976289835,0.346761032,0.885274729,0.346761032
DSS,DTX3,1.073185557,0.790212527,0.667277959,1.457490486,0.156168548,0.452276609,0.651069725,0.975782698,0.983458154,0.000429883,0.983458154
DSS,DTX3L,0.837660256,0.580479397,0.628305462,1.208784859,0.187125014,-0.94665421,0.34381501,0.975782698,0.200111676,1.641559187,0.200111676
DSS,DTX4,0.93020024,0.681124183,0.589235184,1.270359367,0.159010693,-0.455034835,0.649084178,0.975782698,0.902657782,0.014958417,0.902657782
DSS,DUOX1,0.832606609,0.593301777,0.575131881,1.168433658,0.172889965,-1.05959884,0.289327142,0.975782698,0.038979205,4.261773588,0.038979205
DSS,DUSP1,1.058014442,0.790197102,0.6264046,1.416601702,0.148914396,0.378700683,0.704910146,0.975782698,0.115621432,2.475652771,0.115621432
DSS,DUSP10,0.976145367,0.712859881,0.623812026,1.336671908,0.160373679,-0.15054691,0.880333143,0.987855161,0.821222292,0.051063871,0.821222292
DSS,DUSP2,0.830601419,0.581880847,0.603754872,1.18563572,0.181576981,-1.022184853,0.306693418,0.975782698,0.948806579,0.004122349,0.948806579
DSS,DUSP4,0.780283902,0.570786853,0.495886219,1.066673073,0.159514143,-1.555331984,0.119867024,0.975782698,0.357700979,0.845948644,0.357700979
DSS,DUSP5,1.055653205,0.764326934,0.693692715,1.45801965,0.164757815,0.328723265,0.742364868,0.976289835,0.992853999,8.02E-05,0.992853999
DSS,DUSP6,0.978592668,0.635954535,0.869882057,1.505836592,0.219896087,-0.098409173,0.921607391,0.987855161,0.338223709,0.917152639,0.338223709
DSS,DUSP8,1.153997231,0.828300067,0.779462219,1.607762286,0.16919268,0.846560081,0.397240372,0.975782698,0.168599873,1.895348695,0.168599873
DSS,E2F1,1.396976088,0.979010659,1.014371306,1.993381965,0.181392472,1.843020053,0.065326083,0.975782698,0.156995487,2.002929876,0.156995487
DSS,E2F3,0.942941478,0.701296351,0.566553722,1.267850074,0.15106077,-0.388923331,0.697332863,0.975782698,0.857856696,0.032077944,0.857856696
DSS,E2F4,0.98500481,0.715329894,0.641015597,1.35634549,0.163218661,-0.092567568,0.92624711,0.987855161,0.36467583,0.821726606,0.36467583
DSS,E2F5,1.010108218,0.743897061,0.627688695,1.371585756,0.156079442,0.064438157,0.948621348,0.987855161,0.108820506,2.571267546,0.108820506
DSS,EBI3,0.925776866,0.682234665,0.57402341,1.256258075,0.155747535,-0.495173413,0.620477716,0.975782698,0.613102937,0.255681112,0.613102937
DSS,ECSIT,1.2173054,0.885416092,0.788183981,1.673600073,0.16241998,1.21068681,0.22601546,0.975782698,0.427591294,0.62935693,0.427591294
DSS,EDN1,0.982945357,0.707499347,0.65812958,1.365628927,0.167766768,-0.102533706,0.91833306,0.987855161,0.470136668,0.521654742,0.470136668
DSS,EFNA1,1.354707535,0.979101496,0.895303266,1.874404761,0.165669146,1.832481169,0.066879765,0.975782698,0.248078429,1.334092677,0.248078429
DSS,EFNA2,0.87110139,0.642643409,0.538132153,1.180775562,0.155190801,-0.889208003,0.373891302,0.975782698,0.997151491,1.27E-05,0.997151491
DSS,EFNA3,0.985382263,0.704114082,0.674892858,1.379006939,0.171477263,-0.085875109,0.931565698,0.987855161,0.336591308,0.923371398,0.336591308
DSS,EFNA5,1.023581207,0.715662729,0.748320856,1.463983585,0.182581793,0.127654929,0.89842206,0.987855161,0.422748177,0.642662865,0.422748177
DSS,EGFR,1.257549122,0.886559382,0.897223889,1.783783271,0.178356265,1.2848704,0.198837576,0.975782698,0.639649353,0.219201051,0.639649353
DSS,EGR1,0.975025685,0.730219397,0.571683963,1.30190336,0.147512293,-0.171453271,0.863867371,0.987425028,0.06904109,3.305672271,0.06904109
DSS,EGR2,0.916238515,0.662650928,0.60421973,1.266870658,0.165323635,-0.529135233,0.596711642,0.975782698,0.455390757,0.557199636,0.455390757
DSS,EHHADH,0.815639384,0.60271695,0.501064195,1.103781144,0.154352144,-1.320246991,0.186752567,0.975782698,0.247650585,1.336508817,0.247650585
DSS,EIF2AK2,1.137590071,0.806507774,0.798078335,1.604586109,0.175489855,0.734584073,0.462592841,0.975782698,0.65466687,0.200066877,0.65466687
DSS,EIF2B4,0.864465576,0.642101371,0.521734695,1.163836066,0.151719776,-0.959952604,0.337079069,0.975782698,0.669709121,0.181942563,0.669709121
DSS,EIF4EBP1,1.19274024,0.865093608,0.779386556,1.644480165,0.163865737,1.075596313,0.282107837,0.975782698,0.364736381,0.821519134,0.364736381
DSS,EIF5AL1,0.967199432,0.668759276,0.730062057,1.398821333,0.188258839,-0.177152726,0.859388427,0.985377535,0.815532315,0.054426573,0.815532315
DSS,ELANE,0.902896938,0.663421092,0.565395554,1.228816646,0.157247019,-0.649594919,0.515953916,0.975782698,0.436441601,0.605620367,0.436441601
DSS,ELK1,0.804968509,0.579525801,0.538585421,1.118111222,0.167652557,-1.29405793,0.195645412,0.975782698,0.369985766,0.803712298,0.369985766
DSS,ELMO1,0.758964303,0.572057374,0.434881509,1.006938883,0.144245229,-1.912025349,0.055872943,0.975782698,0.805842189,0.060414381,0.805842189
DSS,ELOB,0.866820831,0.637017016,0.542509329,1.179526345,0.157164078,-0.909387053,0.363145854,0.975782698,0.857230558,0.032364247,0.857230558
DSS,ENDOG,0.984096608,0.709081284,0.656694625,1.365775909,0.167224453,-0.095866407,0.923626675,0.987855161,0.243750854,1.358769489,0.243750854
DSS,ENG,1.078202697,0.80117578,0.64984294,1.45101872,0.151518289,0.496939909,0.619231427,0.975782698,0.118600653,2.435703812,0.118600653
DSS,ENO1,1.190706124,0.900986687,0.672600463,1.573587151,0.142253282,1.227012201,0.219818005,0.975782698,0.648775899,0.2074469,0.648775899
DSS,ENTPD1,0.907637609,0.661499427,0.583862238,1.245361666,0.161398921,-0.600438275,0.548214186,0.975782698,0.691880055,0.157057636,0.691880055
DSS,EP300,0.936650049,0.676056249,0.621636534,1.297692783,0.166346655,-0.393428691,0.694002882,0.975782698,0.827839389,0.047294705,0.827839389
DSS,EPCAM,1.183889051,0.862364116,0.762927638,1.625291754,0.161677723,1.044082152,0.296447383,0.975782698,0.270196884,1.215747197,0.270196884
DSS,EPHA2,1.029379645,0.754039182,0.651222611,1.405261793,0.158812755,0.18233003,0.855323734,0.983842926,0.66345391,0.189355093,0.66345391
DSS,EPM2AIP1,1.021421207,0.771804701,0.579963797,1.351768499,0.14297137,0.148246448,0.882148277,0.987855161,0.401167561,0.704823794,0.401167561
DSS,EPO,0.934401398,0.664092812,0.650642052,1.314734864,0.17422983,-0.389423388,0.696962973,0.975782698,0.832904865,0.044511486,0.832904865
DSS,EPOR,1.233801983,0.891997777,0.814584204,1.706581981,0.165509206,1.269418481,0.204291848,0.975782698,0.677056786,0.173457883,0.677056786
DSS,ERBB2,1.067518411,0.822328771,0.563486242,1.385815014,0.133141075,0.490732954,0.623615336,0.975782698,0.439523014,0.597527345,0.439523014
DSS,ERCC2,0.877193288,0.639984152,0.562339473,1.202323625,0.160862115,-0.814535564,0.415338207,0.975782698,0.263765221,1.248886686,0.263765221
DSS,ERCC3,0.831178209,0.61339203,0.512897816,1.126289846,0.155023239,-1.19279572,0.232949387,0.975782698,0.08140135,3.03669782,0.08140135
DSS,ERCC6,0.906610393,0.655505818,0.598399763,1.253905581,0.165465093,-0.59252665,0.55349798,0.975782698,0.400700221,0.706223967,0.400700221
DSS,ERG,0.844061968,0.600074111,0.587180251,1.187254362,0.174070927,-0.973909704,0.330101375,0.975782698,0.820453683,0.051511521,0.820453683
DSS,ERO1A,1.103859293,0.840950551,0.608011386,1.448961937,0.13879587,0.711926714,0.476510158,0.975782698,0.310913543,1.026791085,0.310913543
DSS,ESR1,0.926210708,0.665609599,0.623233406,1.288843006,0.168573732,-0.454718077,0.649312074,0.975782698,0.905694981,0.014035226,0.905694981
DSS,ESR2,0.946065247,0.69212725,0.601044566,1.293171815,0.159462988,-0.34769034,0.728072752,0.975782698,0.803075923,0.062184536,0.803075923
DSS,ETS1,0.846751258,0.59263116,0.617206832,1.209837992,0.182061897,-0.913690917,0.360879278,0.975782698,0.37842232,0.775820876,0.37842232
DSS,ETS2,1.087288444,0.79613735,0.688777483,1.484914833,0.159018477,0.52627174,0.598699415,0.975782698,0.993558994,6.52E-05,0.993558994
DSS,ETV1,0.871852486,0.616261425,0.617187118,1.233448543,0.177018037,-0.774695277,0.438519742,0.975782698,0.040789627,4.184733429,0.040789627
DSS,ETV4,0.75206323,0.526414945,0.548020928,1.074435873,0.182008769,-1.565500821,0.117465525,0.975782698,0.115573504,2.476304696,0.115573504
DSS,ETV7,0.948370399,0.681479474,0.638305565,1.319785039,0.168614838,-0.314385951,0.753227925,0.976289835,0.751363354,0.100388969,0.751363354
DSS,EWSR1,1.143270131,0.812815077,0.795258677,1.608073754,0.174056435,0.76924873,0.441745667,0.975782698,0.610214245,0.259863067,0.610214245
DSS,EXO1,1.001753628,0.721117573,0.670486749,1.391604322,0.167709805,0.010447169,0.991664517,0.997437519,0.281661584,1.159055133,0.281661584
DSS,EYA1,1.050104071,0.780465359,0.632433429,1.412898788,0.151407985,0.322897598,0.746772796,0.976289835,0.908555969,0.013192855,0.908555969
DSS,EZH2,1.181859509,0.862496775,0.75697815,1.619474925,0.160723832,1.039603469,0.298524165,0.975782698,0.569447063,0.323608556,0.569447063
DSS,F12,0.878133197,0.647980153,0.542053072,1.190033225,0.155073369,-0.83803552,0.402010755,0.975782698,0.810755486,0.057337029,0.810755486
DSS,F13A1,0.799369802,0.569621172,0.552163114,1.121784286,0.172886922,-1.295248983,0.195234352,0.975782698,0.751550735,0.100232557,0.751550735
DSS,F2RL1,0.81798375,0.603466768,0.505289257,1.108756025,0.155182187,-1.294689892,0.195427228,0.975782698,0.971206199,0.001302886,0.971206199
DSS,FAAP24,0.872750492,0.637103771,0.55845252,1.19555629,0.160572931,-0.847624621,0.396647058,0.975782698,0.929381115,0.007854128,0.929381115
DSS,FADD,0.814393705,0.598714133,0.50905512,1.107769252,0.156972105,-1.307948072,0.190890923,0.975782698,0.977362088,0.00080521,0.977362088
DSS,FAM124B,0.839210926,0.611415903,0.540459565,1.151875468,0.161576774,-1.084891087,0.277969896,0.975782698,0.866326479,0.028333788,0.866326479
DSS,FAM30A,0.875112062,0.647280763,0.535855156,1.183135919,0.153865992,-0.867009849,0.385936613,0.975782698,0.691484061,0.157483482,0.691484061
DSS,FANCA,1.204841799,0.895697968,0.724986474,1.620684442,0.151278435,1.231823109,0.218015169,0.975782698,0.991111261,0.000124113,0.991111261
DSS,FANCB,0.999343438,0.72827129,0.643040912,1.371312202,0.161444227,-0.004068142,0.996754101,0.998890644,0.328321882,0.955505443,0.328321882
DSS,FANCC,0.964511233,0.708503738,0.604519566,1.313023304,0.157383577,-0.229590663,0.818409863,0.978681794,0.721336964,0.127215302,0.721336964
DSS,FANCE,0.916349587,0.643142896,0.662471411,1.305614307,0.180631383,-0.483622173,0.628654036,0.975782698,0.996082888,2.41E-05,0.996082888
DSS,FANCF,0.80533779,0.560613936,0.5962766,1.156890535,0.184814267,-1.171411049,0.241433593,0.975782698,0.949302114,0.004042823,0.949302114
DSS,FANCG,1.271312812,0.936932953,0.788095779,1.725028732,0.155713897,1.541609843,0.123168432,0.975782698,0.278284895,1.175446776,0.278284895
DSS,FANCL,1.022825911,0.745259553,0.658510234,1.403769787,0.161529512,0.13972244,0.888879296,0.987855161,0.174970495,1.839833229,0.174970495
DSS,FAP,0.884164063,0.653301385,0.543307267,1.196608652,0.154392671,-0.797399521,0.425219038,0.975782698,0.375101799,0.786693551,0.375101799
DSS,FAS,0.771820056,0.563161392,0.494628092,1.057789484,0.160811722,-1.61060302,0.107266275,0.975782698,0.265770213,1.238448824,0.265770213
DSS,FASLG,0.969203451,0.705627462,0.625606624,1.331234086,0.161935183,-0.19316821,0.846827235,0.98065669,0.718989743,0.129462737,0.718989743
DSS,FBP1,0.823664459,0.594604304,0.546361437,1.140965741,0.166261773,-1.166786801,0.243296479,0.975782698,0.753834021,0.098337396,0.753834021
DSS,FBXW7,0.869969219,0.629395855,0.573100851,1.202496706,0.165154786,-0.843435736,0.398984793,0.975782698,0.086749233,2.933685835,0.086749233
DSS,FCAR,0.903814829,0.646384517,0.617385301,1.263769819,0.171038831,-0.591273775,0.554336998,0.975782698,0.415762119,0.662263099,0.415762119
DSS,FCER1A,0.898896373,0.650270377,0.592312273,1.24258265,0.165196666,-0.645215929,0.518787265,0.975782698,0.73683194,0.112930692,0.73683194
DSS,FCER1G,0.948876452,0.704001543,0.574925373,1.278926915,0.152297725,-0.344566384,0.730420382,0.975782698,0.457967297,0.550858076,0.457967297
DSS,FCER2,0.904949008,0.656668957,0.59043234,1.247101296,0.16362473,-0.610400897,0.541596274,0.975782698,0.724839735,0.123902618,0.724839735
DSS,FCGR1A,1.012821162,0.70318364,0.755619791,1.458803431,0.186165087,0.068432095,0.945441674,0.987855161,0.51120366,0.431602524,0.51120366
DSS,FCGR3A.B,1.076749766,0.802537533,0.642117714,1.444655247,0.149963818,0.493099125,0.621942549,0.975782698,0.954184681,0.003300799,0.954184681
DSS,FCGRT,1.031553666,0.773866378,0.601181042,1.37504742,0.146646643,0.2118431,0.832229442,0.979248328,0.044833772,4.024881405,0.044833772
DSS,FCN1,0.949735773,0.681208148,0.642907018,1.324115165,0.169552046,-0.304163045,0.761003678,0.976380034,0.995531168,3.14E-05,0.995531168
DSS,FCRL2,0.892244159,0.642946228,0.595259402,1.23820563,0.167186093,-0.681967384,0.495259575,0.975782698,0.554607226,0.349127889,0.554607226
DSS,FEN1,0.890749193,0.683944613,0.476140737,1.16008535,0.134791232,-0.858307907,0.390722464,0.975782698,0.838217347,0.041687117,0.838217347
DSS,FEZ1,0.790432702,0.578193147,0.502386689,1.080579836,0.159529738,-1.474175047,0.140434467,0.975782698,0.459045234,0.548221661,0.459045234
DSS,FGCR2A.B,1.072789484,0.808508899,0.614947636,1.423456535,0.144301551,0.486912648,0.626320235,0.975782698,0.419928078,0.650516499,0.419928078
DSS,FGF1,0.849320463,0.614283554,0.560003539,1.174287093,0.165298924,-0.988020368,0.323142673,0.975782698,0.788396729,0.072034871,0.788396729
DSS,FGF10,0.96558093,0.667544416,0.729136478,1.396680894,0.188332027,-0.185976647,0.852463075,0.983215951,0.776459878,0.080619318,0.776459878
DSS,FGF11,0.859613623,0.622481135,0.564599949,1.187081084,0.164681439,-0.918575082,0.35831787,0.975782698,0.732577366,0.11675826,0.732577366
DSS,FGF12,0.754423426,0.550338385,0.483852074,1.034190458,0.160931758,-1.751062054,0.079935222,0.975782698,0.478486381,0.502311146,0.478486381
DSS,FGF13,1.09340218,0.788171586,0.728666053,1.516837639,0.16700999,0.534663232,0.592882751,0.975782698,0.750012343,0.101520673,0.750012343
DSS,FGF14,0.854206839,0.633556467,0.518147228,1.151703695,0.152464146,-1.033567033,0.301338618,0.975782698,0.279818812,1.167969667,0.279818812
DSS,FGF16,0.833287761,0.599723723,0.558090229,1.157813951,0.167814281,-1.086774282,0.277136576,0.975782698,0.746349482,0.104624162,0.746349482
DSS,FGF17,0.967782371,0.72472558,0.567629409,1.292354989,0.14756096,-0.221928889,0.824369241,0.979248328,0.968961301,0.00151407,0.968961301
DSS,FGF18,0.921878733,0.680294022,0.568960522,1.249254544,0.155048053,-0.52462181,0.599846122,0.975782698,0.671467641,0.179890173,0.671467641
DSS,FGF19,0.954146607,0.680742307,0.656615071,1.337357378,0.172265157,-0.272474969,0.785256835,0.976578192,0.583619028,0.300420336,0.583619028
DSS,FGF2,0.881682045,0.648633714,0.549828856,1.19846257,0.156616819,-0.804024637,0.421382746,0.975782698,0.814799989,0.054867578,0.814799989
DSS,FGF20,0.97301345,0.710299824,0.622595305,1.332895128,0.160569654,-0.170376984,0.864713671,0.987425028,0.562835625,0.33481822,0.562835625
DSS,FGF21,0.925661096,0.676158197,0.59107256,1.267230757,0.16024841,-0.48204596,0.629773297,0.975782698,0.765783566,0.088741227,0.765783566
DSS,FGF22,0.919547033,0.674968626,0.577781078,1.252749704,0.157765646,-0.531637195,0.594977298,0.975782698,0.892080412,0.01840695,0.892080412
DSS,FGF23,0.874662152,0.635096421,0.569498434,1.204594854,0.163299362,-0.820074109,0.412173861,0.975782698,0.74847631,0.102815857,0.74847631
DSS,FGF3,0.951801849,0.681731331,0.647130523,1.328861854,0.170269065,-0.290119686,0.771724676,0.976578192,0.785269126,0.074233897,0.785269126
DSS,FGF4,0.860413317,0.623270066,0.564515318,1.187785385,0.164509633,-0.91388207,0.360778816,0.975782698,0.771389554,0.084423824,0.771389554
DSS,FGF5,1.039926341,0.767815239,0.64065745,1.408472689,0.154776331,0.252944907,0.800310786,0.978094517,0.530988801,0.392498878,0.530988801
DSS,FGF6,0.875065648,0.63938248,0.558241654,1.197624133,0.16010298,-0.833565804,0.404525702,0.975782698,0.92389604,0.009125457,0.92389604
DSS,FGF7,0.866038047,0.638288523,0.536762997,1.17505152,0.155685733,-0.923825412,0.355577222,0.975782698,0.81095854,0.057211681,0.81095854
DSS,FGF8,0.958637697,0.687826361,0.648246645,1.336073006,0.169379024,-0.249393741,0.803056226,0.978519651,0.851374357,0.035105694,0.851374357
DSS,FGF9,0.956176079,0.701983563,0.600429687,1.302413251,0.157672331,-0.284217271,0.776243881,0.976578192,0.844207477,0.038617953,0.844207477
DSS,FGFR1,1.206005534,0.856986541,0.840180544,1.697167084,0.174312771,1.074583843,0.282561089,0.975782698,0.659146794,0.194561666,0.659146794
DSS,FGFR2,0.835376685,0.615495731,0.518312632,1.133808363,0.155847116,-1.154160182,0.248434504,0.975782698,0.856487539,0.032705698,0.856487539
DSS,FGFR3,1.242302431,0.860823152,0.932013538,1.792836689,0.187162955,1.159238251,0.246359084,0.975782698,0.524796236,0.404457334,0.524796236
DSS,FGFR4,0.862974964,0.632388526,0.545251103,1.177639629,0.158616037,-0.929096462,0.352839098,0.975782698,0.928775904,0.007989687,0.928775904
DSS,FGL1,0.864401038,0.614615861,0.6010852,1.215701061,0.174002875,-0.837448537,0.402340493,0.975782698,0.954627989,0.003237162,0.954627989
DSS,FH,0.921292686,0.663422902,0.615972504,1.279395406,0.167536308,-0.489311858,0.624620927,0.975782698,0.027425568,4.863818739,0.027425568
DSS,FLG,0.892386292,0.624642571,0.650251793,1.274894364,0.18200309,-0.625572773,0.531595202,0.975782698,0.464078945,0.536039001,0.464078945
DSS,FLNA,1.09464275,0.794380116,0.714019612,1.508399728,0.163585277,0.552788468,0.580408266,0.975782698,0.138824025,2.190946049,0.138824025
DSS,FLNB,0.996752009,0.735209221,0.616126616,1.351335837,0.155281878,-0.020950782,0.983284918,0.996772012,0.477371845,0.504861337,0.477371845
DSS,FLNC,0.922382594,0.677203105,0.579125528,1.256328632,0.157650276,-0.51249628,0.608303723,0.975782698,0.831689372,0.045171292,0.831689372
DSS,FLT1,0.987152769,0.717108645,0.641779715,1.35888836,0.163062921,-0.079297427,0.936796053,0.987855161,0.566332442,0.328857784,0.566332442
DSS,FLT3LG,0.86460265,0.624520955,0.572456883,1.196977838,0.165964863,-0.876602672,0.380702487,0.975782698,0.932013228,0.007278164,0.932013228
DSS,FN1,1.006354271,0.748684548,0.604019901,1.352704449,0.15090671,0.041974064,0.966519374,0.989914102,0.953669072,0.003375596,0.953669072
DSS,FOLH1,0.808021538,0.583688398,0.534885841,1.118574239,0.165932355,-1.284659437,0.198911319,0.975782698,0.926532452,0.008502392,0.926532452
DSS,FOS,1.054460903,0.783675617,0.635135652,1.418811269,0.15142612,0.350201431,0.726187533,0.975782698,0.312364758,1.020650501,0.312364758
DSS,FOSL1,0.891818025,0.653556687,0.563383489,1.216940176,0.158591093,-0.721939502,0.470331673,0.975782698,0.935562417,0.006536484,0.935562417
DSS,FOXA1,1.152830157,0.836624128,0.751923615,1.588547743,0.16357459,0.869449989,0.384601051,0.975782698,0.045032814,4.017410205,0.045032814
DSS,FOXA2,0.899895159,0.671307483,0.535012003,1.206319486,0.149518558,-0.705444281,0.480533795,0.975782698,0.144502288,2.129347165,0.144502288
DSS,FOXC1,0.913616911,0.664013947,0.59303173,1.257045677,0.162813296,-0.554892824,0.578967971,0.975782698,0.990944591,0.000128812,0.990944591
DSS,FOXJ1,0.996558897,0.732707607,0.622716611,1.355424217,0.156922026,-0.021966564,0.982474627,0.996772012,0.497675249,0.459890293,0.497675249
DSS,FOXL2,0.9018118,0.656691168,0.581736518,1.238427686,0.161835631,-0.63860738,0.523078379,0.975782698,0.510034715,0.433995884,0.510034715
DSS,FOXM1,0.910379281,0.682007724,0.533213754,1.215221478,0.147360014,-0.637174029,0.524011492,0.975782698,0.345565861,0.889673281,0.345565861
DSS,FOXO4,0.813480657,0.591852724,0.526247695,1.11810042,0.162280697,-1.27207446,0.203346664,0.975782698,0.843436643,0.039006067,0.843436643
DSS,FPR1,0.863768763,0.629716921,0.555095573,1.184812494,0.161245162,-0.908245429,0.363748567,0.975782698,0.997734447,8.06E-06,0.997734447
DSS,FPR3,0.909122469,0.671674305,0.558838248,1.230512553,0.154444806,-0.616890052,0.537307249,0.975782698,0.888827455,0.019540699,0.888827455
DSS,FST,0.889786991,0.658569875,0.543612185,1.20218206,0.153529081,-0.760593239,0.446900059,0.975782698,0.264763213,1.243678918,0.264763213
DSS,FSTL3,1.029316063,0.770387125,0.604884506,1.375271631,0.147837766,0.195447797,0.845042401,0.979248328,0.844513517,0.03846442,0.844513517
DSS,FUBP1,1.025985445,0.75388199,0.642418951,1.396300941,0.157234009,0.163155288,0.870396169,0.987855161,0.388643302,0.743182535,0.388643302
DSS,FUT4,0.82548477,0.619720205,0.479848761,1.099568966,0.146279586,-1.311081546,0.189830215,0.975782698,0.555752712,0.347111675,0.555752712
DSS,FUT5,1.02718914,0.763241724,0.619174221,1.382415945,0.15153675,0.177026903,0.859487258,0.985377535,0.572828486,0.317972777,0.572828486
DSS,FUT7,0.928923037,0.665449822,0.631264042,1.296713864,0.170188155,-0.433222793,0.664852921,0.975782698,0.597091251,0.279405327,0.597091251
DSS,FUT8,0.804359605,0.574928445,0.550419204,1.125347649,0.171330112,-1.270698053,0.203836089,0.975782698,0.126501462,2.334920336,0.126501462
DSS,FYN,0.902039444,0.666616077,0.553989286,1.220605363,0.154310981,-0.668112078,0.504062052,0.975782698,0.302637227,1.062537172,0.302637227
DSS,FZD1,0.692215527,0.490521193,0.486322097,0.976843289,0.175732248,-2.093286354,0.0363236,0.975782698,0.451915176,0.565843916,0.451915176
DSS,FZD10,0.957468301,0.68859786,0.642724239,1.331322098,0.168184301,-0.258422839,0.796080592,0.976578192,0.771840778,0.084081396,0.771840778
DSS,FZD2,0.715165632,0.528867568,0.438221193,0.967088761,0.153970233,-2.177311172,0.029457358,0.975782698,0.212539889,1.554040868,0.212539889
DSS,FZD3,1.281598199,0.918952519,0.868402008,1.787354527,0.169711647,1.46193792,0.143758223,0.975782698,0.403489212,0.697903008,0.403489212
DSS,FZD4,0.928034896,0.654467629,0.661485569,1.315953198,0.178190627,-0.419135081,0.675117413,0.975782698,0.870961199,0.026386,0.870961199
DSS,FZD5,0.874988376,0.644264528,0.544074461,1.188338988,0.156176952,-0.855085695,0.392503709,0.975782698,0.364130516,0.823597228,0.364130516
DSS,FZD6,1.401175783,1.004216219,0.950834436,1.955050654,0.169954334,1.984719783,0.047175657,0.975782698,0.523797896,0.406408822,0.523797896
DSS,FZD7,1.18935421,0.838910413,0.847280883,1.686191296,0.178096046,0.973690787,0.330210093,0.975782698,0.730900414,0.118286488,0.730900414
DSS,FZD8,1.124475254,0.828636368,0.69729786,1.525934228,0.155763242,0.753171825,0.451346668,0.975782698,0.94611393,0.004568083,0.94611393
DSS,FZD9,0.964961124,0.693082947,0.650406999,1.343489946,0.168849087,-0.211238717,0.832701001,0.979248328,0.077466004,3.117279762,0.077466004
DSS,G6PD,0.867275203,0.621697647,0.588161004,1.209858651,0.169851319,-0.838374018,0.401820677,0.975782698,0.210282823,1.569478097,0.210282823
DSS,GABPA,1.116682248,0.77249556,0.84172633,1.61422189,0.188009081,0.587003616,0.557201278,0.975782698,0.433708928,0.61287085,0.433708928
DSS,GADD45A,1.05912979,0.739366225,0.77781954,1.517185765,0.183375579,0.313278457,0.754069116,0.976289835,0.844029907,0.03870718,0.844029907
DSS,GADD45B,0.987840152,0.742513784,0.571708505,1.31422229,0.145655462,-0.083995365,0.933060117,0.987855161,0.803259489,0.06206623,0.803259489
DSS,GADD45G,1.034156376,0.762365029,0.640479238,1.402844267,0.155572142,0.215886973,0.829075852,0.979248328,0.861307648,0.030523522,0.861307648
DSS,GAS1,0.882039169,0.650960381,0.544186233,1.195146614,0.154996564,-0.809816761,0.418045498,0.975782698,0.221786482,1.492774483,0.221786482
DSS,GATA1,0.901894945,0.657386836,0.579958436,1.237345272,0.161342459,-0.639987979,0.522180415,0.975782698,0.924806396,0.0089078,0.924806396
DSS,GATA2,1.050483957,0.773532694,0.653060589,1.426593283,0.156144865,0.315418439,0.752443968,0.976289835,0.252567919,1.30904344,0.252567919
DSS,GATA3,0.829914084,0.600623929,0.546112579,1.146736508,0.164979147,-1.130040377,0.258459211,0.975782698,0.565594593,0.330109542,0.565594593
DSS,GBP1,0.872973448,0.61386677,0.627579549,1.241446318,0.179660048,-0.756151072,0.449558624,0.975782698,0.68092057,0.169091405,0.68092057
DSS,GBP2,0.915104528,0.657468216,0.616230309,1.273698525,0.168697934,-0.525892523,0.598962885,0.975782698,0.68624395,0.163181687,0.68624395
DSS,GBP4,0.94621688,0.676487707,0.647004757,1.323492464,0.171205965,-0.322906253,0.746766241,0.976289835,0.93338734,0.006986253,0.93338734
DSS,GDF15,1.33103175,0.937943113,0.950919331,1.888862444,0.178585104,1.601221976,0.109327763,0.975782698,0.148579847,2.086770742,0.148579847
DSS,GDF6,0.979050055,0.712819676,0.631894905,1.344714581,0.16191843,-0.130760338,0.895964899,0.987855161,0.606655634,0.265073776,0.606655634
DSS,GHR,0.947848778,0.678428187,0.645834755,1.324262942,0.170623717,-0.313908915,0.753590219,0.976289835,0.723030624,0.12560741,0.723030624
DSS,GIMAP4,0.876137556,0.635758494,0.571644986,1.207403479,0.163627671,-0.80812843,0.419016653,0.975782698,0.806852752,0.059774472,0.806852752
DSS,GIMAP6,0.872304203,0.6255137,0.59094986,1.21646356,0.169679132,-0.805149448,0.420733444,0.975782698,0.66301687,0.189879569,0.66301687
DSS,GLI1,0.944617561,0.67942134,0.633905579,1.31332692,0.16813507,-0.338865241,0.734711251,0.976289835,0.712650389,0.135644063,0.712650389
DSS,GLI3,0.851276545,0.618122642,0.55425272,1.172375363,0.163293895,-0.986064041,0.324101688,0.975782698,0.753897345,0.098285119,0.753897345
DSS,GLS,1.017874306,0.756349264,0.613478345,1.369827608,0.151517304,0.116926838,0.90691803,0.987855161,0.870194385,0.026703345,0.870194385
DSS,GLUD1,0.87600834,0.635899577,0.570879984,1.206779561,0.163439207,-0.809962739,0.417961591,0.975782698,0.883615249,0.021429391,0.883615249
DSS,GLUL,0.869137187,0.628009497,0.57483768,1.202847177,0.165791665,-0.845967125,0.397571084,0.975782698,0.952660867,0.003524281,0.952660867
DSS,GMIP,0.922865854,0.656741093,0.640088652,1.296829745,0.173571567,-0.462468557,0.643745345,0.975782698,0.940159468,0.00563542,0.940159468
DSS,GNA11,1.083795428,0.784877011,0.711679156,1.496556167,0.164644563,0.488744752,0.625022417,0.975782698,0.107050263,2.597236021,0.107050263
DSS,GNAQ,0.83450355,0.608247212,0.536675712,1.144922923,0.161357863,-1.121223831,0.262192598,0.975782698,0.615408618,0.252373703,0.615408618
DSS,GNAS,1.078158765,0.790081772,0.681191663,1.471273435,0.158611878,0.474458406,0.635173052,0.975782698,0.146940566,2.103727203,0.146940566
DSS,GNG12,0.894069239,0.666379596,0.533176649,1.199556244,0.149963852,-0.746660319,0.455268628,0.975782698,0.358509402,0.843107962,0.358509402
DSS,GNG4,1.068398948,0.792277782,0.648474864,1.440752646,0.152556084,0.433684554,0.664517525,0.975782698,0.139108727,2.187790651,0.139108727
DSS,GNG7,0.852387364,0.62763517,0.529986731,1.157621901,0.156167165,-1.022713085,0.306443523,0.975782698,0.571924104,0.319473699,0.571924104
DSS,GNLY,0.900060447,0.650073183,0.596107754,1.246180937,0.166011713,-0.634252565,0.525916008,0.975782698,0.972809362,0.001161788,0.972809362
DSS,GOT1,0.724307661,0.498948817,0.552504901,1.051453718,0.19016305,-1.696118302,0.089863478,0.975782698,0.737927696,0.111956405,0.737927696
DSS,GOT2,0.959753398,0.670438755,0.703477324,1.373916079,0.183036026,-0.224430705,0.822422181,0.979248328,0.506501591,0.441287702,0.506501591
DSS,GPC4,1.097682801,0.78795274,0.74120944,1.529162181,0.16914524,0.551014106,0.581624005,0.975782698,0.221433056,1.495059822,0.221433056
DSS,GPI,0.982911343,0.715547902,0.634626845,1.350174747,0.16197766,-0.106411916,0.915255539,0.987855161,0.538084861,0.379100809,0.538084861
DSS,GPR160,0.785363691,0.568341459,0.516914803,1.085256262,0.165015539,-1.464155252,0.143151534,0.975782698,0.690666551,0.158364733,0.690666551
DSS,GPSM3,0.83357784,0.602070496,0.552033584,1.15410408,0.165999247,-1.096560345,0.27283363,0.975782698,0.568020429,0.326005982,0.568020429
DSS,GPT,1.226693419,0.862871045,0.881047415,1.74391846,0.179499369,1.138289642,0.254999558,0.975782698,0.552424233,0.352992116,0.552424233
DSS,GPX1,1.036812907,0.790556168,0.569221984,1.359778152,0.138354617,0.26129591,0.793864321,0.976578192,0.531263263,0.391974652,0.531263263
DSS,GPX4,1.039618103,0.776170361,0.616314915,1.392485276,0.149103088,0.260581035,0.794415617,0.976578192,0.130300342,2.288922625,0.130300342
DSS,GRB2,0.79084981,0.57640712,0.508665219,1.085072339,0.161377383,-1.454027804,0.145938598,0.975782698,0.351411632,0.868353144,0.351411632
DSS,GRB7,1.158671693,0.859400915,0.702757176,1.56215809,0.15244872,0.966057681,0.334015319,0.975782698,0.154475365,2.027491771,0.154475365
DSS,GRIN1,0.933169997,0.667384502,0.637419913,1.304804414,0.171034288,-0.404409492,0.685911621,0.975782698,0.756110239,0.096467857,0.756110239
DSS,GRIN2B,0.879644723,0.634788089,0.58416175,1.218949839,0.166445343,-0.770446171,0.441035274,0.975782698,0.423356241,0.640979741,0.423356241
DSS,GSK3B,0.945200902,0.694860886,0.590870926,1.285731811,0.156985455,-0.359000004,0.719595086,0.975782698,0.2482862,1.332921185,0.2482862
DSS,GTF2H3,0.963051369,0.684929349,0.669178111,1.354107459,0.173876185,-0.216524911,0.82857861,0.979248328,0.768755179,0.086438096,0.768755179
DSS,GTF3C1,1.112753283,0.853262913,0.597895751,1.451158665,0.135474396,0.788616764,0.43033603,0.975782698,0.630319486,0.231627761,0.630319486
DSS,GUSB,1.102897548,0.81093967,0.689027646,1.499967317,0.156891897,0.624256911,0.532458877,0.975782698,0.087624956,2.917473637,0.087624956
DSS,GZMA,0.801529514,0.583563201,0.517345083,1.100908284,0.161925953,-1.366263281,0.171856342,0.975782698,0.549864567,0.357559847,0.549864567
DSS,GZMB,0.874064968,0.630062113,0.582500193,1.212562306,0.167011385,-0.805936502,0.420279463,0.975782698,0.723086728,0.125554344,0.723086728
DSS,GZMH,0.791696596,0.576990068,0.509308527,1.086298595,0.161407649,-1.447125014,0.147861913,0.975782698,0.862780171,0.029872357,0.862780171
DSS,GZMM,0.932667112,0.68678497,0.579794789,1.266579759,0.156139144,-0.446441125,0.655278632,0.975782698,0.578080565,0.309347983,0.578080565
DSS,H2AX,0.91490286,0.6890283,0.525794433,1.214822734,0.144663654,-0.614787343,0.538695169,0.975782698,0.363813556,0.824686296,0.363813556
DSS,H3.3A,0.984009513,0.750712551,0.539095006,1.289807557,0.138070262,-0.116750082,0.907058102,0.987855161,0.659147932,0.19456028,0.659147932
DSS,H3.5,0.929211378,0.681461905,0.58556972,1.267031626,0.158215098,-0.464045679,0.642615019,0.975782698,0.717071877,0.131315585,0.717071877
DSS,H3C10,0.938491618,0.717269532,0.51067405,1.227943582,0.137156724,-0.462838073,0.643480438,0.975782698,0.273550847,1.198854001,0.273550847
DSS,H3C2,0.874192366,0.667114545,0.478434293,1.145548838,0.137930436,-0.974801746,0.329658611,0.975782698,0.693845746,0.154953621,0.693845746
DSS,H3C8,0.96037465,0.715748831,0.572858889,1.28860772,0.149999776,-0.269545801,0.787509702,0.976578192,0.528324087,0.397613959,0.528324087
DSS,HACD2,0.870915706,0.589542395,0.697038816,1.286581211,0.199084557,-0.694228056,0.487539201,0.975782698,0.420470388,0.649000124,0.420470388
DSS,HAMP,0.879790621,0.640807997,0.567091313,1.20789931,0.161714234,-0.791960777,0.428383547,0.975782698,0.497877364,0.459458048,0.497877364
DSS,HAVCR2,0.890662091,0.65818405,0.547069951,1.205254001,0.154329624,-0.750278317,0.453087099,0.975782698,0.810262739,0.057641813,0.810262739
DSS,HCK,1.047387655,0.713313361,0.824609467,1.537922828,0.19599012,0.236231892,0.813252733,0.978519651,0.076509947,3.137522454,0.076509947
DSS,HDAC1,1.014570764,0.754361684,0.610174529,1.364536213,0.151201232,0.095671378,0.923781574,0.987855161,0.397884753,0.714709616,0.397884753
DSS,HDAC10,0.954667484,0.692506367,0.623568182,1.316074549,0.163801818,-0.283221422,0.777007108,0.976578192,0.598033074,0.277972693,0.598033074
DSS,HDAC11,0.935711702,0.678230172,0.612712676,1.290942848,0.164197253,-0.404683142,0.685710435,0.975782698,0.934265231,0.006802907,0.934265231
DSS,HDAC2,0.898232195,0.68003661,0.506401099,1.186437708,0.141983206,-0.755911054,0.449702526,0.975782698,0.170610692,1.877569108,0.170610692
DSS,HDAC3,0.929695339,0.692291886,0.556218232,1.248510118,0.150436067,-0.484580196,0.627974164,0.975782698,0.502692726,0.449247069,0.502692726
DSS,HDAC4,0.874636559,0.647244709,0.534671652,1.181916361,0.153617106,-0.871952629,0.383234221,0.975782698,0.74644234,0.104544848,0.74644234
DSS,HDAC5,0.786937224,0.576318113,0.498210311,1.074528425,0.158925722,-1.507665327,0.131640204,0.975782698,0.359749263,0.838768342,0.359749263
DSS,HDAC6,1.127744343,0.807817123,0.766558149,1.574375272,0.170227138,0.706229818,0.48004523,0.975782698,0.689114609,0.160045522,0.689114609
DSS,HELLS,1.033303081,0.762151264,0.638771765,1.400923029,0.155294068,0.210958127,0.832919946,0.979248328,0.409298556,0.680837289,0.409298556
DSS,HERC6,0.853388187,0.614170274,0.571610654,1.185780929,0.167830798,-0.944646347,0.344839457,0.975782698,0.964564158,0.001973745,0.964564158
DSS,HES1,1.02563127,0.718268685,0.746252216,1.464520901,0.181748168,0.13924925,0.889253192,0.987855161,0.462796994,0.539121595,0.462796994
DSS,HES5,0.972156473,0.705171616,0.635052787,1.340224403,0.163817078,-0.172378286,0.863140142,0.987425028,0.585670893,0.297155965,0.585670893
DSS,HEY1,1.096921018,0.809693608,0.6763447,1.486038308,0.154904145,0.597189833,0.550380647,0.975782698,0.047840789,3.915570003,0.047840789
DSS,HGF,0.881137544,0.641212397,0.569624096,1.210836494,0.162172868,-0.780288,0.435221374,0.975782698,0.25409636,1.300639963,0.25409636
DSS,HHEX,0.925907681,0.670613395,0.607775974,1.278389368,0.164585537,-0.467724848,0.639981369,0.975782698,0.363128693,0.827043963,0.363128693
DSS,HHIP,0.877512968,0.644610585,0.549954052,1.194564637,0.157372965,-0.83027949,0.406380781,0.975782698,0.657373376,0.196729961,0.657373376
DSS,HIF1A,1.030126731,0.776619553,0.589765157,1.36638471,0.144128423,0.20594019,0.836837631,0.979248328,0.992262588,9.40E-05,0.992262588
DSS,HK1,0.880754503,0.638430354,0.57662543,1.215055784,0.164169516,-0.773446576,0.439258135,0.975782698,0.814088797,0.055297652,0.814088797
DSS,HK2,1.068328661,0.783988134,0.671807023,1.455795157,0.157889035,0.418619497,0.675494238,0.975782698,0.967369215,0.001673467,0.967369215
DSS,HLA.A,0.91593471,0.674090101,0.570456277,1.244546377,0.156421906,-0.561367628,0.574546947,0.975782698,0.969630372,0.001449468,0.969630372
DSS,HLA.B,0.960835372,0.699922748,0.619086551,1.319009298,0.16165252,-0.247148597,0.804793225,0.978519651,0.704783133,0.143543773,0.704783133
DSS,HLA.C,0.852461649,0.614356974,0.568490937,1.182847912,0.167121475,-0.955155864,0.339498882,0.975782698,0.374724085,0.787938902,0.374724085
DSS,HLA.DMA,0.917909518,0.671088953,0.584419545,1.255508498,0.159797388,-0.536031648,0.591936678,0.975782698,0.431321117,0.619263469,0.431321117
DSS,HLA.DMB,0.931553443,0.68733097,0.575222088,1.262553058,0.155124088,-0.457064525,0.647624668,0.975782698,0.558366507,0.34254041,0.558366507
DSS,HLA.DOA,0.856813491,0.61762038,0.571021352,1.188641732,0.167016471,-0.925268109,0.354826463,0.975782698,0.760692861,0.092763533,0.760692861
DSS,HLA.DOB,0.847327058,0.605626921,0.579860577,1.185487498,0.171341211,-0.966892442,0.333597805,0.975782698,0.938224324,0.006006536,0.938224324
DSS,HLA.DPA1,0.946500199,0.683991044,0.625766789,1.309757833,0.165730779,-0.331767569,0.740064775,0.976289835,0.285007643,1.143055341,0.285007643
DSS,HLA.DPB1,0.859087082,0.61630912,0.581191599,1.197500719,0.169452929,-0.896325532,0.370078927,0.975782698,0.712712781,0.13558243,0.712712781
DSS,HLA.DQA1,0.860521801,0.618513782,0.578707347,1.19722113,0.16848242,-0.891584588,0.372615634,0.975782698,0.477524288,0.504511957,0.477524288
DSS,HLA.DQA2,0.90707188,0.644388534,0.632448891,1.276837425,0.174452104,-0.559085154,0.576103606,0.975782698,0.381608163,0.765514827,0.381608163
DSS,HLA.DQB1,0.916036169,0.665991854,0.593966894,1.259958748,0.162645035,-0.539207542,0.589743657,0.975782698,0.586591083,0.295699518,0.586591083
DSS,HLA.DRA,0.952557441,0.693438105,0.615064661,1.308502766,0.161986867,-0.300054376,0.764135679,0.976578192,0.19914407,1.648640484,0.19914407
DSS,HLA.DRB,0.990335721,0.732758989,0.605695886,1.338454875,0.153690146,-0.0631874,0.949617278,0.987855161,0.200265498,1.640437166,0.200265498
DSS,HLA.DRB3,0.858051278,0.623660545,0.556872683,1.180533227,0.162787502,-0.940437166,0.346993366,0.975782698,0.157011643,2.002773866,0.157011643
DSS,HLA.DRB4,0.892373874,0.650234854,0.574447468,1.224682322,0.161508873,-0.705039241,0.480785816,0.975782698,0.049797185,3.848274883,0.049797185
DSS,HLA.DRB5,1.149003846,0.855699192,0.687144191,1.542843383,0.15037609,0.923653125,0.355666945,0.975782698,0.513460495,0.427008499,0.513460495
DSS,HLA.E,0.925759576,0.677972713,0.586135378,1.264108092,0.15893533,-0.48535914,0.627421611,0.975782698,0.223181446,1.483796641,0.223181446
DSS,HLA.F,0.866785102,0.628588895,0.566654003,1.195242898,0.163938535,-0.872059746,0.383175785,0.975782698,0.47037405,0.521097136,0.47037405
DSS,HLA.G,0.83955243,0.588803603,0.608281945,1.197085548,0.181011613,-0.966160938,0.333963656,0.975782698,0.403079032,0.699121524,0.403079032
DSS,HMGA1,0.877076483,0.634781796,0.577072673,1.211854469,0.164958585,-0.795115215,0.426546485,0.975782698,0.384349159,0.756744781,0.384349159
DSS,HMGA2,0.866219207,0.614847399,0.605513483,1.220360883,0.174882753,-0.821220355,0.411520764,0.975782698,0.879538514,0.022968693,0.879538514
DSS,HMGB1,0.975126353,0.725834873,0.58420332,1.310038193,0.150637725,-0.167210592,0.867204351,0.987855161,0.035623602,4.415032417,0.035623602
DSS,HMGN5,0.846119129,0.614343375,0.550994463,1.165337838,0.163322465,-1.023099394,0.306260854,0.975782698,0.286170936,1.137548512,0.286170936
DSS,HNF1A,0.978565963,0.724454434,0.597355882,1.321810316,0.153405538,-0.141240544,0.887679918,0.987855161,0.877958329,0.023580031,0.877958329
DSS,HNRNPK,0.983744092,0.747936776,0.54595927,1.293896047,0.139822642,-0.117216246,0.906688693,0.987855161,0.840507611,0.040499239,0.840507611
DSS,HOXA10,0.936021872,0.690412178,0.578593458,1.269005636,0.155283499,-0.425778884,0.670268975,0.975782698,0.649416482,0.206636588,0.649416482
DSS,HOXA11,0.8350354,0.601229889,0.558533011,1.1597629,0.167603461,-1.075641032,0.282087829,0.975782698,0.604901445,0.267666458,0.604901445
DSS,HOXA9,0.863846381,0.617158675,0.59198024,1.209138915,0.171568862,-0.853070443,0.393620241,0.975782698,0.722470035,0.126138336,0.722470035
DSS,HPRT1,0.978420197,0.67340048,0.748199462,1.421599942,0.190615242,-0.114450719,0.90888051,0.987855161,0.918012131,0.010596244,0.918012131
DSS,HRAS,0.906055668,0.671504239,0.551029925,1.222534164,0.152849961,-0.645433797,0.518646108,0.975782698,0.890700811,0.018883565,0.890700811
DSS,HSD11B1,0.886749045,0.638803448,0.592128962,1.23093241,0.167332259,-0.718291041,0.472577853,0.975782698,0.914421567,0.011548326,0.914421567
DSS,HSD17B8,0.817656907,0.599981531,0.514324132,1.114305663,0.157933487,-1.274666082,0.202427457,0.975782698,0.86592245,0.028506965,0.86592245
DSS,HSP90B1,0.945361071,0.690695811,0.603227707,1.293923518,0.160139386,-0.350871452,0.72568479,0.975782698,0.984366719,0.000383951,0.984366719
DSS,HSPA1A,1.096467154,0.787070086,0.740418053,1.527488139,0.169151738,0.544442136,0.586137257,0.975782698,0.504928812,0.444561872,0.504928812
DSS,HSPA2,0.944935187,0.70239557,0.568829001,1.271224572,0.151339314,-0.374251326,0.708217341,0.975782698,0.173082315,1.85604192,0.173082315
DSS,HSPA6,1.324167062,0.877045802,1.122186624,1.999232426,0.210197582,1.335808081,0.181612011,0.975782698,0.145191146,2.122059965,0.145191146
DSS,HSPB1,0.966016578,0.700740741,0.630975792,1.331716533,0.163800469,-0.211075605,0.832828276,0.979248328,0.8813791,0.022266964,0.8813791
DSS,IBSP,0.916670462,0.662964032,0.604502519,1.267466551,0.165323091,-0.526286053,0.598689472,0.975782698,0.342919707,0.899485492,0.342919707
DSS,ICAM1,0.962417113,0.702930241,0.614763387,1.317693627,0.160304114,-0.238966627,0.811131461,0.978519651,0.668892115,0.182900782,0.668892115
DSS,ICAM2,0.855748033,0.618496721,0.565510683,1.184007404,0.165658192,-0.94036581,0.347029953,0.975782698,0.378531094,0.775466978,0.378531094
DSS,ICAM3,0.978306269,0.722427041,0.602389311,1.324816352,0.154699958,-0.141774434,0.887258179,0.987855161,0.985508521,0.000329908,0.985508521
DSS,ICAM4,0.918582035,0.673338217,0.579810547,1.253148764,0.158463861,-0.535920707,0.592013353,0.975782698,0.949193248,0.004060227,0.949193248
DSS,ICAM5,0.890452668,0.664223025,0.529511494,1.19373452,0.149549674,-0.775831379,0.437848554,0.975782698,0.997473506,1.00E-05,0.997473506
DSS,ICOS,0.884534539,0.642046747,0.576558213,1.21860496,0.163472619,-0.750545981,0.452925942,0.975782698,0.646766754,0.21000083,0.646766754
DSS,ICOSLG,1.062526595,0.770150554,0.695748235,1.465898789,0.164196339,0.369372743,0.711849911,0.975782698,0.625803524,0.237794605,0.625803524
DSS,ID1,1.506267587,1.065542431,1.063741189,2.129283619,0.176610796,2.319421024,0.020372219,0.975782698,0.633543355,0.227286277,0.633543355
DSS,ID2,1.067847222,0.778977537,0.684861454,1.46383899,0.160930381,0.40790732,0.683341719,0.975782698,0.158401167,1.989423531,0.158401167
DSS,ID4,0.947275766,0.703014751,0.57339001,1.276404762,0.152151967,-0.35599296,0.721845837,0.975782698,0.699796104,0.148684058,0.699796104
DSS,IDH1,0.772106542,0.551720394,0.528806118,1.080526512,0.171473132,-1.508298864,0.131478054,0.975782698,0.311882667,1.022686262,0.311882667
DSS,IDH2,0.83667597,0.583063355,0.617538041,1.200601397,0.184259004,-0.967759579,0.333164455,0.975782698,0.057839137,3.598287103,0.057839137
DSS,IDO1,0.932038452,0.664333516,0.643286309,1.307619825,0.172753054,-0.407409337,0.68370737,0.975782698,0.596143184,0.280852222,0.596143184
DSS,IER3,0.984757503,0.726801858,0.607464601,1.334266458,0.154973016,-0.09911311,0.921048463,0.987855161,0.342178895,0.902250839,0.342178895
DSS,IFI16,0.860253535,0.621557408,0.56905851,1.190615919,0.1658188,-0.90778684,0.363990853,0.975782698,0.642099656,0.216006633,0.642099656
DSS,IFI27,1.023038347,0.74508156,0.659606887,1.404688447,0.16175734,0.140809504,0.888020435,0.987855161,0.069922407,3.284840845,0.069922407
DSS,IFI35,0.951450637,0.669040294,0.684029651,1.353069946,0.179668361,-0.276996308,0.781782941,0.976578192,0.098743197,2.725726257,0.098743197
DSS,IFI6,1.069991077,0.766812636,0.726226016,1.493038653,0.169984296,0.39797976,0.690645105,0.975782698,0.106176471,2.610228372,0.106176471
DSS,IFIH1,0.913117369,0.662981228,0.594646129,1.257627357,0.163328384,-0.556491479,0.577874918,0.975782698,0.829422524,0.046415368,0.829422524
DSS,IFIT2,0.852822739,0.618460051,0.557536075,1.175996126,0.163941338,-0.971100789,0.331498091,0.975782698,0.811225187,0.057047296,0.811225187
DSS,IFIT3,0.861589013,0.611993817,0.60098515,1.212978967,0.174521674,-0.85362982,0.39331013,0.975782698,0.334462712,0.931541404,0.334462712
DSS,IFITM1,1.032617212,0.757888693,0.649043905,1.406932598,0.157816833,0.203378572,0.838839147,0.979248328,0.2929026,1.106231529,0.2929026
DSS,IFITM2,1.01076771,0.744005271,0.629172318,1.373177589,0.156338236,0.068506281,0.94538262,0.987855161,0.084135214,2.983153207,0.084135214
DSS,IFNA1,0.955905347,0.66050682,0.722908166,1.383414986,0.188601144,-0.239109789,0.811020451,0.978519651,0.089653144,2.880590422,0.089653144
DSS,IFNA7.17,1.026891922,0.7074221,0.783211315,1.490633415,0.190138418,0.13956511,0.889003609,0.987855161,0.429896061,0.623104251,0.429896061
DSS,IFNAR1,1.150267085,0.816857836,0.802903043,1.619760879,0.174638092,0.801624444,0.422770233,0.975782698,0.213030081,1.550713901,0.213030081
DSS,IFNAR2,1.185284254,0.852671287,0.794972752,1.647644039,0.168045838,1.011525337,0.311765061,0.975782698,0.740271534,0.10988813,0.740271534
DSS,IFNB1,0.897775911,0.640841436,0.616882457,1.257723893,0.172012568,-0.626900614,0.530724385,0.975782698,0.259796735,1.269839805,0.259796735
DSS,IFNG,0.83594911,0.605365724,0.548995824,1.154361548,0.16466372,-1.088202925,0.276505534,0.975782698,0.644772077,0.212555093,0.644772077
DSS,IFNGR1,0.929790903,0.670975058,0.61746497,1.288440029,0.166445793,-0.437352919,0.661855423,0.975782698,0.602465632,0.271293152,0.602465632
DSS,IFNGR2,1.013723211,0.698319534,0.773262884,1.471582418,0.190160839,0.071675642,0.942860041,0.987855161,0.851854046,0.034876804,0.851854046
DSS,IFNL1,0.982511143,0.721758342,0.615708908,1.33746725,0.157360702,-0.112121985,0.910726686,0.987855161,0.985673855,0.000322422,0.985673855
DSS,IFNL2,0.995970729,0.696341378,0.728186484,1.424527861,0.182594092,-0.022111396,0.982359096,0.996772012,0.805908244,0.060372443,0.805908244
DSS,IGF1,0.887967765,0.640234189,0.591325707,1.231559896,0.166891542,-0.711958414,0.476490528,0.975782698,0.839072834,0.041241315,0.839072834
DSS,IGF1R,0.970853136,0.677382775,0.714084276,1.391467051,0.183645566,-0.161071529,0.872037064,0.987855161,0.816009568,0.054140182,0.816009568
DSS,IGF2R,1.017331084,0.753002559,0.621445006,1.374447565,0.153507548,0.111933345,0.910876257,0.987855161,0.96488499,0.001938144,0.96488499
DSS,IGFBP3,1.018721567,0.732870484,0.683196413,1.416066897,0.168031027,0.110387208,0.912102298,0.987855161,0.688803809,0.160383363,0.688803809
DSS,IGLL1,1.23725766,0.945650107,0.673137334,1.618787441,0.137135178,1.552463556,0.120551346,0.975782698,0.912237739,0.01214766,0.912237739
DSS,IHH,0.856133811,0.614000147,0.579753805,1.193753951,0.169611034,-0.915792982,0.359775485,0.975782698,0.609574664,0.260794768,0.609574664
DSS,IKBKB,1.485225707,1.06846524,0.996080538,2.064545778,0.16803548,2.354066846,0.018569271,0.975782698,0.947165472,0.004391279,0.947165472
DSS,IKBKE,0.880931669,0.646414771,0.554115663,1.200530433,0.157930812,-0.802726304,0.422132946,0.975782698,0.906347514,0.013840772,0.906347514
DSS,IKBKG,1.18125622,0.870629274,0.73208074,1.602710014,0.15567505,1.070039583,0.284601492,0.975782698,0.068074838,3.328840796,0.068074838
DSS,IL10,0.955624658,0.692066702,0.627486002,1.319552704,0.164637147,-0.275697563,0.782780368,0.976578192,0.972431294,0.001194333,0.972431294
DSS,IL10RA,0.878530661,0.641772407,0.560859732,1.202632139,0.160215737,-0.808313044,0.418910395,0.975782698,0.836336547,0.042676002,0.836336547
DSS,IL11RA,0.998608459,0.730818652,0.633704341,1.364522993,0.159287326,-0.008742126,0.993024881,0.997446371,0.916083382,0.011102528,0.916083382
DSS,IL12A,0.852371295,0.625966271,0.534698222,1.160664493,0.157516024,-1.014074952,0.310546989,0.975782698,0.684046001,0.165606873,0.684046001
DSS,IL12B,0.879749192,0.642789085,0.561274049,1.204063134,0.160115291,-0.800163559,0.42361604,0.975782698,0.98847134,0.000208789,0.98847134
DSS,IL12RB1,1.164260223,0.847204171,0.752766549,1.59997072,0.162196575,0.937663967,0.348417127,0.975782698,0.917507962,0.010727433,0.917507962
DSS,IL12RB2,1.012887193,0.744927675,0.632307322,1.377234997,0.156774822,0.081676759,0.93490376,0.987855161,0.997573425,9.25E-06,0.997573425
DSS,IL13RA1,0.948917478,0.693446139,0.60506045,1.298506589,0.160027567,-0.327652552,0.743174383,0.976289835,0.872833428,0.025619359,0.872833428
DSS,IL15,0.864797939,0.628807364,0.5605481,1.189355464,0.162590197,-0.893408085,0.371638674,0.975782698,0.375702292,0.784717303,0.375702292
DSS,IL15RA,1.009039001,0.721741914,0.688955853,1.410697766,0.170965416,0.052632829,0.958024459,0.987855161,0.973159329,0.001132063,0.973159329
DSS,IL16,0.862744919,0.637481474,0.530127038,1.167608512,0.154387457,-0.956270729,0.338935474,0.975782698,0.771297996,0.084493398,0.771297996
DSS,IL17A,0.912779182,0.662111169,0.596236179,1.258347348,0.163809398,-0.557118757,0.577446293,0.975782698,0.948210367,0.004219064,0.948210367
DSS,IL17B,0.916195393,0.668673798,0.586667746,1.255341544,0.160683212,-0.544709213,0.585953528,0.975782698,0.875787145,0.024433423,0.875787145
DSS,IL17F,0.841965599,0.612308057,0.545452424,1.15776048,0.162504844,-1.0585292,0.289814246,0.975782698,0.811705652,0.056751726,0.811705652
DSS,IL17RA,1.249093374,0.863793739,0.942464151,1.80625789,0.188186751,1.181900353,0.237245242,0.975782698,0.669362785,0.182348396,0.669362785
DSS,IL17RB,1.062624978,0.776695844,0.677118867,1.453814711,0.159925743,0.379815283,0.704082537,0.975782698,0.407143567,0.687126269,0.407143567
DSS,IL18,0.840348445,0.617351518,0.526543795,1.143895313,0.157338625,-1.10550514,0.268940768,0.975782698,0.995202931,3.61E-05,0.995202931
DSS,IL18R1,0.858570182,0.624208612,0.556715111,1.180923723,0.162647785,-0.937527998,0.348487029,0.975782698,0.604236013,0.268654148,0.604236013
DSS,IL18RAP,0.833446683,0.608467024,0.533145169,1.141612193,0.160526937,-1.134921967,0.256408015,0.975782698,0.635473914,0.224710558,0.635473914
DSS,IL19,0.91948133,0.668453978,0.596324068,1.264778046,0.162677575,-0.516024042,0.605837618,0.975782698,0.694776439,0.15396315,0.694776439
DSS,IL1A,0.828627528,0.606594534,0.525337163,1.131931697,0.159140764,-1.181246854,0.237504673,0.975782698,0.829500785,0.046372122,0.829500785
DSS,IL1B,0.803657656,0.590654196,0.502820856,1.093475052,0.157116483,-1.391209233,0.164161988,0.975782698,0.666065628,0.186238819,0.666065628
DSS,IL1R1,0.916668381,0.672106216,0.578114212,1.250220428,0.158334228,-0.549530623,0.582641355,0.975782698,0.697039261,0.151570254,0.697039261
DSS,IL1R2,0.854207695,0.627774817,0.534538112,1.162312929,0.15714209,-1.002792522,0.315960977,0.975782698,0.878862898,0.023229068,0.878862898
DSS,IL1RAP,0.825355563,0.612183128,0.500575088,1.112758216,0.152443012,-1.259100029,0.207994204,0.975782698,0.676717122,0.173844861,0.676717122
DSS,IL1RL1,0.871496286,0.637186791,0.554780442,1.191967233,0.159772709,-0.860870898,0.389309151,0.975782698,0.777131062,0.080122802,0.777131062
DSS,IL1RL2,0.826375968,0.603867936,0.527003899,1.130871834,0.160051059,-1.19152877,0.233446069,0.975782698,0.882871092,0.021706301,0.882871092
DSS,IL1RN,0.825217375,0.609890165,0.50667763,1.116567794,0.154272199,-1.245256399,0.213037517,0.975782698,0.889580158,0.01927529,0.889580158
DSS,IL20RA,0.848772951,0.617762811,0.548405675,1.166168486,0.162088252,-1.01156967,0.311743854,0.975782698,0.746667607,0.104352574,0.746667607
DSS,IL20RB,0.877346421,0.644169817,0.55075848,1.194928297,0.15762511,-0.830155534,0.406450852,0.975782698,0.604666594,0.26801478,0.604666594
DSS,IL21R,0.972442967,0.69687772,0.66009682,1.35697454,0.170003874,-0.164371848,0.869438424,0.987855161,0.91235598,0.012114817,0.91235598
DSS,IL22,0.95433851,0.686710227,0.639558053,1.32626828,0.167914326,-0.278337406,0.780753365,0.976578192,0.751076572,0.100628615,0.751076572
DSS,IL22RA1,0.970045722,0.69490064,0.659233532,1.354134172,0.170194115,-0.178690506,0.858180724,0.985377535,0.745505791,0.105346323,0.745505791
DSS,IL22RA2,0.881576508,0.636930125,0.583262027,1.220192151,0.165845821,-0.760004006,0.44725219,0.975782698,0.902767958,0.014924407,0.902767958
DSS,IL23A,1.014628654,0.743948779,0.63984448,1.383793259,0.158322184,0.091728697,0.926913596,0.987855161,0.746369253,0.104607272,0.746369253
DSS,IL23R,0.830556359,0.597639931,0.55660668,1.154246612,0.167914992,-1.105675485,0.268867004,0.975782698,0.638900342,0.22018323,0.638900342
DSS,IL24,0.981610843,0.724093212,0.606619231,1.330712443,0.155245103,-0.119555073,0.904835611,0.987855161,0.848370815,0.036556507,0.848370815
DSS,IL25,0.851600398,0.615883593,0.561649379,1.177532971,0.16533948,-0.971563953,0.331267523,0.975782698,0.711985047,0.136302308,0.711985047
DSS,IL27,0.813892295,0.591595096,0.528124577,1.119719673,0.16276095,-1.265212805,0.205795053,0.975782698,0.793449632,0.068556903,0.793449632
DSS,IL2RA,0.920973142,0.662825955,0.616833541,1.279659496,0.167818609,-0.490555881,0.623740597,0.975782698,0.943421212,0.005036816,0.943421212
DSS,IL2RB,0.858660957,0.627621046,0.547130252,1.174751299,0.159920079,-0.952858024,0.340662011,0.975782698,0.609079254,0.261517894,0.609079254
DSS,IL2RG,0.800762789,0.57388452,0.543450106,1.117334626,0.169970761,-1.307227889,0.191135327,0.975782698,0.641755269,0.216453882,0.641755269
DSS,IL32,0.890859992,0.652221366,0.564591769,1.216813135,0.159086217,-0.726448851,0.467563653,0.975782698,0.336344462,0.924315294,0.336344462
DSS,IL33,0.897955762,0.653551877,0.580205655,1.233757532,0.16209425,-0.664024016,0.50667494,0.975782698,0.449490298,0.571936827,0.449490298
DSS,IL34,0.958558061,0.699874562,0.612980064,1.312854626,0.160476936,-0.263745961,0.791975678,0.976578192,0.823712342,0.049627719,0.823712342
DSS,IL3RA,0.824356399,0.600619088,0.530819264,1.131438353,0.161555021,-1.195582281,0.231859609,0.975782698,0.526946,0.400277459,0.526946
DSS,IL4,0.92349614,0.666145295,0.614123628,1.280268923,0.166665721,-0.477534665,0.632981442,0.975782698,0.970719905,0.001347286,0.970719905
DSS,IL4R,1.012159079,0.759461357,0.58947627,1.348937627,0.146549422,0.082468772,0.93427395,0.987855161,0.163264111,1.943729978,0.163264111
DSS,IL6,0.878371172,0.634692471,0.580913436,1.215605907,0.165782979,-0.782263825,0.434059542,0.975782698,0.940771203,0.005520579,0.940771203
DSS,IL6R,0.911167513,0.665979044,0.580646123,1.246625167,0.159935875,-0.581661371,0.560794796,0.975782698,0.749770359,0.101724113,0.749770359
DSS,IL6ST,0.906115469,0.645700079,0.625858143,1.271558222,0.172876455,-0.570283162,0.56848566,0.975782698,0.029789985,4.721370871,0.029789985
DSS,IL7R,0.876088759,0.627664704,0.59517212,1.222836824,0.17013644,-0.777539899,0.436840304,0.975782698,0.799361275,0.064604331,0.799361275
DSS,ILF3,1.139212145,0.822508329,0.755353275,1.577861604,0.166193662,0.784247247,0.432895047,0.975782698,0.071852273,3.240190736,0.071852273
DSS,INHBA,0.953204593,0.701145359,0.594732857,1.295878216,0.156693869,-0.305855714,0.759714506,0.976289835,0.912694134,0.012021138,0.912694134
DSS,INHBB,1.191885266,0.867525334,0.76999513,1.637520465,0.16206771,1.083104776,0.278761919,0.975782698,0.289775463,1.120664275,0.289775463
DSS,INPP5D,0.960750018,0.687400072,0.655399609,1.342799681,0.170818332,-0.234407106,0.814668942,0.978519651,0.968032526,0.001606087,0.968032526
DSS,IRAK1,1.047851346,0.762317363,0.678017721,1.440335084,0.162316275,0.287966995,0.773372003,0.976578192,0.697794198,0.150776721,0.697794198
DSS,IRAK2,0.844347255,0.606421774,0.569199413,1.175621187,0.168874587,-1.001876204,0.316403387,0.975782698,0.72724822,0.121653304,0.72724822
DSS,IRAK3,0.829268002,0.610513091,0.515892599,1.126405689,0.156249631,-1.198158941,0.230855146,0.975782698,0.394062782,0.726368672,0.394062782
DSS,IRAK4,0.952405945,0.686122146,0.635912262,1.322034407,0.167317202,-0.291445957,0.770710271,0.976578192,0.705626993,0.14268421,0.705626993
DSS,IRF1,0.881582878,0.642520012,0.567074018,1.20959403,0.161391258,-0.780936118,0.434840068,0.975782698,0.964821068,0.001945211,0.964821068
DSS,IRF2,0.721346062,0.527085967,0.460115693,0.987201659,0.160082195,-2.040428554,0.04130766,0.975782698,0.162465141,1.951129939,0.162465141
DSS,IRF3,0.916104318,0.65828325,0.616619494,1.274902744,0.168622962,-0.519650677,0.60330707,0.975782698,0.390645701,0.7369312,0.390645701
DSS,IRF4,0.88750814,0.654513508,0.548931019,1.203444527,0.155372993,-0.768071616,0.442444639,0.975782698,0.759221048,0.09394461,0.759221048
DSS,IRF5,0.804349241,0.582583269,0.527949312,1.110532581,0.164575181,-1.322931703,0.185858091,0.975782698,0.181284619,1.787061347,0.181284619
DSS,IRF7,1.103449976,0.803827726,0.710927006,1.514754731,0.161641704,0.609011235,0.542516992,0.975782698,0.010471635,6.55284896,0.010471635
DSS,IRF8,0.938813601,0.695992029,0.570360084,1.266352113,0.152696042,-0.41349027,0.67924745,0.975782698,0.657662854,0.196375045,0.657662854
DSS,IRF9,0.970746815,0.681711288,0.700617853,1.382329142,0.180339768,-0.164631413,0.869234105,0.987855161,0.199960887,1.642660063,0.199960887
DSS,IRS1,0.953495463,0.710397069,0.569385236,1.279782304,0.150161229,-0.31712988,0.751145053,0.976289835,0.892235853,0.018353639,0.892235853
DSS,ISG15,1.055675093,0.766728583,0.686784339,1.453512921,0.163167728,0.332053781,0.739848649,0.976289835,0.787365727,0.072755852,0.787365727
DSS,ISG20,0.843920125,0.630799052,0.498246997,1.129046049,0.148508086,-1.142681401,0.253170895,0.975782698,0.901406205,0.015347532,0.901406205
DSS,ITCH,1.425401343,0.981412916,1.088835963,2.070248879,0.190419526,1.861434203,0.062682884,0.975782698,0.245381735,1.349407444,0.245381735
DSS,ITGA1,0.990319472,0.699829585,0.701558236,1.401387821,0.177141385,-0.05491483,0.956206317,0.987855161,0.147707838,2.095764218,0.147707838
DSS,ITGA2,0.829421413,0.61340252,0.508112077,1.121514597,0.153934974,-1.214973502,0.224376198,0.975782698,0.398107575,0.71403488,0.398107575
DSS,ITGA2B,0.825145892,0.593215681,0.554538439,1.14775412,0.168371545,-1.141493773,0.253664502,0.975782698,0.563049835,0.33445104,0.563049835
DSS,ITGA3,1.431819631,1.030704313,0.958331175,1.989035489,0.16770907,2.140290354,0.032331309,0.975782698,0.884419859,0.021132028,0.884419859
DSS,ITGA4,0.978270562,0.735467909,0.565762614,1.301230524,0.145553375,-0.150934314,0.880027532,0.987855161,0.943177654,0.005080347,0.943177654
DSS,ITGA5,0.948103598,0.709385081,0.557769327,1.267154408,0.147995202,-0.36008939,0.718780287,0.975782698,0.040615324,4.191992971,0.040615324
DSS,ITGA6,0.859838132,0.637881919,0.521143899,1.159025818,0.152345129,-0.991243546,0.321566672,0.975782698,0.189035238,1.72512064,0.189035238
DSS,ITGA7,1.058854594,0.759030253,0.718082217,1.47711247,0.169850772,0.336694096,0.736347514,0.976289835,0.355870205,0.852414425,0.355870205
DSS,ITGA8,0.85209547,0.616471494,0.561306711,1.177778205,0.165149204,-0.969164255,0.332463243,0.975782698,0.780902056,0.077363914,0.780902056
DSS,ITGA9,0.799829378,0.571874422,0.546775075,1.118649497,0.171165902,-1.304914407,0.191921995,0.975782698,0.398922897,0.711570621,0.398922897
DSS,ITGAE,0.900163714,0.647649925,0.603480787,1.251130712,0.167975709,-0.626153797,0.531214069,0.975782698,0.703975105,0.144369604,0.703975105
DSS,ITGAL,0.734030678,0.529842453,0.48706556,1.016908013,0.166314852,-1.859151199,0.06300571,0.975782698,0.488341738,0.480177918,0.488341738
DSS,ITGAM,0.808486901,0.593002598,0.509270935,1.102273533,0.15814867,-1.344246536,0.178868678,0.975782698,0.984994426,0.000353734,0.984994426
DSS,ITGAV,0.938969298,0.68026874,0.615782794,1.296051534,0.164439173,-0.382953132,0.701754515,0.975782698,0.163216328,1.944171373,0.163216328
DSS,ITGAX,0.95842504,0.71599747,0.566938008,1.282935478,0.148785754,-0.285403165,0.775335283,0.976578192,0.31961275,0.990530499,0.31961275
DSS,ITGB1,1.016758337,0.742813661,0.648918303,1.391731964,0.160171067,0.103760719,0.91735924,0.987855161,0.403037371,0.699245388,0.403037371
DSS,ITGB2,0.997050956,0.740997448,0.600586941,1.34158439,0.15143375,-0.019502922,0.984439906,0.996772012,0.582745084,0.301817763,0.582745084
DSS,ITGB3,0.914205562,0.666526817,0.58739394,1.253920757,0.161214736,-0.556399687,0.577937653,0.975782698,0.107158972,2.595627775,0.107158972
DSS,ITGB4,1.08039081,0.775058439,0.730949679,1.506008118,0.169462136,0.456283853,0.648185873,0.975782698,0.617619229,0.249227946,0.617619229
DSS,ITGB6,0.882769099,0.635351019,0.591185586,1.226536605,0.167802082,-0.743087374,0.457428783,0.975782698,0.434991574,0.609459014,0.434991574
DSS,ITGB7,0.918306251,0.677973208,0.565861153,1.24383436,0.154810585,-0.550507169,0.581971561,0.975782698,0.905267559,0.014163342,0.905267559
DSS,ITGB8,1.007201281,0.734569482,0.646449529,1.381019011,0.161046921,0.044555185,0.964461865,0.989914102,0.968904181,0.001519651,0.968904181
DSS,ITK,0.81062007,0.589482972,0.525230986,1.114713958,0.162530353,-1.291794438,0.196428342,0.975782698,0.863654098,0.029489315,0.863654098
DSS,ITPK1,1.141094878,0.824207565,0.755609917,1.579817482,0.165983204,0.795190221,0.426502859,0.975782698,0.403491639,0.697895805,0.403491639
DSS,JADE1,0.802833243,0.579850667,0.531713486,1.111564153,0.16601143,-1.322850203,0.185885198,0.975782698,0.09284454,2.82434885,0.09284454
DSS,JAG1,0.985982863,0.73737332,0.581039187,1.318412506,0.148239801,-0.095226145,0.924135204,0.987855161,0.872202628,0.025876364,0.872202628
DSS,JAG2,1.055188988,0.732552639,0.78737063,1.519923269,0.186197282,0.288510586,0.772955929,0.976578192,0.15800943,1.993173761,0.15800943
DSS,JAK1,0.945143467,0.709685125,0.549036726,1.258721851,0.146183986,-0.38594204,0.699539595,0.975782698,0.097150817,2.751704396,0.097150817
DSS,JAK2,0.823559985,0.599179683,0.53278635,1.131966033,0.162286076,-1.196152473,0.231637064,0.975782698,0.729594521,0.119484265,0.729594521
DSS,JAK3,0.892286484,0.651860604,0.569528086,1.22138869,0.160184836,-0.711478255,0.476787921,0.975782698,0.647193277,0.209457074,0.647193277
DSS,JAM3,1.003850599,0.733704707,0.639757963,1.373462669,0.159947757,0.024027872,0.980830376,0.996772012,0.391672588,0.733743101,0.391672588
DSS,JAML,0.830116103,0.603461071,0.538439836,1.141900908,0.162698929,-1.144381869,0.252465304,0.975782698,0.838651748,0.041460435,0.838651748
DSS,JUN,1.009115535,0.755057932,0.593599065,1.348656997,0.147979781,0.061320808,0.95110372,0.987855161,0.24148068,1.371929296,0.24148068
DSS,JUNB,1.083609292,0.785820351,0.708425882,1.494246233,0.163944074,0.489785356,0.624285794,0.975782698,0.175631725,1.834204599,0.175631725
DSS,JUP,1.055227213,0.777232799,0.655419649,1.432652448,0.15600872,0.3445712,0.73041676,0.975782698,0.604671694,0.268007213,0.604671694
DSS,KAT2B,0.783803407,0.569238971,0.510005095,1.079244066,0.163195807,-1.492667312,0.135524294,0.975782698,0.81234514,0.056359586,0.81234514
DSS,KDM5C,0.969444488,0.712032234,0.607883594,1.319915828,0.157451889,-0.197089181,0.84375775,0.979248328,0.584618396,0.298827519,0.584618396
DSS,KDM6A,0.986103336,0.716728109,0.639992488,1.356720597,0.162791047,-0.085963738,0.931495243,0.987855161,0.510472174,0.433099095,0.510472174
DSS,KDR,0.826191829,0.603658046,0.527102891,1.130760937,0.160114726,-1.192446812,0.233086094,0.975782698,0.8631002,0.029731793,0.8631002
DSS,KEAP1,0.90746216,0.659014985,0.590558378,1.249573364,0.163220139,-0.594922973,0.55189496,0.975782698,0.251334031,1.315873177,0.251334031
DSS,KIF2C,0.921046891,0.697894991,0.517656613,1.215551604,0.141554795,-0.581007028,0.561235717,0.975782698,0.498479438,0.458172201,0.498479438
DSS,KIR.Family,0.943321277,0.646171156,0.73094855,1.377119706,0.193035438,-0.302267596,0.762448079,0.976380034,0.924314442,0.009025092,0.924314442
DSS,KIT,1.201262676,0.920192001,0.647993785,1.568185786,0.135995442,1.348377792,0.177536903,0.975782698,0.928470377,0.008058565,0.928470377
DSS,KITLG,1.067744818,0.796923981,0.633675453,1.430599435,0.149260275,0.439157557,0.660547376,0.975782698,0.200547428,1.638383314,0.200547428
DSS,KLF4,1.40002259,0.9897093,0.990734101,1.980443401,0.176958551,1.901509533,0.057235305,0.975782698,0.943883826,0.00495465,0.943883826
DSS,KLRG1,0.83665783,0.602512155,0.559284033,1.161796188,0.167506824,-1.064673622,0.287023651,0.975782698,0.738256503,0.111664964,0.738256503
DSS,KLRK1,0.877491812,0.62725358,0.600307178,1.227560758,0.171287194,-0.762973876,0.445478976,0.975782698,0.615143139,0.252753147,0.615143139
DSS,KMT2C,1.136650367,0.818417362,0.760207575,1.578624937,0.167589055,0.764284171,0.444697916,0.975782698,0.527072565,0.400032321,0.527072565
DSS,KMT2D,1.024836331,0.742323874,0.672543065,1.414866938,0.16454515,0.14909539,0.881478364,0.987855161,0.791133076,0.070139981,0.791133076
DSS,KRAS,0.765612062,0.55009605,0.515466644,1.065562694,0.16866774,-1.583466317,0.113315218,0.975782698,0.692629478,0.156253542,0.692629478
DSS,KRT1,0.877646795,0.635525592,0.576485232,1.212010824,0.164692755,-0.792451675,0.428097359,0.975782698,0.180830634,1.79078429,0.180830634
DSS,KRT10,0.836560156,0.637701787,0.459727934,1.097429721,0.138486053,-1.288626859,0.197527841,0.975782698,0.129416888,2.299485176,0.129416888
DSS,KRT14,0.939061775,0.682550297,0.609423381,1.291973679,0.162781076,-0.386248912,0.699312333,0.975782698,0.674858973,0.175970814,0.674858973
DSS,KRT17,1.291700834,0.914195285,0.910897308,1.825092593,0.176365943,1.451299619,0.146696447,0.975782698,0.998004867,6.25E-06,0.998004867
DSS,KRT18,1.065917915,0.798651328,0.623973243,1.422624571,0.147281857,0.433429628,0.66470268,0.975782698,0.734147089,0.1153378,0.734147089
DSS,KRT19,1.225992628,0.921629562,0.709240352,1.630869914,0.145595909,1.399426856,0.161685018,0.975782698,0.59716626,0.279291056,0.59716626
DSS,KRT5,1.384727686,1.018051792,0.865418951,1.883470743,0.156948145,2.073955733,0.038083422,0.975782698,0.731413784,0.117817468,0.731413784
DSS,KRT6A.B.C,0.883056686,0.636731176,0.587944386,1.224675562,0.16686115,-0.74532558,0.456074921,0.975782698,0.984494953,0.000377677,0.984494953
DSS,KRT7,1.024423135,0.759696875,0.621699828,1.381396703,0.152536187,0.158189733,0.874307294,0.987855161,0.211988707,1.55779268,0.211988707
DSS,KYAT1,1.129754829,0.798919556,0.798670546,1.597590102,0.17678675,0.690100609,0.49013092,0.975782698,0.739630694,0.110451499,0.739630694
DSS,L1CAM,1.191540979,0.823600116,0.900258197,1.723858312,0.188430796,0.930035928,0.352352483,0.975782698,0.546464573,0.363688982,0.546464573
DSS,LAG3,0.997135076,0.700600108,0.718580889,1.419180997,0.180079318,-0.015932067,0.987288587,0.997325792,0.72146182,0.127096376,0.72146182
DSS,LAIR1,0.965221024,0.687860383,0.666559275,1.354419658,0.17284564,-0.204796394,0.837731205,0.979248328,0.887828045,0.019895959,0.887828045
DSS,LAIR2,1.153399461,0.792230101,0.88699203,1.67922213,0.191644865,0.744677584,0.456466653,0.975782698,0.880600355,0.022562504,0.880600355
DSS,LAMA1,0.854458749,0.626983296,0.537481146,1.164464441,0.157935722,-0.995892828,0.319302221,0.975782698,0.518532789,0.416810619,0.518532789
DSS,LAMA3,1.156713102,0.872474398,0.661077994,1.533552391,0.143882449,1.011815205,0.311626418,0.975782698,0.978514334,0.000725308,0.978514334
DSS,LAMA5,0.853779024,0.599819724,0.615443117,1.215262841,0.18012742,-0.877616925,0.380151641,0.975782698,0.631429014,0.230127892,0.631429014
DSS,LAMB3,1.061681157,0.761375053,0.71906074,1.480435793,0.169637224,0.352833226,0.724213473,0.975782698,0.23106478,1.434294937,0.23106478
DSS,LAMC2,1.285430948,0.914574858,0.892092696,1.806667554,0.173671553,1.445798269,0.148233792,0.975782698,0.468252218,0.52609743,0.468252218
DSS,LAMC3,0.954410396,0.690080039,0.629910616,1.319990655,0.165455169,-0.282019088,0.777928874,0.976578192,0.91593924,0.011140844,0.91593924
DSS,LAMP1,0.820134797,0.598547131,0.525209128,1.123756259,0.160698587,-1.233903605,0.217238826,0.975782698,0.694778082,0.153961405,0.694778082
DSS,LAMP3,0.912703431,0.662363547,0.595295567,1.257659115,0.163572612,-0.558432611,0.57654901,0.975782698,0.408092536,0.684350858,0.408092536
DSS,LAT,0.900238728,0.65974929,0.56864122,1.22839051,0.158574384,-0.662750785,0.507490178,0.975782698,0.82352514,0.049734941,0.82352514
DSS,LCK,0.945605819,0.682212729,0.628478681,1.310691411,0.166576669,-0.335758179,0.73705323,0.976289835,0.312804911,1.018795412,0.312804911
DSS,LCN2,1.010016455,0.750176843,0.609680168,1.359857011,0.15174408,0.06568047,0.947632221,0.987855161,0.910965331,0.012503937,0.910965331
DSS,LCOR,0.812377068,0.582688579,0.549917284,1.132605863,0.169549916,-1.225542795,0.220370776,0.975782698,0.873719098,0.025260733,0.873719098
DSS,LCP1,0.773254976,0.551400473,0.532971572,1.084372045,0.1725274,-1.490467205,0.136101433,0.975782698,0.930585294,0.007587885,0.930585294
DSS,LDHA,0.846377083,0.624024315,0.523934425,1.14795874,0.155500638,-1.072601989,0.283449732,0.975782698,0.746186882,0.104763127,0.746186882
DSS,LDHB,1.084286127,0.791597719,0.693596562,1.485194281,0.160525281,0.504106406,0.614186605,0.975782698,0.337038122,0.92166521,0.337038122
DSS,LEF1,1.060416036,0.754030107,0.737266008,1.491296114,0.173974778,0.337182884,0.735979039,0.976289835,0.643864775,0.213723127,0.643864775
DSS,LEFTY1,0.898885845,0.652322673,0.586321631,1.238644303,0.16358296,-0.651652425,0.51462542,0.975782698,0.597857805,0.278238945,0.597857805
DSS,LEFTY2,0.939473008,0.674823908,0.633086974,1.307910882,0.168812953,-0.369854265,0.71149108,0.975782698,0.56196469,0.336313876,0.56196469
DSS,LEPR,0.867603183,0.616869656,0.603380483,1.220250138,0.174021923,-0.816108853,0.414437881,0.975782698,0.420411426,0.64916485,0.420411426
DSS,LFNG,1.091714935,0.798756686,0.693364156,1.492120842,0.15941553,0.550446964,0.582012844,0.975782698,0.204512517,1.609852645,0.204512517
DSS,LGALS3,0.987403113,0.741401144,0.573629074,1.315030218,0.146194801,-0.086712387,0.93090013,0.987855161,0.103219163,2.655086179,0.103219163
DSS,LGALS9,0.892359706,0.632374282,0.626857581,1.259231863,0.175711327,-0.648142448,0.516892821,0.975782698,0.419749651,0.651016045,0.419749651
DSS,LGR5,0.999590339,0.725880834,0.650627263,1.376508098,0.163247731,-0.002509955,0.997997348,0.998890644,0.5792685,0.307418717,0.5792685
DSS,LIF,0.948424847,0.694220709,0.601490696,1.295711405,0.159193037,-0.332632179,0.73941195,0.976289835,0.975381288,0.000952332,0.975381288
DSS,LIG4,0.743503272,0.54151212,0.479327664,1.020839784,0.161741604,-1.832442027,0.066885591,0.975782698,0.876493876,0.024153934,0.876493876
DSS,LILRA1,0.918469667,0.639991937,0.678128623,1.318120559,0.184316296,-0.461415516,0.644500521,0.975782698,0.712187625,0.136101699,0.712187625
DSS,LILRA3,1.025435036,0.736700635,0.690632207,1.427332843,0.168722799,0.148865165,0.881660029,0.987855161,0.281241793,1.161079411,0.281241793
DSS,LILRA4,0.933641353,0.658464708,0.665351384,1.323816092,0.178157074,-0.385406558,0.699936225,0.975782698,0.20149232,1.631524487,0.20149232
DSS,LILRA5,0.901268003,0.63606761,0.640972757,1.277040367,0.177808268,-0.584633186,0.558794388,0.975782698,0.405541053,0.691834638,0.405541053
DSS,LILRB1,1.011867901,0.729266022,0.674716364,1.403982386,0.167102423,0.070603584,0.943713258,0.987855161,0.810183677,0.057690795,0.810183677
DSS,LILRB2,1.010683097,0.705919366,0.741101884,1.447021249,0.183105761,0.058034416,0.953721215,0.987855161,0.5019629,0.450783959,0.5019629
DSS,LILRB3,0.894754283,0.647627919,0.588552924,1.236180843,0.164917726,-0.674312855,0.500112433,0.975782698,0.536479249,0.382104203,0.536479249
DSS,LILRB4,0.956778543,0.686432462,0.647165861,1.333598323,0.169423581,-0.26078614,0.794257434,0.976578192,0.992807484,8.13E-05,0.992807484
DSS,LOXL2,0.990582948,0.733865719,0.603237994,1.337103713,0.153047475,-0.061821814,0.950704732,0.987855161,0.169853223,1.884238257,0.169853223
DSS,LRP1,1.010387157,0.75306991,0.602557495,1.355627405,0.149967447,0.068905496,0.945064844,0.987855161,0.055744789,3.659666539,0.055744789
DSS,LRP5,1.150766206,0.832731996,0.757530979,1.590262975,0.165039466,0.850875188,0.394838689,0.975782698,0.068287594,3.323709316,0.068287594
DSS,LRP6,1.162965482,0.825488149,0.812922666,1.638410816,0.174877481,0.86330837,0.387967944,0.975782698,0.29559043,1.093982806,0.29559043
DSS,LRRC32,0.923669748,0.683241313,0.565462166,1.248703479,0.153832665,-0.516149717,0.605749846,0.975782698,0.227490464,1.456483487,0.227490464
DSS,LTA,0.872857477,0.632784034,0.571228919,1.204012954,0.164106638,-0.828625798,0.407316185,0.975782698,0.849964062,0.035783125,0.849964062
DSS,LTB,0.891485164,0.64001268,0.601753027,1.241765707,0.169085151,-0.679341044,0.496921796,0.975782698,0.859896099,0.031154519,0.859896099
DSS,LTBP1,1.157379164,0.854908751,0.711956168,1.566864918,0.154553171,0.945681717,0.34431095,0.975782698,0.647412365,0.2091781,0.647412365
DSS,LTBR,1.181102576,0.833107513,0.841350194,1.674457707,0.178085398,0.934654894,0.34996618,0.975782698,0.352283684,0.865214028,0.352283684
DSS,LTF,1.22429844,0.877915617,0.829431469,1.707347086,0.169683106,1.192623018,0.233017047,0.975782698,0.729677718,0.119407754,0.729677718
DSS,LTK,0.904773395,0.672494766,0.544785928,1.217280694,0.151375328,-0.661077077,0.508562885,0.975782698,0.740251248,0.109905939,0.740251248
DSS,LY6E,1.034906126,0.761769348,0.644208317,1.405977666,0.156340722,0.219461206,0.826290796,0.979248328,0.762837539,0.091057108,0.762837539
DSS,LY86,0.858356592,0.618766044,0.571952234,1.190718278,0.166988975,-0.914645158,0.360377944,0.975782698,0.949732559,0.003974373,0.949732559
DSS,LY9,0.881634675,0.649072658,0.548450747,1.197523405,0.156244251,-0.806285727,0.420078118,0.975782698,0.839101344,0.041226501,0.839101344
DSS,LY96,0.898574599,0.655196989,0.577159575,1.232356564,0.161163059,-0.663586,0.50695532,0.975782698,0.716926162,0.131456968,0.716926162
DSS,LYN,0.956899803,0.708016474,0.585254611,1.293271085,0.153692276,-0.286654559,0.774376834,0.976578192,0.844796506,0.038322735,0.844796506
DSS,LYZ,1.01884256,0.705727457,0.765152202,1.470879659,0.18734701,0.099639901,0.920630215,0.987855161,0.786974859,0.073030193,0.786974859
DSS,MAD2L2,1.04945556,0.78712412,0.612092274,1.399216394,0.14675823,0.328918628,0.742217194,0.976289835,0.433288046,0.613993744,0.433288046
DSS,MAF,0.618491477,0.429247782,0.461919799,0.891167581,0.186354995,-2.578261269,0.009929889,0.975782698,0.846872667,0.037291548,0.846872667
DSS,MAGEA1,0.78459558,0.551613303,0.564368166,1.115981468,0.179758986,-1.349511839,0.17717262,0.975782698,0.699323451,0.149176624,0.699323451
DSS,MAGEA12,0.991184317,0.722090855,0.638466953,1.360557808,0.161609877,-0.054791024,0.956304951,0.987855161,0.676605134,0.173972559,0.676605134
DSS,MAGEA3.A6,0.923912046,0.670919458,0.601384483,1.27230394,0.163251869,-0.484762597,0.627844757,0.975782698,0.585813665,0.296929687,0.585813665
DSS,MAGEA4,1.007260413,0.725993775,0.671502423,1.397496198,0.167068387,0.043300731,0.965461809,0.989914102,0.893938938,0.017774685,0.893938938
DSS,MAGEB2,0.862278304,0.629425365,0.551848721,1.181274086,0.160600294,-0.922645897,0.356191769,0.975782698,0.912812137,0.011988534,0.912812137
DSS,MAGEC1,0.69762775,0.502579047,0.465794944,0.968373991,0.167315685,-2.152037501,0.031394401,0.975782698,0.719884193,0.128603693,0.719884193
DSS,MAGEC2,0.764880728,0.569023826,0.459127373,1.028151198,0.150919918,-1.776010557,0.075731177,0.975782698,0.522358364,0.409234372,0.522358364
DSS,MAML2,0.884645834,0.640251281,0.582078566,1.222329848,0.164965608,-0.742990635,0.45748735,0.975782698,0.865992557,0.028476876,0.865992557
DSS,MAP2K1,0.827726847,0.617325462,0.492513312,1.109838773,0.149638887,-1.263522322,0.20640153,0.975782698,0.94940983,0.004025639,0.94940983
DSS,MAP2K2,1.038066417,0.756841491,0.666946578,1.423788069,0.161207659,0.231749336,0.81673271,0.978519651,0.172264718,1.863123657,0.172264718
DSS,MAP2K4,0.758062549,0.563665724,0.455837154,1.019502878,0.15117855,-1.832200265,0.066921589,0.975782698,0.658662811,0.195151989,0.658662811
DSS,MAP2K6,0.836571855,0.613029854,0.528598834,1.141628688,0.158624741,-1.124937142,0.260615671,0.975782698,0.798285241,0.065314466,0.798285241
DSS,MAP3K1,0.798331347,0.586731184,0.499512325,1.086243509,0.157123789,-1.433465592,0.151724825,0.975782698,0.581949866,0.30309298,0.581949866
DSS,MAP3K12,1.00164526,0.739596357,0.616945245,1.356541601,0.154744993,0.010623334,0.991523965,0.997437519,0.914638922,0.011489514,0.914638922
DSS,MAP3K13,0.827386569,0.599353418,0.542824991,1.142178409,0.16450332,-1.151850663,0.249382445,0.975782698,0.29239188,1.10857519,0.29239188
DSS,MAP3K14,0.978016458,0.708620862,0.641207012,1.349827874,0.164393768,-0.13521669,0.892440551,0.987855161,0.11760109,2.448982329,0.11760109
DSS,MAP3K20,1.042740129,0.770265278,0.641335387,1.411600664,0.154529521,0.270834905,0.786518013,0.976578192,0.302129433,1.064771503,0.302129433
DSS,MAP3K5,0.926079793,0.681491188,0.576960567,1.258451755,0.156470772,-0.490793762,0.623572323,0.975782698,0.026472464,4.924891508,0.026472464
DSS,MAP3K7,0.958320388,0.709674467,0.584408959,1.294083426,0.153255769,-0.277791324,0.781172552,0.976578192,0.498381921,0.45838029,0.498381921
DSS,MAP3K8,0.889110799,0.644721598,0.581416962,1.226138561,0.163984272,-0.716735918,0.473537059,0.975782698,0.78409977,0.075065199,0.78409977
DSS,MAP4K2,0.827598804,0.593070485,0.561800306,1.154870791,0.170010903,-1.113027311,0.2656967,0.975782698,0.621124794,0.244289835,0.621124794
DSS,MAPK1,1.115387113,0.79160475,0.779998265,1.571603015,0.174949437,0.624189098,0.532503406,0.975782698,0.807986799,0.059060668,0.807986799
DSS,MAPK10,0.894358965,0.657758938,0.558306574,1.216065511,0.156772633,-0.712165479,0.476362311,0.975782698,0.253933517,1.301532323,0.253933517
DSS,MAPK11,0.955081384,0.691732765,0.626956322,1.318689088,0.164593255,-0.279226046,0.780071357,0.976578192,0.739802822,0.110300023,0.739802822
DSS,MAPK12,0.965947577,0.695952403,0.644735146,1.340687549,0.167262407,-0.207133899,0.835905288,0.979248328,0.725313167,0.123458646,0.725313167
DSS,MAPK14,0.982166466,0.711015813,0.645706428,1.356722241,0.164832693,-0.109168073,0.913069183,0.987855161,0.556909699,0.345083194,0.556909699
DSS,MAPK3,0.883190143,0.654855131,0.53628592,1.19114105,0.152618354,-0.813891388,0.415707175,0.975782698,0.78638032,0.073448549,0.78638032
DSS,MAPK8,0.900178274,0.659514474,0.569148364,1.228662838,0.158721747,-0.662558564,0.507613316,0.975782698,0.653547655,0.201456632,0.653547655
DSS,MAPK8IP1,0.788197489,0.592897409,0.454931901,1.047829309,0.1452717,-1.638354889,0.101347684,0.975782698,0.302810762,1.061774715,0.302810762
DSS,MAPK8IP2,1.08934134,0.785884742,0.724088021,1.509972763,0.166594069,0.513663176,0.607487502,0.975782698,0.663199918,0.189659796,0.663199918
DSS,MAPK9,0.902862775,0.646325025,0.614899837,1.261224862,0.170548065,-0.599154865,0.549069618,0.975782698,0.937786655,0.006092121,0.937786655
DSS,MAPKAPK2,1.123755998,0.791572538,0.803767728,1.595340266,0.178784103,0.652611963,0.514006471,0.975782698,0.038929859,4.26392564,0.038929859
DSS,MAPT,0.928891853,0.690803263,0.558235532,1.249038795,0.15109321,-0.488195062,0.625411682,0.975782698,0.765228845,0.089174811,0.765228845
DSS,MARCO,0.832000298,0.60569415,0.537167302,1.142861452,0.161971161,-1.135526092,0.256154956,0.975782698,0.921166393,0.009793988,0.921166393
DSS,MASP1,0.839664104,0.611003392,0.542894963,1.153898354,0.162196565,-1.077417039,0.281293995,0.975782698,0.586778883,0.295402843,0.586778883
DSS,MASP2,0.933328118,0.678082807,0.606570581,1.284653389,0.163006773,-0.423285842,0.672086723,0.975782698,0.779706878,0.078232674,0.779706878
DSS,MAVS,1.046598171,0.7691134,0.655081954,1.424195355,0.157177339,0.289768665,0.771993221,0.976578192,0.745136318,0.10566344,0.745136318
DSS,MBL2,0.774222515,0.558167294,0.515741029,1.073908323,0.166942145,-1.532842169,0.125314748,0.975782698,0.769757709,0.085668512,0.769757709
DSS,MBNL1,0.855354385,0.601980578,0.613392724,1.215373303,0.179233235,-0.871710042,0.38336658,0.975782698,0.387179139,0.747782735,0.387179139
DSS,MBNL3,1.064917992,0.803700922,0.607334325,1.411035247,0.143587261,0.438045779,0.661353099,0.975782698,0.022169173,5.232458686,0.022169173
DSS,MCAM,0.835701489,0.561645657,0.681837613,1.243483271,0.202758997,-0.885207578,0.376044686,0.975782698,0.014967761,5.920258687,0.014967761
DSS,MCAT,0.9100332,0.637884137,0.660408729,1.298292866,0.1812913,-0.52001501,0.603053114,0.975782698,0.42859941,0.626615733,0.42859941
DSS,MCL1,0.962766458,0.697261735,0.632108867,1.329370602,0.164620377,-0.230496444,0.817706026,0.978519651,0.464605343,0.534777147,0.464605343
DSS,MCM2,0.984133857,0.713381312,0.644264919,1.357646231,0.16415906,-0.097425982,0.922388112,0.987855161,0.778277756,0.079278353,0.778277756
DSS,MCM4,1.396088478,0.997746909,0.955717462,1.953464371,0.171396014,1.946803625,0.051558282,0.975782698,0.225415376,1.469558434,0.225415376
DSS,MCM5,0.978564409,0.709463747,0.640271608,1.349735355,0.16407302,-0.132067233,0.894931113,0.987855161,0.640502979,0.218084951,0.640502979
DSS,MCM7,1.127069997,0.83864297,0.6760502,1.51469317,0.150814785,0.79316721,0.427680409,0.975782698,0.062969983,3.457380932,0.062969983
DSS,MDC1,0.874844555,0.656524286,0.509240657,1.165764942,0.146475413,-0.912843028,0.361325105,0.975782698,0.142061855,2.155482019,0.142061855
DSS,MDM2,1.150300937,0.81758201,0.80083942,1.61842143,0.174200984,0.803804829,0.421509701,0.975782698,0.545265725,0.365867086,0.545265725
DSS,MDM4,1.177075358,0.894265719,0.655057229,1.549322948,0.140199094,1.162866657,0.244883607,0.975782698,0.309066175,1.034662138,0.309066175
DSS,ME2,1.168529382,0.809600952,0.876984167,1.686585119,0.187227841,0.831852889,0.405491987,0.975782698,0.071308895,3.252631349,0.071308895
DSS,MECOM,0.831954036,0.606445198,0.534873951,1.141319149,0.161310529,-1.140521245,0.254069207,0.975782698,0.146456338,2.108776854,0.146456338
DSS,MED12,1.085299197,0.783503705,0.719838704,1.503342409,0.166245501,0.492378479,0.62245181,0.975782698,0.386239292,0.750748699,0.386239292
DSS,MEF2C,0.832911727,0.610933621,0.524610274,1.135543895,0.158135228,-1.156147273,0.247620923,0.975782698,0.37442148,0.788937881,0.37442148
DSS,MEFV,0.829897108,0.604660502,0.534374061,1.139034563,0.161551224,-1.154145088,0.248440691,0.975782698,0.935364786,0.006576729,0.935364786
DSS,MELK,1.164190667,0.85595926,0.727457115,1.583416376,0.156920555,0.968809595,0.332640198,0.975782698,0.098184084,2.73479525,0.098184084
DSS,MEN1,0.794624709,0.57744512,0.516041354,1.093486474,0.162888979,-1.411300764,0.158155949,0.975782698,0.91665564,0.010951068,0.91665564
DSS,MERTK,0.754354523,0.548967383,0.487616509,1.036583892,0.162157785,-1.738386049,0.082142813,0.975782698,0.808285463,0.058873436,0.808285463
DSS,MET,0.939514249,0.705696304,0.545106652,1.250802957,0.146011869,-0.427309741,0.669153739,0.975782698,0.39269004,0.730596093,0.39269004
DSS,MFGE8,0.936256046,0.69974231,0.552969395,1.252711705,0.148562349,-0.443357873,0.657506902,0.975782698,0.181797474,1.78286859,0.181797474
DSS,MFNG,0.798257142,0.59514889,0.475531868,1.070680758,0.149808451,-1.504084038,0.13255973,0.975782698,0.223538561,1.481509087,0.223538561
DSS,MGMT,1.041371128,0.762706853,0.659141949,1.421848802,0.158890553,0.255133084,0.798620312,0.976721717,0.376520119,0.782032926,0.376520119
DSS,MIA,1.133735133,0.818269404,0.752552315,1.570821719,0.166371048,0.754443825,0.450582765,0.975782698,0.678901297,0.17136526,0.678901297
DSS,MIB1,1.19093672,0.82352187,0.898752089,1.722273959,0.188220464,0.928380228,0.353210371,0.975782698,0.059751161,3.544278138,0.059751161
DSS,MICA,1.096861212,0.812951521,0.666970082,1.479921604,0.152827532,0.604947658,0.545213775,0.975782698,0.397600701,0.715570557,0.397600701
DSS,MICB,0.759185315,0.548658795,0.501834422,1.050493218,0.165701595,-1.662683896,0.096375727,0.975782698,0.514810781,0.424276599,0.514810781
DSS,MIF,1.041175462,0.764628618,0.653113694,1.417742311,0.15751073,0.256175102,0.797815633,0.976578192,0.52364941,0.406699637,0.52364941
DSS,MKI67,0.915894324,0.687800721,0.531829307,1.219630028,0.146126075,-0.601222524,0.547691784,0.975782698,0.352837657,0.863225402,0.352837657
DSS,MLF1,0.888638729,0.654633373,0.551658306,1.206291679,0.155929105,-0.757167846,0.448949311,0.975782698,0.024524729,5.057136372,0.024524729
DSS,MLH1,0.841481825,0.616631686,0.531690202,1.148321888,0.158621544,-1.08806698,0.27656554,0.975782698,0.1771662,1.821236189,0.1771662
DSS,MLLT3,0.885977823,0.652980509,0.549133017,1.202113527,0.155688901,-0.777597878,0.436806113,0.975782698,0.050140219,3.836763503,0.050140219
DSS,MLPH,1.00896382,0.725214897,0.678517974,1.403732871,0.168478168,0.052967593,0.957757729,0.987855161,0.764798897,0.089511662,0.764798897
DSS,MME,0.913037902,0.662570705,0.595616842,1.258187548,0.163600004,-0.556099527,0.578142818,0.975782698,0.121001741,2.404306448,0.121001741
DSS,MMP1,0.720973661,0.497372978,0.547724048,1.045097026,0.189423074,-1.727100437,0.084149627,0.975782698,0.764641088,0.089635474,0.764641088
DSS,MMP11,1.041749437,0.779000091,0.614121555,1.393121647,0.148291279,0.275818317,0.782687614,0.976578192,0.334894828,0.929877232,0.334894828
DSS,MMP3,0.734762,0.532264329,0.48203471,1.014299039,0.164496091,-1.873653292,0.060978228,0.975782698,0.583190853,0.301104456,0.583190853
DSS,MMP9,0.698072866,0.483053254,0.525750064,1.008803318,0.187858852,-1.913307705,0.055708672,0.975782698,0.293329336,1.104277263,0.293329336
DSS,MMRN2,0.981106861,0.712534776,0.638375672,1.350910448,0.163193134,-0.11687927,0.906955726,0.987855161,0.5693828,0.323716297,0.5693828
DSS,MNAT1,1.127167084,0.843582343,0.662501379,1.506083722,0.147862534,0.809586288,0.418177991,0.975782698,0.640960761,0.217487841,0.640960761
DSS,MNX1,0.981170444,0.695445549,0.688840313,1.384285862,0.175612142,-0.108244732,0.913801562,0.987855161,0.29291153,1.106190597,0.29291153
DSS,MPL,0.86534333,0.626304779,0.569309725,1.195614504,0.164946511,-0.876823263,0.380582642,0.975782698,0.797042874,0.066139519,0.797042874
DSS,MPO,0.888706805,0.650025314,0.56500396,1.215029274,0.159572356,-0.739400633,0.459663758,0.975782698,0.683823255,0.165853813,0.683823255
DSS,MPPED1,1.032541387,0.751993571,0.665760192,1.417753763,0.1617635,0.197962638,0.843074296,0.979248328,0.489352806,0.477949002,0.489352806
DSS,MR1,0.901632256,0.648531938,0.604977221,1.25350916,0.168113031,-0.615945948,0.537930194,0.975782698,0.804518142,0.061258265,0.804518142
DSS,MRC1,0.85229402,0.618511905,0.555928054,1.174439959,0.163582149,-0.977024197,0.328557173,0.975782698,0.739028213,0.110982607,0.739028213
DSS,MRE11,0.934825067,0.677575472,0.612167061,1.289742534,0.16420632,-0.410434026,0.681487591,0.975782698,0.190746409,1.711843125,0.190746409
DSS,MRM2,0.852696082,0.62886183,0.527339059,1.15620089,0.155355724,-1.025723961,0.305021717,0.975782698,0.003970567,8.297226643,0.003970567
DSS,MRPL19,0.865233007,0.630289414,0.557463609,1.187753022,0.161645696,-0.895516802,0.370510888,0.975782698,0.156280766,2.009850027,0.156280766
DSS,MS4A1,0.829826269,0.60350139,0.537526036,1.141027426,0.16248667,-1.148025953,0.25095785,0.975782698,0.944036189,0.004927737,0.944036189
DSS,MS4A2,0.866316162,0.628414337,0.565867284,1.194281621,0.163804135,-0.876078946,0.380987118,0.975782698,0.458285344,0.550079177,0.458285344
DSS,MS4A4A,0.842335615,0.625611107,0.508526828,1.134137935,0.151762781,-1.130558825,0.258240826,0.975782698,0.682902677,0.166876651,0.682902677
DSS,MS4A6A,0.87785411,0.634190106,0.580946856,1.215136961,0.165886547,-0.785325055,0.432263009,0.975782698,0.575936737,0.312849702,0.575936737
DSS,MSH2,1.014197774,0.758142676,0.598590241,1.356732917,0.148462735,0.09495938,0.924347091,0.987855161,0.264511304,1.244991137,0.264511304
DSS,MSH6,1.037175942,0.771853067,0.621849933,1.393703,0.150749022,0.242134769,0.808675738,0.978519651,0.154095121,2.031237211,0.154095121
DSS,MSR1,0.918876561,0.68959798,0.534788053,1.224386033,0.146453204,-0.577682716,0.563478351,0.975782698,0.514880091,0.424136709,0.514880091
DSS,MSRB2,0.800785265,0.597839334,0.474785039,1.072624373,0.149120486,-1.489818453,0.136271978,0.975782698,0.913696562,0.011745597,0.913696562
DSS,MST1R,0.951857701,0.690529037,0.621556386,1.312085423,0.163756849,-0.301298721,0.763186716,0.976380034,0.970608405,0.001357571,0.970608405
DSS,MTF1,1.002645933,0.724888603,0.661943614,1.386832216,0.165502902,0.015966119,0.987261421,0.997325792,0.84073054,0.040384567,0.84073054
DSS,MTF2,1.220505577,0.861273035,0.868299127,1.729572162,0.177864948,1.120317313,0.262578567,0.975782698,0.075242408,3.164783568,0.075242408
DSS,MUC1,0.883014903,0.656334289,0.531650755,1.187985044,0.151365961,-0.821936449,0.411113067,0.975782698,0.189430125,1.722044195,0.189430125
DSS,MUC4,0.977685709,0.730896672,0.576906991,1.307803664,0.148429339,-0.152038818,0.879156319,0.987855161,0.872322297,0.025827506,0.872322297
DSS,MX1,1.121482644,0.838793206,0.660650653,1.499443859,0.148187763,0.773691409,0.439113302,0.975782698,0.373175616,0.793062768,0.373175616
DSS,MXI1,0.866174017,0.619306991,0.592139736,1.211446727,0.171168826,-0.839343533,0.401276561,0.975782698,0.349181089,0.876430917,0.349181089
DSS,MYB,1.10807911,0.794019184,0.752340577,1.54635976,0.170041717,0.60354592,0.546145577,0.975782698,0.233799652,1.417595051,0.233799652
DSS,MYBL2,1.382589463,1.013521103,0.872531017,1.88605212,0.158435388,2.044733608,0.040881128,0.975782698,0.266673464,1.233778511,0.266673464
DSS,MYC,1.097089407,0.799697583,0.705377826,1.505075409,0.161320476,0.574388828,0.565704711,0.975782698,0.53471392,0.385425289,0.53471392
DSS,MYCN,0.822658182,0.468858198,0.974577125,1.443435324,0.286862623,-0.68051562,0.496178035,0.975782698,0.919107238,0.010314099,0.919107238
DSS,MYCT1,0.879549198,0.64096762,0.565968221,1.20693584,0.161447131,-0.79497094,0.426630407,0.975782698,0.963407837,0.002104751,0.963407837
DSS,MYD88,0.753313303,0.529365596,0.542636318,1.072001914,0.180004284,-1.573707352,0.115555121,0.975782698,0.755701668,0.096801981,0.755701668
DSS,NAALAD2,0.806591943,0.592628277,0.505177192,1.097805469,0.157273576,-1.366646521,0.171736128,0.975782698,0.490308991,0.475848121,0.490308991
DSS,NANOG,1.12926734,0.827895945,0.712448265,1.54034421,0.15838906,0.767534389,0.442763855,0.975782698,0.80620559,0.060183852,0.80620559
DSS,NASP,1.063074937,0.795217069,0.625939953,1.421157022,0.148117901,0.412952063,0.679641736,0.975782698,0.485384536,0.486741326,0.485384536
DSS,NAT1,0.862383265,0.624223483,0.567184587,1.19140807,0.164896573,-0.897868777,0.369255513,0.975782698,0.750008497,0.101523905,0.750008497
DSS,NAT8L,1.346706695,0.92343962,1.04054252,1.96398214,0.192509655,1.546219215,0.122051634,0.975782698,0.199118291,1.648829693,0.199118291
DSS,NBN,1.061834133,0.757520753,0.730876392,1.488397145,0.172300142,0.348216354,0.727677707,0.975782698,0.605151847,0.267295387,0.605151847
DSS,NCAM1,0.954463661,0.705529676,0.585700035,1.291229711,0.154186883,-0.30226766,0.76244803,0.976380034,0.86848714,0.027416883,0.86848714
DSS,NCF4,0.858463883,0.633623582,0.529464817,1.163088399,0.154946495,-0.984924955,0.324660934,0.975782698,0.565890108,0.329607821,0.565890108
DSS,NCOR1,0.832094877,0.619882749,0.497073457,1.116956206,0.150215068,-1.223637633,0.221088956,0.975782698,0.756114504,0.096464372,0.756114504
DSS,NCR1,0.923636157,0.652698381,0.654342935,1.307041316,0.177147694,-0.448422741,0.653848133,0.975782698,0.521844833,0.410245683,0.521844833
DSS,NDC1,0.814322759,0.59684741,0.514192942,1.111040352,0.158520929,-1.295718379,0.195072527,0.975782698,0.400232476,0.707627725,0.400232476
DSS,NDC80,1.016968728,0.74965014,0.629960614,1.379610753,0.155602364,0.108136966,0.913887046,0.987855161,0.420989365,0.647551721,0.420989365
DSS,NDUFA1,1.007595368,0.741757469,0.626949243,1.368706712,0.156278188,0.048417944,0.961383159,0.989605228,0.989828651,0.000162518,0.989828651
DSS,NDUFA11,0.942502757,0.696069632,0.580112241,1.276181873,0.154640159,-0.382930504,0.701771293,0.975782698,0.32923869,0.95188996,0.32923869
DSS,NDUFA12,0.807705689,0.583284237,0.535190151,1.118474387,0.166086285,-1.285822812,0.198504907,0.975782698,0.467836773,0.527080732,0.467836773
DSS,NDUFA13,1.033847333,0.758482172,0.650700995,1.409183167,0.158024895,0.210644775,0.833164471,0.979248328,0.316033517,1.005291424,0.316033517
DSS,NDUFA2,0.813320963,0.599197663,0.504763566,1.103961229,0.155887705,-1.325501965,0.185004718,0.975782698,0.970298389,0.001386375,0.970298389
DSS,NDUFA3,1.216587471,0.892794481,0.765017151,1.657811632,0.157884868,1.241726251,0.214337581,0.975782698,0.017421424,5.653413869,0.017421424
DSS,NDUFA4L2,0.989926609,0.712862251,0.661813837,1.374676089,0.167524814,-0.060435649,0.951808667,0.987855161,0.240755506,1.376164782,0.240755506
DSS,NDUFA6,0.775799121,0.542673573,0.566398815,1.109072389,0.182342961,-1.392220764,0.163855557,0.975782698,0.726892707,0.121983867,0.726892707
DSS,NDUFA7,0.876790973,0.650144224,0.532304809,1.182449033,0.152591783,-0.861688988,0.388858687,0.975782698,0.350037462,0.873321331,0.350037462
DSS,NDUFB1,0.94439956,0.706747899,0.555216275,1.261964175,0.147898287,-0.38679244,0.698909874,0.975782698,0.989443322,0.000175065,0.989443322
DSS,NDUFB10,0.850356734,0.6224973,0.539124729,1.161622029,0.159144077,-1.018569671,0.308407309,0.975782698,0.470644482,0.520462448,0.470644482
DSS,NDUFB11,0.82420907,0.614395697,0.491277072,1.105672769,0.149893084,-1.289793035,0.197122527,0.975782698,0.35464987,0.856749688,0.35464987
DSS,NDUFB4,0.919625826,0.688239445,0.540564957,1.228804402,0.147875201,-0.566615645,0.570975343,0.975782698,0.229954275,1.441144191,0.229954275
DSS,NDUFB7,1.151187445,0.852094477,0.703170308,1.555264785,0.153498657,0.917232584,0.359020776,0.975782698,0.562884652,0.334734158,0.562884652
DSS,NDUFB8,0.533618695,0.369611008,0.400790592,0.7704016,0.187365896,-3.352124179,0.00080194,0.975782698,0.703870665,0.144476543,0.703870665
DSS,NDUFS7,1.008428185,0.756058293,0.588980064,1.345038357,0.146956611,0.057111182,0.954456629,0.987855161,0.229895086,1.441510367,0.229895086
DSS,NDUFS8,0.827425344,0.619585437,0.485399699,1.104985136,0.147588568,-1.283543821,0.199301617,0.975782698,0.987127783,0.000260294,0.987127783
DSS,NECTIN1,0.886487805,0.640990079,0.585020519,1.226010597,0.165438443,-0.728294506,0.466433325,0.975782698,0.982500069,0.00048113,0.982500069
DSS,NECTIN2,0.866791708,0.645290057,0.519035749,1.164325806,0.150563372,-0.949477772,0.342377672,0.975782698,0.716922794,0.131460237,0.716922794
DSS,NEFL,0.847387666,0.620996108,0.535316866,1.156312974,0.158591418,-1.04417375,0.296405009,0.975782698,0.828004219,0.047202749,0.828004219
DSS,NEIL1,0.915977268,0.666916346,0.591134023,1.25805037,0.161904469,-0.542071083,0.587769539,0.975782698,0.500411442,0.454063735,0.500411442
DSS,NEUROD1,1.007670224,0.730178814,0.660438474,1.390617287,0.164343215,0.046493905,0.962916592,0.989914102,0.810327342,0.057601805,0.810327342
DSS,NF1,0.858816331,0.604574499,0.615400031,1.21997453,0.179100321,-0.849804156,0.395433979,0.975782698,0.9509352,0.003786238,0.9509352
DSS,NF2,1.126812887,0.82463657,0.715080837,1.539717407,0.159291552,0.749526212,0.453540106,0.975782698,0.5750521,0.314302208,0.5750521
DSS,NFAM1,1.022341455,0.738568039,0.676578562,1.415146601,0.165889574,0.133194268,0.894039744,0.987855161,0.828811633,0.046753658,0.828811633
DSS,NFATC1,1.107386641,0.788749791,0.765995688,1.554745479,0.173120013,0.589203176,0.555724987,0.975782698,0.583443019,0.300701434,0.583443019
DSS,NFATC2,0.859105199,0.642515616,0.506190695,1.148706311,0.148217142,-1.024604142,0.305550009,0.975782698,0.182593179,1.776390492,0.182593179
DSS,NFATC3,0.875060204,0.645304201,0.541315007,1.186619208,0.155396148,-0.85885392,0.390421115,0.975782698,0.214699149,1.539453634,0.214699149
DSS,NFATC4,0.862394418,0.627866994,0.556657976,1.184524971,0.16193378,-0.914216608,0.360603039,0.975782698,0.206676674,1.594554176,0.206676674
DSS,NFE2L2,1.027823092,0.766699236,0.611181763,1.377880999,0.149545477,0.183509817,0.854398017,0.983471514,0.713053286,0.135246344,0.713053286
DSS,NFIL3,0.95927956,0.689167795,0.646090878,1.335258673,0.168726452,-0.246391326,0.80537932,0.978519651,0.754465865,0.097816465,0.754465865
DSS,NFKB1,0.927141678,0.674088297,0.601103238,1.275191535,0.162628132,-0.465164848,0.64181341,0.975782698,0.291836126,1.111131464,0.291836126
DSS,NFKB2,0.803131763,0.586392661,0.513588071,1.099980731,0.160477007,-1.366155159,0.171890268,0.975782698,0.450229009,0.570075267,0.450229009
DSS,NFKBIA,0.985188389,0.738886811,0.574705673,1.313592484,0.146782359,-0.101663433,0.919023828,0.987855161,0.418768794,0.653767831,0.418768794
DSS,NFKBIE,0.8922625,0.634597836,0.619948469,1.254546304,0.17386488,-0.65565229,0.512047873,0.975782698,0.442672246,0.589345694,0.442672246
DSS,NFKBIZ,1.028866005,0.733528889,0.709584355,1.443113245,0.17262844,0.164846703,0.869064643,0.987855161,0.254486653,1.298504072,0.254486653
DSS,NGF,0.929044858,0.668763268,0.621864358,1.290627626,0.167720881,-0.438813905,0.660796384,0.975782698,0.419595526,0.651447807,0.419595526
DSS,NGFR,1.021450369,0.714062121,0.747100466,1.461162587,0.18266094,0.116190946,0.907501212,0.987855161,0.741554913,0.1087647,0.741554913
DSS,NID2,0.814367774,0.606141692,0.487983459,1.094125151,0.150665166,-1.362910948,0.172910578,0.975782698,0.093892282,2.806341419,0.093892282
DSS,NKD1,1.007374408,0.702464995,0.742166705,1.444631699,0.183935553,0.039945243,0.968136781,0.990571323,0.692415766,0.156482601,0.692415766
DSS,NKG7,0.807377076,0.577537393,0.55114752,1.128684914,0.170930501,-1.251762923,0.210656264,0.975782698,0.962746121,0.002181618,0.962746121
DSS,NKX2.1,1.07142852,0.805292806,0.620224802,1.425517608,0.145687451,0.473567374,0.635808446,0.975782698,0.833110071,0.044400594,0.833110071
DSS,NKX2.5,0.86191735,0.62387931,0.566898308,1.190777617,0.164902239,-0.901115086,0.367527133,0.975782698,0.681660435,0.168262705,0.681660435
DSS,NKX3.1,1.014434459,0.730036146,0.679588949,1.409625095,0.167856403,0.085378177,0.931960742,0.987855161,0.463262904,0.53799969,0.463262904
DSS,NLRC5,0.921185317,0.667426954,0.603996657,1.271423612,0.164406734,-0.499335082,0.617543345,0.975782698,0.217575744,1.52028913,0.217575744
DSS,NLRP3,0.790690267,0.571409647,0.52271101,1.094120656,0.165717304,-1.417166189,0.156434345,0.975782698,0.573541778,0.316792274,0.573541778
DSS,NOD1,0.901255892,0.66749199,0.549394796,1.216886786,0.153197629,-0.67864009,0.497365935,0.975782698,0.194024246,1.686793125,0.194024246
DSS,NOD2,0.859212311,0.634915956,0.52782974,1.162745696,0.154351517,-0.983075706,0.32557018,0.975782698,0.584799656,0.298539213,0.584799656
DSS,NOG,0.878674299,0.644748736,0.55272321,1.197471946,0.157938417,-0.818933025,0.412824627,0.975782698,0.560878442,0.338185536,0.560878442
DSS,NOS1,0.850509203,0.627015295,0.526650189,1.153665484,0.155545867,-1.040979422,0.297885099,0.975782698,0.899137505,0.016065808,0.899137505
DSS,NOS2,0.832765492,0.589631074,0.586525331,1.176156406,0.176153766,-1.038883259,0.298859033,0.975782698,0.562315056,0.335711658,0.562315056
DSS,NOS3,0.899481505,0.639166071,0.626650456,1.265816528,0.174316559,-0.607726473,0.543368902,0.975782698,0.832444348,0.044760871,0.832444348
DSS,NOTCH1,1.184448983,0.878011408,0.719825911,1.597837318,0.15274432,1.108242018,0.267757309,0.975782698,0.108907896,2.569997611,0.108907896
DSS,NOTCH2,1.016007226,0.766873728,0.579202745,1.346076473,0.143529976,0.110642125,0.911900141,0.987855161,0.729827239,0.119270319,0.729827239
DSS,NOTCH3,0.99979488,0.748723084,0.58633633,1.335059414,0.147544005,-0.001390371,0.998890644,0.998890644,0.014593069,5.964943383,0.014593069
DSS,NPM1,1.195452326,0.838605809,0.865539629,1.704145438,0.180890643,0.986920197,0.323681762,0.975782698,0.680287625,0.169802238,0.680287625
DSS,NPM2,0.895217813,0.660709655,0.552251178,1.212960833,0.154978645,-0.714215969,0.475093644,0.975782698,0.63802234,0.221337967,0.63802234
DSS,NR3C1,0.987733733,0.706499135,0.67441965,1.380918785,0.170968031,-0.072189628,0.942450999,0.987855161,0.051103065,3.804892217,0.051103065
DSS,NR4A1,1.068742738,0.816367163,0.582771719,1.399138882,0.137438248,0.483729579,0.628577798,0.975782698,0.86095059,0.030682507,0.86095059
DSS,NR4A3,0.93127324,0.67298986,0.615692033,1.288681893,0.165728791,-0.429632978,0.667462644,0.975782698,0.921690818,0.009663697,0.921690818
DSS,NRAS,0.820513609,0.604822806,0.508300866,1.113123671,0.155612535,-1.271265086,0.203634359,0.975782698,0.147648229,2.096381185,0.147648229
DSS,NRDE2,1.30916935,0.975393364,0.781768872,1.757162237,0.15015954,1.794044199,0.072806114,0.975782698,0.805372215,0.060713209,0.805372215
DSS,NRP1,0.87002292,0.634198238,0.559340053,1.193538291,0.161308052,-0.8631666,0.388045875,0.975782698,0.013936484,6.046171385,0.013936484
DSS,NSD1,0.836365179,0.612534833,0.529451998,1.141986831,0.15891084,-1.124466677,0.2608151,0.975782698,0.888647352,0.019604479,0.888647352
DSS,NSD2,1.080723622,0.801475881,0.655790115,1.457265996,0.15251874,0.508992122,0.610757746,0.975782698,0.442419568,0.589998838,0.442419568
DSS,NSD3,1.328712073,0.992533708,0.786222781,1.778756489,0.148831516,1.909609701,0.056183485,0.975782698,0.804776364,0.061093199,0.804776364
DSS,NT5E,0.886721951,0.652711668,0.551917967,1.204629635,0.156327352,-0.769051705,0.441862617,0.975782698,0.683647701,0.166048584,0.683647701
DSS,NTF3,0.903245677,0.642098832,0.628504247,1.27060308,0.17411154,-0.584456921,0.558912941,0.975782698,0.568153793,0.325781371,0.568153793
DSS,NTHL1,0.823163905,0.606751868,0.510012415,1.116764283,0.155633173,-1.250375733,0.211162325,0.975782698,0.67377845,0.177214056,0.67377845
DSS,NTRK1,0.926185118,0.665253813,0.624207226,1.289461039,0.168832431,-0.45418497,0.6496957,0.975782698,0.748985507,0.102385499,0.748985507
DSS,NTRK2,0.879356079,0.636343913,0.578827785,1.215171699,0.165028925,-0.779047474,0.43595175,0.975782698,0.847869954,0.036801402,0.847869954
DSS,NUF2,0.936163786,0.697858057,0.557988494,1.255846551,0.149887816,-0.440094698,0.659868522,0.975782698,0.065063494,3.403366753,0.065063494
DSS,NUMBL,1.090761366,0.798694294,0.69093743,1.489631724,0.15900954,0.546356863,0.584820656,0.975782698,0.117207142,2.454249969,0.117207142
DSS,NUP107,1.345665993,0.91632239,1.059856501,1.976178891,0.196062824,1.514254694,0.129961255,0.975782698,0.258862331,1.274831047,0.258862331
DSS,NUPR1,1.149526831,0.846655103,0.714088971,1.560744074,0.156029536,0.89310274,0.371802156,0.975782698,0.998480859,3.63E-06,0.998480859
DSS,OAS1,0.972297132,0.69751006,0.657827689,1.355337749,0.169464601,-0.165779929,0.868330142,0.987855161,0.211404699,1.561780585,0.211404699
DSS,OAS2,0.946787662,0.690480324,0.607756346,1.29823667,0.161067944,-0.339486752,0.734243076,0.976289835,0.480619632,0.497456995,0.480619632
DSS,OAS3,0.8312789,0.581847924,0.60578991,1.187637834,0.182021836,-1.015207436,0.310006957,0.975782698,0.090563016,2.864337085,0.090563016
DSS,OASL,0.978102084,0.713884719,0.626224772,1.34010949,0.160662418,-0.137812154,0.890388879,0.987855161,0.771496291,0.084342754,0.771496291
DSS,OAT,0.759032968,0.530655603,0.555041115,1.085696718,0.182621715,-1.509733203,0.131111515,0.975782698,0.54254741,0.37083879,0.54254741
DSS,OAZ1,1.14009875,0.800525925,0.823188084,1.623714009,0.180412112,0.726752098,0.467377832,0.975782698,0.393406266,0.728387797,0.393406266
DSS,OLFML2B,0.906350554,0.674265362,0.544055157,1.218320519,0.15092237,-0.651521195,0.5147101,0.975782698,0.748852513,0.102497806,0.748852513
DSS,OPN3,0.849897015,0.596667886,0.613930092,1.210597978,0.180490322,-0.901101478,0.367534367,0.975782698,0.500169406,0.454576957,0.500169406
DSS,ORC6,0.921061465,0.691428075,0.53553139,1.226959465,0.146312708,-0.562005238,0.57411245,0.975782698,0.754077947,0.098136108,0.754077947
DSS,OSM,0.892121161,0.647588039,0.581403417,1.228991455,0.163445454,-0.698418478,0.484915524,0.975782698,0.909760153,0.0128462,0.909760153
DSS,OTC,0.840129815,0.608272149,0.552093501,1.160365649,0.164765287,-1.0572546,0.290395407,0.975782698,0.653186975,0.201905727,0.653186975
DSS,OTOA,0.85468119,0.617533319,0.565366313,1.182899633,0.165817076,-0.946987853,0.343644969,0.975782698,0.688248448,0.160988072,0.688248448
DSS,P2RY13,0.778843738,0.562648755,0.515461813,1.078110568,0.165898396,-1.506614001,0.131909627,0.975782698,0.552604207,0.352672447,0.552604207
DSS,P4HA1,1.050458841,0.805323852,0.564887368,1.370211219,0.135583023,0.363076873,0.71654746,0.975782698,0.687570717,0.161727814,0.687570717
DSS,P4HA2,0.981258064,0.728013528,0.594581934,1.322595461,0.152306807,-0.12422158,0.901139836,0.987855161,0.569098013,0.324194044,0.569098013
DSS,PAK3,0.855074683,0.618173539,0.564589338,1.182762876,0.16552324,-0.94588812,0.344205654,0.975782698,0.950887342,0.003793637,0.950887342
DSS,PAK5,1.018559964,0.752768426,0.625430188,1.378198614,0.154282153,0.119196094,0.905120001,0.987855161,0.698779159,0.149745005,0.698779159
DSS,PALMD,0.886037603,0.642457333,0.579511184,1.221968517,0.1640127,-0.737722675,0.46068299,0.975782698,0.752769961,0.099218107,0.752769961
DSS,PARP12,0.814125884,0.589611068,0.534521417,1.124132485,0.164621336,-1.249171469,0.211602365,0.975782698,0.703402069,0.14495691,0.703402069
DSS,PARP4,0.909552557,0.677441506,0.543750061,1.221191566,0.150323972,-0.630654543,0.528266428,0.975782698,0.092248064,2.834699364,0.092248064
DSS,PARP9,0.903630052,0.62872963,0.669995978,1.298725608,0.185063972,-0.547568694,0.58398809,0.975782698,0.219620128,1.506851636,0.219620128
DSS,PASD1,0.878635767,0.636105954,0.577529614,1.213635568,0.164801649,-0.785094327,0.432398265,0.975782698,0.715671023,0.132678365,0.715671023
DSS,PAX3,0.823739065,0.60684911,0.511297124,1.118146234,0.15590778,-1.243693343,0.213612447,0.975782698,0.881357828,0.02227501,0.881357828
DSS,PAX5,1.069250037,0.769372226,0.716638839,1.486011065,0.167930581,0.39872132,0.690098556,0.975782698,0.45829614,0.550052753,0.45829614
DSS,PAX8,0.876989999,0.641108161,0.55855128,1.199659441,0.159848553,-0.821150316,0.411560653,0.975782698,0.662009367,0.191091926,0.662009367
DSS,PBK,0.828795872,0.624857995,0.47443593,1.099293924,0.144109523,-1.303046352,0.192558937,0.975782698,0.736732726,0.113019139,0.736732726
DSS,PBRM1,0.961046509,0.715265446,0.576017947,1.291283393,0.150701278,-0.263650548,0.792049204,0.976578192,0.056820457,3.627841732,0.056820457
DSS,PBX1,0.906862707,0.664066713,0.57436303,1.238429743,0.158986825,-0.614920205,0.538607419,0.975782698,0.543227661,0.369590325,0.543227661
DSS,PBX3,0.971260617,0.725146572,0.575758958,1.30090553,0.149095102,-0.195582858,0.844936678,0.979248328,0.838420649,0.041580948,0.838420649
DSS,PC,0.811315557,0.600126286,0.496697748,1.096824033,0.153838013,-1.359210249,0.174079974,0.975782698,0.967475279,0.0016626,0.967475279
DSS,PCK1,0.993761992,0.72657464,0.632629001,1.359203641,0.159776669,-0.039164327,0.968759374,0.990575209,0.556232405,0.346269684,0.556232405
DSS,PCK2,1.027510288,0.750936916,0.655009935,1.405946851,0.159988813,0.169628612,0.865302219,0.987442294,0.575806246,0.313063679,0.575806246
DSS,PCNA,1.03066948,0.766072366,0.620584591,1.386656957,0.151373808,0.199562736,0.841822574,0.979248328,0.122633294,2.383363001,0.122633294
DSS,PDCD1,0.990527226,0.721751975,0.637640475,1.359392451,0.161511028,-0.0589305,0.953007465,0.987855161,0.994565718,4.64E-05,0.994565718
DSS,PDCD1LG2,0.900500588,0.641409901,0.622838292,1.264248193,0.17310629,-0.605434163,0.544890558,0.975782698,0.322693968,0.977996381,0.322693968
DSS,PDGFA,0.765927336,0.572488073,0.452240147,1.02472822,0.148520791,-1.795492557,0.072575258,0.975782698,0.406767259,0.688229465,0.406767259
DSS,PDGFB,0.754887583,0.55488185,0.472103018,1.026984868,0.157050658,-1.790418712,0.073386624,0.975782698,0.345134026,0.891267621,0.345134026
DSS,PDGFC,0.913900891,0.665592517,0.589251575,1.254844093,0.161760362,-0.556583496,0.577812032,0.975782698,0.777033041,0.080195211,0.777033041
DSS,PDGFD,0.753913779,0.55497978,0.469176425,1.024156205,0.156302019,-1.807252846,0.070722865,0.975782698,0.813454391,0.055682788,0.813454391
DSS,PDGFRA,0.870059921,0.632319548,0.564866701,1.197186248,0.162843403,-0.854767169,0.392680057,0.975782698,0.881265917,0.022309794,0.881265917
DSS,PDGFRB,0.970606024,0.722112238,0.582499433,1.304611671,0.15089056,-0.197723675,0.843261265,0.979248328,0.086882746,2.931202691,0.086882746
DSS,PDK1,1.00022811,0.735030825,0.626077087,1.361107912,0.157181932,0.001451081,0.998842205,0.998890644,0.586972941,0.295096485,0.586972941
DSS,PDPN,0.809168247,0.601855451,0.486035754,1.087891205,0.151017858,-1.402141559,0.160872979,0.975782698,0.564640865,0.331732228,0.564640865
DSS,PDZK1IP1,0.979848884,0.706516829,0.652408812,1.358925641,0.166865993,-0.121995615,0.902902491,0.987855161,0.718000615,0.130416473,0.718000615
DSS,PEBP1,0.880724644,0.653747476,0.532759435,1.186506911,0.152055791,-0.835287173,0.403556037,0.975782698,0.562709537,0.335034475,0.562709537
DSS,PECAM1,1.03270203,0.76546919,0.627759299,1.393228489,0.152780874,0.210619932,0.833183858,0.979248328,0.130869651,2.282158206,0.130869651
DSS,PF4,1.019688902,0.7166167,0.734319982,1.450936682,0.179958283,0.108345016,0.913722015,0.987855161,0.722145633,0.126446148,0.722145633
DSS,PFKFB3,0.965413937,0.679645461,0.691693162,1.371338622,0.179077616,-0.196553427,0.84417702,0.979248328,0.483585277,0.490767193,0.483585277
DSS,PFKM,0.869623816,0.640347116,0.540646071,1.180993187,0.156150994,-0.894612021,0.370994524,0.975782698,0.956030924,0.003039867,0.956030924
DSS,PGF,1.324020123,0.936197899,0.936300736,1.872498635,0.17684052,1.587151268,0.112478389,0.975782698,0.301666774,1.06681146,0.301666774
DSS,PGM2,0.832453439,0.610477048,0.524665919,1.135142968,0.158235863,-1.158890176,0.246500954,0.975782698,0.317981669,0.997230113,0.317981669
DSS,PGPEP1,0.875736048,0.62960645,0.588477681,1.218084131,0.168355027,-0.788159115,0.430603641,0.975782698,0.858515286,0.031778219,0.858515286
DSS,PGR,0.87827116,0.640191039,0.564699663,1.204890702,0.161323757,-0.804592559,0.421054838,0.975782698,0.724706009,0.124028185,0.724706009
DSS,PHF6,1.058710475,0.773235846,0.676344997,1.449580843,0.160320704,0.355859429,0.72194584,0.975782698,0.288976452,1.124383852,0.288976452
DSS,PHGDH,1.195420066,0.887220291,0.723461011,1.610681302,0.152125048,1.173361295,0.240650952,0.975782698,0.454189776,0.560174913,0.454189776
DSS,PIAS4,1.312549848,0.933089097,0.913237376,1.846326473,0.17409824,1.562173708,0.118247073,0.975782698,0.034104895,4.489437629,0.034104895
DSS,PIK3CA,0.7916763,0.582898397,0.492334214,1.075232611,0.156196596,-1.495568332,0.134766181,0.975782698,0.297180166,1.086805167,0.297180166
DSS,PIK3CB,0.986352223,0.724549361,0.618203473,1.342752834,0.157382292,-0.087314551,0.930421488,0.987855161,0.020549751,5.364578742,0.020549751
DSS,PIK3CD,0.90353601,0.645777365,0.6184003,1.264177665,0.171360882,-0.591963067,0.55387532,0.975782698,0.897569987,0.016571839,0.897569987
DSS,PIK3CG,0.909706301,0.665441673,0.578191824,1.243633497,0.159528856,-0.59320602,0.553043285,0.975782698,0.736621837,0.113118041,0.736621837
DSS,PIK3R1,0.747988066,0.540605109,0.494320639,1.034925748,0.165665258,-1.752740797,0.079646509,0.975782698,0.636459199,0.223402931,0.636459199
DSS,PIK3R2,1.064199476,0.775699381,0.684299883,1.459999264,0.161336169,0.385672051,0.699739564,0.975782698,0.27476617,1.192796618,0.27476617
DSS,PIK3R3,1.035972062,0.757665274,0.658841658,1.416506932,0.159622197,0.221398881,0.824781864,0.979248328,0.493918573,0.467978615,0.493918573
DSS,PIK3R5,0.873808693,0.645902391,0.536229218,1.182131609,0.154193176,-0.874836471,0.38166289,0.975782698,0.708818016,0.139460422,0.708818016
DSS,PIM1,0.988243611,0.690045236,0.725261158,1.415306394,0.18325443,-0.064533459,0.948545467,0.987855161,0.533643188,0.38744935,0.533643188
DSS,PIN1,1.013050191,0.748829729,0.621669665,1.370499394,0.154191315,0.084088854,0.932985786,0.987855161,0.811526583,0.05686179,0.811526583
DSS,PITX2,0.915967885,0.644382972,0.65763338,1.302016352,0.17943599,-0.489165941,0.62472422,0.975782698,0.179704158,1.800068961,0.179704158
DSS,PKM,0.884930546,0.648509731,0.559031241,1.207540972,0.158590748,-0.770827542,0.44080916,0.975782698,0.500168315,0.454579271,0.500168315
DSS,PKMYT1,1.122707138,0.813162817,0.736921976,1.550084793,0.164577911,0.703270903,0.48188694,0.975782698,0.822524866,0.050309919,0.822524866
DSS,PKP3,1.306172392,0.949065158,0.848584143,1.797649301,0.162951385,1.639145457,0.10118297,0.975782698,0.571473997,0.320222441,0.571473997
DSS,PLA2G10,0.85530817,0.616158178,0.571121471,1.187279649,0.167328648,-0.934050712,0.350277735,0.975782698,0.724936476,0.123811823,0.724936476
DSS,PLA2G1B,0.871792001,0.635947214,0.559154008,1.195101222,0.160939336,-0.852522563,0.393924122,0.975782698,0.917073107,0.01084124,0.917073107
DSS,PLA2G2A,0.989021343,0.716322229,0.649212967,1.365535196,0.164587618,-0.067072892,0.946523674,0.987855161,0.630152549,0.231853948,0.630152549
DSS,PLA2G3,0.939721766,0.677666158,0.625448933,1.303115091,0.166803607,-0.372722402,0.709355062,0.975782698,0.777718894,0.079689308,0.777718894
DSS,PLA2G4C,0.903490898,0.652144107,0.599566662,1.251710769,0.166329829,-0.610168628,0.541750109,0.975782698,0.465390236,0.532899878,0.465390236
DSS,PLA2G4F,0.899248002,0.652561574,0.586627189,1.239188763,0.163601659,-0.649115775,0.516263546,0.975782698,0.515844163,0.422194289,0.515844163
DSS,PLA2G5,0.848627325,0.615491616,0.554578483,1.170070099,0.163879954,-1.001557195,0.316557503,0.975782698,0.71354387,0.134762959,0.71354387
DSS,PLA2G6,1.097172215,0.755450053,0.838019781,1.593469833,0.190400319,0.487058829,0.626216642,0.975782698,0.156930477,2.003557842,0.156930477
DSS,PLAT,1.077945353,0.806435285,0.634431956,1.440867241,0.148058029,0.506941627,0.612195777,0.975782698,0.740483779,0.109701896,0.740483779
DSS,PLAU,0.893469213,0.665729518,0.533386959,1.199116477,0.150119298,-0.750359232,0.453038377,0.975782698,0.394829942,0.724015379,0.394829942
DSS,PLAUR,0.915200236,0.670719384,0.578076301,1.248795685,0.158570279,-0.558820992,0.576283895,0.975782698,0.295001541,1.096654203,0.295001541
DSS,PLCB1,0.806805945,0.599116749,0.487375714,1.086492464,0.151853142,-1.413682337,0.157455194,0.975782698,0.129860125,2.294175839,0.129860125
DSS,PLCB4,0.997448924,0.724993741,0.647299974,1.372293715,0.16277744,-0.015692199,0.987479951,0.997325792,0.282157665,1.156667886,0.282157665
DSS,PLCE1,0.823517624,0.594445954,0.546416848,1.140862802,0.166306703,-1.167543608,0.242990909,0.975782698,0.35667287,0.849574032,0.35667287
DSS,PLCG2,0.857393759,0.618977779,0.568664301,1.187642081,0.16624178,-0.925507441,0.354702015,0.975782698,0.913224231,0.011875025,0.913224231
DSS,PLD1,0.801175353,0.585002873,0.512225833,1.097228706,0.160443296,-1.381643511,0.167081187,0.975782698,0.691718528,0.15723126,0.691718528
DSS,PLK1,0.869384735,0.647711642,0.519211675,1.166923317,0.150176311,-0.932034608,0.35131864,0.975782698,0.331923786,0.941377691,0.331923786
DSS,PLOD2,1.023565388,0.732107901,0.698946321,1.431054222,0.170982418,0.136224594,0.891643734,0.987855161,0.867706307,0.027746451,0.867706307
DSS,PMAIP1,1.297461622,0.929235219,0.882369233,1.811604452,0.170310851,1.529026226,0.126257943,0.975782698,0.464036806,0.536140111,0.464036806
DSS,PMEL,0.870572213,0.633789634,0.562026671,1.195816305,0.161958905,-0.855800846,0.392107947,0.975782698,0.954964509,0.00318927,0.954964509
DSS,PML,0.950055249,0.712378554,0.554651412,1.267029966,0.14689591,-0.348785339,0.727250471,0.975782698,0.921196362,0.009786519,0.921196362
DSS,PMS2,0.909431306,0.668516841,0.568647654,1.237164495,0.15702221,-0.60460118,0.545444023,0.975782698,0.16067916,1.967822697,0.16067916
DSS,PNMA1,0.901332416,0.673086813,0.533889924,1.206976737,0.148982236,-0.697272043,0.485632561,0.975782698,0.999221343,9.52E-07,0.999221343
DSS,PNOC,0.919474322,0.662981645,0.612216598,1.275198244,0.166867767,-0.503111912,0.614885592,0.975782698,0.206753044,1.594017774,0.206753044
DSS,POLB,0.93521141,0.694547267,0.564719629,1.259266896,0.151794826,-0.441271092,0.659016751,0.975782698,0.406221953,0.689830755,0.406221953
DSS,POLD1,0.957085264,0.696971751,0.617302753,1.314274505,0.161812974,-0.271070946,0.786336467,0.976578192,0.89108538,0.018750083,0.89108538
DSS,POLD4,0.907035027,0.663822845,0.575532724,1.239355569,0.159271168,-0.612629469,0.540121368,0.975782698,0.951606215,0.003683258,0.951606215
DSS,POLE2,1.122561995,0.813897003,0.734389117,1.54828612,0.164051495,0.704739499,0.480972365,0.975782698,0.803272874,0.062057609,0.803272874
DSS,POLR1B,0.765235778,0.566425236,0.46740193,1.033827166,0.153492054,-1.743225656,0.081294206,0.975782698,0.057827323,3.598626675,0.057827323
DSS,POLR2A,0.828169409,0.612043404,0.508570861,1.120614265,0.154295964,-1.221921438,0.221737337,0.975782698,0.89775983,0.016510129,0.89775983
DSS,POLR2D,1.06558373,0.788261905,0.652209438,1.440471343,0.153802637,0.413014713,0.679595834,0.975782698,0.284573577,1.145117445,0.284573577
DSS,POLR2H,0.820020298,0.585183424,0.563914894,1.149098319,0.172147933,-1.152649244,0.249054382,0.975782698,0.491865,0.472443908,0.491865
DSS,POLR2J,0.930800245,0.664723755,0.638658423,1.303382178,0.17177517,-0.417467695,0.676336349,0.975782698,0.489250984,0.478173123,0.489250984
DSS,POU2AF1,0.990104182,0.728789568,0.616326134,1.345115701,0.15634223,-0.06361114,0.949279861,0.987855161,0.633524627,0.227311352,0.633524627
DSS,POU2F2,0.841854696,0.610799338,0.549515163,1.160314501,0.163696345,-1.051629162,0.292969723,0.975782698,0.435158876,0.60901512,0.435158876
DSS,POU2F3,1.085478684,0.793370811,0.69176572,1.485136531,0.15994459,0.512809302,0.608084723,0.975782698,0.798374888,0.065255145,0.798374888
DSS,PPARGC1A,0.901706814,0.659666028,0.572889757,1.232555785,0.159470144,-0.648810171,0.516461083,0.975782698,0.821367626,0.050979457,0.821367626
DSS,PPARGC1B,0.923182583,0.665987702,0.613714729,1.279702431,0.166613176,-0.47972346,0.631424044,0.975782698,0.856384333,0.032753272,0.856384333
DSS,PPBP,0.996642888,0.714087446,0.676914524,1.391001971,0.17009858,-0.019769479,0.984227266,0.996772012,0.652049183,0.203326376,0.652049183
DSS,PPL,0.829536268,0.607585752,0.524979353,1.132565104,0.158866956,-1.176383387,0.239441707,0.975782698,0.858598145,0.031740613,0.858598145
DSS,PPP2CB,0.976629716,0.696626164,0.672552387,1.369178552,0.172380036,-0.137183517,0.890885739,0.987855161,0.6097438,0.260548177,0.6097438
DSS,PPP2R1A,1.057785359,0.780423319,0.653298403,1.433721722,0.155153988,0.362075376,0.717295704,0.975782698,0.30639025,1.046172473,0.30639025
DSS,PPP2R2B,0.878456288,0.63900592,0.568628351,1.207634272,0.162376672,-0.798077267,0.424825653,0.975782698,0.73600899,0.113665504,0.73600899
DSS,PPP2R3A,0.919308686,0.678539285,0.566972181,1.245511466,0.154941409,-0.543000868,0.587129205,0.975782698,0.358480243,0.843210271,0.358480243
DSS,PPP3CA,0.920536809,0.684307604,0.554006879,1.238314482,0.151303524,-0.547233067,0.584218622,0.975782698,0.436377696,0.605789131,0.436377696
DSS,PPP3CB,0.917012089,0.649674118,0.644684312,1.29435843,0.175844953,-0.492676201,0.622241396,0.975782698,0.894440823,0.017605874,0.894440823
DSS,PPP3CC,0.978861,0.734994013,0.568647704,1.303641717,0.146190083,-0.146149643,0.883803257,0.987855161,0.652987264,0.202154654,0.652987264
DSS,PPP3R1,0.862830428,0.643133308,0.514443726,1.157577035,0.149934467,-0.984010556,0.325110323,0.975782698,0.934386093,0.006777857,0.934386093
DSS,PPP3R2,0.884224924,0.64438069,0.568960626,1.213341317,0.161442652,-0.762151817,0.4459694,0.975782698,0.960592491,0.002441356,0.960592491
DSS,PRAME,0.934721917,0.680385611,0.603746576,1.284132187,0.162038364,-0.416606333,0.676966376,0.975782698,0.542607049,0.370729219,0.542607049
DSS,PRC1,0.997703673,0.718719008,0.666262616,1.384981624,0.167342789,-0.013738077,0.989038946,0.997412066,0.040805737,4.184064126,0.040805737
DSS,PRDM1,0.877057255,0.624148425,0.608297892,1.232446317,0.173566492,-0.755808348,0.449764111,0.975782698,0.618026538,0.248651025,0.618026538
DSS,PRDX5,0.746117566,0.533059715,0.511272479,1.044332194,0.171559136,-1.707120369,0.087799682,0.975782698,0.504081493,0.446333051,0.504081493
DSS,PRF1,0.82660381,0.592914935,0.559482851,1.152397787,0.169530957,-1.123274298,0.261321016,0.975782698,0.965710066,0.00184808,0.965710066
DSS,PRG2,0.81887094,0.592063604,0.540499877,1.132563481,0.165468561,-1.207654121,0.227180332,0.975782698,0.58339865,0.30077232,0.58339865
DSS,PRKAA2,0.822487411,0.59842361,0.532022331,1.130445942,0.162265377,-1.204336409,0.22845958,0.975782698,0.85888932,0.031608642,0.85888932
DSS,PRKACA,0.90364331,0.677429145,0.527968109,1.205397255,0.147007675,-0.689219555,0.490685112,0.975782698,0.238976212,1.386623065,0.238976212
DSS,PRKACB,0.639187908,0.463305645,0.418533775,0.88183942,0.164192558,-2.725804437,0.006414499,0.975782698,0.26909532,1.221352838,0.26909532
DSS,PRKACG,0.885009801,0.617261174,0.651638248,1.268899422,0.183833219,-0.66449666,0.506372486,0.975782698,0.889185482,0.019414225,0.889185482
DSS,PRKAR1B,0.811100018,0.54678887,0.656387119,1.203175989,0.20119177,-1.040618636,0.298052579,0.975782698,0.6682897,0.183609229,0.6682897
DSS,PRKAR2A,0.689919195,0.490282381,0.480563226,0.970845607,0.17428533,-2.129730584,0.033193862,0.975782698,0.558379414,0.342517937,0.558379414
DSS,PRKAR2B,0.943979737,0.706040733,0.556064556,1.262105289,0.148182197,-0.389051987,0.69723769,0.975782698,0.31794872,0.997365915,0.31794872
DSS,PRKCA,0.84286386,0.626371514,0.507810789,1.134182303,0.151462876,-1.128658275,0.259042017,0.975782698,0.422262929,0.644008636,0.422262929
DSS,PRKCB,0.925372923,0.655914836,0.649612955,1.305527791,0.175598053,-0.441681791,0.658719488,0.975782698,0.943392153,0.005042,0.943392153
DSS,PRKCD,0.865118146,0.637837794,0.535547373,1.173385168,0.155503915,-0.931739859,0.351470982,0.975782698,0.577386518,0.310478808,0.577386518
DSS,PRKCE,0.8728408,0.645692884,0.534204064,1.179896947,0.153793235,-0.884317827,0.376524667,0.975782698,0.577529587,0.310245482,0.577529587
DSS,PRKCG,0.920803199,0.665324599,0.60905866,1.274383259,0.165804726,-0.497627237,0.618746803,0.975782698,0.06304507,3.455410727,0.06304507
DSS,PRKDC,1.362291523,0.96563692,0.956242986,1.921879906,0.175582614,1.760813432,0.078269986,0.975782698,0.232837608,1.423442538,0.232837608
DSS,PRKX,1.238610615,0.840943509,0.983383856,1.824327366,0.197565402,1.083136409,0.27874788,0.975782698,0.034120153,4.488673013,0.034120153
DSS,PRL,0.961131433,0.686775367,0.658313109,1.345088476,0.171484735,-0.231181584,0.817173737,0.978519651,0.667664442,0.184346253,0.667664442
DSS,PRLR,0.882564193,0.628146786,0.611881137,1.240027923,0.17350199,-0.720013375,0.471516761,0.975782698,0.92728087,0.008329566,0.92728087
DSS,PRM1,1.06374597,0.716485393,0.862828715,1.579314108,0.201633313,0.306480171,0.759239075,0.976289835,0.256916014,1.285299442,0.256916014
DSS,PRMT8,1.114257049,0.794817479,0.767262879,1.562080358,0.172365737,0.62766453,0.530223726,0.975782698,0.808513883,0.058730452,0.808513883
DSS,PROM1,0.876038729,0.639137232,0.561612493,1.200749725,0.160865767,-0.822704419,0.410676102,0.975782698,0.085146927,2.963813039,0.085146927
DSS,PRR5,0.910998271,0.679133553,0.542890961,1.222024513,0.14986153,-0.622002726,0.533940075,0.975782698,0.990030476,0.000156132,0.990030476
DSS,PRUNE1,0.9297872,0.654309519,0.666937095,1.321246614,0.179276372,-0.406074351,0.684687971,0.975782698,0.275310113,1.190096398,0.275310113
DSS,PSAT1,1.205755284,0.861987118,0.824634148,1.686621267,0.171238409,1.092664684,0.274541051,0.975782698,0.525931177,0.402246828,0.525931177
DSS,PSEN1,1.108881965,0.835365477,0.636588111,1.471953588,0.144511952,0.715181459,0.474496924,0.975782698,0.253635826,1.30316545,0.253635826
DSS,PSEN2,0.80278163,0.601511583,0.469886481,1.071398064,0.147266452,-1.491667258,0.135786397,0.975782698,0.452302002,0.564876676,0.452302002
DSS,PSMB10,0.981941301,0.699125688,0.680037937,1.379163625,0.173320019,-0.105145081,0.916260688,0.987855161,0.08183326,3.028110568,0.08183326
DSS,PSMB2,0.829870601,0.604498494,0.534768552,1.139267046,0.161671648,-1.153482975,0.248712201,0.975782698,0.238467581,1.389630077,0.238467581
DSS,PSMB5,0.752179813,0.540131293,0.507344531,1.047475824,0.168963902,-1.685447992,0.091902171,0.975782698,0.686989141,0.162364174,0.686989141
DSS,PSMB7,0.93742396,0.700538891,0.553872097,1.254410987,0.148617916,-0.434803791,0.663704853,0.975782698,0.72934493,0.119713961,0.72934493
DSS,PSMB8,0.728158235,0.502463709,0.552765565,1.055229274,0.189286623,-1.675960477,0.093745934,0.975782698,0.811485882,0.056886822,0.811485882
DSS,PSMB9,0.798751472,0.547455951,0.617941763,1.165397714,0.192742238,-1.165833875,0.243681618,0.975782698,0.953608727,0.003384405,0.953608727
DSS,PSMC4,0.907250312,0.60458735,0.756842273,1.361429624,0.207081474,-0.470041511,0.63832536,0.975782698,0.0443289,4.043989901,0.0443289
DSS,PSMD7,0.926107619,0.672476082,0.602922915,1.275398997,0.163280501,-0.470140843,0.638254395,0.975782698,0.837630662,0.041994287,0.837630662
DSS,PSPH,1.013890919,0.727843298,0.684514003,1.412357301,0.169117816,0.081572271,0.934986852,0.987855161,0.069259734,3.300477803,0.069259734
DSS,PTCD2,0.773707482,0.567369754,0.487715161,1.055084915,0.158259366,-1.621145166,0.104986509,0.975782698,0.622581993,0.24225523,0.622581993
DSS,PTCH1,1.149826929,0.828938046,0.765996548,1.594934594,0.166952708,0.836233425,0.403023598,0.975782698,0.26815556,1.22615779,0.26815556
DSS,PTCRA,0.984368889,0.692471745,0.706837492,1.399309238,0.179459052,-0.087789191,0.930044229,0.987855161,0.936390628,0.006369183,0.936390628
DSS,PTEN,1.021270659,0.744015635,0.657828238,1.401843873,0.161605432,0.130240649,0.896376035,0.987855161,0.775928313,0.081013726,0.775928313
DSS,PTGDR2,0.851690576,0.619689283,0.550859986,1.170549269,0.162250477,-0.989408446,0.322463344,0.975782698,0.992364631,9.16E-05,0.992364631
DSS,PTGER4,0.978277212,0.706885578,0.646977526,1.353863104,0.165780733,-0.132477405,0.894606694,0.987855161,0.47637187,0.507157681,0.47637187
DSS,PTGS2,0.863015519,0.63832487,0.528472509,1.166797379,0.153872888,-0.957430563,0.338349978,0.975782698,0.873110351,0.025506949,0.873110351
DSS,PTPN11,0.935453135,0.675950304,0.618630916,1.294581219,0.165774215,-0.402500659,0.687315604,0.975782698,0.978608241,0.00071898,0.978608241
DSS,PTPN5,0.75825357,0.546386567,0.505887611,1.052274178,0.167192425,-1.655203131,0.0978833,0.975782698,0.995142798,3.71E-05,0.995142798
DSS,PTPRC,0.852539318,0.607299733,0.589511742,1.196811475,0.173062806,-0.921838459,0.356612844,0.975782698,0.833863464,0.043994705,0.833863464
DSS,PTPRR,0.833077288,0.604221094,0.544394495,1.148615589,0.163873542,-1.114449939,0.265086209,0.975782698,0.733699576,0.115741771,0.733699576
DSS,PTTG1,1.013984553,0.770895883,0.562831145,1.333727027,0.139844217,0.099308158,0.920893602,0.987855161,0.780632929,0.077559083,0.780632929
DSS,PTTG2,0.807953356,0.584921557,0.531106084,1.116027642,0.164812509,-1.293900269,0.195699872,0.975782698,0.425041705,0.636333256,0.425041705
DSS,PUM1,1.209674049,0.87864701,0.786767302,1.665414312,0.16312697,1.166888237,0.243255507,0.975782698,0.523869875,0.406267902,0.523869875
DSS,PURA,0.960152441,0.707214864,0.596339058,1.303553922,0.156001609,-0.260658941,0.794355532,0.976578192,0.713714607,0.134594958,0.713714607
DSS,PVR,1.073618029,0.790117265,0.668724003,1.458841268,0.156435624,0.454079952,0.649771282,0.975782698,0.45255533,0.564243942,0.45255533
DSS,PVRIG,1.351211966,0.944501047,0.988555334,1.933056381,0.182707656,1.647451173,0.099465344,0.975782698,0.07146171,3.249122404,0.07146171
DSS,PYCARD,0.816955914,0.60329977,0.502977736,1.106277506,0.154681887,-1.307005948,0.191210691,0.975782698,0.991918153,0.000102602,0.991918153
DSS,PYCR1,0.898213217,0.65336629,0.581449457,1.234815747,0.162385417,-0.661068002,0.508568705,0.975782698,0.473508191,0.513777432,0.473508191
DSS,PYCR2,0.994847343,0.724057715,0.642851602,1.366909317,0.162104099,-0.031868271,0.974577102,0.994714958,0.953140893,0.003453088,0.953140893
DSS,PYCR3,1.149327476,0.839826207,0.733063083,1.57288929,0.160072978,0.869459475,0.384595864,0.975782698,0.391228122,0.735121528,0.391228122
DSS,RAB7A,0.842450548,0.620638009,0.522899634,1.143537643,0.155904379,-1.099650415,0.271484467,0.975782698,0.368202577,0.809721585,0.368202577
DSS,RAC1,1.043732881,0.768781342,0.648238382,1.417019725,0.15599893,0.274383902,0.783789613,0.976578192,0.10351739,2.650499112,0.10351739
DSS,RAC2,0.831928511,0.595860904,0.565660254,1.161521158,0.170278259,-1.080635702,0.279859195,0.975782698,0.615281327,0.252555593,0.615281327
DSS,RAC3,0.964377623,0.722336778,0.565184816,1.287521594,0.147447333,-0.246001982,0.805680698,0.978519651,0.863280169,0.029652896,0.863280169
DSS,RAD21,1.145150617,0.846250579,0.7033731,1.549623679,0.154327296,0.878238489,0.379814309,0.975782698,0.189985066,1.71773341,0.189985066
DSS,RAD50,0.814152381,0.58868356,0.537293359,1.125976918,0.165441183,-1.24278445,0.213947274,0.975782698,0.202681973,1.622942591,0.202681973
DSS,RAD51,1.016623725,0.743991749,0.645168547,1.389160296,0.159294967,0.103500218,0.917565977,0.987855161,0.383431524,0.759670928,0.383431524
DSS,RAD51C,0.851979682,0.614809563,0.565831439,1.180641002,0.166457198,-0.962365112,0.335866232,0.975782698,0.416896399,0.659047538,0.416896399
DSS,RAD52,1.141519394,0.83556953,0.723925499,1.559495029,0.159187564,0.831473098,0.405706419,0.975782698,0.545998356,0.364534965,0.545998356
DSS,RAF1,0.90459426,0.666044741,0.562537554,1.228582295,0.156191475,-0.641960561,0.520898791,0.975782698,0.591207629,0.288462276,0.591207629
DSS,RAG1,0.880191122,0.632317623,0.592915366,1.225232989,0.168751689,-0.756236643,0.449507326,0.975782698,0.480836911,0.496964564,0.480836911
DSS,RANBP2,1.128839435,0.818359983,0.738752409,1.557112392,0.164106596,0.738483761,0.460220532,0.975782698,0.174297636,1.845586059,0.174297636
DSS,RASA4,1.25674014,0.872269394,0.938404913,1.810674307,0.186318803,1.226506259,0.220008221,0.975782698,0.648315703,0.208030213,0.648315703
DSS,RASAL1,0.891481725,0.651685065,0.567829865,1.219514929,0.159861877,-0.718559942,0.472412102,0.975782698,0.727213842,0.121685247,0.727213842
DSS,RASGRF1,0.877067351,0.640421283,0.560736701,1.201157984,0.160440484,-0.817571035,0.413602172,0.975782698,0.452921285,0.563330879,0.452921285
DSS,RASGRF2,0.976299554,0.706547941,0.642491188,1.349039129,0.164992013,-0.145375643,0.884414294,0.987855161,0.591510416,0.287991643,0.591510416
DSS,RASGRP1,0.94314006,0.684736041,0.614323916,1.299059958,0.163360846,-0.358350748,0.720080845,0.975782698,0.955905781,0.003057213,0.955905781
DSS,RB1,1.276573419,0.88760571,0.948389345,1.835995055,0.185415206,1.316933366,0.187860961,0.975782698,0.255916852,1.290711604,0.255916852
DSS,RBL2,1.144908629,0.846167775,0.702952632,1.549120408,0.154269394,0.877198191,0.380378999,0.975782698,0.860611715,0.03083379,0.860611715
DSS,RBP4,1.002258353,0.724087514,0.663205856,1.38729337,0.165869796,0.013599867,0.989149211,0.997412066,0.880969799,0.022422048,0.880969799
DSS,RBX1,0.875025412,0.624523138,0.601483434,1.226006572,0.172076911,-0.775829541,0.437849639,0.975782698,0.727873209,0.121073395,0.727873209
DSS,REL,0.960091835,0.70511277,0.60216228,1.30727505,0.157488197,-0.258599301,0.795944422,0.976578192,0.712973303,0.135325247,0.712973303
DSS,RELA,0.94513466,0.702597251,0.56879902,1.271396271,0.151300529,-0.372952198,0.709184022,0.975782698,0.873083415,0.025517871,0.873083415
DSS,RELB,0.944861832,0.691226754,0.600337667,1.291564421,0.15947782,-0.355639243,0.722110751,0.975782698,0.560914162,0.338123878,0.560914162
DSS,RELN,1.043979724,0.75615792,0.685199282,1.441357202,0.164566852,0.261535462,0.793679606,0.976578192,0.623380084,0.241145377,0.623380084
DSS,REN,0.983055854,0.697383911,0.688364738,1.385748649,0.175171522,-0.097557755,0.922283471,0.987855161,0.749768725,0.101725488,0.749768725
DSS,REPS1,1.069627372,0.770923597,0.713143982,1.484067579,0.167082838,0.402856084,0.6870541,0.975782698,0.086887214,2.931119673,0.086887214
DSS,RET,1.076957898,0.76008261,0.76585457,1.52593718,0.177793298,0.417002814,0.67667635,0.975782698,0.757494521,0.095340512,0.757494521
DSS,RFC3,0.977480809,0.722815859,0.599054326,1.321870185,0.153994748,-0.147905172,0.882417607,0.987855161,0.009396765,6.745818684,0.009396765
DSS,RFC4,0.979885954,0.728577526,0.589300734,1.31787826,0.151197754,-0.134387495,0.89309617,0.987855161,0.569505537,0.32351054,0.569505537
DSS,RGMB,0.912954357,0.6856943,0.529841044,1.215535344,0.146050635,-0.623546706,0.53292532,0.975782698,0.458635637,0.549222297,0.458635637
DSS,RHOA,0.877173141,0.657134835,0.513755336,1.170890171,0.147357387,-0.889340428,0.37382015,0.975782698,0.86479565,0.028992806,0.86479565
DSS,RHOB,1.094421659,0.763324375,0.80581033,1.569134705,0.183829024,0.490815089,0.623557237,0.975782698,0.649311373,0.206769416,0.649311373
DSS,RICTOR,0.989679896,0.72326633,0.630959982,1.354226313,0.160004996,-0.064833762,0.948306359,0.987855161,0.638195307,0.221110192,0.638195307
DSS,RIMKLA,1.039304223,0.751835749,0.684852079,1.436687828,0.165201439,0.233360396,0.815481564,0.978519651,0.358286588,0.84389002,0.358286588
DSS,RIMKLB,1.133162821,0.817646048,0.752786514,1.570432563,0.166502253,0.750816744,0.452762951,0.975782698,0.556580163,0.345660136,0.556580163
DSS,RIN1,1.007218913,0.724137296,0.676826228,1.400963524,0.168353731,0.042725406,0.965920427,0.989914102,0.661752268,0.191402035,0.661752268
DSS,RIPK1,0.708102951,0.500088557,0.502553441,1.002641998,0.177454433,-1.945095302,0.051763509,0.975782698,0.253130482,1.30594317,0.253130482
DSS,RIPK2,0.966374904,0.702646076,0.626444752,1.329090828,0.162604285,-0.210347601,0.833396386,0.979248328,0.809495042,0.058118367,0.809495042
DSS,RIPK3,0.725551641,0.531682549,0.458429283,0.990111833,0.158618042,-2.02261373,0.043112988,0.975782698,0.611736446,0.257654062,0.611736446
DSS,RNF43,0.950679246,0.680627587,0.647251338,1.327878925,0.170493658,-0.296659445,0.766726522,0.976578192,0.497942753,0.45931827,0.497942753
DSS,RNLS,0.820417068,0.578455561,0.585132814,1.163588374,0.178294656,-1.110198435,0.266913527,0.975782698,0.595115034,0.282426748,0.595115034
DSS,ROBO4,0.95423314,0.685738042,0.642117246,1.327855288,0.168580818,-0.277891972,0.781095287,0.976578192,0.196770272,1.666185229,0.196770272
DSS,ROCK1,1.398764567,0.992941373,0.977509622,1.970450994,0.174836403,1.919448067,0.054927653,0.975782698,0.057749014,3.600879426,0.057749014
DSS,ROPN1,0.903152571,0.647309533,0.612805644,1.260115176,0.169935218,-0.599427131,0.548888089,0.975782698,0.497165295,0.460982207,0.497165295
DSS,ROR2,0.861581429,0.644664138,0.506823148,1.151487286,0.147982366,-1.006780149,0.314040436,0.975782698,0.876145758,0.024291398,0.876145758
DSS,RORA,0.980350436,0.720345822,0.613856373,1.334202195,0.157236915,-0.126211988,0.899564122,0.987855161,0.57728143,0.310650265,0.57728143
DSS,RORC,1.087265926,0.766759553,0.774984778,1.541744331,0.178191151,0.469530728,0.638690326,0.975782698,0.520497329,0.41290774,0.520497329
DSS,RPA3,0.956533447,0.683816119,0.654198898,1.338015016,0.171241263,-0.259514103,0.795238602,0.976578192,0.324093417,0.972355536,0.324093417
DSS,RPL23,1.126869626,0.809511152,0.75913327,1.568644422,0.168762425,0.707761493,0.479093383,0.975782698,0.866418751,0.028294315,0.866418751
DSS,RPL7A,1.121647834,0.81719153,0.722342126,1.539533656,0.161574737,0.710500208,0.477394002,0.975782698,0.641842876,0.216340054,0.641842876
DSS,RPLP0,0.8946367,0.647415723,0.588845301,1.236261025,0.165017872,-0.674700037,0.499866361,0.975782698,0.804355598,0.06136229,0.804355598
DSS,RPS27A,1.00050889,0.71972872,0.671098143,1.390826863,0.168059045,0.003027271,0.997584591,0.998890644,0.559665843,0.340283125,0.559665843
DSS,RPS6,1.099177001,0.816150658,0.66420112,1.480351779,0.151899745,0.622527172,0.533595282,0.975782698,0.433569863,0.613241684,0.433569863
DSS,RPS6KA5,1.252654069,0.934171205,0.745544685,1.67971589,0.149676276,1.505011759,0.132321053,0.975782698,0.960273884,0.002481025,0.960273884
DSS,RPS6KA6,0.80674412,0.582610828,0.534491778,1.117102606,0.166067904,-1.293138116,0.195963294,0.975782698,0.082735009,3.010338553,0.082735009
DSS,RPS6KB1,0.990851848,0.723721102,0.632861402,1.356582504,0.160288111,-0.057335839,0.954277672,0.987855161,0.316163519,1.00475146,0.316163519
DSS,RPTOR,0.92195709,0.668686954,0.602468212,1.271155166,0.163871717,-0.495854919,0.619996774,0.975782698,0.934482338,0.006757943,0.934482338
DSS,RRAD,0.984002143,0.736132643,0.579201254,1.315333897,0.148073002,-0.10891387,0.913270806,0.987855161,0.539178048,0.377065282,0.539178048
DSS,RRAS2,0.859965984,0.616136397,0.584152205,1.200288602,0.170117653,-0.886812398,0.375179912,0.975782698,0.855782017,0.03303163,0.855782017
DSS,RRM2,1.067331278,0.798115359,0.629242284,1.427357643,0.148300446,0.439387756,0.660380597,0.975782698,0.370370946,0.802419552,0.370370946
DSS,RSAD2,0.949869951,0.693713747,0.606898972,1.30061272,0.160342576,-0.320751973,0.748398358,0.976289835,0.792203847,0.069405841,0.792203847
DSS,RUNX1,1.162156462,0.815421668,0.840908664,1.656330332,0.180782513,0.831260146,0.405826684,0.975782698,0.649941499,0.205973888,0.649941499
DSS,RUNX1T1,1.037709345,0.763662235,0.646438506,1.410100741,0.156454619,0.236590846,0.812974222,0.978519651,0.447546611,0.576857787,0.447546611
DSS,RUNX3,0.842022114,0.625986551,0.506627624,1.132614175,0.151266755,-1.136726979,0.255652437,0.975782698,0.372414327,0.795592793,0.372414327
DSS,RXRG,0.933041952,0.687476121,0.578847547,1.266323669,0.155830959,-0.444745478,0.6565037,0.975782698,0.069504409,3.29468569,0.069504409
DSS,RYBP,0.780099503,0.545362208,0.570511292,1.115873499,0.182641777,-1.359676868,0.173932201,0.975782698,0.031193898,4.642259957,0.031193898
DSS,S100A12,0.913155391,0.665261616,0.588159215,1.253420831,0.161597711,-0.562193698,0.573984055,0.975782698,0.678022394,0.172360531,0.678022394
DSS,S100A7,0.906416422,0.642409519,0.636511024,1.278920543,0.17565264,-0.559379302,0.575902884,0.975782698,0.660659159,0.19272388,0.660659159
DSS,S100A8,0.857860081,0.625159618,0.552018013,1.177177631,0.161448887,-0.9496149,0.342307965,0.975782698,0.698399963,0.15014172,0.698399963
DSS,S100A9,0.889989955,0.655617388,0.55252952,1.208146908,0.155937971,-0.747381164,0.454833512,0.975782698,0.887191672,0.020123871,0.887191672
DSS,S100B,0.871182677,0.625130584,0.588950562,1.214081146,0.169335318,-0.814381747,0.415426292,0.975782698,0.619995328,0.245874133,0.619995328
DSS,SAA1,0.986292785,0.704936658,0.675007833,1.379944492,0.171352792,-0.080547424,0.93580188,0.987855161,0.755049014,0.097337028,0.755049014
DSS,SAMD9,0.843984863,0.611169407,0.554318329,1.165487736,0.164676688,-1.03002266,0.302999368,0.975782698,0.488103268,0.480704748,0.488103268
DSS,SAMSN1,0.88355956,0.641745933,0.574744044,1.216489978,0.163149029,-0.758794441,0.447975532,0.975782698,0.839683457,0.04092464,0.839683457
DSS,SBNO2,1.149309023,0.852061518,0.698191842,1.55025336,0.152685185,0.911423805,0.362072115,0.975782698,0.995236304,3.56E-05,0.995236304
DSS,SDHA,0.968102084,0.732262805,0.547635121,1.279897925,0.142450611,-0.227571777,0.819979163,0.979248328,0.730486341,0.118665548,0.730486341
DSS,SELE,0.869815335,0.62191127,0.594626769,1.216538039,0.171168197,-0.814837987,0.415165054,0.975782698,0.71195521,0.136331869,0.71195521
DSS,SELENOK,0.79413701,0.592867021,0.470868301,1.063735322,0.149128188,-1.54564525,0.122190267,0.975782698,0.182132017,1.780140969,0.182132017
DSS,SELL,0.802734984,0.574489027,0.547174615,1.121663642,0.170688662,-1.28731838,0.19798334,0.975782698,0.931047316,0.00748696,0.931047316
DSS,SELP,0.947233247,0.671611424,0.664355759,1.335967184,0.175444768,-0.308985649,0.757332443,0.976289835,0.602194857,0.271698225,0.602194857
DSS,SELPLG,0.87898537,0.634401855,0.583462303,1.217864158,0.166373292,-0.775286849,0.438170178,0.975782698,0.674605427,0.176262079,0.674605427
DSS,SEMG1,0.908680695,0.65824345,0.596156583,1.254400032,0.164502469,-0.582128149,0.560480366,0.975782698,0.506962187,0.440332145,0.506962187
DSS,SERINC1,0.896409925,0.65851635,0.561727844,1.220244194,0.157354148,-0.694976692,0.487069908,0.975782698,0.76767086,0.087274676,0.76767086
DSS,SERINC2,0.910165994,0.641340226,0.650333215,1.291673441,0.178608845,-0.527007972,0.598188052,0.975782698,0.734761962,0.114784036,0.734761962
DSS,SERINC3,1.121314862,0.819649651,0.714355785,1.534005436,0.159890829,0.716126005,0.473913548,0.975782698,0.849005136,0.036247573,0.849005136
DSS,SERINC5,0.98992428,0.73177118,0.607377051,1.339148231,0.154166397,-0.065687617,0.947626531,0.987855161,0.529201948,0.395923746,0.529201948
DSS,SERPINA1,1.002224526,0.706227077,0.716054839,1.422281916,0.178595379,0.012441839,0.990073105,0.997437519,0.846141538,0.03765302,0.846141538
DSS,SERPINB2,0.981516928,0.719180895,0.620364535,1.339545429,0.158669417,-0.117577908,0.90640211,0.987855161,0.427722676,0.628999133,0.427722676
DSS,SERPINB5,0.980737031,0.727786483,0.593816965,1.321603447,0.152194965,-0.127802634,0.898305165,0.987855161,0.980776043,0.000580617,0.980776043
DSS,SERPING1,0.907647918,0.656122717,0.599472802,1.255595519,0.16556871,-0.585247847,0.558381077,0.975782698,0.287441847,1.131564627,0.287441847
DSS,SERPINH1,0.807955525,0.57204726,0.569103439,1.141150699,0.176169259,-1.210473756,0.226097155,0.975782698,0.251439522,1.315287664,0.251439522
DSS,SETBP1,1.101176669,0.818991265,0.661598468,1.480589732,0.151054392,0.638043727,0.523445216,0.975782698,0.676792903,0.17375848,0.676792903
DSS,SETD2,0.934606325,0.699371547,0.549591163,1.24896271,0.147932951,-0.45716577,0.6475519,0.975782698,0.027656567,4.849349075,0.027656567
DSS,SF3A1,1.122983407,0.794912165,0.791542021,1.586454186,0.176285155,0.657961811,0.510562671,0.975782698,0.831160249,0.0454601,0.831160249
DSS,SF3B1,1.072350597,0.774137639,0.71130338,1.485441019,0.166257469,0.420149898,0.674375953,0.975782698,0.151487281,2.057210354,0.151487281
DSS,SFN,1.052032379,0.799284317,0.585419602,1.384703919,0.140187498,0.361828929,0.717479873,0.975782698,0.501554668,0.451645286,0.501554668
DSS,SFRP1,0.978134759,0.704298927,0.65414075,1.358439677,0.167576841,-0.13192651,0.89504242,0.987855161,0.248904204,1.329443726,0.248904204
DSS,SFRP2,1.096441131,0.756046878,0.83404388,1.590090758,0.189657309,0.485452417,0.627355458,0.975782698,0.872387135,0.025801055,0.872387135
DSS,SFRP4,0.805974423,0.585032558,0.525324058,1.110356615,0.163464488,-1.319572667,0.186977734,0.975782698,0.707493627,0.140793308,0.707493627
DSS,SFXN1,1.082890478,0.785622321,0.707018296,1.492640618,0.163734102,0.486360711,0.626711442,0.975782698,0.264747954,1.243758357,0.264747954
DSS,SGK1,0.830468669,0.604593939,0.536135673,1.140729612,0.161958662,-1.146990683,0.251385472,0.975782698,0.35730952,0.847327344,0.35730952
DSS,SGK2,0.988160159,0.72037478,0.635114789,1.355489569,0.161264792,-0.07385673,0.941124386,0.987855161,0.585699226,0.297111052,0.585699226
DSS,SH2B2,0.927452594,0.668076583,0.619452925,1.287529508,0.167369845,-0.449983072,0.652722646,0.975782698,0.439653618,0.597186249,0.439653618
DSS,SH2D1A,0.858796302,0.624971994,0.555130629,1.180102622,0.162158552,-0.938732597,0.347868053,0.975782698,0.565934824,0.329531949,0.565934824
DSS,SH2D1B,0.926333905,0.663678912,0.629257307,1.292936219,0.170123683,-0.449793467,0.652859369,0.975782698,0.907842894,0.013400336,0.907842894
DSS,SHC1,0.859838552,0.627210872,0.551535173,1.178746045,0.160952875,-0.938228895,0.348126792,0.975782698,0.26205155,1.25788638,0.26205155
DSS,SHC2,1.362181905,0.963328101,0.962847975,1.926176077,0.176762929,1.748600561,0.080360089,0.975782698,0.377220195,0.779741548,0.377220195
DSS,SHC3,0.81885598,0.58916744,0.548921785,1.138089225,0.167961146,-1.189841008,0.234108888,0.975782698,0.69270511,0.156172525,0.69270511
DSS,SHC4,0.852711548,0.62536465,0.537344154,1.162708804,0.158210259,-1.00710252,0.31388551,0.975782698,0.694486603,0.154271209,0.694486603
DSS,SIGIRR,1.031677905,0.744732556,0.684450701,1.429183257,0.166287046,0.187546243,0.85123237,0.98321246,0.684078677,0.165570667,0.684078677
DSS,SIGLEC1,0.926843729,0.684177023,0.571403435,1.255580457,0.154884624,-0.4904961,0.623782889,0.975782698,0.978237477,0.000744125,0.978237477
DSS,SIGLEC5,0.865189051,0.626453732,0.568450308,1.19490404,0.164734211,-0.879035622,0.379381962,0.975782698,0.970677643,0.00135118,0.970677643
DSS,SIGLEC8,0.818198985,0.603380939,0.506116456,1.109497395,0.155388992,-1.291273663,0.1966088,0.975782698,0.962611975,0.002197369,0.962611975
DSS,SIN3A,0.938218278,0.667276582,0.651896846,1.319173428,0.173869522,-0.366784533,0.713779745,0.975782698,0.127077989,2.327841386,0.127077989
DSS,SIRPA,0.962422107,0.711336712,0.590798123,1.302134835,0.154241223,-0.248326247,0.803881992,0.978519651,0.466456877,0.530356835,0.466456877
DSS,SIRPB2,0.94500536,0.686098517,0.61551504,1.301613557,0.163354722,-0.346269019,0.729140549,0.975782698,0.877505124,0.023756882,0.877505124
DSS,SIRT4,0.881986003,0.64051255,0.57398248,1.21449503,0.163221096,-0.769380283,0.44166759,0.975782698,0.854868201,0.033456271,0.854868201
DSS,SIX1,0.858571384,0.630766317,0.537883312,1.168649629,0.157316345,-0.969291854,0.332399592,0.975782698,0.600876951,0.27367528,0.600876951
DSS,SKP1,0.944212981,0.704831553,0.560063796,1.264895349,0.149182799,-0.384786473,0.700395622,0.975782698,0.740303603,0.10985998,0.740303603
DSS,SKP2,1.103702393,0.827194552,0.645444466,1.472639018,0.147138266,0.670596054,0.502477897,0.975782698,0.370972569,0.800404128,0.370972569
DSS,SLAMF1,0.906190601,0.652654797,0.605562273,1.258217069,0.167452727,-0.588259269,0.55635828,0.975782698,0.805807732,0.060436264,0.805807732
DSS,SLAMF6,0.888521586,0.64123478,0.589937691,1.231172471,0.166412895,-0.710259482,0.477543241,0.975782698,0.610460915,0.259504296,0.610460915
DSS,SLAMF7,0.944683447,0.688064336,0.608946377,1.297010713,0.161721109,-0.351873573,0.724933079,0.975782698,0.941281675,0.005425657,0.941281675
DSS,SLC11A1,0.91865799,0.671068072,0.586527898,1.257595969,0.160229127,-0.529500361,0.596458394,0.975782698,0.791367933,0.069978606,0.791367933
DSS,SLC16A1,1.167869427,0.824048646,0.831095143,1.65514379,0.177914902,0.872220846,0.383087909,0.975782698,0.676482789,0.174112131,0.676482789
DSS,SLC16A2,0.961839624,0.692588673,0.643175972,1.335764645,0.16755994,-0.232200804,0.816382054,0.978519651,0.48243035,0.493364399,0.48243035
DSS,SLC1A5,1.190744266,0.864743421,0.774901209,1.63964463,0.163217787,1.0696049,0.284797189,0.975782698,0.462823401,0.539057959,0.462823401
DSS,SLC25A1,1.12543172,0.79492635,0.798424477,1.593350827,0.1773872,0.666151295,0.505314401,0.975782698,0.670403049,0.181131029,0.670403049
DSS,SLC2A1,1.073699698,0.806571211,0.622727313,1.429298524,0.145958516,0.487195593,0.626119728,0.975782698,0.909624656,0.012884972,0.909624656
DSS,SLC39A6,1.120987358,0.837400767,0.663210059,1.500610826,0.148810069,0.767487489,0.442791729,0.975782698,0.359025005,0.841300806,0.359025005
DSS,SLC7A5,1.238219873,0.879250996,0.86449278,1.743743776,0.174676493,1.223259968,0.221231522,0.975782698,0.764079621,0.090076738,0.764079621
DSS,SMAD2,1.274969143,0.935872041,0.801060193,1.736932234,0.157757234,1.539846833,0.123597693,0.975782698,0.517699395,0.418474155,0.517699395
DSS,SMAD3,0.860110571,0.624088319,0.561305112,1.185393431,0.163660689,-0.920772902,0.357169006,0.975782698,0.79280201,0.068997527,0.79280201
DSS,SMAD4,1.442137433,1.022943625,1.010169759,2.033113384,0.175228711,2.089419815,0.036669949,0.975782698,0.386356077,0.750379591,0.386356077
DSS,SMAD5,1.070350432,0.790633707,0.658393872,1.449027579,0.154547021,0.439905608,0.660005474,0.975782698,0.752482481,0.099456792,0.752482481
DSS,SMAD9,1.458107204,1.023099079,1.054975919,2.078074999,0.180770069,2.086292056,0.036952176,0.975782698,0.09024499,2.869997866,0.09024499
DSS,SMAP1,0.696594795,0.528890602,0.38858516,0.917475762,0.140524152,-2.572877253,0.010085697,0.975782698,0.592733601,0.286095435,0.592733601
DSS,SMARCA4,1.086216401,0.802712765,0.667135629,1.469848394,0.154318548,0.535907489,0.592022488,0.975782698,0.198569298,1.652866026,0.198569298
DSS,SMARCB1,1.389643266,0.983800098,0.979107215,1.962907313,0.176217333,1.867279827,0.061862521,0.975782698,0.57280013,0.318019767,0.57280013
DSS,SMC1A,0.945756996,0.689209943,0.608589523,1.297799465,0.161451808,-0.34542579,0.729774292,0.975782698,0.560296623,0.339190898,0.560296623
DSS,SMC1B,0.813078564,0.598199549,0.506944634,1.105144183,0.156586218,-1.321492668,0.186337146,0.975782698,0.867177086,0.027970972,0.867177086
DSS,SMC3,0.81719773,0.596369742,0.523425718,1.11979546,0.160727564,-1.25600232,0.209115129,0.975782698,0.70926513,0.139012071,0.70926513
DSS,SMO,0.961601328,0.706569789,0.602114969,1.308684758,0.157236545,-0.249021843,0.803343885,0.978519651,0.856571672,0.032666942,0.856571672
DSS,SMPD3,1.10233815,0.812955572,0.681774816,1.494730388,0.15536629,0.627121331,0.530579706,0.975782698,0.49043992,0.475560982,0.49043992
DSS,SNAI1,1.033543822,0.731328636,0.729318165,1.460646801,0.176475616,0.186957846,0.851693684,0.98321246,0.496164823,0.463129918,0.496164823
DSS,SNAI2,0.923207131,0.685089096,0.558999316,1.244088412,0.152199083,-0.524981213,0.599596251,0.975782698,0.357867528,0.845362695,0.357867528
DSS,SOCS1,1.08005705,0.712003352,0.92636426,1.638367612,0.212599072,0.362249296,0.717165745,0.975782698,0.331096548,0.944604269,0.331096548
DSS,SOCS2,0.958756217,0.713271547,0.575457112,1.288728659,0.150908201,-0.279099752,0.780168273,0.976578192,0.575698221,0.313240892,0.575698221
DSS,SOCS3,0.863532524,0.612120521,0.60608471,1.218205231,0.17556566,-0.835719907,0.403312494,0.975782698,0.08489416,2.96862163,0.08489416
DSS,SOD1,0.917475654,0.67297435,0.577833466,1.250807816,0.158124757,-0.544691646,0.585965611,0.975782698,0.782759259,0.0760243,0.782759259
DSS,SOD2,0.933940542,0.674976911,0.617282012,1.292258923,0.165683806,-0.41248752,0.679982127,0.975782698,0.736814118,0.112946577,0.736814118
DSS,SOS1,0.952693251,0.657397213,0.723236005,1.380633218,0.189291515,-0.256019423,0.79793584,0.976578192,0.128647572,2.308748748,0.128647572
DSS,SOS2,1.043581944,0.765023653,0.658544455,1.423568107,0.158425105,0.269269019,0.787722671,0.976578192,0.175243227,1.837508668,0.175243227
DSS,SOST,0.854954748,0.616706892,0.568536262,1.185243153,0.166663616,-0.940257639,0.347085422,0.975782698,0.448449971,0.574566563,0.448449971
DSS,SOX10,0.889262431,0.653124596,0.557651536,1.210776132,0.15746436,-0.745329856,0.456072336,0.975782698,0.841182281,0.040152718,0.841182281
DSS,SOX11,0.870292084,0.653191226,0.506359428,1.159550653,0.146410321,-0.948883885,0.342679671,0.975782698,0.503534573,0.447479003,0.503534573
DSS,SOX17,0.912531745,0.660181999,0.601158338,1.261340337,0.165159831,-0.554205009,0.579438551,0.975782698,0.855707161,0.03306631,0.855707161
DSS,SOX2,0.919312422,0.671574346,0.586864625,1.258438971,0.160207687,-0.525126209,0.599495458,0.975782698,0.362769865,0.828281699,0.362769865
DSS,SOX9,1.301316635,0.904364004,0.968139741,1.872503745,0.18566662,1.418545498,0.156031565,0.975782698,0.891019743,0.018772831,0.891019743
DSS,SP1,1.042247122,0.759429309,0.670959338,1.430388647,0.161516801,0.256190538,0.797803715,0.976578192,0.436187368,0.606291987,0.436187368
DSS,SPA17,0.777018715,0.560193357,0.517573945,1.077767302,0.166932879,-1.511331046,0.130704128,0.975782698,0.706700701,0.141594783,0.706700701
DSS,SPACA3,0.849477076,0.617284437,0.551724951,1.169009388,0.162906584,-1.001397978,0.316634441,0.975782698,0.727622332,0.12130599,0.727622332
DSS,SPANXB1,0.874513438,0.619607139,0.614681018,1.234288157,0.175810389,-0.76268313,0.445652394,0.975782698,0.713004449,0.135294518,0.713004449
DSS,SPIB,0.855165083,0.622246759,0.55302223,1.175268989,0.162226347,-0.964459549,0.334815579,0.975782698,0.929846347,0.007750718,0.929846347
DSS,SPINK5,0.835333687,0.616522037,0.515282386,1.131804424,0.154970808,-1.161018713,0.245634289,0.975782698,0.451998582,0.565635254,0.451998582
DSS,SPN,0.903252452,0.652069716,0.599123174,1.25119289,0.166253362,-0.612036912,0.540513336,0.975782698,0.722316348,0.126284111,0.722316348
DSS,SPOP,0.832754687,0.575860775,0.628389277,1.204250052,0.188204062,-0.972434769,0.330834302,0.975782698,0.150322505,2.068975165,0.150322505
DSS,SPP1,0.977679346,0.72842551,0.583797758,1.312223268,0.150153973,-0.150335884,0.880499624,0.987855161,0.5623724,0.335613162,0.5623724
DSS,SPRED1,0.839297348,0.633557861,0.478290136,1.111847996,0.143479024,-1.221016302,0.222079847,0.975782698,0.455331211,0.557346863,0.455331211
DSS,SPRY1,0.966729537,0.675616426,0.70766255,1.383278976,0.182806046,-0.185095167,0.853154392,0.983354661,0.743633814,0.106958463,0.743633814
DSS,SPRY2,0.950742385,0.691743528,0.614970658,1.306714186,0.162262101,-0.311299693,0.755572801,0.976289835,0.253366593,1.304644492,0.253366593
DSS,SPRY4,0.982539501,0.699818206,0.679659868,1.379478074,0.173125606,-0.101745384,0.918958777,0.987855161,0.130749834,2.283579123,0.130749834
DSS,SRD5A2,0.836008872,0.612257611,0.529273047,1.141530658,0.158924399,-1.12705195,0.259720517,0.975782698,0.959114195,0.002628121,0.959114195
DSS,SREBF1,0.710017988,0.492983289,0.5296184,1.022601689,0.186133537,-1.839888605,0.065784593,0.975782698,0.014832216,5.936289027,0.014832216
DSS,SRP54,1.012055464,0.748439766,0.620082203,1.368521968,0.153955853,0.077836439,0.93795816,0.987855161,0.802638499,0.062466934,0.802638499
DSS,SRR,0.852920914,0.618240152,0.558445128,1.17668528,0.164181512,-0.968979079,0.332555628,0.975782698,0.762416872,0.091390451,0.762416872
DSS,SRSF2,1.081177786,0.782036211,0.71270967,1.494745881,0.165260804,0.472289784,0.636719961,0.975782698,0.950487024,0.003855813,0.950487024
DSS,SSX1,0.842707989,0.585476103,0.627479902,1.212956005,0.185817259,-0.920984286,0.357058631,0.975782698,0.263886636,1.248251805,0.263886636
DSS,SSX4,0.801215597,0.571499043,0.551768686,1.123267729,0.172384424,-1.285645212,0.19856691,0.975782698,0.768585457,0.086568752,0.768585457
DSS,ST6GAL1,0.81628877,0.596031157,0.521909321,1.117940477,0.160449497,-1.265115229,0.205830024,0.975782698,0.685609691,0.163879381,0.685609691
DSS,STAG2,1.114682783,0.794057679,0.770712412,1.564770091,0.173048609,0.627395189,0.53040022,0.975782698,0.748954277,0.102411865,0.748954277
DSS,STAT1,0.896047768,0.638681696,0.618441543,1.257123239,0.17275191,-0.635371009,0.525186471,0.975782698,0.999098227,1.28E-06,0.999098227
DSS,STAT2,1.062402545,0.768590321,0.699941272,1.468531593,0.165171448,0.366485227,0.714003034,0.975782698,0.262253086,1.256824185,0.262253086
DSS,STAT3,0.992953217,0.710859257,0.676132728,1.386991985,0.170517976,-0.041472041,0.966919582,0.989914102,0.004135838,8.223192301,0.004135838
DSS,STAT4,0.861365571,0.62398401,0.56506993,1.18905394,0.164489889,-0.907267169,0.364265531,0.975782698,0.553651918,0.350815394,0.553651918
DSS,STAT5B,0.798365047,0.548155641,0.614628613,1.162784254,0.191843669,-1.173816863,0.240468388,0.975782698,0.501928235,0.450857051,0.501928235
DSS,STAT6,0.892869538,0.630646183,0.633479459,1.264125643,0.17739892,-0.638757004,0.522981023,0.975782698,0.374505733,0.788659627,0.374505733
DSS,STC1,1.02309963,0.72963637,0.704958855,1.434595225,0.172475549,0.132406433,0.894662827,0.987855161,0.40940339,0.680532587,0.40940339
DSS,STING1,0.918764741,0.68565581,0.545470123,1.231125934,0.149316176,-0.567421333,0.570427959,0.975782698,0.044547023,4.03570638,0.044547023
DSS,STK11,0.98999819,0.73892719,0.587450332,1.326377522,0.149239336,-0.067355999,0.946298297,0.987855161,0.065903245,3.382219618,0.065903245
DSS,STK11IP,1.037382431,0.736470285,0.724773067,1.461243352,0.174792517,0.209966923,0.833693489,0.979248328,0.922957193,0.009352704,0.922957193
DSS,STMN1,1.065061695,0.789400137,0.64758519,1.436985327,0.152816415,0.412473534,0.679992376,0.975782698,0.612429658,0.256652006,0.612429658
DSS,SUV39H2,0.955588576,0.688868901,0.636709197,1.325578098,0.166980866,-0.272054034,0.785580472,0.976578192,0.135850847,2.224338319,0.135850847
DSS,SYCP1,0.865194349,0.62827261,0.563186718,1.191459328,0.163258101,-0.886945978,0.375107986,0.975782698,0.705943677,0.142362394,0.705943677
DSS,SYK,0.961602615,0.672746258,0.701738666,1.374484923,0.182265112,-0.214818929,0.829908494,0.979248328,0.359194692,0.840706842,0.359194692
DSS,SYT17,0.793034442,0.577877288,0.510422318,1.088299607,0.161485167,-1.435974779,0.151009518,0.975782698,0.455504484,0.556918532,0.455504484
DSS,TAB1,0.851486369,0.616675932,0.559029164,1.175705096,0.164615187,-0.97665222,0.328741357,0.975782698,0.993481798,6.67E-05,0.993481798
DSS,TACSTD2,1.028509137,0.762042175,0.626110711,1.388152886,0.15299449,0.18373416,0.85422201,0.983471514,0.994432241,4.87E-05,0.994432241
DSS,TAF3,0.772156278,0.532178706,0.588169236,1.120347942,0.189905334,-1.36156426,0.173335441,0.975782698,0.688683427,0.16051433,0.688683427
DSS,TAL1,0.861561812,0.628524487,0.55247764,1.181002127,0.160906944,-0.926053737,0.354418055,0.975782698,0.886653976,0.020317475,0.886653976
DSS,TANK,0.952795262,0.701241325,0.593346971,1.294588296,0.156404894,-0.309167009,0.757194488,0.976289835,0.680754035,0.169278265,0.680754035
DSS,TAP1,0.847018722,0.581742111,0.651520363,1.233262474,0.191684929,-0.866173894,0.386394808,0.975782698,0.916672049,0.010946741,0.916672049
DSS,TAP2,0.722408594,0.489417087,0.576900767,1.066317853,0.198664791,-1.636748909,0.101682945,0.975782698,0.853717817,0.033994829,0.853717817
DSS,TAPBP,1.090947233,0.783350942,0.735975585,1.519326526,0.168993321,0.515087458,0.606491906,0.975782698,0.250685217,1.319480995,0.250685217
DSS,TAPBPL,1.001238413,0.726307201,0.653932949,1.38024015,0.163788652,0.007556368,0.993970948,0.997446371,0.675821559,0.174867601,0.675821559
DSS,TARP.TRGC1.2,0.825552685,0.588041403,0.570953918,1.158995321,0.173092836,-1.107510866,0.268073117,0.975782698,0.493861317,0.46810269,0.493861317
DSS,TBC1D10B,1.127378111,0.818430014,0.734520614,1.552950629,0.163402019,0.733740514,0.463106902,0.975782698,0.171465817,1.870080872,0.171465817
DSS,TBK1,0.831719674,0.584723577,0.598327088,1.183050665,0.179776894,-1.024936082,0.305393348,0.975782698,0.147279636,2.100202457,0.147279636
DSS,TBL1XR1,0.812358947,0.587084889,0.536989449,1.124074338,0.165703489,-1.254125578,0.209796365,0.975782698,0.583338682,0.300868147,0.583338682
DSS,TBP,1.014922803,0.739863278,0.652378137,1.392241414,0.16127971,0.091843874,0.926822085,0.987855161,0.219301355,1.508937048,0.219301355
DSS,TBX21,0.854685057,0.625807086,0.541464048,1.167271134,0.159028888,-0.987381817,0.323455495,0.975782698,0.810539687,0.057470405,0.810539687
DSS,TBXAS1,0.848267607,0.624854738,0.526705599,1.151560337,0.155960497,-1.055133334,0.291364349,0.975782698,0.761835867,0.091851941,0.761835867
DSS,TCF3,1.093103766,0.839166188,0.584718448,1.423884637,0.134883935,0.659983278,0.50926456,0.975782698,0.450894768,0.568401626,0.450894768
DSS,TCF7,0.891009825,0.652276799,0.564842235,1.217119035,0.159128661,-0.72519824,0.468330423,0.975782698,0.806617364,0.059923202,0.806617364
DSS,TCF7L1,0.823023245,0.607396132,0.507802379,1.115198511,0.155004512,-1.256549451,0.208916829,0.975782698,0.780634301,0.077558088,0.780634301
DSS,TCL1A,0.952968948,0.692359161,0.619315281,1.311674441,0.16300171,-0.29553653,0.767584051,0.976578192,0.759026942,0.094100984,0.759026942
DSS,TCL1B,0.952593208,0.698631193,0.600242703,1.298873896,0.158199323,-0.307000811,0.758842755,0.976289835,0.402291099,0.7014673,0.402291099
DSS,TDO2,0.833032541,0.602683718,0.548738154,1.151421872,0.165145974,-1.10618847,0.268644953,0.975782698,0.681752694,0.168159535,0.681752694
DSS,TECR,1.215936554,0.910466564,0.713427998,1.623894563,0.147611237,1.324523862,0.185329123,0.975782698,0.772520989,0.083566619,0.772520989
DSS,TERT,0.874717223,0.631440618,0.580280959,1.211721576,0.166276911,-0.805010255,0.420813762,0.975782698,0.136480393,2.217199886,0.136480393
DSS,TET2,0.820755508,0.597219259,0.530741023,1.127960282,0.162217753,-1.217684306,0.223343963,0.975782698,0.601921058,0.272108213,0.601921058
DSS,TFDP1,1.003333809,0.741947668,0.614857908,1.356805576,0.153984886,0.021614229,0.982755683,0.996772012,0.804513381,0.06126131,0.804513381
DSS,TFE3,0.888188474,0.645480182,0.576677814,1.222157996,0.162854757,-0.72808013,0.466564536,0.975782698,0.846331947,0.037558707,0.846331947
DSS,TFEB,0.893959549,0.646967003,0.588279419,1.235246422,0.164985294,-0.679422688,0.496870078,0.975782698,0.082764581,3.009759284,0.082764581
DSS,TFRC,0.996011317,0.698809827,0.720801785,1.419611611,0.180809435,-0.02210426,0.982364789,0.996772012,0.850075939,0.03572914,0.850075939
DSS,TGFB1,0.939239944,0.691552428,0.584087187,1.275639615,0.156192672,-0.40132677,0.688179557,0.975782698,0.044559097,4.035249084,0.044559097
DSS,TGFB2,1.256529332,0.940946311,0.737009109,1.67795542,0.147565272,1.547474004,0.121748988,0.975782698,0.498509464,0.458108145,0.498509464
DSS,TGFB3,0.949241488,0.690231212,0.615214538,1.30544575,0.162572682,-0.320423128,0.748647596,0.976289835,0.389493494,0.740522687,0.389493494
DSS,TGFBR1,0.91841257,0.684657625,0.547318209,1.231975834,0.149863885,-0.567905783,0.570098945,0.975782698,0.970002207,0.001414175,0.970002207
DSS,TGFBR2,0.918050627,0.667575582,0.594928585,1.262504167,0.162553968,-0.525996023,0.59889097,0.975782698,0.249216233,1.327691975,0.249216233
DSS,THBD,0.933090533,0.675823827,0.612467454,1.288291281,0.164579453,-0.420787936,0.673909942,0.975782698,0.850679303,0.035438723,0.850679303
DSS,THBS1,0.961407017,0.724845329,0.550328029,1.275173357,0.144104465,-0.273117319,0.784763034,0.976578192,0.166869007,1.910848768,0.166869007
DSS,THBS4,0.845574438,0.611271984,0.558413767,1.169685751,0.165551102,-1.013216295,0.310956859,0.975782698,0.831235825,0.04541879,0.831235825
DSS,THEM4,0.841875174,0.60497236,0.566575061,1.171547421,0.168599518,-1.020901646,0.307301039,0.975782698,0.514899067,0.424098416,0.514899067
DSS,THY1,0.785684238,0.557762628,0.54898008,1.106742709,0.174810102,-1.379784674,0.167652953,0.975782698,0.05615916,3.647330379,0.05615916
DSS,TIAM1,1.290074032,0.952016808,0.796157166,1.748173974,0.155039683,1.642802676,0.100423766,0.975782698,0.678207845,0.172150244,0.678207845
DSS,TICAM1,0.874258711,0.648625122,0.529757071,1.178382193,0.152309642,-0.882274665,0.377628294,0.975782698,0.702696053,0.145682384,0.702696053
DSS,TICAM2,0.776014025,0.562611282,0.507750772,1.070362054,0.164075282,-1.545538616,0.122216036,0.975782698,0.934750638,0.006702584,0.934750638
DSS,TIE1,1.053146281,0.725638518,0.802832012,1.528470529,0.190047084,0.272470069,0.785260603,0.976578192,0.735814635,0.113839432,0.735814635
DSS,TIGIT,0.83934891,0.608761299,0.548517578,1.157278877,0.163880689,-1.068635942,0.285233746,0.975782698,0.581392072,0.303989553,0.581392072
DSS,TIRAP,0.877789862,0.646452454,0.545460483,1.191912937,0.156078162,-0.835145986,0.403635518,0.975782698,0.871891804,0.026003486,0.871891804
DSS,TLK2,0.930308232,0.675839728,0.604749989,1.280589717,0.163043814,-0.443066888,0.657717354,0.975782698,0.281502972,1.15981953,0.281502972
DSS,TLR1,0.860640969,0.619110055,0.577289312,1.196399367,0.168061442,-0.892993972,0.371860401,0.975782698,0.681357885,0.168601295,0.681357885
DSS,TLR2,0.836978575,0.599364605,0.569428362,1.168792967,0.170374748,-1.04450224,0.296253083,0.975782698,0.979606277,0.000653443,0.979606277
DSS,TLR3,0.843522252,0.605592369,0.569339525,1.174931895,0.169074117,-1.006475736,0.314186778,0.975782698,0.61502605,0.252920614,0.61502605
DSS,TLR4,0.932752489,0.662084966,0.651986867,1.314071834,0.174873614,-0.398089779,0.690564008,0.975782698,0.137975971,2.200388373,0.137975971
DSS,TLR5,0.895965424,0.65014652,0.584581371,1.234727891,0.163627532,-0.671362906,0.50198937,0.975782698,0.786574384,0.073311852,0.786574384
DSS,TLR7,0.846901859,0.612926647,0.557266822,1.170193469,0.164972191,-1.00726346,0.313808184,0.975782698,0.990264256,0.000148895,0.990264256
DSS,TLX1,0.874720161,0.643933201,0.544288433,1.188221634,0.156282986,-0.856467251,0.39173938,0.975782698,0.700219126,0.148244009,0.700219126
DSS,TMEFF2,0.887959378,0.633737988,0.610422647,1.244160635,0.172090099,-0.690506213,0.489875904,0.975782698,0.870144355,0.026724117,0.870144355
DSS,TMEM140,0.928142909,0.671385094,0.611707527,1.283092621,0.165228972,-0.451310445,0.651765818,0.975782698,0.50160837,0.451531912,0.50160837
DSS,TMEM163,0.912865257,0.682971919,0.537170452,1.220142371,0.148030548,-0.615866075,0.537982914,0.975782698,0.394273101,0.725722855,0.394273101
DSS,TMEM45B,0.895937519,0.657991613,0.561938888,1.219930501,0.157491921,-0.697715799,0.485354946,0.975782698,0.901113237,0.015439349,0.901113237
DSS,TMPRSS2,0.921790458,0.663103508,0.618291687,1.281395195,0.168057593,-0.48458001,0.627974297,0.975782698,0.777501964,0.079849134,0.777501964
DSS,TMUB2,0.723838703,0.510506189,0.515813333,1.026319522,0.1781491,-1.814136005,0.06965679,0.975782698,0.069737178,3.289195625,0.069737178
DSS,TNC,0.862319179,0.623468741,0.569204311,1.192673052,0.165475923,-0.895174335,0.370693902,0.975782698,0.824676596,0.049077353,0.824676596
DSS,TNF,0.97674413,0.689781075,0.693308618,1.383089693,0.177477985,-0.13258295,0.894523217,0.987855161,0.528793645,0.396709258,0.528793645
DSS,TNFAIP3,0.848612541,0.622855796,0.533339989,1.156195785,0.15780274,-1.040239018,0.298228868,0.975782698,0.953810817,0.00335495,0.953810817
DSS,TNFAIP6,0.865714213,0.642380423,0.524313132,1.166693554,0.152234511,-0.947225645,0.34352381,0.975782698,0.232297298,1.426739464,0.232297298
DSS,TNFRSF10A,0.855868048,0.621707027,0.556516934,1.178223961,0.163088329,-0.954323742,0.339919794,0.975782698,0.756852539,0.095862432,0.756852539
DSS,TNFRSF10B,0.890027118,0.660748292,0.538117115,1.198865407,0.151981855,-0.766560895,0.443342633,0.975782698,0.281770761,1.158529291,0.281770761
DSS,TNFRSF10C,0.849278095,0.62033154,0.542390706,1.162722247,0.160274685,-1.019303769,0.308058775,0.975782698,0.796665507,0.066391221,0.796665507
DSS,TNFRSF11A,0.986929528,0.743409973,0.566809057,1.31021903,0.144569475,-0.091005671,0.927488085,0.987855161,0.387561419,0.746579274,0.387561419
DSS,TNFRSF11B,0.887150198,0.636322444,0.600527647,1.236850092,0.169548461,-0.706234533,0.480042298,0.975782698,0.120782535,2.407144115,0.120782535
DSS,TNFRSF12A,1.096285971,0.790043649,0.731192463,1.521236113,0.167143459,0.549995061,0.582322761,0.975782698,0.181257896,1.78728019,0.181257896
DSS,TNFRSF13B,0.883242275,0.639719154,0.579748658,1.219467812,0.164579699,-0.75438064,0.450620693,0.975782698,0.801643854,0.063111598,0.801643854
DSS,TNFRSF13C,0.798514933,0.580625693,0.517544962,1.098170655,0.162578174,-1.383959515,0.166370852,0.975782698,0.8859735,0.020563844,0.8859735
DSS,TNFRSF14,0.950318818,0.706017385,0.57313788,1.279155265,0.151613839,-0.336102253,0.736793759,0.976289835,0.08726851,2.924051233,0.08726851
DSS,TNFRSF17,0.868460593,0.631568398,0.562639235,1.194207633,0.162511132,-0.867836354,0.385483925,0.975782698,0.661499335,0.191707414,0.661499335
DSS,TNFRSF18,0.859428666,0.623229739,0.561915298,1.185145036,0.163958428,-0.923938189,0.355518499,0.975782698,0.509420094,0.435258099,0.509420094
DSS,TNFRSF1A,1.028950359,0.773831577,0.59434578,1.368177357,0.145380347,0.196307233,0.8443697,0.979248328,0.038142512,4.298655651,0.038142512
DSS,TNFRSF1B,0.924009828,0.676990305,0.584171273,1.261161578,0.158709934,-0.497968648,0.618506141,0.975782698,0.177944904,1.81470455,0.177944904
DSS,TNFRSF25,0.953434861,0.716437555,0.55239324,1.268830795,0.14580881,-0.327032177,0.743643549,0.976289835,0.594672488,0.283106209,0.594672488
DSS,TNFRSF4,0.820211016,0.584252901,0.567210977,1.151463878,0.17307854,-1.145108081,0.252164388,0.975782698,0.721208188,0.127338028,0.721208188
DSS,TNFRSF8,0.935508351,0.672280377,0.629521527,1.301801904,0.168581971,-0.395446833,0.692513152,0.975782698,0.836262807,0.042715019,0.836262807
DSS,TNFRSF9,0.88835013,0.646161205,0.575153145,1.22131435,0.162409586,-0.728955271,0.466029024,0.975782698,0.955096835,0.003170536,0.955096835
DSS,TNFSF10,0.829009677,0.5882502,0.580057172,1.168307372,0.175043758,-1.071294703,0.284036941,0.975782698,0.099526154,2.713120174,0.099526154
DSS,TNFSF12,1.002744184,0.713621626,0.695382618,1.409004244,0.173545444,0.015790827,0.987401266,0.997325792,0.499629379,0.455723572,0.499629379
DSS,TNFSF13,0.858854413,0.613347817,0.589282865,1.202630682,0.17177216,-0.885800442,0.375725072,0.975782698,0.655911906,0.198527665,0.655911906
DSS,TNFSF13B,0.846005879,0.618803528,0.537825215,1.156628743,0.159563385,-1.048041005,0.294619715,0.975782698,0.684699564,0.164883565,0.684699564
DSS,TNFSF14,0.846803711,0.615815729,0.548617869,1.164433598,0.162513774,-1.023213929,0.306206709,0.975782698,0.954661731,0.003232344,0.954661731
DSS,TNFSF15,0.964562054,0.695256299,0.642926409,1.338182707,0.167040628,-0.216002005,0.828986185,0.979248328,0.821190408,0.0510824,0.821190408
DSS,TNFSF18,0.839440683,0.607247906,0.553168875,1.160416781,0.165206453,-1.059398467,0.289418347,0.975782698,0.348052503,0.880544813,0.348052503
DSS,TNFSF4,0.915675906,0.670099603,0.58115075,1.251250353,0.159307073,-0.552974766,0.580280689,0.975782698,0.477641859,0.504242622,0.477641859
DSS,TNFSF8,0.927953777,0.666171863,0.626434836,1.292606698,0.169102206,-0.442178483,0.658360056,0.975782698,0.918868897,0.010375178,0.918868897
DSS,TNFSF9,0.873609678,0.638020762,0.558168948,1.196189709,0.160341139,-0.842713206,0.39938886,0.975782698,0.554393359,0.349505199,0.554393359
DSS,TNKS,1.181025677,0.871236116,0.729732466,1.600968582,0.15521996,1.071919351,0.283756258,0.975782698,0.705456768,0.142857365,0.705456768
DSS,TNN,0.910368683,0.646774863,0.634615596,1.28139046,0.174417185,-0.538396577,0.590303289,0.975782698,0.862388347,0.03004492,0.862388347
DSS,TNR,0.915322289,0.671562092,0.575999233,1.247561325,0.157997675,-0.560002207,0.575477932,0.975782698,0.810849012,0.057279277,0.810849012
DSS,TOLLIP,0.81938569,0.597633397,0.525785932,1.123419328,0.161011828,-1.237178538,0.216020807,0.975782698,0.348930279,0.877343601,0.348930279
DSS,TOP2A,1.015201143,0.769330837,0.570318261,1.339649097,0.14149288,0.106625602,0.915086007,0.987855161,0.584692325,0.298709909,0.584692325
DSS,TOX,1.133258419,0.825183585,0.731166625,1.55635021,0.161863398,0.77285564,0.43960782,0.975782698,0.597577376,0.278665281,0.597577376
DSS,TP53,0.984684188,0.742652441,0.562942072,1.305594512,0.143927549,-0.107236664,0.91460123,0.987855161,0.814526327,0.055032858,0.814526327
DSS,TP73,1.091109393,0.781460065,0.74199553,1.523455595,0.170302212,0.512001397,0.608650032,0.975782698,0.294087135,1.100815822,0.294087135
DSS,TPI1,1.246250292,0.893386212,0.845100202,1.738486414,0.169837601,1.296175146,0.19491515,0.975782698,0.518154668,0.417564802,0.518154668
DSS,TPM1,1.080261784,0.808868019,0.63384636,1.442714379,0.147616447,0.523000018,0.600974241,0.975782698,0.941554837,0.005375203,0.941554837
DSS,TPM4,1.063088984,0.794152529,0.628947122,1.423099652,0.148808112,0.411125477,0.680980529,0.975782698,0.868413789,0.027447756,0.868413789
DSS,TPO,0.909221505,0.659144456,0.595032437,1.254176893,0.164108133,-0.579901391,0.561981117,0.975782698,0.314528616,1.011563284,0.314528616
DSS,TPR,1.224244603,0.86915732,0.855242642,1.724399962,0.174776241,1.157617317,0.247020239,0.975782698,0.4470545,0.578108971,0.4470545
DSS,TPSAB1.B2,1.241856596,0.886224032,0.853976807,1.740200839,0.172142458,1.258303834,0.208281895,0.975782698,0.768258723,0.086820581,0.768258723
DSS,TPTE,0.881275078,0.633155281,0.593472351,1.226627633,0.168704176,-0.74915435,0.45376418,0.975782698,0.752682365,0.099290802,0.752682365
DSS,TRAC,0.772422269,0.543924281,0.552986049,1.09691033,0.178942744,-1.443053186,0.149005489,0.975782698,0.897914105,0.016460066,0.897914105
DSS,TRAF1,0.896090568,0.652163254,0.579090271,1.231253525,0.162118575,-0.67675028,0.498564409,0.975782698,0.960987341,0.00239264,0.960987341
DSS,TRAF2,1.029377209,0.738189706,0.697237299,1.435427004,0.169650261,0.170668571,0.864484377,0.987425028,0.637419242,0.222133292,0.637419242
DSS,TRAF3,0.86796547,0.650988483,0.506273248,1.15726173,0.146767994,-0.964810798,0.334639587,0.975782698,0.561343513,0.337383345,0.561343513
DSS,TRAF6,0.825452346,0.600738711,0.533484144,1.134222855,0.162131271,-1.183138477,0.236754271,0.975782698,0.399838331,0.708812452,0.399838331
DSS,TRAF7,0.891411688,0.662488588,0.536950634,1.199439222,0.151432905,-0.759074833,0.447807793,0.975782698,0.822101761,0.050554174,0.822101761
DSS,TRAT1,0.83875433,0.612706074,0.535493457,1.148199531,0.160223617,-1.097450125,0.272444672,0.975782698,0.760651298,0.092796774,0.760651298
DSS,TRBC1.2,0.870124671,0.60904306,0.634082414,1.243125474,0.182017391,-0.764315857,0.444679038,0.975782698,0.406104288,0.690176691,0.406104288
DSS,TRDC,0.81155611,0.578539466,0.559884721,1.138424186,0.172680093,-1.20918252,0.226592732,0.975782698,0.586616545,0.295659284,0.586616545
DSS,TREM1,0.929216694,0.652055788,0.672131008,1.324186796,0.18072365,-0.406218621,0.684581973,0.975782698,0.417344175,0.657781715,0.417344175
DSS,TREM2,0.913603611,0.656975587,0.613500172,1.270475759,0.168242853,-0.537071778,0.591218034,0.975782698,0.358773202,0.842182915,0.358773202
DSS,TRIM21,0.751654921,0.529719816,0.536853689,1.066573505,0.178538546,-1.598970913,0.109827066,0.975782698,0.9672788,0.001682759,0.9672788
DSS,TSC1,1.066922994,0.770788789,0.706042079,1.476830868,0.165880439,0.390514997,0.696155768,0.975782698,0.867063877,0.028019121,0.867063877
DSS,TSHR,0.976632985,0.70463571,0.648988546,1.353624256,0.166548969,-0.141966367,0.887106571,0.987855161,0.566315751,0.328886064,0.566315751
DSS,TSLP,0.842469913,0.610099977,0.553243051,1.163343028,0.164653592,-1.041078588,0.297839076,0.975782698,0.490036236,0.476446707,0.490036236
DSS,TSPAN7,0.841319165,0.581671464,0.635197474,1.216868938,0.188302083,-0.917590408,0.358833341,0.975782698,0.261416461,1.261240239,0.261416461
DSS,TTC30A,0.890766483,0.649211897,0.572985247,1.222197144,0.161392326,-0.716719146,0.47354741,0.975782698,0.630770199,0.231017761,0.630770199
DSS,TTK,0.89732093,0.666156906,0.542544593,1.208701499,0.151986641,-0.712836992,0.475946632,0.975782698,0.283605062,1.149732939,0.283605062
DSS,TTPA,1.059047801,0.765712334,0.699044332,1.464756666,0.165471881,0.346706663,0.728811704,0.975782698,0.160735081,1.96729683,0.160735081
DSS,TTR,0.955830835,0.693778646,0.623086022,1.316864667,0.163486673,-0.276318134,0.782303729,0.976578192,0.640146494,0.218550626,0.640146494
DSS,TUBB,0.944226966,0.709711318,0.546524196,1.256235515,0.145670163,-0.393963392,0.693608067,0.975782698,0.584453929,0.299089274,0.584453929
DSS,TWF1,0.803404893,0.580708171,0.530795771,1.111503943,0.165620629,-1.321673923,0.186276756,0.975782698,0.971182883,0.001304998,0.971182883
DSS,TWIST1,0.942898031,0.700599056,0.56839594,1.268994996,0.151544815,-0.387985132,0.698027036,0.975782698,0.87285111,0.025612174,0.87285111
DSS,TXK,0.689820137,0.490477847,0.479702202,0.970180049,0.174008697,-2.133941537,0.032847567,0.975782698,0.108513894,2.575732008,0.108513894
DSS,TXN2,0.978240553,0.698991288,0.670059509,1.369050797,0.171491583,-0.128284284,0.897924002,0.987855161,0.781097587,0.077222283,0.781097587
DSS,TXNIP,0.941122714,0.678525894,0.626821432,1.305347327,0.16691679,-0.363544855,0.716197912,0.975782698,0.656299763,0.198049621,0.656299763
DSS,TYK2,1.054899211,0.790642942,0.616834802,1.407477744,0.147122112,0.363271207,0.7164023,0.975782698,0.456079985,0.555497729,0.456079985
DSS,TYMP,1.040048415,0.775125032,0.620392673,1.395517704,0.150001836,0.26177856,0.793492169,0.976578192,0.298099401,1.082677283,0.298099401
DSS,TYMS,1.205733293,0.875157503,0.786020934,1.661178437,0.163492458,1.144321434,0.252490358,0.975782698,0.194871113,1.68040149,0.194871113
DSS,U2AF1,1.196253373,0.854604575,0.819879944,1.674484519,0.171590339,1.044315688,0.296339357,0.975782698,0.704714225,0.143614093,0.704714225
DSS,UBA7,0.888505088,0.631817653,0.617658818,1.249476472,0.173951944,-0.679583692,0.496768098,0.975782698,0.442503835,0.589780953,0.442503835
DSS,UBB,0.902037651,0.678773399,0.519965275,1.198738674,0.145088848,-0.710592296,0.477336919,0.975782698,0.908774005,0.013129741,0.908774005
DSS,UBC,1.037300988,0.755478172,0.668776531,1.424254703,0.1617512,0.226410287,0.820882328,0.979248328,0.372886202,0.794023737,0.372886202
DSS,UBE2C,0.991761301,0.746539408,0.570993825,1.317533232,0.144917994,-0.057086247,0.954476492,0.987855161,0.211325574,1.562321895,0.211325574
DSS,UBE2T,0.939036992,0.698476051,0.563973063,1.262449114,0.150999704,-0.416559793,0.677000424,0.975782698,0.791746867,0.06971865,0.791746867
DSS,ULBP2,0.847657098,0.618494159,0.543234769,1.161728928,0.160813384,-1.027769494,0.304058269,0.975782698,0.927018362,0.008389981,0.927018362
DSS,UQCR10,0.97446367,0.686919138,0.695455281,1.382374419,0.178406674,-0.144994808,0.884714971,0.987855161,0.57758325,0.310157994,0.57758325
DSS,UQCR11,0.841799992,0.604643832,0.56733079,1.171974622,0.168831097,-1.020030288,0.307714096,0.975782698,0.496086399,0.463298579,0.496086399
DSS,UQCRQ,0.887413455,0.654876009,0.547645734,1.202521743,0.155036054,-0.770429039,0.441045433,0.975782698,0.182282177,1.778918564,0.182282177
DSS,USP9Y,0.81062718,0.595185958,0.508866341,1.104052299,0.157622464,-1.331961374,0.182872882,0.975782698,0.322919469,0.97708526,0.322919469
DSS,UTY,0.859263614,0.63078826,0.539705875,1.170494135,0.157709794,-0.961763472,0.336168431,0.975782698,0.580540832,0.305361129,0.580540832
DSS,VCAM1,0.82288825,0.59526318,0.542292602,1.137555782,0.165215679,-1.179881181,0.238047476,0.975782698,0.969003722,0.001509933,0.969003722
DSS,VCAN,0.906619384,0.658194865,0.590612671,1.248807535,0.163381413,-0.600022722,0.548491092,0.975782698,0.378940311,0.774136876,0.378940311
DSS,VEGFA,1.343892546,0.987112322,0.842514495,1.829626816,0.157422144,1.877564873,0.060440715,0.975782698,0.472485406,0.51615749,0.472485406
DSS,VEGFB,0.811578655,0.586774431,0.535735137,1.122509568,0.165483059,-1.261603288,0.207091572,0.975782698,0.640261295,0.218400597,0.640261295
DSS,VEGFC,0.873634618,0.639796502,0.553141319,1.192937821,0.15893765,-0.84997512,0.395338919,0.975782698,0.855274175,0.033267273,0.855274175
DSS,VEGFD,0.875452752,0.630286081,0.585697491,1.215983572,0.167639493,-0.79345322,0.427513814,0.975782698,0.648246133,0.208118482,0.648246133
DSS,VHL,0.863971198,0.64409579,0.514809832,1.158905621,0.149845598,-0.975776718,0.329175124,0.975782698,0.039962951,4.219456837,0.039962951
DSS,VSIR,0.92752595,0.677864236,0.591275429,1.269139664,0.159989546,-0.470246388,0.638178996,0.975782698,0.221033189,1.497650732,0.221033189
DSS,VTCN1,0.965209074,0.695927581,0.642758488,1.338686069,0.166890378,-0.212178462,0.831967809,0.979248328,0.902924771,0.014876067,0.902924771
DSS,WDR76,0.917977285,0.654292028,0.633637915,1.287929943,0.172767903,-0.495361879,0.620344698,0.975782698,0.029308007,4.749429632,0.029308007
DSS,WEE1,0.922358614,0.693941828,0.532018876,1.225960704,0.14517918,-0.556699516,0.577732748,0.975782698,0.886685268,0.020306182,0.886685268
DSS,WIF1,0.861911348,0.622889046,0.56976505,1.192654096,0.165709175,-0.896769041,0.369842171,0.975782698,0.558732079,0.341904303,0.558732079
DSS,WIPF1,0.942594851,0.695870962,0.58092474,1.276795702,0.154835656,-0.381815976,0.702597868,0.975782698,0.260326087,1.267022041,0.260326087
DSS,WNT10A,0.923055697,0.673123533,0.59266466,1.265788193,0.161105362,-0.496977265,0.619205084,0.975782698,0.796478424,0.066516194,0.796478424
DSS,WNT10B,0.88381172,0.655946935,0.534885912,1.190832847,0.152127367,-0.811893539,0.416852722,0.975782698,0.926042411,0.008616522,0.926042411
DSS,WNT11,1.015704235,0.738910183,0.657274518,1.396184701,0.162330076,0.095990834,0.923527852,0.987855161,0.225312833,1.470208288,0.225312833
DSS,WNT16,0.932670545,0.678948788,0.602258811,1.281207599,0.161995999,-0.430277625,0.666993701,0.975782698,0.569054973,0.324266286,0.569054973
DSS,WNT2,0.823783748,0.605244292,0.515988361,1.121232654,0.157286507,-1.232446628,0.217782292,0.975782698,0.693741133,0.155065183,0.693741133
DSS,WNT2B,0.916709929,0.663369321,0.603431943,1.266801264,0.165033245,-0.52694948,0.598228672,0.975782698,0.745633225,0.10523707,0.745633225
DSS,WNT3,0.833501849,0.595155177,0.572145988,1.167301165,0.171846906,-1.05977677,0.289246167,0.975782698,0.43093396,0.620305024,0.43093396
DSS,WNT3A,0.947185076,0.669763201,0.669754357,1.339517558,0.176824825,-0.306861727,0.758948622,0.976289835,0.925706286,0.00869525,0.925706286
DSS,WNT4,0.936958671,0.69031138,0.581421315,1.271732695,0.155868376,-0.417763418,0.6761201,0.975782698,0.685377645,0.164135069,0.685377645
DSS,WNT5A,0.783627604,0.580967382,0.476014888,1.05698227,0.152675917,-1.59698642,0.110268734,0.975782698,0.324721216,0.96983547,0.324721216
DSS,WNT5B,0.941595716,0.678867285,0.627135393,1.306002678,0.166916513,-0.360535166,0.718446964,0.975782698,0.751731727,0.100081605,0.751731727
DSS,WNT6,1.001777148,0.72038688,0.67269437,1.39308125,0.168239035,0.01055386,0.991579394,0.997437519,0.64600147,0.210978595,0.64600147
DSS,WNT7A,1.039172244,0.759316996,0.662854453,1.42217145,0.160084787,0.24002579,0.810310263,0.978519651,0.654113041,0.200753857,0.654113041
DSS,WNT7B,1.140160656,0.826627815,0.745985999,1.572613814,0.164069293,0.799474273,0.424015459,0.975782698,0.451877969,0.565937019,0.451877969
DSS,WRN,1.061748071,0.747894027,0.759417072,1.507311098,0.178784234,0.335133988,0.737524015,0.976289835,0.584058317,0.299719508,0.584058317
DSS,WT1,0.86820205,0.62555449,0.579416161,1.204970651,0.167240841,-0.84507357,0.398069764,0.975782698,0.503079286,0.448434581,0.503079286
DSS,XCL1.2,0.865795358,0.631519408,0.555461691,1.186981099,0.160982498,-0.89517002,0.370696209,0.975782698,0.477548415,0.504456677,0.477548415
DSS,XCR1,1.03732582,0.743203285,0.704643999,1.447847284,0.170121364,0.215411363,0.829446611,0.979248328,0.976495245,0.000868075,0.976495245
DSS,XPA,1.153829677,0.847761205,0.722637294,1.570398499,0.157269647,0.909816778,0.362919145,0.975782698,0.006306611,7.460539296,0.006306611
DSS,XRCC4,0.79335162,0.585976166,0.488140549,1.074116714,0.154588255,-1.497453669,0.134275252,0.975782698,0.669704461,0.181948019,0.669704461
DSS,YAP1,1.006517427,0.750363951,0.599750658,1.350114609,0.149846225,0.043352982,0.965420157,0.989914102,0.225019976,1.472066202,0.225019976
DSS,YTHDF2,1.075700323,0.783732702,0.69270331,1.476436012,0.16156377,0.451660125,0.651513848,0.975782698,0.534194089,0.386407036,0.534194089
DSS,ZAP70,0.874419824,0.632235695,0.577139282,1.209374977,0.165461382,-0.81103318,0.417346617,0.975782698,0.621631726,0.243580835,0.621631726
DSS,ZBTB16,0.71520946,0.503901368,0.511226997,1.015128365,0.178674151,-1.87592792,0.060665178,0.975782698,0.876034599,0.024335375,0.876034599
DSS,ZBTB20,1.010344555,0.707671438,0.734800398,1.442471837,0.181670062,0.056648937,0.954824851,0.987855161,0.227432995,1.456843669,0.227432995
DSS,ZBTB32,0.923764124,0.676805094,0.584030802,1.260835896,0.158713849,-0.499631996,0.617334224,0.975782698,0.705436972,0.142877509,0.705436972
DSS,ZC3H12A,0.90914775,0.663228299,0.583023758,1.246252057,0.16091538,-0.591911453,0.553909884,0.975782698,0.77388179,0.082541915,0.77388179
DSS,ZEB1,0.809716064,0.552588157,0.633901451,1.186489607,0.194937596,-1.082765123,0.27891269,0.975782698,0.211280266,1.562631964,0.211280266
DSS,ZEB2,1.045216721,0.787928396,0.598590988,1.386519384,0.144172197,0.306746055,0.759036672,0.976289835,0.98176159,0.0005226,0.98176159
DSS,ZIC2,1.252804344,0.912882132,0.806418389,1.719300521,0.161499407,1.395574874,0.162842553,0.975782698,0.17217862,1.863871653,0.17217862
DSS,ZNF205,0.948562133,0.691903197,0.608524556,1.300427753,0.160972977,-0.328054972,0.742870099,0.976289835,0.925600396,0.008720126,0.925600396
OS,A2M,1.116668,0.848342063,0.621521896,1.469863959,0.140217168,0.786988161,0.431288796,0.882016196,0.416889812,0.659066177,0.416889812
OS,ABCB1,0.861961202,0.62631287,0.559958639,1.186271509,0.162941883,-0.91164418,0.361956057,0.882016196,0.786010002,0.073709777,0.786010002
OS,ABCF1,0.904978961,0.691194676,0.49369136,1.184886036,0.137497517,-0.726148266,0.467747883,0.882016196,0.13417229,2.243553895,0.13417229
OS,ABL1,1.120337904,0.843591793,0.644280693,1.487872486,0.144756179,0.784977469,0.432466779,0.882016196,0.517660451,0.418552006,0.517660451
OS,ACOT12,0.797638833,0.586466345,0.498383131,1.084849476,0.156911363,-1.44093691,0.149602507,0.882016196,0.86915576,0.027136284,0.86915576
OS,ACSF3,0.897751401,0.657397017,0.568586001,1.225983018,0.1589851,-0.678441469,0.497491823,0.882016196,0.07133552,3.252019395,0.07133552
OS,ACTA2,1.195796247,0.905049943,0.67489454,1.579944483,0.142133954,1.258054631,0.208372,0.882016196,0.637558506,0.221949486,0.637558506
OS,ACTB,0.930107667,0.709608231,0.509515555,1.219123786,0.138057292,-0.524817826,0.599709838,0.887199606,0.435649267,0.607715492,0.435649267
OS,ACTR3B,0.976050294,0.708575664,0.635916145,1.344491809,0.163399568,-0.148355123,0.882062515,0.968693654,0.51560554,0.422674477,0.51560554
OS,ACVR1B,0.931624404,0.67655376,0.606306644,1.282860404,0.163226377,-0.433909926,0.664353851,0.896582616,0.492758656,0.470496908,0.492758656
OS,ACVR1C,0.797819953,0.584466427,0.504589587,1.089056015,0.158770065,-1.422638012,0.154841119,0.882016196,0.601156985,0.273254423,0.601156985
OS,ACVR2A,0.985218169,0.753916094,0.533567814,1.287483909,0.136523951,-0.109081016,0.913138232,0.982108074,0.911739261,0.012286614,0.911739261
OS,ACY1,0.866486134,0.613920982,0.60903481,1.222955791,0.175809292,-0.815139921,0.414992223,0.882016196,0.597493513,0.27879286,0.597493513
OS,ADA,0.929447963,0.67449095,0.606287563,1.280778513,0.163591049,-0.447239978,0.654701799,0.894409084,0.611041495,0.258661096,0.611041495
OS,ADAM12,0.78090129,0.575478148,0.484174295,1.059652443,0.15574138,-1.587930746,0.112302,0.882016196,0.994395544,4.93E-05,0.994395544
OS,ADGRE1,0.852576586,0.631672801,0.519060354,1.150733155,0.15300868,-1.042373783,0.297238416,0.882016196,0.914405455,0.011552692,0.914405455
OS,ADGRE5,0.874450886,0.649747706,0.527115782,1.176863488,0.151539513,-0.88530804,0.375990515,0.882016196,0.235274589,1.40868635,0.235274589
OS,ADH1A.B.C,0.897883062,0.656546278,0.571385432,1.22793171,0.159720617,-0.674399094,0.500057618,0.882016196,0.941345333,0.005413878,0.941345333
OS,ADH6,0.842604161,0.622914704,0.516858959,1.139773662,0.154129205,-1.111132639,0.266511261,0.882016196,0.887639252,0.019963436,0.887639252
OS,ADM,1.003117531,0.764015411,0.553032342,1.317047753,0.13892092,0.022406139,0.982123983,0.993081326,0.08763786,2.917236069,0.08763786
OS,ADORA2A,0.954202257,0.704928552,0.586694471,1.291623024,0.154482025,-0.303463267,0.761536837,0.927881484,0.474851995,0.510662987,0.474851995
OS,AFDN,1.11140218,0.795019937,0.758670414,1.553690351,0.17092688,0.617939338,0.536615327,0.882016196,0.744576241,0.106145156,0.744576241
OS,AICDA,0.904166987,0.659540834,0.579985058,1.239525892,0.160957129,-0.625888494,0.531388082,0.882016196,0.980075629,0.000623705,0.980075629
OS,AIRE,0.951830696,0.693151718,0.613894996,1.307046713,0.161808216,-0.305102555,0.760288045,0.927881484,0.935231747,0.00660389,0.935231747
OS,AKAP1,1.086724986,0.811167183,0.644724056,1.455891239,0.14921176,0.557386185,0.577263603,0.882016196,0.151709049,2.054981983,0.151709049
OS,AKR1C4,0.767377127,0.566488449,0.473016692,1.039505141,0.154860846,-1.709773088,0.087307841,0.882016196,0.933113976,0.007043846,0.933113976
OS,AKT1,1.097402283,0.836818879,0.602311858,1.439130737,0.138315527,0.671984035,0.50159386,0.882016196,0.867123173,0.027993896,0.867123173
OS,AKT2,1.114212427,0.789368609,0.783368538,1.572737147,0.175855116,0.614982461,0.538566303,0.882016196,0.23743146,1.395779736,0.23743146
OS,AKT3,1.422932818,0.969799864,1.11798946,2.087789325,0.195608523,1.803193954,0.07135776,0.882016196,0.86232383,0.030073383,0.86232383
OS,ALCAM,0.894383098,0.651383698,0.576649991,1.228033689,0.161755696,-0.690059625,0.490156692,0.882016196,0.71553142,0.13281461,0.71553142
OS,ALDOA,1.071113324,0.80305805,0.625585561,1.428643612,0.146955187,0.46747991,0.640156562,0.89107514,0.322199492,0.979997224,0.322199492
OS,ALDOC,0.895496935,0.626087563,0.654747273,1.280834836,0.18259956,-0.604472872,0.5455293,0.882016196,0.081772155,3.029322498,0.081772155
OS,ALK,0.859618766,0.636202554,0.525289832,1.161492386,0.153559965,-0.985063281,0.324592988,0.882016196,0.812432501,0.056306127,0.812432501
OS,ALKBH2,1.027426667,0.758852247,0.632203204,1.391055452,0.154597475,0.1750177,0.861065726,0.957591624,0.326979271,0.960824349,0.326979271
OS,ALKBH3,0.855812056,0.621302874,0.557533255,1.178836129,0.163386731,-0.952981232,0.34059958,0.882016196,0.967797833,0.001629769,0.967797833
OS,AMBP,0.923473131,0.678057077,0.579658024,1.2577151,0.15761016,-0.50512971,0.613467736,0.890181229,0.559872709,0.339924666,0.559872709
OS,AMER1,0.879691352,0.641233977,0.565590526,1.206824502,0.161317608,-0.794607429,0.426841896,0.882016196,0.987612766,0.000241048,0.987612766
OS,AMH,1.034947571,0.774211978,0.609280537,1.383492515,0.148094731,0.23195133,0.816575816,0.939307652,0.583128134,0.301204751,0.583128134
OS,ANGPT1,0.971390783,0.70338613,0.63812462,1.34151075,0.164708558,-0.176229076,0.860113979,0.957591624,0.579961725,0.306296529,0.579961725
OS,ANGPT2,0.906562414,0.688837802,0.504266597,1.193104399,0.140132191,-0.700020448,0.483914535,0.882016196,0.498192975,0.458783672,0.498192975
OS,ANGPTL4,0.910775242,0.678866872,0.543039182,1.221906054,0.149936993,-0.623322678,0.533072498,0.882016196,0.28363953,1.149568336,0.28363953
OS,ANKRD28,0.723657021,0.533910874,0.44692602,0.980836894,0.15515011,-2.084676099,0.037098712,0.882016196,0.945115955,0.004739123,0.945115955
OS,ANLN,0.893977411,0.691219073,0.464992674,1.156211747,0.131238991,-0.853974646,0.393119037,0.882016196,0.304724016,1.05340574,0.304724016
OS,ANP32B,1.062389817,0.805978525,0.594396408,1.400374933,0.140930699,0.429437413,0.667604931,0.896582616,0.294059389,1.10094236,0.294059389
OS,ANXA1,1.106648009,0.802688844,0.723020433,1.525709276,0.163841667,0.618497334,0.536247555,0.882016196,0.360246527,0.837033656,0.360246527
OS,APC,0.878563011,0.654458529,0.524948463,1.179406991,0.150247358,-0.861696671,0.388854458,0.882016196,0.473373141,0.514091221,0.473373141
OS,APH1B,0.864380731,0.668690174,0.448649482,1.117339656,0.130967967,-1.11280605,0.265791737,0.882016196,0.993252958,7.15E-05,0.993252958
OS,API5,1.164247307,0.806054286,0.875559243,1.681613529,0.187594762,0.810655844,0.417563338,0.882016196,0.121898595,2.392755513,0.121898595
OS,APLNR,0.827975272,0.61109557,0.51073068,1.121826249,0.154967096,-1.218142397,0.223169865,0.882016196,0.374327997,0.789246722,0.374327997
OS,APOA1,0.890768326,0.655414592,0.555220968,1.21063556,0.156541845,-0.738913617,0.459959453,0.882016196,0.748732413,0.102599282,0.748732413
OS,APOA2,0.956593939,0.691007097,0.633251319,1.324258417,0.165936162,-0.267429855,0.789138215,0.932027439,0.704584944,0.143746078,0.704584944
OS,APOA4,0.856997098,0.633526244,0.525769101,1.159295345,0.154152376,-1.001092232,0.31678222,0.882016196,0.70683104,0.141462861,0.70683104
OS,APOB,0.846704512,0.626295392,0.518385759,1.144681151,0.153844479,-1.081634592,0.279414927,0.882016196,0.946189471,0.004555265,0.946189471
OS,APOC2,0.904284801,0.681999297,0.517021002,1.199020299,0.143939241,-0.698981888,0.48456335,0.882016196,0.792060764,0.069503702,0.792060764
OS,APOC3,0.835649134,0.597681943,0.570681068,1.168363011,0.170998083,-1.049991014,0.293722244,0.882016196,0.74530954,0.105514699,0.74530954
OS,APOE,1.068112495,0.798292498,0.630838185,1.429130683,0.148560525,0.443543586,0.6573726,0.894409084,0.948954365,0.00409855,0.948954365
OS,APOL6,0.833488443,0.597186023,0.566108088,1.163294111,0.170100664,-1.070750924,0.284281439,0.882016196,0.237598073,1.394788653,0.237598073
OS,APOM,0.893862132,0.649015631,0.582063365,1.231078996,0.163316648,-0.687031801,0.492062689,0.882016196,0.740256504,0.109901325,0.740256504
OS,APP,1.346582966,0.941551693,0.984296562,1.925848255,0.182552474,1.630053215,0.103090251,0.882016196,0.565496893,0.330275526,0.565496893
OS,AQP9,0.839174608,0.628403369,0.492236746,1.120640115,0.147572371,-1.188138932,0.234778678,0.882016196,0.659573099,0.194042578,0.659573099
OS,AR,0.70312907,0.513019994,0.450666597,0.963686591,0.160832371,-2.189949718,0.028527884,0.882016196,0.508620841,0.436903422,0.508620841
OS,AREG,0.875057076,0.644696307,0.543033292,1.187729599,0.155875186,-0.856237411,0.391866473,0.882016196,0.910505735,0.012633907,0.910505735
OS,ARG1,0.839267498,0.623509767,0.506175717,1.129685484,0.15161761,-1.155708721,0.24780032,0.882016196,0.996945706,1.47E-05,0.996945706
OS,ARG2,0.998227142,0.73373594,0.624324055,1.358059996,0.157059844,-0.011297802,0.99098585,0.997082779,0.148697846,2.085558338,0.148697846
OS,ARID1A,1.013197445,0.766264596,0.573441122,1.339705718,0.142522445,0.091993348,0.926703324,0.982382892,0.332607786,0.938717891,0.332607786
OS,ARID1B,0.88412993,0.655733417,0.536345123,1.192078539,0.15247714,-0.807670234,0.419280443,0.882016196,0.915251632,0.011324544,0.915251632
OS,ARID2,1.116516194,0.785860987,0.800435357,1.586296344,0.17918118,0.615094153,0.538492543,0.882016196,0.287003605,1.133624217,0.287003605
OS,ARMH3,0.693175585,0.502308221,0.454260618,0.956568839,0.164324152,-2.230176993,0.025735695,0.882016196,0.267946353,1.227230316,0.267946353
OS,ARNT,1.000401415,0.739208129,0.614677132,1.353885261,0.154378906,0.002599669,0.997925767,0.999821193,0.256345859,1.288384615,0.256345859
OS,ARNT2,0.955536195,0.719569711,0.549312799,1.26888251,0.14470635,-0.314309876,0.753285698,0.922587463,0.68046367,0.169604354,0.68046367
OS,ASCL1,0.988325796,0.730227442,0.607421381,1.337648824,0.154419341,-0.076045412,0.939382969,0.982855685,0.675555394,0.175172243,0.675555394
OS,ASL,0.796000812,0.595831004,0.467586789,1.063417793,0.147779822,-1.54388516,0.122616156,0.882016196,0.391274125,0.734978756,0.391274125
OS,ASNS,1.39799472,1.012532606,0.917666208,1.930198814,0.164586771,2.035636672,0.041786853,0.882016196,0.305104511,1.051749474,0.305104511
OS,ASPA,0.804899066,0.594887974,0.49416162,1.089049593,0.154259864,-1.406966068,0.159437451,0.882016196,0.988832221,0.000195921,0.988832221
OS,ASPG,0.86143372,0.643363785,0.510055279,1.153419064,0.148925079,-1.001558382,0.31655693,0.882016196,0.577289433,0.310637206,0.577289433
OS,ASXL1,1.446658501,1.012522888,1.054413912,2.0669368,0.182049922,2.02832504,0.042527085,0.882016196,0.132786836,2.25961772,0.132786836
OS,ATF1,0.726578857,0.540067389,0.437434395,0.977501783,0.151356401,-2.110305579,0.034832043,0.882016196,0.442726846,0.589204637,0.442726846
OS,ATF2,0.856567939,0.629658678,0.535589512,1.16524819,0.157021123,-0.985992455,0.324136815,0.882016196,0.331579227,0.942720316,0.331579227
OS,ATF3,1.194288411,0.874223509,0.75730984,1.631533348,0.15917116,1.115469258,0.264649385,0.882016196,0.159715909,1.976913802,0.159715909
OS,ATG10,0.846272423,0.629163267,0.509137474,1.138300741,0.15125305,-1.103541108,0.26979225,0.882016196,0.678102492,0.172269688,0.678102492
OS,ATG12,0.920898433,0.690368928,0.538037929,1.228406856,0.147004548,-0.56056448,0.575094472,0.882016196,0.994762216,4.31E-05,0.994762216
OS,ATG16L1,0.955113302,0.714896999,0.561148949,1.276045948,0.147804501,-0.310716553,0.756016112,0.924201647,0.62585519,0.237723485,0.62585519
OS,ATG5,0.840115495,0.654802195,0.423071473,1.077873668,0.127148346,-1.370178293,0.170631253,0.882016196,0.180596934,1.792704992,0.180596934
OS,ATG7,0.919663336,0.705372866,0.493681837,1.199054702,0.135349994,-0.618748569,0.536082008,0.882016196,0.815674572,0.054341124,0.815674572
OS,ATM,1.121040878,0.794072482,0.788569757,1.582642239,0.175941062,0.649408434,0.516074414,0.882016196,0.167655239,1.903785264,0.167655239
OS,ATOX1,0.760847626,0.56133329,0.469941926,1.031275216,0.155165239,-1.761490988,0.078155337,0.882016196,0.575216113,0.314032577,0.575216113
OS,ATP11C,1.341028033,0.957675598,0.920158805,1.877834404,0.17178004,1.708210741,0.087597246,0.882016196,0.824475075,0.049192109,0.824475075
OS,ATP2A2,1.052550038,0.779931382,0.64052894,1.420460322,0.15294422,0.334866056,0.737726129,0.918557046,0.639377662,0.21955701,0.639377662
OS,ATP5F1D,0.945009262,0.69512904,0.589585673,1.284714713,0.15668514,-0.360982224,0.718112736,0.913815622,0.229195433,1.445847459,0.229195433
OS,ATP5ME,0.956492621,0.718243142,0.555529042,1.273772184,0.14615826,-0.304342733,0.760866792,0.927881484,0.425850227,0.634114132,0.425850227
OS,ATR,1.382804691,0.970779194,0.998925992,1.969705186,0.180498244,1.795661905,0.072548304,0.882016196,0.047978168,3.910750486,0.047978168
OS,ATRX,1.305569611,0.921006251,0.929699981,1.850706232,0.178027702,1.497741228,0.134200496,0.882016196,0.506810486,0.440646699,0.506810486
OS,AURKA,1.011116173,0.775328069,0.543282668,1.318610737,0.13547385,0.081601303,0.934963765,0.982855685,0.446155778,0.580399485,0.446155778
OS,AURKB,0.957368646,0.715740062,0.564829202,1.280569265,0.148406537,-0.293563558,0.769091426,0.927881484,0.587462129,0.294325121,0.587462129
OS,AXIN1,1.01300491,0.772466918,0.555976961,1.328443879,0.138312321,0.093419533,0.925570273,0.982382892,0.757621029,0.095237847,0.757621029
OS,AXIN2,1.005880982,0.725722691,0.668469006,1.394191697,0.166559725,0.03520513,0.971916172,0.990248908,0.486455691,0.484356297,0.486455691
OS,AXL,0.930117582,0.70218803,0.529844813,1.232032843,0.143425999,-0.505098584,0.613489596,0.890181229,0.371069447,0.800080018,0.371069447
OS,B2M,0.959464372,0.707179127,0.594572928,1.301752054,0.155661629,-0.26583363,0.790367342,0.932200385,0.30595277,1.048066671,0.30595277
OS,BAD,0.815831583,0.635618258,0.411521536,1.047139794,0.127354269,-1.59827653,0.109981448,0.882016196,0.544810589,0.366696316,0.544810589
OS,BAG1,1.059247444,0.76982051,0.68766878,1.45748929,0.162837989,0.353472172,0.723734488,0.915325946,0.472015499,0.517253778,0.472015499
OS,BAGE,0.987573518,0.706171743,0.674939103,1.381110846,0.171121753,-0.073072748,0.941748228,0.982855685,0.992825619,8.09E-05,0.992825619
OS,BAIAP3,1.103526752,0.811437813,0.689319573,1.500757386,0.156869574,0.627981491,0.530016065,0.882016196,0.928550504,0.008040473,0.928550504
OS,BAMBI,0.983908169,0.718419416,0.629087714,1.34750713,0.160451431,-0.101106673,0.919465781,0.982382892,0.434584201,0.610540962,0.434584201
OS,BAP1,0.763691068,0.551775796,0.505218824,1.05699462,0.165830368,-1.625709064,0.104011561,0.882016196,0.164680993,1.930708124,0.164680993
OS,BATF,0.891479915,0.652713094,0.564876145,1.217589239,0.159056617,-0.722210576,0.470165022,0.882016196,0.466261477,0.530822004,0.466261477
OS,BATF3,1.018479607,0.744675466,0.648281274,1.39295674,0.159756867,0.114617508,0.908748302,0.980491589,0.691603513,0.157354955,0.691603513
OS,BAX,0.933402083,0.713676495,0.507099942,1.220776437,0.136944503,-0.503263818,0.614778801,0.890181229,0.941738604,0.005341394,0.941738604
OS,BBC3,1.016019947,0.755255729,0.611561484,1.366817214,0.151325155,0.105025377,0.916355672,0.982108074,0.293495986,1.103515067,0.293495986
OS,BBS1,1.094508213,0.814964008,0.654976034,1.469940043,0.150470352,0.600152397,0.548404676,0.882016196,0.092031599,2.838473626,0.092031599
OS,BCAT1,0.944635022,0.70319398,0.565780657,1.268974637,0.150597588,-0.37820424,0.705278876,0.911095443,0.406241349,0.689773744,0.406241349
OS,BCL10,0.89664328,0.660097567,0.557857492,1.217955059,0.156263304,-0.698162486,0.485075584,0.882016196,0.36939076,0.805712955,0.36939076
OS,BCL2,1.378163131,1.03978342,0.786879305,1.826662725,0.143747084,2.231360386,0.025657267,0.882016196,0.698613627,0.149918111,0.698613627
OS,BCL2A1,0.816442285,0.613476052,0.473083078,1.086559129,0.145826657,-1.390685756,0.164320739,0.882016196,0.971418037,0.001283778,0.971418037
OS,BCL2L1,1.177024214,0.86098013,0.74809998,1.609080109,0.159530102,1.021684303,0.306930343,0.882016196,0.819550713,0.052040048,0.819550713
OS,BCL6,0.753755184,0.543982952,0.50043742,1.044420373,0.166405975,-1.698783073,0.089360064,0.882016196,0.007979576,7.038052344,0.007979576
OS,BCL6B,0.829542369,0.616710796,0.499112936,1.115823732,0.151265023,-1.235454756,0.216661305,0.882016196,0.085616974,2.954911874,0.085616974
OS,BCOR,0.938718907,0.709494357,0.532507325,1.242001683,0.142841164,-0.442723909,0.657965447,0.894409084,0.521602239,0.410724041,0.521602239
OS,BDNF,0.810168315,0.592940045,0.514039833,1.106979878,0.159262484,-1.321800658,0.186234539,0.882016196,0.611893554,0.257426744,0.611893554
OS,BID,0.951127304,0.720925526,0.53391026,1.254835786,0.141386311,-0.354400374,0.723038854,0.915325946,0.717327748,0.131067528,0.717327748
OS,BIRC3,0.82020314,0.601928792,0.515700401,1.117629193,0.157866619,-1.255510756,0.209293406,0.882016196,0.969887677,0.001424999,0.969887677
OS,BIRC5,0.923645298,0.705864082,0.502754768,1.20861885,0.137199164,-0.578918675,0.562644049,0.882016196,0.672940827,0.178181366,0.672940827
OS,BIRC7,0.924568028,0.671275645,0.602159563,1.273435207,0.163343197,-0.480146393,0.631123302,0.89107514,0.896857771,0.016804394,0.896857771
OS,BLK,0.967035382,0.704712759,0.622292347,1.327005107,0.161454394,-0.207614012,0.835530363,0.949065491,0.847428413,0.037017996,0.847428413
OS,BLM,1.175108023,0.851823019,0.769263562,1.621086582,0.16415433,0.982977895,0.325618318,0.882016196,0.157346022,1.999548961,0.157346022
OS,BLVRA,0.665504939,0.485296921,0.427333687,0.912630607,0.161117832,-2.527400073,0.011491052,0.882016196,0.520312688,0.413273453,0.520312688
OS,BMI1,0.804311403,0.583573945,0.524969092,1.108543037,0.163684304,-1.330419363,0.183380138,0.882016196,0.897165969,0.016703558,0.897165969
OS,BMP2,1.083202212,0.803703058,0.65619811,1.459901167,0.152271714,0.524862192,0.599678994,0.887199606,0.540315274,0.37495575,0.540315274
OS,BMP4,0.954171027,0.700376255,0.599556949,1.299933204,0.157770874,-0.297344807,0.766203277,0.927881484,0.616903867,0.250243226,0.616903867
OS,BMP5,1.096889791,0.782088962,0.756313026,1.538401988,0.172587608,0.535836341,0.592071664,0.885792706,0.273267835,1.200269428,0.273267835
OS,BMP6,0.941893248,0.709529712,0.540823692,1.250353403,0.144538151,-0.414169794,0.678749762,0.899500816,0.650970434,0.20467884,0.650970434
OS,BMP7,1.307173603,0.946342973,0.859242187,1.80558516,0.164807863,1.625330529,0.10409215,0.882016196,0.594135234,0.283932486,0.594135234
OS,BMP8A,1.040904436,0.778776549,0.612485226,1.391261776,0.148023691,0.270834924,0.786517998,0.930721661,0.051427491,3.794296151,0.051427491
OS,BMPR1B,0.808293781,0.597923707,0.494755558,1.092679264,0.153810182,-1.383716563,0.16644526,0.882016196,0.58262214,0.302014689,0.58262214
OS,BNIP3,0.78667663,0.587774987,0.465111125,1.052886112,0.148713485,-1.613424657,0.10665228,0.882016196,0.872643845,0.025696462,0.872643845
OS,BNIP3L,1.047983773,0.762284865,0.678475721,1.440760586,0.162402503,0.288592238,0.772893436,0.929409161,0.675663847,0.175048074,0.675663847
OS,BRAF,0.899921034,0.663493839,0.557102072,1.220595912,0.155506659,-0.678094817,0.497711577,0.882016196,0.4065193,0.688957206,0.4065193
OS,BRCA1,1.26396089,0.916799235,0.82578199,1.742581224,0.163838277,1.429765733,0.152784267,0.882016196,0.538794226,0.377779103,0.538794226
OS,BRCA2,1.031615318,0.728065459,0.733657731,1.46172319,0.177804371,0.175056686,0.861035092,0.957591624,0.011667831,6.360657375,0.011667831
OS,BRD2,0.966877932,0.733712125,0.540429196,1.274141321,0.140796211,-0.239232466,0.81092533,0.935933926,0.322883595,0.977230153,0.322883595
OS,BRD3,1.092389128,0.828059489,0.613037465,1.441096954,0.141348229,0.625173438,0.531857233,0.882016196,0.273120232,1.201008365,0.273120232
OS,BRD4,1.201396006,0.873737079,0.778192773,1.651929853,0.162482574,1.129254757,0.25879038,0.882016196,0.296168795,1.091365778,0.296168795
OS,BRD7,1.136019601,0.868617749,0.61712271,1.48574046,0.136932465,0.931339218,0.351678121,0.882016196,0.565690377,0.329946866,0.565690377
OS,BRIP1,1.148759072,0.865353085,0.659628371,1.524981455,0.144543451,0.959450543,0.337331823,0.882016196,0.215717107,1.532637015,0.215717107
OS,BST1,0.861008474,0.637011994,0.526758233,1.163770227,0.153735408,-0.973431783,0.330338749,0.882016196,0.908905185,0.013091843,0.908905185
OS,BST2,0.973136511,0.728515472,0.57138097,1.299896442,0.147714708,-0.184347973,0.853740482,0.957591624,0.602502377,0.271238211,0.602502377
OS,BTK,0.873436613,0.642911006,0.543709708,1.186620714,0.156344327,-0.865523689,0.38675142,0.882016196,0.57743834,0.31039428,0.57743834
OS,BTLA,0.814809256,0.596560676,0.516342254,1.11290293,0.159070825,-1.287484581,0.19792544,0.882016196,0.658762294,0.195030562,0.658762294
OS,C1orf43,1.017630931,0.7663744,0.58488774,1.35126214,0.144677028,0.120802239,0.903847677,0.979066429,0.299532519,1.076274297,0.299532519
OS,C1QA,0.946106997,0.699178924,0.581063399,1.280242323,0.154313543,-0.3590068,0.719590002,0.913815622,0.375805625,0.784377677,0.375805625
OS,C1QB,0.963559991,0.718595487,0.573435805,1.292031292,0.149664053,-0.248025687,0.804114532,0.934024845,0.510738831,0.432553104,0.510738831
OS,C1QBP,0.784251789,0.554141515,0.555775089,1.109916604,0.177202252,-1.371456334,0.170232747,0.882016196,0.41805394,0.655779401,0.41805394
OS,C1R,1.004701395,0.756554997,0.57768362,1.334238617,0.144732469,0.032407226,0.9741473,0.990248908,0.655764058,0.198710074,0.655764058
OS,C1S,0.979980178,0.737682406,0.564180213,1.301862619,0.144910294,-0.139554851,0.889011715,0.971842888,0.849422267,0.036045158,0.849422267
OS,C2,0.886105223,0.645049264,0.572194924,1.217244187,0.161997372,-0.746429229,0.455408168,0.882016196,0.911748642,0.012283991,0.911748642
OS,C3,0.9481874,0.700235093,0.583704194,1.283939287,0.154664085,-0.34399141,0.730852747,0.916626678,0.73865479,0.111312502,0.73865479
OS,C3AR1,0.918343563,0.683712234,0.549781709,1.233493943,0.150530548,-0.565889835,0.571468672,0.882016196,0.839853396,0.040836733,0.839853396
OS,C4B,0.978344626,0.738173619,0.558483676,1.296657294,0.143718423,-0.15233463,0.878923013,0.966478562,0.961284235,0.002356333,0.961284235
OS,C4BPA,0.89102847,0.645072086,0.585692278,1.230764364,0.164806247,-0.700088139,0.483872263,0.882016196,0.995592459,3.05E-05,0.995592459
OS,C5,1.080013652,0.802075879,0.652187389,1.454263268,0.151801639,0.507067529,0.612107437,0.890181229,0.991743064,0.000107096,0.991743064
OS,C5AR1,0.849188868,0.638914749,0.489751844,1.128666593,0.145161131,-1.126153105,0.260100719,0.882016196,0.168560515,1.895699121,0.168560515
OS,C6,0.882716761,0.638582604,0.581602344,1.220184948,0.165183312,-0.755227007,0.450112787,0.882016196,0.838270701,0.041659241,0.838270701
OS,C7,0.75464578,0.547382133,0.493006692,1.040388824,0.163830213,-1.71828382,0.085744859,0.882016196,0.89613852,0.017040919,0.89613852
OS,C8A,0.932468201,0.676702963,0.608198971,1.284901934,0.163575775,-0.427448554,0.669052649,0.896582616,0.943818622,0.00496619,0.943818622
OS,C8B,0.883375118,0.644200162,0.567149425,1.211349586,0.161095024,-0.769765219,0.441439175,0.882016196,0.999167591,1.09E-06,0.999167591
OS,C8G,1.017470207,0.735542413,0.671916362,1.407458775,0.165547141,0.104618888,0.916678227,0.982108074,0.488032127,0.480861996,0.488032127
OS,C9,0.823319935,0.592673442,0.551052033,1.143725476,0.16770783,-1.15922084,0.246366179,0.882016196,0.758924845,0.094183291,0.758924845
OS,CACNA1C,0.950017977,0.70990474,0.561440703,1.271345444,0.14865075,-0.344931805,0.73014564,0.916407282,0.562747692,0.334969026,0.562747692
OS,CACNA1D,0.884916853,0.633349378,0.60305799,1.236407368,0.17065185,-0.7164387,0.473720506,0.882016196,0.088128959,2.908222448,0.088128959
OS,CACNA1E,0.899500857,0.656138971,0.576986675,1.233125646,0.16095571,-0.658039858,0.510512519,0.882016196,0.978221424,0.000745224,0.978221424
OS,CACNA1G,0.856853285,0.643517444,0.497395766,1.14091321,0.146083079,-1.05753912,0.290265611,0.882016196,0.748596419,0.102714256,0.748596419
OS,CACNA1H,0.938387198,0.712632615,0.523025863,1.235658478,0.140409025,-0.452909807,0.650613689,0.894258419,0.801643713,0.063111689,0.801643713
OS,CACNA2D1,1.049099127,0.795376007,0.588383331,1.383759339,0.141263888,0.339306969,0.734378493,0.917967923,0.457080995,0.553033145,0.457080995
OS,CACNA2D2,0.737455412,0.538677921,0.470905844,1.009583766,0.160251814,-1.90044433,0.057374834,0.882016196,0.856213035,0.032832313,0.856213035
OS,CACNA2D3,1.041553865,0.751204204,0.692923037,1.444127241,0.166733398,0.244184427,0.807087988,0.934024845,0.173003688,1.856721292,0.173003688
OS,CACNA2D4,0.896880531,0.654840865,0.573541068,1.228381933,0.16047765,-0.678179254,0.497658045,0.882016196,0.876162273,0.024284867,0.876162273
OS,CACNB3,1.192381155,0.846298266,0.833691962,1.679990229,0.174919387,1.005904954,0.314461293,0.882016196,0.267033051,1.231924724,0.267033051
OS,CACNB4,0.836683229,0.626024074,0.492205806,1.118229881,0.147990837,-1.204870132,0.22825344,0.882016196,0.502886353,0.448839963,0.502886353
OS,CACNG1,0.881230935,0.645540403,0.557433038,1.202973441,0.158794713,-0.796220207,0.425904054,0.882016196,0.813211889,0.05583038,0.813211889
OS,CACNG4,0.923792375,0.696221263,0.529527501,1.225748763,0.144298482,-0.54933312,0.582776862,0.882016196,0.241254719,1.373247395,0.241254719
OS,CACNG6,0.912746713,0.658807919,0.605758788,1.264566708,0.166343057,-0.548846833,0.583110567,0.882016196,0.680051492,0.170067875,0.680051492
OS,CALML3,1.322503211,0.974728842,0.819631463,1.794360305,0.155677488,1.795547421,0.072566524,0.882016196,0.513576074,0.42677417,0.513576074
OS,CALML5,0.840666015,0.611918099,0.543006636,1.154924735,0.162041755,-1.071087056,0.284130288,0.882016196,0.527504719,0.399196095,0.527504719
OS,CALML6,0.933918722,0.690713516,0.572044718,1.262758234,0.153913169,-0.444184638,0.656909098,0.894409084,0.963035853,0.002147792,0.963035853
OS,CAMK2B,1.084350864,0.838004713,0.565110063,1.403114776,0.131488681,0.615882103,0.537972334,0.882016196,0.291055495,1.1147326,0.291055495
OS,CAPN2,0.919285641,0.697167043,0.515004557,1.2121716,0.141110679,-0.596399846,0.550908143,0.882016196,0.663428439,0.189385638,0.663428439
OS,CARD11,0.90861111,0.667262221,0.569993724,1.237255944,0.157520281,-0.608417519,0.542910595,0.882016196,0.950131777,0.003911414,0.950131777
OS,CARD9,0.930425817,0.687051653,0.572958706,1.26001036,0.154713492,-0.466106277,0.64113943,0.89107514,0.923272784,0.009276,0.923272784
OS,CASP1,0.886609036,0.646537845,0.569285156,1.215823001,0.161111317,-0.747006272,0.455059775,0.882016196,0.518040129,0.417793448,0.518040129
OS,CASP10,0.917958471,0.682165501,0.553088634,1.235254135,0.151472096,-0.565141234,0.571977704,0.882016196,0.816021978,0.054132745,0.816021978
OS,CASP12,0.90906003,0.665723579,0.575617669,1.241341248,0.158950162,-0.599836739,0.548615046,0.882016196,0.927055769,0.008381359,0.927055769
OS,CASP3,0.740752598,0.542382812,0.469290861,1.011673672,0.159030803,-1.88698403,0.059162474,0.882016196,0.712337493,0.135953396,0.712337493
OS,CASP7,0.735622747,0.538366065,0.466787977,1.005154042,0.159277758,-1.92768826,0.053893913,0.882016196,0.408960123,0.68182173,0.408960123
OS,CASP8,0.789457102,0.572029639,0.517498722,1.089528362,0.164367658,-1.438298664,0.150349331,0.882016196,0.7056154,0.142695998,0.7056154
OS,CASP9,1.133411397,0.839945595,0.689464646,1.529410241,0.152885553,0.819122657,0.412716436,0.882016196,0.117945017,2.44439946,0.117945017
OS,CBL,0.780102784,0.578422354,0.473681441,1.052103795,0.152615747,-1.627155771,0.103704019,0.882016196,0.966407532,0.001773619,0.966407532
OS,CBLC,0.867482354,0.652985858,0.499452018,1.152437876,0.144920877,-0.980949823,0.326617486,0.882016196,0.458804206,0.548810316,0.458804206
OS,CCL1,0.838818754,0.617422628,0.522180732,1.13960336,0.156350268,-1.124146598,0.26095084,0.882016196,0.675907846,0.174768908,0.675907846
OS,CCL11,0.899088037,0.663474089,0.554899487,1.218373576,0.155049358,-0.686067478,0.492670558,0.882016196,0.779015569,0.078737565,0.779015569
OS,CCL13,0.848564527,0.622625717,0.533866437,1.156492154,0.157962375,-1.039545955,0.298550897,0.882016196,0.747670846,0.103498645,0.747670846
OS,CCL15,1.152891112,0.869165319,0.660069553,1.529234872,0.144132612,0.987096505,0.323595331,0.882016196,0.262154734,1.257342423,0.262154734
OS,CCL16,0.863302595,0.634243867,0.540842576,1.175086443,0.157314999,-0.934367476,0.350114369,0.882016196,0.813463897,0.055677007,0.813463897
OS,CCL18,0.891971513,0.642434269,0.596000881,1.23843515,0.167436592,-0.682772396,0.494750675,0.882016196,0.431532152,0.618696328,0.431532152
OS,CCL19,0.921662817,0.659574943,0.628318658,1.287893601,0.170709181,-0.477864344,0.632746761,0.89107514,0.944096089,0.004917177,0.944096089
OS,CCL2,0.831257494,0.608263552,0.527739122,1.136002674,0.159355656,-1.159768514,0.246143066,0.882016196,0.924314456,0.009025089,0.924314456
OS,CCL21,1.094002815,0.795897739,0.707865998,1.503763737,0.162313108,0.553518306,0.579908549,0.882016196,0.510279357,0.433494205,0.510279357
OS,CCL24,0.782704033,0.578132891,0.481529365,1.059662256,0.154569614,-1.585050512,0.112954858,0.882016196,0.582285657,0.302554076,0.582285657
OS,CCL25,0.954083661,0.702827917,0.592333542,1.29516146,0.155941275,-0.301420625,0.763093769,0.927881484,0.746042989,0.104886189,0.746042989
OS,CCL27,0.959591899,0.694669028,0.630878212,1.32554724,0.164835976,-0.250231722,0.802408155,0.934024845,0.372803754,0.794297689,0.372803754
OS,CCL28,0.764041726,0.558089129,0.487908238,1.045997367,0.160259947,-1.679352085,0.093083446,0.882016196,0.828195873,0.047095946,0.828195873
OS,CCL3.L1,0.927357341,0.688834628,0.559638667,1.248473295,0.15170572,-0.497122369,0.619102761,0.890181229,0.138347901,2.196239276,0.138347901
OS,CCL4,0.86796595,0.650658359,0.507191811,1.15785017,0.147027077,-0.963106901,0.335493879,0.882016196,0.271536427,1.208968891,0.271536427
OS,CCL5,0.80556487,0.587308396,0.517621766,1.104930162,0.161224226,-1.341061147,0.179900601,0.882016196,0.515123931,0.423644819,0.515123931
OS,CCL7,0.840785469,0.61669888,0.52959833,1.14629721,0.158143555,-1.096590638,0.272820382,0.882016196,0.820435125,0.051522354,0.820435125
OS,CCL8,0.783531873,0.580169695,0.478007252,1.058176947,0.153314605,-1.591130458,0.111580219,0.882016196,0.670948239,0.180494943,0.670948239
OS,CCNA1,0.784288779,0.586201964,0.463110263,1.049312227,0.148529726,-1.635887927,0.101863045,0.882016196,0.043059839,4.093051344,0.043059839
OS,CCNA2,0.872788655,0.660571167,0.492612737,1.153183903,0.142139638,-0.957240674,0.338445791,0.882016196,0.10095669,2.690364938,0.10095669
OS,CCNB1,0.819196066,0.606597879,0.499707002,1.106304881,0.153297385,-1.300947352,0.193276476,0.882016196,0.799556206,0.064476127,0.799556206
OS,CCND1,0.961916899,0.72459618,0.552369041,1.27696522,0.144550389,-0.268606789,0.788232288,0.93159643,0.546512872,0.363601418,0.546512872
OS,CCND2,0.739698209,0.475724502,0.674423196,1.150147698,0.225209939,-1.338808596,0.180632992,0.882016196,0.733982535,0.115486251,0.733982535
OS,CCND3,0.803280374,0.533716575,0.675275967,1.208992543,0.208595094,-1.050127613,0.293659445,0.882016196,0.06113351,3.506363329,0.06113351
OS,CCNE1,0.850942963,0.630861375,0.516940591,1.147801966,0.152685946,-1.057138393,0.290448431,0.882016196,0.413942396,0.667449064,0.413942396
OS,CCNE2,1.24715594,0.955499928,0.672336866,1.627836794,0.135913876,1.625041663,0.104153682,0.882016196,0.355463236,0.853857923,0.355463236
OS,CCNO,0.965035079,0.725566784,0.557971443,1.283538227,0.145518659,-0.244579128,0.806782327,0.934024845,0.117009655,2.456898021,0.117009655
OS,CCR1,0.861518524,0.644455481,0.507236436,1.151691917,0.14811028,-1.006403614,0.314221456,0.882016196,0.913487336,0.011802841,0.913487336
OS,CCR4,0.813533786,0.59955286,0.504331826,1.103884687,0.155718837,-1.325259195,0.185085198,0.882016196,0.591597564,0.287856278,0.591597564
OS,CCR5,0.815798713,0.603889276,0.49817954,1.102068816,0.153460363,-1.326646344,0.184625698,0.882016196,0.815808121,0.054260969,0.815808121
OS,CCR6,0.86701853,0.630143367,0.562793306,1.192936673,0.162815742,-0.876419741,0.38080189,0.882016196,0.727352357,0.121556571,0.727352357
OS,CCR7,0.842073746,0.616538205,0.53357413,1.150112334,0.15905767,-1.080662659,0.279847199,0.882016196,0.977897858,0.000767538,0.977897858
OS,CCRL2,0.824684248,0.608375942,0.509525116,1.117901058,0.155210794,-1.241889757,0.21427724,0.882016196,0.848918998,0.036289445,0.848918998
OS,CD14,0.920929349,0.701635569,0.507127077,1.208762645,0.138762339,-0.593618972,0.552766989,0.882016196,0.310447807,1.028769692,0.310447807
OS,CD160,0.913684879,0.67264334,0.568460241,1.241103581,0.156263334,-0.577675747,0.563483056,0.882016196,0.888430576,0.019681387,0.888430576
OS,CD163,0.80460047,0.588594148,0.511284125,1.099878273,0.159497293,-1.363091701,0.172853612,0.882016196,0.397062537,0.717204137,0.397062537
OS,CD164,1.034961517,0.76178182,0.644323334,1.406105154,0.156359677,0.219776898,0.826044912,0.945777486,0.191232688,1.708095253,0.191232688
OS,CD180,0.844657845,0.633436771,0.492874344,1.126311115,0.146824863,-1.149830128,0.250213844,0.882016196,0.865110902,0.028856453,0.865110902
OS,CD19,0.871248191,0.647523835,0.524747159,1.172270994,0.151416701,-0.910258857,0.362686011,0.882016196,0.893470353,0.017933036,0.893470353
OS,CD1A,0.874110134,0.641380951,0.54990564,1.191286591,0.157953306,-0.851827055,0.394310088,0.882016196,0.987964118,0.000227567,0.987964118
OS,CD1C,0.847763314,0.625478608,0.523565704,1.149044312,0.155147931,-1.064492396,0.287105697,0.882016196,0.941570568,0.005372305,0.941570568
OS,CD1D,0.837802417,0.620324414,0.511201081,1.131525495,0.153339401,-1.154125974,0.248448526,0.882016196,0.987768722,0.000235016,0.987768722
OS,CD1E,0.848954647,0.621712713,0.537542966,1.159255679,0.158945602,-1.030223615,0.302905046,0.882016196,0.616963831,0.250158022,0.616963831
OS,CD2,0.838683522,0.612075134,0.537113928,1.149189062,0.16070621,-1.094679869,0.273656911,0.882016196,0.542912214,0.370168907,0.542912214
OS,CD200,0.869806347,0.647984382,0.519579377,1.167563759,0.150208884,-0.928604742,0.353093964,0.882016196,0.731248269,0.11796857,0.731248269
OS,CD207,0.800829431,0.59455214,0.484121594,1.078673734,0.151961753,-1.461600014,0.143850851,0.882016196,0.844933999,0.038253993,0.844933999
OS,CD209,0.90781076,0.682464072,0.525101879,1.207565951,0.145577195,-0.664385217,0.506443792,0.882016196,0.640576604,0.217988852,0.640576604
OS,CD22,0.864475235,0.639201756,0.52993995,1.169141707,0.154034726,-0.945453172,0.344427567,0.882016196,0.803037679,0.062209199,0.803037679
OS,CD24,0.957260791,0.734901859,0.511996908,1.246898767,0.134869263,-0.323864865,0.746040345,0.919305057,0.04317378,4.088584659,0.04317378
OS,CD244,0.87392218,0.647572775,0.531815869,1.179388644,0.152941663,-0.881146072,0.378238764,0.882016196,0.900047436,0.015775718,0.900047436
OS,CD247,0.892011559,0.660602645,0.543880303,1.204482948,0.15323066,-0.745778868,0.455801007,0.882016196,0.857000275,0.032469875,0.857000275
OS,CD27,0.885093332,0.658963362,0.529858736,1.188822099,0.150525808,-0.810905323,0.417420043,0.882016196,0.804035821,0.061567217,0.804035821
OS,CD274,0.849365736,0.617740504,0.550099631,1.167840135,0.162462886,-1.004939681,0.314925896,0.882016196,0.451420015,0.567083936,0.451420015
OS,CD276,0.855233555,0.634959856,0.516962469,1.151922325,0.151948107,-1.029171649,0.303399022,0.882016196,0.812226567,0.056432188,0.812226567
OS,CD28,0.851327528,0.6312144,0.516982726,1.148197125,0.152631042,-1.054558419,0.29162733,0.882016196,0.973379219,0.001113583,0.973379219
OS,CD300A,0.883308491,0.654761889,0.536868082,1.191629971,0.152759371,-0.812262918,0.416640783,0.882016196,0.365019936,0.820548192,0.365019936
OS,CD33,0.812577062,0.603255489,0.491274928,1.094530417,0.151977258,-1.365628824,0.172055495,0.882016196,0.758920205,0.094187033,0.758920205
OS,CD34,0.861768111,0.632169001,0.542586921,1.174755922,0.158079158,-0.941104817,0.346651147,0.882016196,0.091398742,2.84956362,0.091398742
OS,CD36,0.872442641,0.650299804,0.520169813,1.170469617,0.14993307,-0.910128549,0.36275472,0.882016196,0.462440833,0.53998044,0.462440833
OS,CD37,0.869665486,0.651863404,0.50837669,1.160240094,0.147081071,-0.949453521,0.342390001,0.882016196,0.514509895,0.424884271,0.514509895
OS,CD38,0.828455764,0.615025932,0.500925311,1.115951243,0.151992084,-1.238168671,0.215653526,0.882016196,0.816620628,0.053774658,0.816620628
OS,CD3D,0.825191541,0.609473236,0.507788425,1.117261661,0.154605134,-1.242777282,0.213949916,0.882016196,0.683014332,0.166752397,0.683014332
OS,CD3E,0.777786079,0.56714513,0.499515153,1.066660283,0.161143926,-1.559498773,0.118878375,0.882016196,0.855654319,0.033090802,0.855654319
OS,CD3EAP,0.809685216,0.606590346,0.474188724,1.08077907,0.147345499,-1.432753159,0.151928392,0.882016196,0.836581007,0.042546787,0.836581007
OS,CD4,0.889610874,0.661889352,0.533790115,1.195679467,0.150862847,-0.775347503,0.438134346,0.882016196,0.317620208,0.99872091,0.317620208
OS,CD40,0.886051305,0.653804787,0.546992347,1.200797134,0.155087563,-0.78007818,0.435344859,0.882016196,0.408583047,0.682919988,0.408583047
OS,CD44,0.937694874,0.711732424,0.523663979,1.235396403,0.140677366,-0.457292306,0.647460959,0.892991318,0.055092787,3.679275426,0.055092787
OS,CD46,1.068816372,0.79125564,0.652485647,1.443741288,0.153414053,0.433805379,0.664429775,0.896582616,0.944064434,0.004922757,0.944064434
OS,CD47,0.866175676,0.586779746,0.691826591,1.278606337,0.198696619,-0.723049706,0.469649347,0.882016196,0.454544655,0.55929446,0.454544655
OS,CD48,0.824067437,0.613253919,0.494096753,1.107350673,0.15075445,-1.283563514,0.199294723,0.882016196,0.883242706,0.021567792,0.883242706
OS,CD5,0.808257351,0.601377469,0.484928516,1.086305986,0.15084854,-1.411182161,0.158190909,0.882016196,0.719890222,0.128597914,0.719890222
OS,CD53,0.891122871,0.655685136,0.555414411,1.211099547,0.156534316,-0.736406952,0.461483075,0.882016196,0.677850068,0.172556069,0.677850068
OS,CD55,1.026097032,0.767517013,0.604276838,1.371793851,0.148144022,0.173900474,0.86194368,0.957591624,0.647564605,0.208984379,0.647564605
OS,CD58,1.143257313,0.822790517,0.765751471,1.588541987,0.167827128,0.797734439,0.425024614,0.882016196,0.383217922,0.760353488,0.383217922
OS,CD59,0.910373514,0.676905767,0.547459535,1.224365302,0.15118793,-0.621083369,0.534544771,0.882016196,0.044444116,4.039609064,0.044444116
OS,CD6,0.815281509,0.60356105,0.497709382,1.101270432,0.15341418,-1.331179528,0.183129946,0.882016196,0.847287652,0.037087183,0.847287652
OS,CD63,0.957281276,0.712297308,0.574226496,1.286523804,0.150820053,-0.289470897,0.772221048,0.929409161,0.936335219,0.006380308,0.936335219
OS,CD68,0.994336011,0.755575426,0.552969119,1.308544545,0.140102358,-0.040542435,0.967660677,0.989888151,0.395759094,0.721173974,0.395759094
OS,CD69,0.81026248,0.596791408,0.50330031,1.100091719,0.156018475,-1.348539236,0.177485009,0.882016196,0.927427031,0.008296023,0.927427031
OS,CD7,0.782854298,0.572251641,0.498712262,1.070963903,0.159884453,-1.53116002,0.125729849,0.882016196,0.659759233,0.193816193,0.659759233
OS,CD70,0.897282528,0.660427106,0.558656617,1.219083723,0.156372275,-0.693118375,0.488235267,0.882016196,0.926383056,0.008537105,0.926383056
OS,CD74,0.991637604,0.732920015,0.608761365,1.34168138,0.154248317,-0.054441808,0.95658317,0.985189126,0.309343716,1.033475723,0.309343716
OS,CD79A,0.914873255,0.684116747,0.539348511,1.223465258,0.148297088,-0.599942617,0.548544479,0.882016196,0.91221015,0.012155329,0.91221015
OS,CD79B,0.856254088,0.634703848,0.520434987,1.155138835,0.152762325,-1.015879505,0.30968677,0.882016196,0.652253761,0.203070497,0.652253761
OS,CD80,0.864246162,0.636744206,0.53628795,1.173032155,0.155864917,-0.936051834,0.3492465,0.882016196,0.288115508,1.128406418,0.288115508
OS,CD81,1.060742122,0.78832829,0.63896268,1.427290969,0.151436172,0.389396914,0.696982554,0.907183642,0.69796766,0.15059473,0.69796766
OS,CD83,0.815859503,0.591517419,0.533769356,1.125286775,0.164059663,-1.24048235,0.214797039,0.882016196,0.55058914,0.356262804,0.55058914
OS,CD84,0.890464713,0.662553766,0.534220661,1.196774428,0.150840406,-0.769102962,0.44183219,0.882016196,0.987493289,0.000245721,0.987493289
OS,CD86,0.809934807,0.601339899,0.489547955,1.090887854,0.151938215,-1.387416059,0.165314931,0.882016196,0.590376359,0.289756897,0.590376359
OS,CD8A,0.880151988,0.645986588,0.553214041,1.199200629,0.157817117,-0.808915249,0.418563897,0.882016196,0.921366245,0.009744232,0.921366245
OS,CD8B,0.83918888,0.614421538,0.531758947,1.146180485,0.159061377,-1.102212721,0.270369203,0.882016196,0.946502937,0.004502268,0.946502937
OS,CD9,0.912421232,0.660111923,0.601056791,1.261168714,0.165152198,-0.554963961,0.578919311,0.882016196,0.337320635,0.920587983,0.337320635
OS,CD96,0.829479723,0.613852549,0.50699742,1.120849969,0.153596656,-1.217191962,0.223531188,0.882016196,0.821059209,0.051158681,0.821059209
OS,CD99,0.975494921,0.740193928,0.545402056,1.285595984,0.140835617,-0.176165135,0.860164211,0.957591624,0.049289046,3.865481605,0.049289046
OS,CDC14A,0.994422887,0.7422774,0.589942708,1.332220109,0.149206583,-0.037483083,0.970099829,0.990248908,0.777235963,0.08004535,0.777235963
OS,CDC14B,0.875363071,0.641057131,0.554250539,1.19530767,0.158941776,-0.837517633,0.40230167,0.882016196,0.201937368,1.628307045,0.201937368
OS,CDC20,0.842183953,0.642846719,0.460485988,1.103332707,0.13780465,-1.246378972,0.212625297,0.882016196,0.528377085,0.397511777,0.528377085
OS,CDC25A,0.848628744,0.626935826,0.521779426,1.148715252,0.154481216,-1.062481758,0.288017035,0.882016196,0.113722107,2.501719009,0.113722107
OS,CDC25B,0.926315237,0.701888606,0.520612959,1.222501565,0.141553568,-0.540718783,0.58870143,0.885365819,0.248005673,1.334503192,0.248005673
OS,CDC25C,0.8920733,0.656068791,0.556905797,1.212974588,0.156779746,-0.728454908,0.466335162,0.882016196,0.85123306,0.035173263,0.85123306
OS,CDC6,0.94503189,0.669523818,0.664387313,1.333911131,0.175846054,-0.321511939,0.747822466,0.920303464,0.928471925,0.008058215,0.928471925
OS,CDC7,1.120750205,0.837298393,0.662860967,1.50015936,0.148764497,0.766300355,0.443497607,0.882016196,0.17094053,1.874675658,0.17094053
OS,CDH1,1.046876259,0.783957814,0.614012691,1.397970505,0.147559246,0.310456578,0.756213775,0.924201647,0.500493932,0.453888917,0.500493932
OS,CDH11,0.88892954,0.665809667,0.521009579,1.186819246,0.147458899,-0.798441503,0.424614327,0.882016196,0.33020828,0.948080858,0.33020828
OS,CDH2,1.084359202,0.802794717,0.661882185,1.464676903,0.153393358,0.527983848,0.597510546,0.887180672,0.730462801,0.118687118,0.730462801
OS,CDH3,1.087376554,0.820930437,0.619371588,1.440302025,0.143413282,0.584101858,0.559151785,0.882016196,0.844240234,0.038601504,0.844240234
OS,CDH5,0.904957309,0.669792429,0.552896414,1.222688843,0.153533389,-0.650461178,0.515394371,0.882016196,0.065400622,3.394842159,0.065400622
OS,CDK1,0.961063847,0.727934786,0.540920248,1.268855034,0.141752288,-0.280167853,0.779348729,0.930721661,0.947611367,0.004317366,0.947611367
OS,CDK2,0.894993555,0.662540392,0.546462823,1.209003215,0.15343904,-0.723015221,0.469670533,0.882016196,0.840877033,0.040309306,0.840877033
OS,CDK4,0.821487376,0.594019781,0.542039203,1.136058984,0.165413218,-1.188772643,0.234529146,0.882016196,0.089817606,2.877639358,0.089817606
OS,CDK6,1.078512575,0.782662386,0.703533189,1.486195575,0.163593161,0.462017155,0.644069019,0.891964609,0.494286465,0.467181956,0.494286465
OS,CDKN1A,1.217261178,0.914155232,0.706712566,1.620867797,0.14610385,1.34564147,0.178418171,0.882016196,0.992518047,8.79E-05,0.992518047
OS,CDKN1B,1.179474436,0.88878763,0.676445613,1.565233244,0.144373012,1.143350435,0.252893123,0.882016196,0.645095557,0.212139593,0.645095557
OS,CDKN1C,0.986537042,0.697044114,0.699216632,1.396260746,0.177223753,-0.076481878,0.939035731,0.982855685,0.318623001,0.994590491,0.318623001
OS,CDKN2A,1.043073024,0.786860213,0.595852137,1.38271235,0.143816854,0.293228408,0.769347571,0.927881484,0.201819946,1.629155128,0.201819946
OS,CDKN2B,0.922080895,0.688420529,0.546628601,1.235049131,0.149101246,-0.544075405,0.586389584,0.88420566,0.361121326,0.833989948,0.361121326
OS,CDKN2C,0.91559144,0.687419069,0.532081122,1.219500191,0.146240511,-0.603013754,0.546499539,0.882016196,0.944578561,0.004832533,0.944578561
OS,CDKN2D,0.836212451,0.611361298,0.532399788,1.143761087,0.1597961,-1.119380073,0.262978028,0.882016196,0.736464445,0.1132585,0.736464445
OS,CEACAM1,1.007339507,0.7339468,0.648623274,1.382570074,0.161549619,0.045265991,0.963895294,0.987992677,0.864531173,0.029107452,0.864531173
OS,CEACAM3,0.841954676,0.61422625,0.539888666,1.154114916,0.160902364,-1.069152066,0.285001154,0.882016196,0.451171015,0.567708304,0.451171015
OS,CEACAM6,1.115238596,0.843163941,0.631943171,1.475107112,0.142687436,0.764386636,0.44463687,0.882016196,0.67760598,0.172833257,0.67760598
OS,CEACAM8,1.06043053,0.773385782,0.680627124,1.454012906,0.161050036,0.364327679,0.715613333,0.913815622,0.744075787,0.106576616,0.744075787
OS,CEBPA,0.815898417,0.607682061,0.487776024,1.095458084,0.150328292,-1.353473907,0.17590428,0.882016196,0.741523731,0.10879192,0.741523731
OS,CEBPB,1.309891369,1.003004975,0.707669888,1.710674864,0.136198288,1.981994139,0.047479897,0.882016196,0.189366969,1.72253572,0.189366969
OS,CENPF,1.013088363,0.773383295,0.553705145,1.327088441,0.137749444,0.094399296,0.924791975,0.982382892,0.198489119,1.65345662,0.198489119
OS,CEP55,0.685536632,0.508174924,0.416625674,0.924800598,0.15274577,-2.471776088,0.013444369,0.882016196,0.93564423,0.00651986,0.93564423
OS,CES3,0.856789006,0.635570631,0.519434597,1.155005228,0.152384668,-1.014298834,0.31044018,0.882016196,0.744764925,0.105982735,0.744764925
OS,CFB,0.935604101,0.700842745,0.548160745,1.249003489,0.147405201,-0.451563855,0.651583214,0.894409084,0.854999669,0.033395007,0.854999669
OS,CFD,0.862206056,0.662881765,0.458584116,1.121465881,0.134133916,-1.105320691,0.269020655,0.882016196,0.585659937,0.297173335,0.585659937
OS,CFI,0.836998996,0.622193636,0.503769857,1.125963493,0.151314778,-1.175908992,0.239631245,0.882016196,0.99706834,1.35E-05,0.99706834
OS,CFP,0.904893916,0.667034347,0.560538122,1.227572469,0.15560295,-0.642260071,0.520704335,0.882016196,0.777888249,0.079564652,0.777888249
OS,CGAS,0.802679984,0.609451663,0.447720213,1.057171875,0.140510985,-1.564284597,0.117750748,0.882016196,0.448997934,0.573180241,0.448997934
OS,CHAD,0.957356574,0.703893057,0.598196232,1.302089289,0.156915884,-0.277724345,0.781223971,0.930721661,0.71032771,0.137949846,0.71032771
OS,CHEK1,0.954761413,0.722599169,0.538915368,1.261514537,0.142148945,-0.325671072,0.744673234,0.919305057,0.183952012,1.765403054,0.183952012
OS,CHEK2,1.122303178,0.815422952,0.729253244,1.544676196,0.16297816,0.707965921,0.478966421,0.882016196,0.355038205,0.855367908,0.355038205
OS,CHIT1,0.924841776,0.683627628,0.567539348,1.251166976,0.154191254,-0.506725294,0.612347581,0.890181229,0.539602823,0.37627638,0.539602823
OS,CHUK,0.73419827,0.541258587,0.454655591,0.995914177,0.155554885,-1.986283906,0.047001809,0.882016196,0.573344951,0.317117735,0.573344951
OS,CIC,1.111791259,0.842383146,0.624977411,1.467360558,0.141580554,0.74849588,0.454161109,0.882016196,0.910723299,0.012572297,0.910723299
OS,CKLF,1.301341271,0.950363003,0.831576211,1.781939214,0.160363527,1.642489935,0.10048851,0.882016196,0.523591268,0.406813551,0.523591268
OS,CLCF1,0.90451986,0.672757387,0.543366275,1.216123662,0.151033128,-0.664430504,0.506414815,0.882016196,0.737664394,0.11219009,0.737664394
OS,CLEC14A,0.956923271,0.707897327,0.585654877,1.293552204,0.153790656,-0.286311719,0.774639384,0.929409161,0.123857478,2.367850644,0.123857478
OS,CLEC4A,0.867957609,0.636446049,0.547237016,1.183683066,0.158290267,-0.894637465,0.370980917,0.882016196,0.892372602,0.018306803,0.892372602
OS,CLEC4C,0.874455846,0.641901553,0.5493606,1.191262153,0.15774109,-0.850466274,0.395065903,0.882016196,0.87282708,0.025621939,0.87282708
OS,CLEC4E,0.876423164,0.644337243,0.547767623,1.192104866,0.156955323,-0.840406291,0.400680623,0.882016196,0.595906555,0.281214099,0.595906555
OS,CLEC5A,0.87139532,0.645517645,0.530793813,1.176311459,0.153086077,-0.899229632,0.36853036,0.882016196,0.929519019,0.007823403,0.929519019
OS,CLEC6A,0.826023844,0.609634768,0.509585177,1.119219945,0.154984278,-1.233232435,0.217489057,0.882016196,0.984006929,0.000401829,0.984006929
OS,CLEC7A,0.913522798,0.661879835,0.598959155,1.26083899,0.16440318,-0.550153268,0.582214253,0.882016196,0.876676325,0.024082049,0.876676325
OS,CLECL1,0.85415159,0.630728145,0.525990394,1.156718539,0.154713938,-1.018955353,0.308224163,0.882016196,0.961233005,0.002362578,0.961233005
OS,CLU,1.193330307,0.888236,0.714983438,1.603219438,0.150648575,1.173246914,0.240696804,0.882016196,0.501459899,0.45184541,0.501459899
OS,CMA1,0.829471731,0.612055345,0.512064162,1.124119506,0.155087706,-1.205551715,0.227990387,0.882016196,0.842640929,0.039408825,0.842640929
OS,CMKLR1,0.742480845,0.508309386,0.576222634,1.08453202,0.193323339,-1.540208272,0.123509594,0.882016196,0.573127266,0.317477942,0.573127266
OS,CMTM4,1.141649249,0.8549995,0.669402571,1.524402071,0.14751716,0.898023841,0.36917284,0.882016196,0.955257628,0.003147846,0.955257628
OS,CMTM6,0.746095333,0.542211609,0.484432299,1.026643908,0.162858623,-1.798504063,0.072097165,0.882016196,0.958931921,0.002651627,0.958931921
OS,CNOT2,1.062249132,0.746160018,0.766080241,1.512240259,0.180209272,0.335101974,0.737548164,0.918557046,0.116215075,2.467602449,0.116215075
OS,CNTFR,0.811574587,0.598581697,0.501774886,1.100356583,0.15531575,-1.344222869,0.178876329,0.882016196,0.69095127,0.158057492,0.69095127
OS,COL11A1,0.851482511,0.630892363,0.518309164,1.149201527,0.152984288,-1.050933533,0.293289118,0.882016196,0.908172265,0.013304296,0.908172265
OS,COL11A2,0.805585697,0.593165124,0.500911868,1.094076992,0.156174692,-1.384255607,0.166280202,0.882016196,0.542409863,0.371091582,0.542409863
OS,COL17A1,0.836471406,0.621377467,0.504644075,1.126021542,0.151662788,-1.177368188,0.239048581,0.882016196,0.637309396,0.222278337,0.637309396
OS,COL1A1,1.052718058,0.801523084,0.581113713,1.382636797,0.139092838,0.36936083,0.71185879,0.913815622,0.791159687,0.070121687,0.791159687
OS,COL1A2,1.040727042,0.782197967,0.602506189,1.384704156,0.145700108,0.273984339,0.784096657,0.930721661,0.487320354,0.482437379,0.487320354
OS,COL24A1,0.838980912,0.612904334,0.535544016,1.148448349,0.160196359,-1.095950777,0.273100316,0.882016196,0.599357795,0.275965579,0.599357795
OS,COL27A1,0.929947492,0.695721885,0.547306912,1.243028797,0.148052789,-0.49054905,0.62374543,0.890181229,0.15960275,1.977985893,0.15960275
OS,COL2A1,0.936231045,0.68505369,0.594449776,1.279503465,0.159372865,-0.413451751,0.679275666,0.899500816,0.940760181,0.005522637,0.940760181
OS,COL3A1,1.051850495,0.805633298,0.567683155,1.373316454,0.136062497,0.371527719,0.710244514,0.913815622,0.920116979,0.010057356,0.920116979
OS,COL4A4,0.831698379,0.618526254,0.499813007,1.11833926,0.151089619,-1.219709408,0.222575054,0.882016196,0.838217914,0.041686821,0.838217914
OS,COL4A5,1.108128454,0.788124465,0.769939934,1.558064399,0.173866341,0.590525542,0.554838367,0.882016196,0.506906854,0.44044686,0.506906854
OS,COL4A6,0.985539515,0.682316089,0.741200301,1.42351639,0.187603548,-0.077642756,0.93811223,0.982855685,0.200679069,1.637425477,0.200679069
OS,COL5A1,1.093082677,0.830667067,0.607730802,1.438397869,0.140067908,0.635419275,0.525155,0.882016196,0.721800212,0.126774368,0.721800212
OS,COL5A2,1.016853554,0.772440526,0.566162401,1.338602928,0.140264501,0.119154229,0.905153168,0.979066429,0.581521412,0.303781505,0.581521412
OS,COL6A3,1.064007467,0.815557951,0.572586065,1.388144016,0.135678619,0.457274765,0.647473565,0.892991318,0.47401373,0.512604098,0.47401373
OS,COL6A6,1.014267682,0.73467495,0.665589114,1.400264064,0.164540768,0.086099372,0.931387423,0.982855685,0.358154209,0.844354973,0.358154209
OS,COLEC12,0.825799353,0.619669365,0.48082811,1.100497475,0.146515844,-1.306366907,0.191427814,0.882016196,0.646613215,0.210196778,0.646613215
OS,COMP,1.109536218,0.825747853,0.665107515,1.490855368,0.150721097,0.689632097,0.490425577,0.882016196,0.953018798,0.003471127,0.953018798
OS,COX4I1,1.039429003,0.779670094,0.606060434,1.385730528,0.146714906,0.263582806,0.792101409,0.933606178,0.91619802,0.011072103,0.91619802
OS,COX5B,0.868930996,0.659018102,0.486688023,1.145706125,0.141080507,-0.995825476,0.31933495,0.882016196,0.735555692,0.114071388,0.735555692
OS,COX6A1,0.969656311,0.734245127,0.546299104,1.280544231,0.141889728,-0.217165749,0.828079176,0.946219205,0.749723144,0.101763834,0.749723144
OS,COX6B1,0.957417682,0.717130874,0.561085768,1.278216642,0.147442195,-0.295136232,0.767889812,0.927881484,0.766398198,0.088262158,0.766398198
OS,CPA3,1.009420305,0.735561876,0.649677606,1.385239482,0.161480939,0.058063884,0.953697743,0.983982932,0.61159879,0.25785334,0.61159879
OS,CPSF7,1.126360939,0.828667924,0.702330113,1.530998038,0.156598697,0.759853246,0.447342311,0.882016196,0.388654656,0.743146958,0.388654656
OS,CR1,0.940262342,0.68390707,0.608802584,1.292709654,0.162419759,-0.37924176,0.704508343,0.911072588,0.729319879,0.119737028,0.729319879
OS,CR2,0.910349132,0.660404669,0.594485827,1.254890496,0.163765971,-0.573544615,0.566276,0.882016196,0.983809902,0.000411792,0.983809902
OS,CRABP2,0.986605878,0.730507951,0.601977423,1.332485374,0.153334722,-0.087942456,0.929922413,0.982855685,0.427840539,0.628678293,0.427840539
OS,CREB1,1.1214156,0.821781545,0.708519246,1.530300791,0.158611331,0.722469295,0.470005997,0.882016196,0.107783154,2.586428143,0.107783154
OS,CREB3L1,1.04151314,0.783990048,0.599636727,1.383626775,0.14491774,0.2806737,0.778960683,0.930721661,0.530221335,0.393967344,0.530221335
OS,CREB3L3,0.946978683,0.696552245,0.5908869,1.287439145,0.156703789,-0.347653981,0.728100061,0.915961371,0.929052045,0.007927691,0.929052045
OS,CREB3L4,1.128441253,0.854801735,0.634876643,1.489678378,0.141698004,0.852780246,0.39378118,0.882016196,0.813440068,0.055691501,0.813440068
OS,CREB5,0.999073233,0.74276383,0.601064833,1.343828664,0.151252753,-0.006130112,0.995108909,0.998138264,0.755985455,0.096569837,0.755985455
OS,CREBBP,0.936025814,0.706610651,0.533314509,1.239925161,0.143453272,-0.460862428,0.644897309,0.891978447,0.751198132,0.100526997,0.751198132
OS,CRLF2,0.891482404,0.653559336,0.562460132,1.216019468,0.158396978,-0.725200575,0.46832899,0.882016196,0.885665451,0.020675873,0.885665451
OS,CRP,0.887007618,0.649322415,0.562375344,1.211697759,0.15914792,-0.753397898,0.451210846,0.882016196,0.560026927,0.339657602,0.560026927
OS,CSF1,0.911818038,0.661151167,0.596370828,1.257521995,0.164012168,-0.562853536,0.573534622,0.882016196,0.408869197,0.682086422,0.408869197
OS,CSF1R,0.844370988,0.61854443,0.534100925,1.152645355,0.158790128,-1.065326443,0.286728231,0.882016196,0.763473642,0.090554312,0.763473642
OS,CSF2RB,0.922292942,0.677683938,0.577509262,1.2551932,0.157238546,-0.514456433,0.606932913,0.890181229,0.373341115,0.792513713,0.373341115
OS,CSF3,0.917120021,0.681896927,0.551587341,1.233484268,0.151206776,-0.572176285,0.567202552,0.882016196,0.500070268,0.454787296,0.500070268
OS,CSF3R,0.926042289,0.672182429,0.603593735,1.275776165,0.163467354,-0.470034993,0.638330017,0.89107514,0.965954171,0.001821845,0.965954171
OS,CST2,1.239989698,0.893121937,0.828450883,1.72157282,0.167419011,1.284818676,0.198855654,0.882016196,0.157285802,2.00012918,0.157285802
OS,CT45A1,0.901407362,0.634841517,0.645060963,1.279902481,0.178871598,-0.580293364,0.561716801,0.882016196,0.979130853,0.000684271,0.979130853
OS,CTAG1B,0.926801141,0.67688192,0.59211394,1.26899586,0.16033059,-0.474121973,0.63541293,0.89107514,0.838459146,0.04156086,0.838459146
OS,CTAGE1,0.937655787,0.694203355,0.572281988,1.266485343,0.153379339,-0.419693833,0.674709131,0.897874129,0.662874157,0.19005102,0.662874157
OS,CTCFL,0.943380663,0.683397866,0.618869993,1.302267859,0.164489072,-0.354342112,0.723082512,0.915325946,0.429782762,0.623410439,0.429782762
OS,CTLA4,0.877937784,0.644550405,0.551282761,1.195833166,0.157667541,-0.825658525,0.408997826,0.882016196,0.902432594,0.015028054,0.902432594
OS,CTNNB1,0.964604761,0.725541064,0.556898196,1.28243926,0.145309186,-0.248001081,0.804133571,0.934024845,0.962554111,0.002204181,0.962554111
OS,CTSG,0.905314465,0.666007061,0.564601934,1.230608995,0.156626391,-0.635096806,0.52536528,0.882016196,0.526295824,0.401538414,0.526295824
OS,CTSH,1.023949055,0.784917508,0.550855559,1.335773067,0.135636893,0.174486262,0.861483327,0.957591624,0.391974696,0.732807449,0.391974696
OS,CTSL,1.032834224,0.809324072,0.50874686,1.318070933,0.124421958,0.25965431,0.795130439,0.934024845,0.227830772,1.454352922,0.227830772
OS,CTSS,0.946155281,0.705256891,0.56408174,1.26933863,0.149923459,-0.369178905,0.711994378,0.913815622,0.438438057,0.600366938,0.438438057
OS,CTSW,0.906276106,0.658663899,0.588309528,1.246973427,0.162824739,-0.604399967,0.545577758,0.882016196,0.764915631,0.089420136,0.764915631
OS,CUL1,1.058620231,0.753244116,0.734556144,1.487800261,0.173642121,0.328067814,0.742860389,0.919305057,0.00948574,6.729006945,0.00948574
OS,CX3CL1,0.924483788,0.677596284,0.5837304,1.261326684,0.158515084,-0.495345695,0.62035612,0.890181229,0.629294231,0.233019046,0.629294231
OS,CXADR,1.299883999,0.93627131,0.868438922,1.804710231,0.167413797,1.566627325,0.117201827,0.882016196,0.159284378,1.981006845,0.159284378
OS,CXCL1,0.982100816,0.715255724,0.633243813,1.348499537,0.161765132,-0.111651455,0.911099772,0.982108074,0.649133852,0.206993868,0.649133852
OS,CXCL10,0.809882967,0.56032934,0.610250841,1.170580181,0.187944797,-1.121954583,0.261881751,0.882016196,0.773276492,0.082996868,0.773276492
OS,CXCL11,0.904983562,0.662830192,0.572773221,1.235603413,0.158879421,-0.628391633,0.529747417,0.882016196,0.893562819,0.017901732,0.893562819
OS,CXCL12,0.760376115,0.567271327,0.451944361,1.019215689,0.149480032,-1.832633272,0.066857127,0.882016196,0.838916103,0.041322802,0.838916103
OS,CXCL13,0.824978853,0.59742981,0.541766958,1.139196768,0.164656572,-1.168477659,0.242614146,0.882016196,0.545373713,0.365670525,0.545373713
OS,CXCL14,1.047544033,0.785681628,0.611001787,1.396683415,0.146763936,0.316483797,0.751635322,0.92187751,0.450440521,0.56954313,0.450440521
OS,CXCL16,0.885871569,0.664474682,0.516561191,1.181035873,0.146724741,-0.825922708,0.408847938,0.882016196,0.369922503,0.803924802,0.369922503
OS,CXCL2,0.972770269,0.69406048,0.669339433,1.363399912,0.172242372,-0.160281874,0.872659037,0.963257123,0.915443869,0.011273033,0.915443869
OS,CXCL8,0.819631598,0.589971767,0.548719937,1.138691704,0.167748126,-1.185708091,0.235737598,0.882016196,0.439406984,0.597830509,0.439406984
OS,CXCL9,0.866222205,0.613410102,0.609818706,1.223228808,0.176078614,-0.815623274,0.414715634,0.882016196,0.877212002,0.023871625,0.877212002
OS,CXCR1,0.897816578,0.651183248,0.586678154,1.237861402,0.163867655,-0.657783792,0.51067707,0.882016196,0.988013969,0.000225685,0.988013969
OS,CXCR3,0.912524878,0.663069187,0.592760022,1.255829209,0.162929529,-0.561837568,0.574226694,0.882016196,0.990454973,0.000143118,0.990454973
OS,CXCR4,1.06035388,0.795817773,0.617006104,1.412823877,0.146425012,0.400223303,0.688992053,0.903547869,0.233022534,1.42231626,0.233022534
OS,CXCR5,0.948749842,0.697468882,0.593092299,1.29056118,0.156986183,-0.335125778,0.737530208,0.918557046,0.829577486,0.04632976,0.829577486
OS,CXXC4,0.930634614,0.703819215,0.526725172,1.230544387,0.142525684,-0.504390109,0.613987267,0.890181229,0.058687747,3.574085717,0.058687747
OS,CXXC5,0.8073934,0.600092856,0.486212531,1.086305387,0.15139392,-1.413162731,0.157607882,0.882016196,0.521954771,0.410029031,0.521954771
OS,CYBB,0.851230425,0.615460923,0.561857101,1.177318023,0.165468044,-0.97343519,0.330337056,0.882016196,0.696428442,0.152214057,0.696428442
OS,CYFIP2,0.985616473,0.745044006,0.558825058,1.303869064,0.142769981,-0.101477726,0.919171238,0.982382892,0.512549294,0.428859117,0.512549294
OS,CYLD,0.822517999,0.609772192,0.499717333,1.109489525,0.152699201,-1.279541159,0.200706555,0.882016196,0.716556124,0.131816393,0.716556124
OS,CYP19A1,0.926312151,0.691097223,0.550485253,1.241582476,0.149457216,-0.512146599,0.608548414,0.890181229,0.728010453,0.120946259,0.728010453
OS,CYP4A11.22,0.888445349,0.63655948,0.603442694,1.240002174,0.170102756,-0.695357002,0.4868316,0.882016196,0.625772485,0.237837338,0.625772485
OS,DAB2,0.89535556,0.665667969,0.538628492,1.204296461,0.15124253,-0.730841816,0.464875779,0.882016196,0.255261785,1.294274075,0.255261785
OS,DAXX,0.806540707,0.616093318,0.439766066,1.055859384,0.137429019,-1.564450593,0.117711787,0.882016196,0.881779491,0.022115787,0.881779491
OS,DDB2,1.000045071,0.765188262,0.541797473,1.306985735,0.136573148,0.000330003,0.999736695,0.999821193,0.107199181,2.595033385,0.107199181
OS,DDIT3,1.143568901,0.884186036,0.594857717,1.479043753,0.131248217,1.022139505,0.306714878,0.882016196,0.831638396,0.045199073,0.831638396
OS,DDIT4,1.002208784,0.742076491,0.611453043,1.353529534,0.15332389,0.014390113,0.988518748,0.997082779,0.676065986,0.174588114,0.676065986
OS,DDX43,0.83581247,0.622203322,0.500552633,1.122755955,0.150583046,-1.19104384,0.233636375,0.882016196,0.615339659,0.25247223,0.615339659
OS,DDX58,1.126002098,0.768558182,0.881129184,1.649687366,0.194856847,0.609028599,0.542505483,0.882016196,0.870306191,0.026656953,0.870306191
OS,DEFB1,1.142636166,0.879609083,0.604706432,1.484315515,0.133479858,0.99893738,0.317825027,0.882016196,0.083473249,2.995944029,0.083473249
OS,DEFB134,0.940110681,0.698316452,0.567310455,1.265626907,0.15169934,-0.407105693,0.683930362,0.900403734,0.693457264,0.15536814,0.693457264
OS,DEPTOR,1.095927912,0.797594208,0.708256734,1.505850942,0.162123762,0.565009173,0.572067525,0.882016196,0.342404214,0.9014089,0.342404214
OS,DGLUCY,1.081145054,0.793939765,0.678306217,1.472245982,0.157537792,0.495250784,0.620423107,0.890181229,0.430681809,0.620984138,0.430681809
OS,DIPK2B,0.911065934,0.654194695,0.614603636,1.268798331,0.168987934,-0.551163662,0.581521488,0.882016196,0.319520588,0.990907856,0.319520588
OS,DKK2,0.863401096,0.631428606,0.549166389,1.180594995,0.15964297,-0.920027525,0.357558376,0.882016196,0.964810569,0.001946373,0.964810569
OS,DKK4,1.111551163,0.775839507,0.8166883,1.592527807,0.183455455,0.57646955,0.564297846,0.882016196,0.830059921,0.046063769,0.830059921
OS,DLL1,0.745269419,0.537743158,0.49514122,1.032884377,0.166515685,-1.765656434,0.077453506,0.882016196,0.212876959,1.551752172,0.212876959
OS,DLL3,0.978294843,0.719679933,0.610162342,1.329842275,0.15663784,-0.140095008,0.888584925,0.971842888,0.783123847,0.075762798,0.783123847
OS,DLL4,0.921642883,0.693320121,0.531836308,1.225156429,0.14524042,-0.561809581,0.574245764,0.882016196,0.538951514,0.377486471,0.538951514
OS,DMBT1,1.162572477,0.821097071,0.824962586,1.646059657,0.177426293,0.849001576,0.395880415,0.882016196,0.556091177,0.346517435,0.556091177
OS,DNAJC14,0.809728261,0.616834797,0.446107598,1.062942396,0.138827793,-1.520276037,0.128441614,0.882016196,0.38302257,0.760978203,0.38302257
OS,DNMT1,1.202208878,0.883589297,0.7521324,1.635721697,0.157106722,1.172200617,0.241116521,0.882016196,0.11708849,2.455840354,0.11708849
OS,DNMT3A,1.047740237,0.79134155,0.595871851,1.387213401,0.143197171,0.325674654,0.744670523,0.919305057,0.223426642,1.482225526,0.223426642
OS,DOCK9,0.911722037,0.664673897,0.585919931,1.250593827,0.161247157,-0.573158136,0.566537627,0.882016196,0.70983967,0.138437147,0.70983967
OS,DPP4,0.834936531,0.614929737,0.51872663,1.133656366,0.156047612,-1.156054652,0.247658803,0.882016196,0.994856159,4.16E-05,0.994856159
OS,DSC3,0.922744286,0.688689518,0.547654284,1.236343802,0.149268869,-0.53864634,0.590130906,0.885792706,0.859990821,0.031111968,0.859990821
OS,DSP,1.17411576,0.882590211,0.67934397,1.561934181,0.145619815,1.10229037,0.270335455,0.882016196,0.149685462,2.075453315,0.149685462
OS,DST,1.053885768,0.79173328,0.611106841,1.402840121,0.145928587,0.35965581,0.719104542,0.913815622,0.459236099,0.547755865,0.459236099
OS,DTX1,1.148398978,0.825387139,0.772433025,1.597820164,0.168508976,0.821135961,0.411568828,0.882016196,0.460583725,0.544475753,0.460583725
OS,DTX3,1.077789818,0.804570067,0.639220773,1.44379084,0.149165855,0.502209302,0.6155203,0.890181229,0.922221259,0.009532808,0.922221259
OS,DTX3L,0.829522245,0.585747325,0.589003505,1.174750829,0.177534597,-1.052782695,0.292440598,0.882016196,0.281563093,1.159529723,0.281563093
OS,DTX4,0.901542008,0.670628223,0.541336862,1.211965086,0.150967937,-0.686560614,0.492359655,0.882016196,0.717816663,0.13059428,0.717816663
OS,DUOX1,0.786905799,0.568330128,0.521213969,1.089544097,0.166026563,-1.443424056,0.148901052,0.882016196,0.013752772,6.069604912,0.013752772
OS,DUSP1,1.004747476,0.7587554,0.571735942,1.330491342,0.143274093,0.033057213,0.973628963,0.990248908,0.088619444,2.899274241,0.088619444
OS,DUSP10,1.047199438,0.775856999,0.637582156,1.413439156,0.153016308,0.301401851,0.763108083,0.927881484,0.733733535,0.115711088,0.733733535
OS,DUSP2,0.842431727,0.601349745,0.578814079,1.180163824,0.172001078,-0.996869656,0.318827782,0.882016196,0.822448403,0.050354015,0.822448403
OS,DUSP4,0.754613932,0.562465512,0.449938226,1.012403738,0.14993972,-1.877747999,0.060415647,0.882016196,0.624262073,0.239922531,0.624262073
OS,DUSP5,0.988341431,0.728854009,0.611357845,1.340211855,0.15538794,-0.075469584,0.939841097,0.982855685,0.517981048,0.417911423,0.517981048
OS,DUSP6,0.865698398,0.564137711,0.764321106,1.328458817,0.218492886,-0.660061313,0.509214484,0.882016196,0.188948716,1.725795707,0.188948716
OS,DUSP8,1.20632337,0.878614433,0.777647993,1.656262426,0.161730685,1.159812049,0.246125337,0.882016196,0.166235504,1.916567933,0.166235504
OS,E2F1,1.386719899,0.990237545,0.951712738,1.941950283,0.171815195,1.902865306,0.057058123,0.882016196,0.233839671,1.417352438,0.233839671
OS,E2F3,0.949989548,0.717267031,0.54095355,1.258220582,0.143371401,-0.357841915,0.720461621,0.914248277,0.852281105,0.034673678,0.852281105
OS,E2F4,1.02780885,0.760577237,0.628356037,1.388933275,0.15362875,0.178542143,0.858297227,0.957591624,0.687420651,0.161891877,0.687420651
OS,E2F5,1.042358141,0.777300814,0.620498436,1.39779925,0.149703488,0.277118389,0.781689202,0.930721661,0.102890196,2.660162916,0.102890196
OS,EBI3,0.916861456,0.685754609,0.540099243,1.225853852,0.148184624,-0.585748373,0.558044622,0.882016196,0.850204792,0.035667017,0.850204792
OS,ECSIT,1.164478734,0.860741429,0.71465703,1.575398459,0.154204202,0.987479889,0.323407437,0.882016196,0.70492546,0.143398591,0.70492546
OS,EDN1,0.977517516,0.715641231,0.619581578,1.335222808,0.159103558,-0.142919924,0.886353423,0.970311885,0.632732736,0.228373163,0.632732736
OS,EFNA1,1.299612767,0.955408411,0.812414986,1.767823397,0.156983865,1.669383969,0.095041309,0.882016196,0.234791585,1.411596263,0.234791585
OS,EFNA2,0.849558226,0.636084656,0.498590065,1.134674721,0.147648029,-1.104239589,0.269489221,0.882016196,0.696648631,0.151981797,0.696648631
OS,EFNA3,1.015377784,0.739048235,0.655978496,1.395026731,0.16207075,0.094161001,0.924981264,0.982382892,0.371646492,0.798151914,0.371646492
OS,EFNA5,0.934857541,0.662171871,0.657664657,1.319836527,0.17595681,-0.382827602,0.701847594,0.911072588,0.202146127,1.626800712,0.202146127
OS,EGFR,1.131927709,0.811036038,0.768746212,1.57978225,0.170087261,0.728579647,0.466258832,0.882016196,0.99168542,0.000108597,0.99168542
OS,EGR1,0.915012875,0.68843239,0.527734328,1.216166718,0.145166454,-0.611829666,0.54065046,0.882016196,0.034782811,4.455805366,0.034782811
OS,EGR2,0.902872079,0.663678772,0.564593137,1.228271909,0.157034838,-0.650647962,0.515273762,0.882016196,0.334848793,0.930054386,0.334848793
OS,EHHADH,0.846295145,0.634312379,0.494808691,1.12912107,0.147108124,-1.134452025,0.256604987,0.882016196,0.366783436,0.814533058,0.366783436
OS,EIF2AK2,1.11743087,0.804683557,0.747046607,1.551730164,0.167522649,0.662789087,0.507465644,0.882016196,0.446580791,0.57931539,0.446580791
OS,EIF2B4,0.903856533,0.682228956,0.51525266,1.197481616,0.143525766,-0.704296074,0.481248411,0.882016196,0.387100842,0.748029433,0.387100842
OS,EIF4EBP1,1.256841652,0.934100832,0.756991697,1.691092528,0.151417496,1.509745934,0.131108266,0.882016196,0.22845576,1.450449998,0.22845576
OS,EIF5AL1,0.958571536,0.675808657,0.683835643,1.3596443,0.178337057,-0.237253475,0.812460154,0.936450056,0.77866064,0.078997465,0.77866064
OS,ELANE,0.888315041,0.662092668,0.529739911,1.191832579,0.149962413,-0.789723375,0.429689337,0.882016196,0.714167659,0.134149741,0.714167659
OS,ELK1,0.885340591,0.650913402,0.553283592,1.204196994,0.156939521,-0.775985925,0.437757296,0.882016196,0.294739926,1.097843169,0.294739926
OS,ELMO1,0.77652065,0.592701715,0.424646986,1.017348701,0.137824968,-1.835168522,0.066480724,0.882016196,0.829548707,0.046345652,0.829548707
OS,ELOB,0.867813316,0.646530856,0.518301333,1.164832189,0.150184236,-0.944031576,0.345153513,0.882016196,0.978090329,0.000754225,0.978090329
OS,ENDOG,0.957043255,0.701653711,0.603736367,1.305390077,0.158374643,-0.277233081,0.78160114,0.930721661,0.531539774,0.391447005,0.531539774
OS,ENG,1.053935258,0.792360401,0.609501085,1.401861486,0.145548574,0.360917473,0.718161141,0.913815622,0.133254214,2.254177798,0.133254214
OS,ENO1,1.218328742,0.939572436,0.640215207,1.579787643,0.132558762,1.489754684,0.13628875,0.882016196,0.895119302,0.017378967,0.895119302
OS,ENTPD1,0.899070164,0.665494797,0.549131019,1.214625816,0.153487647,-0.693177613,0.488198095,0.882016196,0.520547684,0.412808041,0.520547684
OS,EP300,0.908331886,0.667239801,0.569297369,1.23653717,0.157380607,-0.610910425,0.541258883,0.882016196,0.742971271,0.10753229,0.742971271
OS,EPCAM,1.159092605,0.858263866,0.707100495,1.565364361,0.153309528,0.963002522,0.335546257,0.882016196,0.120152301,2.415334518,0.120152301
OS,EPHA2,1.014897018,0.754704851,0.610088226,1.364793077,0.151133225,0.097841801,0.922057914,0.982382892,0.495634917,0.464270428,0.495634917
OS,EPM2AIP1,0.951470136,0.721926171,0.532073832,1.254000003,0.140862498,-0.353159851,0.723968605,0.915325946,0.524895468,0.404263721,0.524895468
OS,EPO,0.917679762,0.663381625,0.606077934,1.269459559,0.165563276,-0.518875893,0.60384729,0.889603989,0.914163392,0.011618381,0.914163392
OS,EPOR,1.150426851,0.839453739,0.737145277,1.576599016,0.160787116,0.871544008,0.383457188,0.882016196,0.747443436,0.103691871,0.747443436
OS,ERBB2,1.014657957,0.783538022,0.530413235,1.313951257,0.131883677,0.110336379,0.912142607,0.982108074,0.301698629,1.066670874,0.301698629
OS,ERCC2,0.882760036,0.653939503,0.537707854,1.191647357,0.15308371,-0.814599249,0.415301741,0.882016196,0.211679569,1.559902004,0.211679569
OS,ERCC3,0.866746499,0.648886356,0.508865672,1.157752028,0.147701158,-0.968230275,0.332929378,0.882016196,0.050503911,3.824649467,0.050503911
OS,ERCC6,0.885304109,0.650093268,0.555523533,1.205616801,0.157561758,-0.773182964,0.439414107,0.882016196,0.430157124,0.622399198,0.430157124
OS,ERG,0.833788552,0.603666545,0.547968167,1.151634713,0.16477745,-1.103157286,0.269958867,0.882016196,0.972107353,0.001222577,0.972107353
OS,ERO1A,1.083572285,0.832979721,0.576573076,1.409552797,0.134190851,0.598127615,0.549754785,0.882016196,0.37690112,0.780785151,0.37690112
OS,ESR1,0.895844932,0.654837264,0.570716301,1.225553565,0.159890989,-0.687893348,0.491519946,0.882016196,0.652313801,0.202995438,0.652313801
OS,ESR2,0.926251885,0.687633821,0.560039764,1.247673585,0.15198736,-0.504048935,0.61422699,0.890181229,0.666131903,0.186160139,0.666131903
OS,ETS1,0.84239334,0.599654207,0.583738707,1.183392914,0.173418435,-0.988984957,0.322670502,0.882016196,0.568990974,0.324373729,0.568990974
OS,ETS2,1.020606313,0.758424527,0.614997889,1.373422416,0.151486897,0.134644487,0.892892966,0.973185822,0.914143017,0.011623918,0.914143017
OS,ETV1,0.813508065,0.582280419,0.554277415,1.136557834,0.170617262,-1.209721898,0.226385624,0.882016196,0.09721981,2.750569255,0.09721981
OS,ETV4,0.725003554,0.514406513,0.507412109,1.021818622,0.17508624,-1.83668758,0.06625603,0.882016196,0.201753351,1.629636368,0.201753351
OS,ETV7,0.889142916,0.65231753,0.559630774,1.211948304,0.158026644,-0.743528393,0.457161838,0.882016196,0.899206821,0.016043615,0.899206821
OS,EWSR1,1.140329373,0.824793218,0.751785068,1.576578286,0.165278401,0.794520905,0.426892244,0.882016196,0.571574088,0.320055841,0.571574088
OS,EXO1,1.013387496,0.742669767,0.640117391,1.382787158,0.158575601,0.083863312,0.93316511,0.982855685,0.346396631,0.886613646,0.346396631
OS,EYA1,1.068509723,0.806462161,0.609243476,1.415705637,0.143555288,0.461598427,0.644369323,0.891964609,0.882891153,0.021698813,0.882891153
OS,EZH2,1.154883658,0.856693253,0.700172357,1.55686561,0.152387987,0.944953817,0.344682454,0.882016196,0.520255957,0.413385866,0.520255957
OS,F12,0.870909687,0.651984607,0.511361391,1.163345997,0.147715638,-0.93569644,0.349429504,0.882016196,0.97745609,0.000798535,0.97745609
OS,F13A1,0.77591804,0.563242806,0.505654653,1.068897459,0.163439783,-1.552304946,0.120589275,0.882016196,0.53921458,0.376997388,0.53921458
OS,F2RL1,0.81600535,0.611026196,0.478722058,1.089748254,0.147595099,-1.377649863,0.168311418,0.882016196,0.789274777,0.071423884,0.789274777
OS,FAAP24,0.851160883,0.629900306,0.520241773,1.150142079,0.153594454,-1.04921833,0.294077644,0.882016196,0.766031322,0.088547946,0.766031322
OS,FADD,0.813759529,0.607069663,0.483751723,1.090821385,0.149503437,-1.378499247,0.1680492,0.882016196,0.913044755,0.011924394,0.913044755
OS,FAM124B,0.825736881,0.610691794,0.50581477,1.116506564,0.153923121,-1.24399181,0.213502577,0.882016196,0.693566341,0.155251688,0.693566341
OS,FAM30A,0.933312596,0.700869598,0.541975583,1.242845181,0.146134492,-0.47227105,0.636733331,0.89107514,0.952886879,0.00349067,0.952886879
OS,FANCA,1.258438595,0.950891126,0.714565259,1.665456385,0.142975815,1.607766613,0.107886303,0.882016196,0.854385961,0.033681493,0.854385961
OS,FANCB,0.985780443,0.730272932,0.600411856,1.330684788,0.153071849,-0.093561449,0.925457535,0.982382892,0.687946299,0.161317623,0.687946299
OS,FANCC,0.96824802,0.72186212,0.576868207,1.298730328,0.149826285,-0.215362783,0.829484484,0.947196473,0.743468863,0.107101168,0.743468863
OS,FANCE,0.867668791,0.621472673,0.589922714,1.211395388,0.170267477,-0.833660175,0.404472506,0.882016196,0.595457822,0.281901169,0.595457822
OS,FANCF,0.807880456,0.571745734,0.569794627,1.141540361,0.176390856,-1.209479823,0.226478558,0.882016196,0.897846888,0.016481869,0.897846888
OS,FANCG,1.264558008,0.946458544,0.743110391,1.689568935,0.147834741,1.58773681,0.112345866,0.882016196,0.378970532,0.774038727,0.378970532
OS,FANCL,1.02324167,0.756778712,0.626747936,1.383526648,0.153911035,0.149279064,0.881333434,0.968510641,0.150238579,2.069826832,0.150238579
OS,FAP,0.916873748,0.689764748,0.52899494,1.218759688,0.14521654,-0.597628174,0.550088061,0.882016196,0.485530822,0.486415095,0.485530822
OS,FAS,0.766284947,0.568008208,0.465766679,1.033774887,0.152767208,-1.742528306,0.081416043,0.882016196,0.182116287,1.78026909,0.182116287
OS,FASLG,0.955082616,0.706008646,0.586019161,1.292027807,0.154171384,-0.298093149,0.76563207,0.927881484,0.967353761,0.001675053,0.967353761
OS,FBP1,0.798361652,0.587139237,0.498431761,1.085570998,0.156788442,-1.436289453,0.150919994,0.882016196,0.885118913,0.020875398,0.885118913
OS,FBXW7,0.854146683,0.624334323,0.54421677,1.168551093,0.15990954,-0.985884519,0.324189785,0.882016196,0.107922145,2.584387548,0.107922145
OS,FCAR,0.892058166,0.649202606,0.576559221,1.225761826,0.162138943,-0.704481833,0.48113276,0.882016196,0.722198123,0.126396313,0.722198123
OS,FCER1A,0.884180686,0.650185321,0.552203383,1.202388704,0.156841661,-0.784828729,0.432553993,0.882016196,0.996181103,2.29E-05,0.996181103
OS,FCER1G,0.933491892,0.699641811,0.545862815,1.245504626,0.147127077,-0.467779305,0.639942421,0.89107514,0.477945716,0.50354704,0.477945716
OS,FCER2,0.887475735,0.654401194,0.549161983,1.203563176,0.155441923,-0.767965921,0.442507431,0.882016196,0.970647461,0.001353964,0.970647461
OS,FCGR1A,1.012190753,0.715862519,0.715320274,1.431182793,0.176729873,0.068562512,0.94533786,0.983047418,0.618853708,0.247481969,0.618853708
OS,FCGR3A.B,1.073829576,0.810497573,0.612221011,1.422718584,0.143542553,0.496238227,0.619726344,0.890181229,0.839103905,0.04122517,0.839103905
OS,FCGRT,1.029702225,0.782732001,0.57186532,1.354597322,0.139918169,0.209191264,0.834298932,0.949065491,0.065045927,3.40381224,0.065045927
OS,FCN1,0.926145502,0.675825561,0.593356222,1.269181783,0.1607664,-0.477238571,0.633192248,0.89107514,0.729658945,0.119425016,0.729658945
OS,FCRL2,0.886332169,0.649550501,0.559877729,1.209428231,0.158580058,-0.760899524,0.446717083,0.882016196,0.846739097,0.03735745,0.846739097
OS,FEN1,0.912980531,0.708636001,0.467614498,1.176250499,0.129274089,-0.704245713,0.481279767,0.882016196,0.915103755,0.011364249,0.915103755
OS,FEZ1,0.817792084,0.607184434,0.494266551,1.101450985,0.151929087,-1.323954185,0.185518261,0.882016196,0.469546146,0.523043842,0.469546146
OS,FGCR2A.B,1.069148002,0.815569764,0.585999421,1.401569186,0.138130285,0.484050775,0.628349834,0.89107514,0.553375121,0.351305369,0.553375121
OS,FGF1,0.852091716,0.626567208,0.532223555,1.158790763,0.156859069,-1.020413491,0.307532398,0.882016196,0.99056168,0.000139936,0.99056168
OS,FGF10,0.900502051,0.635657976,0.640034259,1.275692235,0.177703162,-0.589763487,0.555349225,0.882016196,0.823649797,0.049663528,0.823649797
OS,FGF11,0.859776635,0.632949435,0.534941427,1.167890863,0.156269244,-0.966809886,0.333639082,0.882016196,0.956260536,0.003008169,0.956260536
OS,FGF12,0.809080716,0.600607884,0.489307223,1.089915107,0.152021366,-1.393597484,0.163439189,0.882016196,0.499678174,0.455619881,0.499678174
OS,FGF13,1.072620712,0.786339984,0.676786927,1.463126911,0.158406456,0.442563514,0.65808148,0.894409084,0.781134248,0.077195743,0.781134248
OS,FGF14,0.883457566,0.664385502,0.510380156,1.174765658,0.145400991,-0.852208893,0.394098162,0.882016196,0.339718974,0.911491559,0.339718974
OS,FGF16,0.818898311,0.599396438,0.519386395,1.118782833,0.159205325,-1.254954034,0.209495447,0.882016196,0.856914582,0.032509227,0.856914582
OS,FGF17,0.932945088,0.707020126,0.524043185,1.231063311,0.141475667,-0.490606879,0.62370452,0.890181229,0.660151416,0.193339716,0.660151416
OS,FGF18,0.936722136,0.701748675,0.548625411,1.250374087,0.147355444,-0.443611622,0.657323401,0.894409084,0.809087844,0.058371981,0.809087844
OS,FGF19,0.932473317,0.677525091,0.605831787,1.283356878,0.162959091,-0.429032479,0.667899588,0.896582616,0.929491347,0.007829564,0.929491347
OS,FGF2,0.89810334,0.670673912,0.5319815,1.202655412,0.148983398,-0.721356476,0.470690218,0.882016196,0.925550264,0.008731916,0.925550264
OS,FGF20,0.955836827,0.708710172,0.580426172,1.289136344,0.152625538,-0.295940407,0.767275592,0.927881484,0.864002157,0.029337469,0.864002157
OS,FGF21,0.907808857,0.673213089,0.55094154,1.22415463,0.152539507,-0.634074638,0.526032113,0.882016196,0.566743232,0.328162248,0.566743232
OS,FGF22,0.892969094,0.665075663,0.533876347,1.19895201,0.150334986,-0.753007073,0.451445664,0.882016196,0.767520395,0.08739111,0.767520395
OS,FGF23,0.87182397,0.642970582,0.539162872,1.182133454,0.155354162,-0.882935755,0.377270984,0.882016196,0.94082911,0.005509769,0.94082911
OS,FGF3,0.91406322,0.665898988,0.588813189,1.254712177,0.161616106,-0.555981356,0.5782236,0.882016196,0.789622806,0.071182481,0.789622806
OS,FGF4,0.842424786,0.620312766,0.523754484,1.14406725,0.156156222,-1.098072769,0.272172715,0.882016196,0.866375361,0.028312873,0.866375361
OS,FGF5,1.086296287,0.813290525,0.637654232,1.450944757,0.147676638,0.560508482,0.575132656,0.882016196,0.444502742,0.5846312,0.444502742
OS,FGF6,0.865652389,0.641967163,0.525310699,1.167277863,0.152526412,-0.945881094,0.344209238,0.882016196,0.844786323,0.038327829,0.844786323
OS,FGF7,0.855967738,0.639969492,0.504898783,1.144868275,0.148376287,-1.048163391,0.294563334,0.882016196,0.921955915,0.00959817,0.921955915
OS,FGF8,0.925835693,0.675074142,0.594670436,1.269744577,0.161163297,-0.478139247,0.6325511,0.89107514,0.679774775,0.170379477,0.679774775
OS,FGF9,0.962975996,0.716895172,0.576631141,1.293526313,0.150563409,-0.250570801,0.802145959,0.934024845,0.903163987,0.014802479,0.903163987
OS,FGFR1,1.135852706,0.812098567,0.776577269,1.588675835,0.171185396,0.744126863,0.456799729,0.882016196,0.740836572,0.109392724,0.740836572
OS,FGFR2,0.827994435,0.619207939,0.487972284,1.107180223,0.148250321,-1.273176641,0.202955368,0.882016196,0.545187595,0.366009341,0.545187595
OS,FGFR3,1.197589772,0.843128352,0.857942735,1.701071087,0.179057928,1.006998215,0.313935632,0.882016196,0.919047522,0.010329385,0.919047522
OS,FGFR4,0.863982905,0.642865824,0.518288543,1.161154367,0.150827747,-0.969332897,0.332379121,0.882016196,0.713253301,0.135049145,0.713253301
OS,FGL1,0.885306326,0.640564379,0.582993026,1.223557406,0.165096955,-0.737878923,0.460588028,0.882016196,0.94730883,0.004367447,0.94730883
OS,FH,0.98821313,0.725732604,0.619894127,1.345626731,0.157511446,-0.075276342,0.939994845,0.982855685,0.056341745,3.641925295,0.056341745
OS,FLG,0.901442505,0.643141471,0.620341954,1.263483425,0.172264158,-0.602325041,0.546957796,0.882016196,0.69411004,0.154671979,0.69411004
OS,FLNA,1.244386648,0.92649717,0.744849683,1.671346853,0.15050636,1.452714402,0.146303067,0.882016196,0.390126645,0.738547246,0.390126645
OS,FLNB,0.967261311,0.72261615,0.572116114,1.294732264,0.148773407,-0.223740196,0.822959467,0.945149514,0.352598879,0.864082033,0.352598879
OS,FLNC,0.946689014,0.706271084,0.562675229,1.268946314,0.149478008,-0.366506292,0.713987318,0.913815622,0.562266327,0.335795371,0.562266327
OS,FLT1,0.921385824,0.685082517,0.554113954,1.23919647,0.151196438,-0.541523417,0.588146861,0.885365819,0.257352345,1.282944109,0.257352345
OS,FLT3LG,0.827431154,0.607876381,0.518409057,1.126285437,0.157326547,-1.20405218,0.228569411,0.882016196,0.537467216,0.380254215,0.537467216
OS,FN1,1.01726679,0.767951757,0.579570028,1.347521785,0.143445379,0.119344471,0.905002452,0.979066429,0.753875336,0.098303287,0.753875336
OS,FOLH1,0.80656246,0.592552194,0.505313967,1.09786616,0.157320432,-1.366471834,0.171790916,0.882016196,0.717024712,0.131361338,0.717024712
OS,FOS,0.964796822,0.723186821,0.563939659,1.287126481,0.147069001,-0.243679813,0.807478809,0.934024845,0.139435579,2.184177012,0.139435579
OS,FOSL1,0.891685819,0.66368492,0.534328739,1.198013659,0.150669264,-0.760881329,0.446727951,0.882016196,0.892345524,0.018316072,0.892345524
OS,FOXA1,1.102906057,0.811853696,0.686448003,1.498301698,0.156321086,0.626585758,0.530930806,0.882016196,0.047607685,3.923781308,0.047607685
OS,FOXA2,0.903131403,0.682652601,0.512166446,1.194819047,0.142799546,-0.713498195,0.475537529,0.882016196,0.162007356,1.955388628,0.162007356
OS,FOXC1,0.889445061,0.657465992,0.545809197,1.203275189,0.154188905,-0.75983118,0.447355503,0.882016196,0.840830667,0.040333119,0.840830667
OS,FOXJ1,0.940573374,0.696145531,0.574678214,1.270823745,0.153539008,-0.399023144,0.689876151,0.903547869,0.515592968,0.422699787,0.515592968
OS,FOXL2,0.899388246,0.665081946,0.551157981,1.216239926,0.15398474,-0.688642739,0.491048118,0.882016196,0.384720588,0.755563187,0.384720588
OS,FOXM1,0.917958694,0.696461577,0.513437419,1.209898996,0.140890225,-0.607585694,0.543462291,0.882016196,0.34003161,0.910312149,0.34003161
OS,FOXO4,0.828651477,0.613054678,0.507013881,1.120068559,0.153750541,-1.222471314,0.221529446,0.882016196,0.588464717,0.292748295,0.588464717
OS,FPR1,0.842596363,0.624005227,0.513755483,1.13776071,0.153232044,-1.117698633,0.263695727,0.882016196,0.608742788,0.262009738,0.608742788
OS,FPR3,0.908176526,0.68068799,0.531004613,1.211692603,0.147112262,-0.65471434,0.512651691,0.882016196,0.697878806,0.150687937,0.697878806
OS,FST,0.862557623,0.643461513,0.512793582,1.156255095,0.149512818,-0.988900648,0.322711754,0.882016196,0.173273763,1.854389231,0.173273763
OS,FSTL3,1.026951951,0.778479866,0.576250495,1.354730361,0.141332849,0.188173833,0.850740384,0.957591624,0.991338839,0.000117839,0.991338839
OS,FUBP1,1.091641819,0.810894577,0.658694559,1.469589136,0.151686483,0.578052951,0.56322837,0.882016196,0.261725972,1.259604472,0.261725972
OS,FUT4,0.826348419,0.629099726,0.456342983,1.085442709,0.139148837,-1.37075367,0.170451758,0.882016196,0.897543819,0.016580354,0.897543819
OS,FUT5,0.992428279,0.743344535,0.58163176,1.324976296,0.14744919,-0.051546789,0.958889819,0.986384868,0.394830279,0.724014348,0.394830279
OS,FUT7,0.901547786,0.657303414,0.579246394,1.236549809,0.161210778,-0.642898888,0.520289711,0.882016196,0.857736604,0.032132755,0.857736604
OS,FUT8,0.8341772,0.606602592,0.5405267,1.147129292,0.162539712,-1.115477726,0.264645758,0.882016196,0.103861178,2.645229174,0.103861178
OS,FYN,0.902602772,0.675765509,0.529818014,1.205583524,0.147674358,-0.693910047,0.487738622,0.882016196,0.370910954,0.800610328,0.370910954
OS,FZD1,0.669595485,0.479643275,0.45513083,0.934774106,0.17022309,-2.356210917,0.018462432,0.882016196,0.30684078,1.044225433,0.30684078
OS,FZD10,0.924431713,0.677204591,0.584709466,1.261914056,0.158781364,-0.494869753,0.620692063,0.890181229,0.817683094,0.053142218,0.817683094
OS,FZD2,0.749031663,0.559835132,0.442332114,1.002167246,0.148542997,-1.945389744,0.051728088,0.882016196,0.38166981,0.765316602,0.38166981
OS,FZD3,1.341906805,0.983150246,0.848425223,1.831575469,0.158719711,1.852898982,0.063896839,0.882016196,0.35215579,0.865673744,0.35215579
OS,FZD4,0.900246298,0.646918485,0.605856659,1.252775144,0.168599064,-0.623294611,0.533090939,0.882016196,0.622979708,0.241701758,0.622979708
OS,FZD5,0.8616998,0.644235995,0.508333173,1.152569168,0.14839142,-1.003079079,0.315822708,0.882016196,0.403652592,0.697418159,0.403652592
OS,FZD6,1.416903317,1.032252238,0.912635781,1.944888019,0.161600252,2.156393466,0.031052954,0.882016196,0.363186489,0.826844761,0.363186489
OS,FZD7,1.146643562,0.822417109,0.776274653,1.598691762,0.169567714,0.806987541,0.419673661,0.882016196,0.597504591,0.278776005,0.597504591
OS,FZD8,1.087346272,0.811541761,0.645341878,1.456883639,0.149267817,0.561005821,0.574793569,0.882016196,0.668653978,0.18318064,0.668653978
OS,FZD9,0.973000442,0.709662335,0.62439446,1.334056795,0.161020951,-0.169982491,0.865023907,0.958026636,0.093200389,2.818208249,0.093200389
OS,G6PD,0.918623264,0.67353506,0.57935993,1.25289499,0.158337627,-0.536064504,0.591913971,0.885792706,0.578748024,0.308263024,0.578748024
OS,GABPA,1.190356945,0.838251263,0.852112614,1.690363877,0.178927064,0.97387847,0.330116885,0.882016196,0.23136003,1.432480597,0.23136003
OS,GADD45A,1.166311554,0.839014108,0.78227286,1.621286968,0.168051051,0.915473302,0.359943212,0.882016196,0.445872712,0.5811224,0.445872712
OS,GADD45B,0.962533846,0.733065739,0.530765532,1.263831271,0.138948394,-0.274821811,0.78345314,0.930721661,0.915084736,0.011369361,0.915084736
OS,GADD45G,0.963524322,0.720933765,0.566811607,1.287745372,0.14798765,-0.251085466,0.801748033,0.934024845,0.839341321,0.041101918,0.839341321
OS,GAS1,0.891884538,0.668459524,0.521527307,1.189986831,0.147125579,-0.777693428,0.436749767,0.882016196,0.132138498,2.267199395,0.132138498
OS,GATA1,0.88527245,0.654781313,0.54211801,1.196899323,0.153877391,-0.791928091,0.428402606,0.882016196,0.658793172,0.194992881,0.658793172
OS,GATA2,1.009330444,0.752786403,0.600516393,1.353302797,0.149625676,0.062069455,0.950507521,0.983047418,0.14079551,2.169243183,0.14079551
OS,GATA3,0.8344187,0.613953227,0.520098254,1.134051481,0.156541941,-1.156367189,0.247530996,0.882016196,0.703601564,0.144752292,0.703601564
OS,GBP1,0.856565052,0.612076353,0.586636333,1.198712686,0.171469086,-0.902932516,0.366561712,0.882016196,0.759034194,0.09409514,0.759034194
OS,GBP2,0.911365856,0.665502781,0.582557704,1.248060485,0.160411926,-0.578578326,0.562873733,0.882016196,0.879227266,0.023088458,0.879227266
OS,GBP4,0.913222379,0.66111751,0.600345241,1.261462752,0.164823345,-0.550746368,0.581807554,0.882016196,0.765611464,0.088875623,0.765611464
OS,GDF15,1.228966348,0.881377423,0.832256537,1.71363396,0.169616785,1.215525034,0.224165907,0.882016196,0.323296035,0.975565644,0.323296035
OS,GDF6,0.951473756,0.7038848,0.582266441,1.286151241,0.153777009,-0.323476017,0.746334768,0.919305057,0.810377821,0.057570554,0.810377821
OS,GHR,0.907939617,0.660600128,0.587286926,1.247887054,0.162262761,-0.595191423,0.551715523,0.882016196,0.922454197,0.009475614,0.922454197
OS,GIMAP4,0.872790318,0.643451009,0.540419914,1.183870923,0.155538292,-0.874768109,0.381700093,0.882016196,0.760389019,0.093006687,0.760389019
OS,GIMAP6,0.843091941,0.615402095,0.53962163,1.155023725,0.160615272,-1.062658994,0.287936623,0.882016196,0.809275395,0.058255096,0.809275395
OS,GLI1,0.915147348,0.667623519,0.586818012,1.254441531,0.160901257,-0.55108451,0.581575744,0.882016196,0.536031187,0.382945252,0.536031187
OS,GLI3,0.838231981,0.618233845,0.518282474,1.136516319,0.15532332,-1.136084331,0.255921272,0.882016196,0.533705389,0.387331566,0.533705389
OS,GLS,1.050524313,0.79631661,0.589565988,1.385882597,0.141353519,0.348695846,0.727317663,0.915961371,0.546778124,0.363120777,0.546778124
OS,GLUD1,0.868772613,0.641076687,0.536264291,1.177340978,0.15507037,-0.907161394,0.364321456,0.882016196,0.567926521,0.326164205,0.567926521
OS,GLUL,0.888902816,0.652423115,0.558674712,1.211097827,0.157806273,-0.746278113,0.45549943,0.882016196,0.843822723,0.038811424,0.843822723
OS,GMIP,0.919497834,0.66541582,0.605182565,1.270598386,0.165010966,-0.508618261,0.611019827,0.890181229,0.900945503,0.015492042,0.900945503
OS,GNA11,1.079193798,0.793606137,0.673947099,1.467553236,0.15683057,0.485965707,0.62699148,0.89107514,0.110474438,2.54742125,0.110474438
OS,GNAQ,0.834967554,0.617478236,0.511583122,1.129061358,0.153956423,-1.171516002,0.241391429,0.882016196,0.809366145,0.058198584,0.809366145
OS,GNAS,1.11766735,0.828458743,0.679377726,1.507836469,0.152774252,0.728157979,0.466516886,0.882016196,0.191285335,1.707690159,0.191285335
OS,GNG12,0.938911297,0.70663845,0.540894039,1.247532489,0.145003614,-0.434708266,0.663774198,0.896582616,0.386368342,0.750340833,0.386368342
OS,GNG4,1.079884205,0.811740652,0.624863384,1.436604036,0.14562931,0.527735922,0.597682637,0.887180672,0.206070783,1.598818104,0.206070783
OS,GNG7,0.848895495,0.634317196,0.501744644,1.136061841,0.148669542,-1.101901504,0.270504495,0.882016196,0.837111439,0.042267117,0.837111439
OS,GNLY,0.873910106,0.640030653,0.553222937,1.19325359,0.158911822,-0.848129236,0.396366001,0.882016196,0.902842034,0.014901562,0.902842034
OS,GOT1,0.669774088,0.465692569,0.497598148,0.963290717,0.185419111,-2.16166933,0.030643673,0.882016196,0.477679683,0.504155997,0.477679683
OS,GOT2,1.096929566,0.779269199,0.764811429,1.544080627,0.174448969,0.530326856,0.59588533,0.887180672,0.180396215,1.794356925,0.180396215
OS,GPC4,1.056861814,0.767464945,0.687919958,1.455384903,0.163251183,0.338766086,0.734785952,0.917967923,0.165056319,1.927280135,0.165056319
OS,GPI,0.973883678,0.718693039,0.600993345,1.319686384,0.155032201,-0.170696215,0.864462639,0.958026636,0.573885298,0.316224777,0.573885298
OS,GPR160,0.776211778,0.570854825,0.484588167,1.055442992,0.156783729,-1.615791942,0.106139304,0.882016196,0.698986589,0.149528248,0.698986589
OS,GPSM3,0.808262553,0.594412595,0.504636048,1.099048642,0.156795364,-1.357618783,0.17458468,0.882016196,0.696687372,0.151940953,0.696687372
OS,GPT,1.154794098,0.826987845,0.785550254,1.6125381,0.170353814,0.844842008,0.398199057,0.882016196,0.88297132,0.0216689,0.88297132
OS,GPX1,1.051371057,0.811388909,0.550943119,1.362332028,0.132197775,0.378940422,0.704732106,0.911072588,0.756129927,0.096451772,0.756129927
OS,GPX4,1.025119075,0.77578744,0.578796385,1.354583825,0.142189087,0.174477358,0.861490323,0.957591624,0.182698605,1.775534634,0.182698605
OS,GRB2,0.777981408,0.574889467,0.477930433,1.0528199,0.154352242,-1.626491775,0.103845082,0.882016196,0.582764487,0.301786693,0.582764487
OS,GRB7,1.06934947,0.804619146,0.616560423,1.421179568,0.14512344,0.462023859,0.644064211,0.891964609,0.153128455,2.040806357,0.153128455
OS,GRIN1,0.929751023,0.676138785,0.602351643,1.278490428,0.162512412,-0.448202357,0.654007162,0.894409084,0.989665281,0.000167781,0.989665281
OS,GRIN2B,0.866953874,0.636350803,0.544772906,1.181123709,0.157776259,-0.904885852,0.365525863,0.882016196,0.70702914,0.141262489,0.70702914
OS,GSK3B,0.998854413,0.744021597,0.596947728,1.340969325,0.150277748,-0.007627499,0.993914195,0.998138264,0.41035882,0.677760895,0.41035882
OS,GTF2H3,1.056036461,0.761271888,0.703662027,1.464933915,0.166986446,0.326509808,0.74403867,0.919305057,0.964323319,0.002000683,0.964323319
OS,GTF3C1,1.112957481,0.862702725,0.573103977,1.435806702,0.12995442,0.823526194,0.410208828,0.882016196,0.696166558,0.152490564,0.696166558
OS,GUSB,1.085850334,0.809370999,0.647403398,1.456774397,0.149931978,0.549338438,0.582773214,0.882016196,0.063281714,3.449217716,0.063281714
OS,GZMA,0.802288553,0.593765919,0.490275622,1.084041541,0.153565663,-1.434480471,0.151435198,0.882016196,0.682141645,0.167724992,0.682141645
OS,GZMB,0.84128637,0.617492295,0.528696511,1.146188806,0.157791431,-1.095263312,0.273401296,0.882016196,0.89873271,0.016195721,0.89873271
OS,GZMH,0.789427738,0.584568749,0.481509713,1.066078462,0.153285422,-1.542527501,0.12294546,0.882016196,0.955550405,0.003106742,0.955550405
OS,GZMM,0.900905659,0.673253669,0.532281545,1.205535215,0.148614141,-0.702185761,0.482563324,0.882016196,0.364277693,0.823091976,0.364277693
OS,H2AX,0.920113877,0.701791017,0.504564616,1.206355633,0.138197324,-0.602456218,0.546870498,0.882016196,0.338851689,0.914771015,0.338851689
OS,H3.3A,0.997388815,0.76884816,0.52501518,1.29386334,0.132781613,-0.019690981,0.984289886,0.994687314,0.708242721,0.140038521,0.708242721
OS,H3.5,0.897677413,0.667111038,0.540820914,1.207931952,0.151459043,-0.712697646,0.476032873,0.882016196,0.872969512,0.025564087,0.872969512
OS,H3C10,0.946538593,0.731469731,0.493372897,1.224842628,0.131510531,-0.417788103,0.67610205,0.899032996,0.352035228,0.866107314,0.352035228
OS,H3C2,0.868242236,0.670812877,0.452964865,1.123777742,0.131625135,-1.073385645,0.283098123,0.882016196,0.780259875,0.077830057,0.780259875
OS,H3C8,0.984746144,0.742538792,0.563419871,1.305958663,0.144037734,-0.106717817,0.915012848,0.982108074,0.468730368,0.524967446,0.468730368
OS,HACD2,0.977326639,0.681879299,0.718907263,1.400786562,0.183660652,-0.124873534,0.900623671,0.978144425,0.470195715,0.521516,0.470195715
OS,HAMP,0.861440167,0.637263257,0.52721493,1.164478187,0.153789946,-0.969827229,0.332132618,0.882016196,0.412055394,0.672862476,0.412055394
OS,HAVCR2,0.884739077,0.663386616,0.51656368,1.179950296,0.146908221,-0.83359873,0.404507142,0.882016196,0.592953413,0.285755531,0.592953413
OS,HCK,0.986695528,0.684319147,0.73836217,1.422681317,0.186706039,-0.071737206,0.942811047,0.982855685,0.204567322,1.609462872,0.204567322
OS,HDAC1,1.000032398,0.753287076,0.574314083,1.32760116,0.144564533,0.000224101,0.999821193,0.999821193,0.308221487,1.038281497,0.308221487
OS,HDAC10,0.961666472,0.707909666,0.598475101,1.306384766,0.156304501,-0.250073356,0.802530621,0.934024845,0.326420799,0.963045335,0.326420799
OS,HDAC11,0.896654988,0.659757544,0.558857046,1.218614589,0.156532851,-0.696876846,0.485879869,0.882016196,0.533322866,0.3880563,0.533322866
OS,HDAC2,0.912773982,0.699600821,0.491301643,1.190902464,0.135705747,-0.672535881,0.501242606,0.882016196,0.174658086,1.842501099,0.174658086
OS,HDAC3,0.913633673,0.688774627,0.523126126,1.211900753,0.144143251,-0.626637615,0.530896806,0.882016196,0.504128796,0.44623404,0.504128796
OS,HDAC4,0.881645884,0.661630987,0.513192261,1.174823247,0.146473357,-0.85998436,0.389797664,0.882016196,0.875991903,0.024352278,0.875991903
OS,HDAC5,0.795119784,0.590784992,0.479342852,1.070127845,0.151554125,-1.512743414,0.130344847,0.882016196,0.368243304,0.809583884,0.368243304
OS,HDAC6,1.204523445,0.878771363,0.772257323,1.651028686,0.160877718,1.156679804,0.247403204,0.882016196,0.771567749,0.084288504,0.771567749
OS,HELLS,1.006946635,0.752336722,0.595386307,1.347723028,0.148724113,0.046546708,0.962874507,0.987992677,0.645973873,0.211013906,0.645973873
OS,HERC6,0.818894987,0.598963221,0.520619711,1.119582933,0.159572146,-1.252094615,0.21053539,0.882016196,0.661687235,0.191480526,0.661687235
OS,HES1,0.889547185,0.635553325,0.609494357,1.245047682,0.171542211,-0.682296949,0.495051202,0.882016196,0.840021185,0.040750036,0.840021185
OS,HES5,0.932239435,0.687186021,0.577493901,1.264679922,0.155607276,-0.450914602,0.652051099,0.894409084,0.927389567,0.008304615,0.927389567
OS,HEY1,1.031548922,0.77044657,0.610691618,1.381138187,0.148903987,0.20860073,0.834759941,0.949065491,0.086758934,2.933505272,0.086758934
OS,HGF,0.864127267,0.639624993,0.527802706,1.167427699,0.153491597,-0.951421603,0.341390398,0.882016196,0.488119598,0.480668659,0.488119598
OS,HHEX,0.899648583,0.662247154,0.559906189,1.222153343,0.156311746,-0.676539398,0.498698241,0.882016196,0.205725757,1.601252828,0.205725757
OS,HHIP,0.844107251,0.629521059,0.50231884,1.131839899,0.149655942,-1.132435612,0.25745134,0.882016196,0.910203546,0.012719735,0.910203546
OS,HIF1A,1.022513499,0.779278158,0.562391495,1.341669653,0.138600015,0.160633537,0.872382039,0.963257123,0.984712083,0.000367172,0.984712083
OS,HK1,0.864497154,0.635960986,0.539198096,1.175159082,0.156641039,-0.929560144,0.352598871,0.882016196,0.93846709,0.005959326,0.93846709
OS,HK2,1.063234426,0.79162358,0.636413018,1.428036598,0.150505258,0.40739844,0.683715373,0.900403734,0.851826398,0.034889975,0.851826398
OS,HLA.A,0.925225388,0.690351126,0.549658466,1.240009592,0.14940939,-0.520167498,0.602946837,0.889603989,0.798815837,0.064963779,0.798815837
OS,HLA.B,0.931755037,0.688305443,0.573005881,1.261311324,0.154511639,-0.457475792,0.647329098,0.892991318,0.813406858,0.055711702,0.813406858
OS,HLA.C,0.826939295,0.604345674,0.527173301,1.131518975,0.159995259,-1.187685132,0.234957484,0.882016196,0.454474369,0.559468754,0.454474369
OS,HLA.DMA,0.908211056,0.672439173,0.554210547,1.22664972,0.153352376,-0.627825202,0.530118454,0.882016196,0.504421712,0.445621269,0.504421712
OS,HLA.DMB,0.923158427,0.689402725,0.546770923,1.236173649,0.148969705,-0.536715939,0.591463845,0.885792706,0.609450373,0.260976071,0.609450373
OS,HLA.DOA,0.84772342,0.621003601,0.536211903,1.157215505,0.15878738,-1.04039032,0.298158597,0.882016196,0.800650774,0.063758759,0.800650774
OS,HLA.DOB,0.84286164,0.612811819,0.546460446,1.159272264,0.162627944,-1.051187505,0.293172481,0.882016196,0.911161328,0.012448718,0.911161328
OS,HLA.DPA1,0.924463003,0.677025801,0.585306951,1.262332753,0.158933353,-0.494183544,0.62117656,0.890181229,0.350506031,0.871624283,0.350506031
OS,HLA.DPB1,0.830491312,0.606333511,0.531185371,1.137518883,0.160506666,-1.157196875,0.247191934,0.882016196,0.990370292,0.000145669,0.990370292
OS,HLA.DQA1,0.8459433,0.614844787,0.549058822,1.163903609,0.162800174,-1.027658253,0.304110612,0.882016196,0.515469941,0.42294752,0.515469941
OS,HLA.DQA2,0.910196008,0.658301922,0.600173477,1.258475399,0.16530727,-0.569214583,0.569210525,0.882016196,0.423674262,0.640100901,0.423674262
OS,HLA.DQB1,0.906738161,0.669913384,0.557370789,1.227284173,0.154444315,-0.633895505,0.526149019,0.882016196,0.658137133,0.195794381,0.658137133
OS,HLA.DRA,0.950811546,0.702204678,0.585229919,1.287434597,0.154641083,-0.326170762,0.744295161,0.919305057,0.327076329,0.960438873,0.327076329
OS,HLA.DRB,0.987715081,0.74069791,0.576412705,1.317110616,0.146840154,-0.084179989,0.932913328,0.982855685,0.314719437,1.010765841,0.314719437
OS,HLA.DRB3,0.862013535,0.636316163,0.531448194,1.167764357,0.154888265,-0.958654332,0.337732912,0.882016196,0.343577112,0.897038238,0.343577112
OS,HLA.DRB4,0.909256408,0.674107832,0.55232387,1.226431701,0.152674767,-0.623077079,0.533233871,0.882016196,0.13182489,2.270881656,0.13182489
OS,HLA.DRB5,1.086556404,0.812822626,0.639652711,1.452475338,0.148092414,0.560551554,0.575103286,0.882016196,0.245113451,1.350942293,0.245113451
OS,HLA.E,0.900381643,0.666872829,0.548781893,1.215654722,0.153175955,-0.685071998,0.493298489,0.882016196,0.294780603,1.097658214,0.294780603
OS,HLA.F,0.854820731,0.628380932,0.534478163,1.162859095,0.157015749,-0.999030382,0.317779974,0.882016196,0.551079722,0.355386438,0.551079722
OS,HLA.G,0.806274556,0.57546629,0.55418921,1.1296555,0.17206626,-1.251442053,0.210773243,0.882016196,0.509182992,0.435745727,0.509182992
OS,HMGA1,0.918224673,0.678691319,0.563606214,1.242297533,0.154225125,-0.553173007,0.580144948,0.882016196,0.373908119,0.790635218,0.373908119
OS,HMGA2,0.841938369,0.608696975,0.555856564,1.164553539,0.16550623,-1.039528627,0.298558951,0.882016196,0.617400084,0.249538694,0.617400084
OS,HMGB1,0.974082075,0.734265283,0.557959626,1.292224909,0.144199171,-0.182107243,0.855498565,0.957591624,0.040761455,4.185904536,0.040761455
OS,HMGN5,0.808722737,0.597644671,0.496705362,1.094350033,0.154319036,-1.375715843,0.168909625,0.882016196,0.112958498,2.512334338,0.112958498
OS,HNF1A,0.965733754,0.72494955,0.561542295,1.286491845,0.146322134,-0.238289988,0.811656186,0.936150002,0.825848639,0.048412722,0.825848639
OS,HNRNPK,0.985463167,0.758132565,0.52282765,1.280960215,0.133805261,-0.109439104,0.91285422,0.982108074,0.789063542,0.071570617,0.789063542
OS,HOXA10,0.9434327,0.705527609,0.556032178,1.261559786,0.148257381,-0.392764571,0.694493374,0.906791231,0.992741344,8.28E-05,0.992741344
OS,HOXA11,0.828359916,0.60602665,0.526234035,1.132260685,0.159453838,-1.180953316,0.237621269,0.882016196,0.856554924,0.032674655,0.856554924
OS,HOXA9,0.889248799,0.646196697,0.577522689,1.223719386,0.162897441,-0.720565152,0.471177101,0.882016196,0.971958958,0.001235626,0.971958958
OS,HPRT1,1.067695509,0.757436874,0.747604324,1.505041198,0.175165298,0.373947332,0.708443501,0.912918924,0.974447365,0.001025982,0.974447365
OS,HRAS,0.901483424,0.676460628,0.524898816,1.201359444,0.146516677,-0.707862246,0.479030807,0.882016196,0.944602781,0.004828303,0.944602781
OS,HSD11B1,0.871869922,0.638829829,0.551091378,1.189921207,0.158677472,-0.864111561,0.387526609,0.882016196,0.781342595,0.07704501,0.781342595
OS,HSD17B8,0.765999697,0.573565618,0.449430736,1.022996354,0.147609563,-1.805936544,0.070928252,0.882016196,0.443979951,0.5859746,0.443979951
OS,HSP90B1,0.976528695,0.723997629,0.593145207,1.317142837,0.152664038,-0.155577858,0.876365779,0.964898895,0.702921009,0.145451003,0.702921009
OS,HSPA1A,1.022467851,0.740984737,0.669895209,1.410879946,0.164285885,0.135246961,0.892416619,0.973185822,0.615809467,0.251801451,0.615809467
OS,HSPA2,0.894364338,0.669715906,0.524652576,1.194368482,0.147584155,-0.756463659,0.449371253,0.882016196,0.075335946,3.162755027,0.075335946
OS,HSPA6,1.226356301,0.827331759,0.990499794,1.817831553,0.200818446,1.016079052,0.309591744,0.882016196,0.234451741,1.413648037,0.234451741
OS,HSPB1,0.963750892,0.7089471,0.601187015,1.310134115,0.156662031,-0.23568205,0.813679399,0.937228044,0.635504892,0.224669373,0.635504892
OS,IBSP,0.87061227,0.638071025,0.549830782,1.187901807,0.158547362,-0.873925333,0.382158918,0.882016196,0.179662303,1.800415239,0.179662303
OS,ICAM1,0.937248932,0.693930171,0.571954493,1.265884663,0.153358726,-0.422580213,0.672601566,0.897443004,0.483277613,0.491458069,0.483277613
OS,ICAM2,0.824720553,0.605639497,0.517411417,1.123050914,0.157533347,-1.223300829,0.221216094,0.882016196,0.357105605,0.848046348,0.357105605
OS,ICAM3,0.957707862,0.717512042,0.560800092,1.278312134,0.147325695,-0.293312671,0.76928317,0.927881484,0.710378064,0.137899623,0.710378064
OS,ICAM4,0.902609351,0.67167478,0.541268842,1.212943622,0.150776027,-0.679587024,0.496765988,0.882016196,0.805299218,0.060759693,0.805299218
OS,ICAM5,0.89822922,0.679549818,0.507729922,1.18727974,0.142346873,-0.754003126,0.450847345,0.882016196,0.667039409,0.18508476,0.667039409
OS,ICOS,0.872568726,0.643885192,0.538586764,1.182471956,0.155064576,-0.879078009,0.37935898,0.882016196,0.881230978,0.022323024,0.881230978
OS,ICOSLG,1.043510514,0.767775195,0.650496977,1.418272172,0.156558401,0.272042403,0.785589416,0.930721661,0.483059187,0.491948997,0.483059187
OS,ID1,1.326416869,0.963082305,0.863741532,1.826823836,0.163318117,1.729638014,0.08369497,0.882016196,0.759044851,0.094086551,0.759044851
OS,ID2,0.966010015,0.712497056,0.597228145,1.309725201,0.155308171,-0.222661029,0.823799334,0.945149514,0.32561187,0.966271297,0.32561187
OS,ID4,0.92805362,0.698622245,0.534209272,1.232831517,0.144890079,-0.515326982,0.606324547,0.890181229,0.991150418,0.000123022,0.991150418
OS,IDH1,0.747877496,0.545044638,0.481147913,1.026192552,0.161416992,-1.799786293,0.071894389,0.882016196,0.355770356,0.852768375,0.355770356
OS,IDH2,0.962409715,0.686018423,0.664138406,1.350156829,0.172725508,-0.221826066,0.824449287,0.945207505,0.020461122,5.37211761,0.020461122
OS,IDO1,0.904754317,0.656236896,0.591148582,1.247385478,0.16385076,-0.610872022,0.541284308,0.882016196,0.707136189,0.141154278,0.707136189
OS,IER3,0.927610348,0.684145252,0.573571519,1.257716771,0.155330155,-0.483766455,0.628551624,0.89107514,0.272528926,1.203973609,0.272528926
OS,IFI16,0.844494267,0.618646341,0.534145682,1.152792023,0.158780559,-1.064471193,0.287115298,0.882016196,0.571231827,0.320625763,0.571231827
OS,IFI27,1.008326743,0.743631232,0.623609379,1.367240611,0.155361166,0.053374129,0.957433818,0.985475812,0.189656308,1.720285432,0.189656308
OS,IFI35,0.901224249,0.642793479,0.620761882,1.263555361,0.172416753,-0.603196392,0.546378048,0.882016196,0.081304806,3.038624034,0.081304806
OS,IFI6,1.045678073,0.760371454,0.677666004,1.438037458,0.162561027,0.27476173,0.783499302,0.930721661,0.210504647,1.56795224,0.210504647
OS,IFIH1,0.882104464,0.650209455,0.546494592,1.196704047,0.155623237,-0.806080069,0.420196683,0.882016196,0.689856149,0.159241135,0.689856149
OS,IFIT2,0.824200433,0.607359483,0.51109898,1.118458464,0.155764546,-1.241242243,0.214516274,0.882016196,0.494292107,0.467169746,0.494292107
OS,IFIT3,0.827125197,0.595189873,0.554251881,1.149441754,0.1678988,-1.130438144,0.258291649,0.882016196,0.308047462,1.03902877,0.308047462
OS,IFITM1,1.005321282,0.746479585,0.607436718,1.353916302,0.151887579,0.03494146,0.972126421,0.990248908,0.332151902,0.940489828,0.332151902
OS,IFITM2,0.986748741,0.734966412,0.589819404,1.324785815,0.150304108,-0.088752336,0.929278738,0.982855685,0.098546829,2.72890501,0.098546829
OS,IFNA1,0.971145768,0.684741439,0.692601961,1.3773434,0.178286578,-0.164222686,0.869555843,0.962323368,0.190956976,1.710218871,0.190956976
OS,IFNA7.17,1.031490748,0.724865923,0.742954717,1.46782064,0.179989868,0.172260162,0.863233002,0.958026636,0.558824102,0.341744306,0.558824102
OS,IFNAR1,1.108447582,0.799627159,0.736908996,1.536536156,0.166620496,0.617933949,0.536618879,0.882016196,0.354196267,0.858366329,0.354196267
OS,IFNAR2,1.187192388,0.866695222,0.759511698,1.62620692,0.160543296,1.068815617,0.285152761,0.882016196,0.649345675,0.206726062,0.649345675
OS,IFNB1,0.873652641,0.635150238,0.566563769,1.201714007,0.162666915,-0.830361958,0.406334167,0.882016196,0.546424113,0.363762346,0.546424113
OS,IFNG,0.818483028,0.602403295,0.509666431,1.112069726,0.156393443,-1.280760974,0.200277636,0.882016196,0.807770685,0.059196347,0.807770685
OS,IFNGR1,0.88932888,0.650049178,0.566637009,1.216686188,0.159910638,-0.733460697,0.463277491,0.882016196,0.565693315,0.329941877,0.565693315
OS,IFNGR2,1.049205121,0.736983966,0.75671391,1.493697876,0.180218614,0.266525463,0.789834552,0.932200385,0.780130373,0.077924242,0.780130373
OS,IFNL1,0.950148851,0.708227254,0.566480593,1.274707847,0.149928079,-0.341074349,0.733047611,0.917967923,0.726382205,0.122459423,0.726382205
OS,IFNL2,0.968817141,0.689039291,0.673156834,1.362196125,0.173869312,-0.182202332,0.855423943,0.957591624,0.66990252,0.181716171,0.66990252
OS,IGF1,0.879350414,0.644967355,0.553941622,1.198908976,0.158157889,-0.812933269,0.416256319,0.882016196,0.937560363,0.006136611,0.937560363
OS,IGF1R,1.111349592,0.80357724,0.733422383,1.536999624,0.165440333,0.638146234,0.523378492,0.882016196,0.728508235,0.120485764,0.728508235
OS,IGF2R,1.004334379,0.753184569,0.586045661,1.33923023,0.146824117,0.029457098,0.976500035,0.990359108,0.807330579,0.05947316,0.807330579
OS,IGFBP3,0.93517844,0.678500537,0.610457494,1.288958031,0.163703052,-0.409387128,0.682255584,0.899803232,0.557960678,0.343247495,0.557960678
OS,IGLL1,1.236520996,0.955906916,0.643604654,1.599511571,0.131327172,1.616586921,0.105967477,0.882016196,0.890410614,0.01898461,0.890410614
OS,IHH,0.833360263,0.608731447,0.532148217,1.140879664,0.160252354,-1.137513662,0.255323617,0.882016196,0.92742984,0.008295379,0.92742984
OS,IKBKB,1.552066791,1.138640633,0.976962178,2.115602811,0.158039808,2.781498285,0.005410862,0.882016196,0.671990499,0.179282588,0.671990499
OS,IKBKE,0.880354158,0.655971288,0.525518598,1.181489887,0.150108502,-0.848925933,0.395922508,0.882016196,0.836055422,0.04282485,0.836055422
OS,IKBKG,1.234742184,0.932179576,0.70332961,1.635509186,0.143416918,1.470274169,0.141487514,0.882016196,0.219385234,1.50838796,0.219385234
OS,IL10,0.936930587,0.689390768,0.58396386,1.273354628,0.156533967,-0.416178552,0.677279353,0.899500816,0.68744156,0.161869013,0.68744156
OS,IL10RA,0.893303025,0.662950587,0.540744394,1.20369498,0.152158612,-0.741525052,0.458375148,0.882016196,0.874569181,0.024918953,0.874569181
OS,IL11RA,0.988501645,0.733786912,0.597846954,1.331633866,0.152029136,-0.076070762,0.939362802,0.982855685,0.837272386,0.042182447,0.837272386
OS,IL12A,0.866780936,0.646202838,0.516449421,1.16265226,0.14983583,-0.954171001,0.339997091,0.882016196,0.617517036,0.249372826,0.617517036
OS,IL12B,0.868894917,0.644679531,0.526411438,1.171090969,0.152282825,-0.922842647,0.356089212,0.882016196,0.776951661,0.080255354,0.776951661
OS,IL12RB1,1.064795123,0.792005679,0.639535389,1.431541068,0.151007431,0.415757079,0.677587769,0.899500816,0.81099744,0.057187684,0.81099744
OS,IL12RB2,1.031788075,0.771057415,0.609626579,1.380683994,0.1486179,0.210562066,0.833229016,0.949065491,0.674141084,0.176796237,0.674141084
OS,IL13RA1,0.922470426,0.68178428,0.566340254,1.248124534,0.154258964,-0.523146014,0.600872647,0.887395109,0.885949273,0.020572644,0.885949273
OS,IL15,0.833005051,0.616425973,0.509252446,1.125678419,0.15362602,-1.189353037,0.234300773,0.882016196,0.642385587,0.215635728,0.642385587
OS,IL15RA,1.000067905,0.72755449,0.647099681,1.374654171,0.162316393,0.000418334,0.999666218,0.999821193,0.977892726,0.000767894,0.977892726
OS,IL16,0.847162581,0.634725956,0.495973728,1.130699685,0.14729826,-1.126032674,0.260151689,0.882016196,0.998830551,2.15E-06,0.998830551
OS,IL17A,0.883448517,0.651656686,0.546031144,1.19768783,0.155265685,-0.798130383,0.424794831,0.882016196,0.70480959,0.143516779,0.70480959
OS,IL17B,0.898804545,0.665954659,0.54711533,1.213069988,0.152984448,-0.697389069,0.485559341,0.882016196,0.663226002,0.189628489,0.663226002
OS,IL17F,0.826900522,0.611320269,0.507184233,1.118504502,0.154116815,-1.233290991,0.217467218,0.882016196,0.878080148,0.023532609,0.878080148
OS,IL17RA,1.182569706,0.833087461,0.845573155,1.678660616,0.178731057,0.938224114,0.348129248,0.882016196,0.962364349,0.002226594,0.962364349
OS,IL17RB,1.043360664,0.771862511,0.638494203,1.410356714,0.153776168,0.27603049,0.782524648,0.930721661,0.425583036,0.634846783,0.425583036
OS,IL18,0.818558019,0.610507791,0.487000284,1.097508075,0.149621741,-1.338114358,0.180859161,0.882016196,0.783346594,0.07560327,0.783346594
OS,IL18R1,0.852429851,0.629817935,0.52390699,1.153724926,0.154421273,-1.033953137,0.301158072,0.882016196,0.864021449,0.029329065,0.864021449
OS,IL18RAP,0.83185136,0.617024262,0.504449768,1.12147403,0.152423936,-1.207825439,0.227114414,0.882016196,0.872164309,0.025892019,0.872164309
OS,IL19,0.914119046,0.675094561,0.562678158,1.237772719,0.1546498,-0.580631006,0.561489171,0.882016196,0.904940155,0.014261879,0.904940155
OS,IL1A,0.826266888,0.614023789,0.497850024,1.111873812,0.151474293,-1.259866899,0.207717382,0.882016196,0.91746202,0.010739427,0.91746202
OS,IL1B,0.789604939,0.588255709,0.471616639,1.059872348,0.150192051,-1.572803182,0.115764399,0.882016196,0.89429058,0.017656323,0.89429058
OS,IL1R1,0.903753802,0.672249751,0.542731638,1.214981388,0.150985967,-0.670249696,0.502698629,0.882016196,0.606599467,0.265156543,0.606599467
OS,IL1R2,0.845201572,0.630778677,0.501735346,1.132514024,0.14929871,-1.126467424,0.259967722,0.882016196,0.851775145,0.034914399,0.851775145
OS,IL1RAP,0.851696969,0.640855336,0.491050241,1.131905576,0.145118507,-1.106161357,0.268656685,0.882016196,0.590212807,0.290012052,0.590212807
OS,IL1RL1,0.86465794,0.641888298,0.52285229,1.164740588,0.152002633,-0.956702476,0.338717448,0.882016196,0.987506154,0.000245215,0.987506154
OS,IL1RL2,0.814084584,0.603678327,0.494147586,1.097825913,0.15256545,-1.348214857,0.177589288,0.882016196,0.933661506,0.00692873,0.933661506
OS,IL1RN,0.814129869,0.61057331,0.474976016,1.085549325,0.146799397,-1.400791731,0.161276362,0.882016196,0.696014755,0.152650976,0.696014755
OS,IL20RA,0.832599302,0.615965256,0.509457955,1.125423211,0.153758915,-1.191493728,0.233459817,0.882016196,0.971381695,0.001287046,0.971381695
OS,IL20RB,0.909116028,0.677873961,0.541367375,1.219241336,0.149753445,-0.636262819,0.524605135,0.882016196,0.508699475,0.43674135,0.508699475
OS,IL21R,0.941087085,0.685766787,0.605699814,1.291466601,0.161481575,-0.376015645,0.706905265,0.912511894,0.711310846,0.136971165,0.711310846
OS,IL22,0.912817166,0.667952289,0.579494858,1.247447147,0.159349283,-0.572451116,0.567016394,0.882016196,0.58051473,0.30540325,0.58051473
OS,IL22RA1,0.965493646,0.703324685,0.622063149,1.325387834,0.161646276,-0.217238274,0.828022659,0.946219205,0.971708797,0.00125778,0.971708797
OS,IL22RA2,0.857055177,0.629800058,0.536512276,1.166312334,0.157196715,-0.981273554,0.326457861,0.882016196,0.795015345,0.067497862,0.795015345
OS,IL23A,0.950860892,0.708616856,0.567300344,1.275917201,0.150029694,-0.335850203,0.736983831,0.918557046,0.501548534,0.451658237,0.501548534
OS,IL23R,0.848036911,0.620750646,0.537792817,1.158543463,0.159183893,-1.035476101,0.300446622,0.882016196,0.83118794,0.045444962,0.83118794
OS,IL24,0.962987792,0.720532908,0.566494342,1.28702725,0.147987233,-0.25484999,0.798838963,0.934024845,0.541429577,0.372896626,0.541429577
OS,IL25,0.817870285,0.601621033,0.510228065,1.111849098,0.156674315,-1.283244998,0.199406256,0.882016196,0.467399261,0.528117779,0.467399261
OS,IL27,0.819313264,0.605585953,0.502884648,1.108470601,0.154222222,-1.292218267,0.196281567,0.882016196,0.969207298,0.001490154,0.969207298
OS,IL2RA,0.92490399,0.676741032,0.587328017,1.264069048,0.159391328,-0.489771571,0.62429555,0.890181229,0.880026706,0.022781483,0.880026706
OS,IL2RB,0.849271943,0.62974441,0.515581886,1.145326296,0.152587194,-1.070704754,0.284302204,0.882016196,0.568995785,0.324365651,0.568995785
OS,IL2RG,0.798763865,0.581720554,0.515066739,1.096787293,0.161776023,-1.388895035,0.164864671,0.882016196,0.616497017,0.250821799,0.616497017
OS,IL32,0.884647119,0.656328393,0.536063304,1.192391697,0.152312782,-0.804702316,0.420991483,0.882016196,0.378794251,0.77461139,0.378794251
OS,IL33,0.878002913,0.649397468,0.537686182,1.18708365,0.153882905,-0.845482916,0.397841267,0.882016196,0.667608254,0.184412571,0.667608254
OS,IL34,0.932127799,0.691653513,0.564556739,1.256210251,0.152239941,-0.461674841,0.644314516,0.891964609,0.940873804,0.005501434,0.940873804
OS,IL3RA,0.8262842,0.611603049,0.504718362,1.116321412,0.153500434,-1.243100697,0.213830729,0.882016196,0.354087107,0.858755799,0.354087107
OS,IL4,0.895205371,0.655764866,0.566308316,1.222073182,0.158804381,-0.697097403,0.48574184,0.882016196,0.717699777,0.130707332,0.717699777
OS,IL4R,0.979590373,0.741154556,0.553578494,1.29473305,0.14231145,-0.144898964,0.884790645,0.970311885,0.113864857,2.499743292,0.113864857
OS,IL6,0.846676786,0.620284719,0.535412911,1.155697629,0.158748032,-1.048430357,0.294440373,0.882016196,0.738486855,0.111461039,0.738486855
OS,IL6R,0.904732957,0.67150578,0.547458743,1.218964524,0.152103408,-0.658206514,0.510405439,0.882016196,0.625573238,0.238111762,0.625573238
OS,IL6ST,0.856659058,0.619347296,0.565552914,1.184900211,0.165499894,-0.934836074,0.349872786,0.882016196,0.041924753,4.138239362,0.041924753
OS,IL7R,0.838259963,0.609800665,0.542509927,1.152310592,0.162347955,-1.086721467,0.277159924,0.882016196,0.99331784,7.01E-05,0.99331784
OS,ILF3,1.153387581,0.845238913,0.728639064,1.573877977,0.158594388,0.899800657,0.368226345,0.882016196,0.075833402,3.152012063,0.075833402
OS,INHBA,0.970565848,0.72501749,0.574258841,1.299276331,0.148820832,-0.200751662,0.840892761,0.953270135,0.925372958,0.008773678,0.925372958
OS,INHBB,1.181659818,0.872710328,0.727270652,1.59998098,0.154631242,1.079471866,0.280377429,0.882016196,0.35878326,0.842147664,0.35878326
OS,INPP5D,0.908503302,0.66317691,0.581405398,1.244582308,0.160593122,-0.597514735,0.550163772,0.882016196,0.851338721,0.035122729,0.851338721
OS,IRAK1,1.144480614,0.859216257,0.665237994,1.524454251,0.146270829,0.922609949,0.356210509,0.882016196,0.832337053,0.04481908,0.832337053
OS,IRAK2,0.828252213,0.605501472,0.527446605,1.132948076,0.159829834,-1.178988686,0.238402681,0.882016196,0.928522884,0.008046707,0.928522884
OS,IRAK3,0.787478474,0.589054798,0.463686559,1.052741356,0.148123549,-1.61297272,0.106750435,0.882016196,0.656803199,0.197430152,0.656803199
OS,IRAK4,0.91455035,0.669247509,0.580517833,1.249765342,0.159328725,-0.560619282,0.575057104,0.882016196,0.854190735,0.033772892,0.854190735
OS,IRF1,0.855578606,0.633653545,0.521575137,1.155228683,0.153204665,-1.018097637,0.308631558,0.882016196,0.772169802,0.08383218,0.772169802
OS,IRF2,0.692717727,0.517338343,0.410212952,0.927551295,0.148944319,-2.464898863,0.013705193,0.882016196,0.258754479,1.275408587,0.258754479
OS,IRF3,0.871165993,0.629898572,0.574946494,1.204845066,0.165448819,-0.83362785,0.404490727,0.882016196,0.340723911,0.907705649,0.340723911
OS,IRF4,0.91270374,0.683116188,0.536336859,1.219453048,0.147832501,-0.617888087,0.536649113,0.882016196,0.700453792,0.14800022,0.700453792
OS,IRF5,0.817555047,0.602053063,0.508141861,1.110194924,0.156111363,-1.290341963,0.196931953,0.882016196,0.315576069,1.007193752,0.315576069
OS,IRF7,1.080375637,0.796876953,0.667855479,1.464732432,0.155290503,0.497833362,0.618601499,0.890181229,0.022165206,5.232770014,0.022165206
OS,IRF8,0.923188107,0.693894924,0.534354846,1.22824977,0.145672305,-0.548644207,0.583249642,0.882016196,0.656649572,0.197619064,0.656649572
OS,IRF9,0.883976375,0.624511941,0.626727916,1.251239857,0.17727871,-0.695655681,0.486644487,0.882016196,0.177620128,1.817424697,0.177620128
OS,IRS1,0.976972928,0.736642026,0.559070231,1.295712257,0.144062283,-0.161710174,0.871534092,0.963257123,0.647591765,0.208949829,0.647591765
OS,ISG15,1.040560527,0.76434368,0.652252335,1.416596014,0.157399466,0.252602738,0.800575214,0.934024845,0.762667011,0.091192157,0.762667011
OS,ISG20,0.882034872,0.667601869,0.497741655,1.165343524,0.142114653,-0.88325647,0.377097717,0.882016196,0.938032324,0.006044006,0.938032324
OS,ITCH,1.456810884,1.024067854,1.048351415,2.072419269,0.179833372,2.092213007,0.036419466,0.882016196,0.1695857,1.886601827,0.1695857
OS,ITGA1,0.979501793,0.703658916,0.659819527,1.363478443,0.168753266,-0.122730725,0.902320333,0.978460714,0.156192803,2.010704203,0.156192803
OS,ITGA2,0.796054017,0.598942778,0.459091514,1.058034292,0.145156228,-1.5713293,0.116106179,0.882016196,0.227645402,1.455512995,0.227645402
OS,ITGA2B,0.794057401,0.580427286,0.505888211,1.086315497,0.159896417,-1.442180701,0.149251404,0.882016196,0.414749815,0.665143873,0.414749815
OS,ITGA3,1.371541767,1.002653841,0.873493979,1.87614782,0.159842304,1.976544864,0.0480931,0.882016196,0.782808664,0.075988835,0.782808664
OS,ITGA4,0.956576842,0.729017656,0.526149823,1.255167479,0.138606205,-0.320289823,0.748748637,0.920303464,0.706979758,0.141312421,0.706979758
OS,ITGA5,0.948626902,0.719262374,0.531870776,1.251133149,0.14122166,-0.373453383,0.708811035,0.912918924,0.070965205,3.260552663,0.070965205
OS,ITGA6,0.821385086,0.619420436,0.469780727,1.089201163,0.143986209,-1.366542224,0.171768837,0.882016196,0.253496298,1.303931712,0.253496298
OS,ITGA7,0.997866385,0.723006234,0.654211935,1.377218169,0.164391561,-0.012992725,0.989633597,0.997082779,0.173403552,1.853270007,0.173403552
OS,ITGA8,0.869949071,0.640029576,0.54243357,1.182463146,0.156594859,-0.889688268,0.373633295,0.882016196,0.933300837,0.007004452,0.933300837
OS,ITGA9,0.780113082,0.568033807,0.503339786,1.071373593,0.161869275,-1.534055134,0.12501609,0.882016196,0.445181219,0.582891379,0.445181219
OS,ITGAE,0.883000488,0.645446314,0.5625393,1.207985614,0.159892589,-0.778206958,0.436447016,0.882016196,0.99443934,4.86E-05,0.99443934
OS,ITGAL,0.737499841,0.541364025,0.463331503,1.004695528,0.157744707,-1.930267022,0.053573761,0.882016196,0.586214365,0.296295215,0.586214365
OS,ITGAM,0.816488869,0.608238668,0.487801599,1.096040268,0.150230275,-1.349541562,0.17716308,0.882016196,0.817731551,0.053113467,0.817731551
OS,ITGAV,0.945380549,0.696144696,0.587703889,1.283848585,0.156140629,-0.359725302,0.719052569,0.913815622,0.236493557,1.401374578,0.236493557
OS,ITGAX,0.934660362,0.704988895,0.534165366,1.239154261,0.143880789,-0.469639243,0.638612782,0.89107514,0.217000043,1.524100339,0.217000043
OS,ITGB1,1.043808976,0.776100784,0.627759645,1.403860428,0.151201447,0.28357202,0.776738382,0.930721661,0.624504373,0.239587264,0.624504373
OS,ITGB2,0.979852136,0.735403879,0.570151116,1.305554995,0.146421994,-0.139006442,0.889445059,0.971842888,0.552730406,0.35244841,0.552730406
OS,ITGB3,0.880575125,0.651798217,0.537853012,1.189651229,0.153492726,-0.828573692,0.40734568,0.882016196,0.060214099,3.531477747,0.060214099
OS,ITGB4,0.998047805,0.730224996,0.633874325,1.364099321,0.159415417,-0.012257927,0.990219834,0.997082779,0.355276884,0.854519662,0.355276884
OS,ITGB6,0.849482343,0.621746565,0.538887514,1.160634079,0.159234864,-1.024449788,0.305622876,0.882016196,0.622926922,0.241775172,0.622926922
OS,ITGB7,0.882919704,0.659304117,0.523074672,1.18237879,0.149007509,-0.835669417,0.403340905,0.882016196,0.89850981,0.016267485,0.89850981
OS,ITGB8,0.972988445,0.721439915,0.590805907,1.312245822,0.152616636,-0.179423906,0.857604862,0.957591624,0.946253166,0.004544471,0.946253166
OS,ITK,0.812246151,0.600203096,0.498997847,1.099200943,0.154357604,-1.347208293,0.177913158,0.882016196,0.954505152,0.003254733,0.954505152
OS,ITPK1,1.110854909,0.813804001,0.702529943,1.516333943,0.158760894,0.662190195,0.507849337,0.882016196,0.727141391,0.121752583,0.727141391
OS,JADE1,0.810618138,0.595450905,0.508085523,1.103536428,0.157389702,-1.334002078,0.182203176,0.882016196,0.260208242,1.267648722,0.260208242
OS,JAG1,0.939572995,0.710820228,0.531121653,1.241941882,0.142352594,-0.437854812,0.661491535,0.896582616,0.641656871,0.216581773,0.641656871
OS,JAG2,1.125465795,0.798290377,0.788442085,1.586732462,0.175248045,0.674455397,0.500021833,0.882016196,0.635937256,0.224095048,0.635937256
OS,JAK1,0.960684879,0.730420731,0.533118756,1.263539487,0.139811617,-0.286877689,0.774205975,0.929409161,0.161732017,1.957956679,0.161732017
OS,JAK2,0.812204247,0.600143997,0.499051764,1.099195762,0.154381521,-1.347333757,0.177872765,0.882016196,0.990552622,0.000140205,0.990552622
OS,JAK3,0.877858086,0.650736549,0.533513545,1.184250094,0.152747742,-0.852846199,0.3937446,0.882016196,0.558794655,0.341795499,0.558794655
OS,JAM3,1.031880656,0.768234829,0.617770659,1.386005488,0.150534829,0.208476785,0.834856708,0.949065491,0.206826801,1.593499948,0.206826801
OS,JAML,0.806048089,0.595701791,0.494967283,1.090669074,0.154290188,-1.397443851,0.16228014,0.882016196,0.869281741,0.027083579,0.869281741
OS,JUN,1.06682652,0.810882244,0.592673983,1.403556227,0.139962167,0.4621847,0.643948875,0.891964609,0.244279711,1.35572524,0.244279711
OS,JUNB,1.031626711,0.757440838,0.647624241,1.405065078,0.157628781,0.197533006,0.843410455,0.954867063,0.156496421,2.007758213,0.156496421
OS,JUP,1.022897084,0.766338343,0.599009554,1.365347897,0.147334537,0.1536563,0.877880743,0.96594929,0.891049765,0.018762425,0.891049765
OS,KAT2B,0.749181434,0.55476055,0.456978339,1.011738888,0.153290884,-1.883830807,0.059587865,0.882016196,0.923702157,0.009172155,0.923702157
OS,KDM5C,1.037174614,0.772363737,0.620414209,1.392777946,0.150410915,0.242670546,0.808260626,0.934110603,0.422347958,0.643772651,0.422347958
OS,KDM6A,1.032157753,0.762578609,0.634457203,1.397035812,0.154442225,0.204940823,0.83761836,0.95081003,0.508095308,0.437987703,0.508095308
OS,KDR,0.780564974,0.581415814,0.466511788,1.047927601,0.15028429,-1.648457702,0.099258784,0.882016196,0.55164605,0.354376578,0.55164605
OS,KEAP1,0.926737259,0.684423465,0.570416545,1.25484001,0.154642264,-0.492007701,0.622713899,0.890181229,0.38663653,0.749493845,0.38663653
OS,KIF2C,0.943393696,0.724604041,0.503641477,1.228245518,0.134624072,-0.432846735,0.665126119,0.896582616,0.512582412,0.428791755,0.512582412
OS,KIR.Family,0.912572772,0.637503832,0.668824104,1.306327936,0.183017417,-0.499883825,0.617156882,0.890181229,0.735723,0.113921486,0.735723
OS,KIT,1.153485056,0.885061723,0.618254645,1.503316368,0.135148267,1.056527373,0.290727342,0.882016196,0.934621469,0.006729207,0.934621469
OS,KITLG,1.076761121,0.814273404,0.609590504,1.423863908,0.142562143,0.518774281,0.603918155,0.889603989,0.196225127,1.670249439,0.196225127
OS,KLF4,1.232104926,0.880179873,0.844561392,1.724741265,0.171611837,1.216256595,0.223887191,0.882016196,0.645971667,0.211016729,0.645971667
OS,KLRG1,0.83127958,0.608422392,0.527344058,1.13576645,0.159235993,-1.160473198,0.2458562,0.882016196,0.982317267,0.000491236,0.982317267
OS,KLRK1,0.872524092,0.634811413,0.564439695,1.199251108,0.162279665,-0.840308692,0.400735329,0.882016196,0.848882261,0.036307311,0.848882261
OS,KMT2C,1.176505769,0.86152317,0.745126392,1.606649562,0.158983616,1.022425059,0.306579765,0.882016196,0.231111764,1.434006024,0.231111764
OS,KMT2D,1.011727024,0.744023638,0.631727775,1.375751413,0.156809651,0.074349985,0.940731905,0.982855685,0.870945194,0.026392604,0.870945194
OS,KRAS,0.772032281,0.563895042,0.493099254,1.056994296,0.160287754,-1.614152722,0.106494304,0.882016196,0.5432461,0.369556524,0.5432461
OS,KRT1,0.836780621,0.611348779,0.533990563,1.145339341,0.160153099,-1.11264375,0.265861463,0.882016196,0.11179097,2.52871855,0.11179097
OS,KRT10,0.821480694,0.638515023,0.418359922,1.056874945,0.128555031,-1.529670526,0.126098303,0.882016196,0.174387579,1.844815579,0.174387579
OS,KRT14,0.929594506,0.685069471,0.576329529,1.261399,0.155731548,-0.468799056,0.639213275,0.89107514,0.572590287,0.318367643,0.572590287
OS,KRT17,1.198275721,0.858834194,0.813042302,1.671876496,0.169933236,1.064439355,0.287129713,0.882016196,0.674752673,0.176092893,0.674752673
OS,KRT18,1.004910638,0.762909928,0.560765847,1.323675775,0.140570912,0.034848033,0.972200919,0.990248908,0.596253475,0.280683655,0.596253475
OS,KRT19,1.129290621,0.853919156,0.639544596,1.493463752,0.142608958,0.852608901,0.393876225,0.882016196,0.791973399,0.069563492,0.791973399
OS,KRT5,1.293536727,0.962680679,0.775421372,1.738102051,0.150724008,1.707625207,0.087705908,0.882016196,0.487912254,0.481127046,0.487912254
OS,KRT6A.B.C,0.853134357,0.623110649,0.544961559,1.168072208,0.160305464,-0.990847276,0.321760161,0.882016196,0.99059288,0.000139012,0.99059288
OS,KRT7,0.953911294,0.717064058,0.551925435,1.268989493,0.145617729,-0.324030568,0.745914892,0.919305057,0.327391119,0.95918969,0.327391119
OS,KYAT1,1.141335545,0.821795933,0.763326084,1.585122016,0.167585875,0.788843972,0.430203206,0.882016196,0.448308678,0.574924456,0.448308678
OS,L1CAM,1.345328214,0.956017536,0.937156946,1.893174481,0.174297607,1.70190523,0.088773135,0.882016196,0.930130888,0.007687811,0.930130888
OS,LAG3,0.992042495,0.709994808,0.676139712,1.38613452,0.170670629,-0.046811421,0.962663526,0.987992677,0.927368344,0.008309483,0.927368344
OS,LAIR1,0.942547111,0.682508021,0.61915442,1.301662441,0.164702835,-0.359249287,0.719408609,0.913815622,0.899804471,0.015852913,0.899804471
OS,LAIR2,1.095294704,0.766595486,0.798337403,1.564932889,0.182054099,0.4999803,0.617088949,0.890181229,0.705322387,0.142994144,0.705322387
OS,LAMA1,0.854295935,0.636547801,0.509982818,1.146530619,0.150114058,-1.049053097,0.294153681,0.882016196,0.780499313,0.077656079,0.780499313
OS,LAMA3,1.14876725,0.877087709,0.627512323,1.504600032,0.137674822,1.00736946,0.313757262,0.882016196,0.638095745,0.221241285,0.638095745
OS,LAMA5,0.811720806,0.58007928,0.55578385,1.135863131,0.171427467,-1.216834359,0.223667244,0.882016196,0.750135684,0.101417064,0.750135684
OS,LAMB3,1.011077518,0.738947872,0.64447549,1.383423361,0.159974629,0.068864745,0.945097282,0.983047418,0.561569214,0.336994496,0.561569214
OS,LAMC2,1.199907742,0.87197286,0.779200766,1.651173627,0.162881387,1.118879672,0.263191476,0.882016196,0.817430815,0.053292032,0.817430815
OS,LAMC3,0.955861359,0.702310301,0.598640198,1.300950499,0.157266946,-0.287043146,0.774079284,0.929409161,0.792685458,0.069076986,0.792685458
OS,LAMP1,0.849100498,0.629380045,0.516146669,1.145526715,0.152779477,-1.070678675,0.284313935,0.882016196,0.991686082,0.000108579,0.991686082
OS,LAMP3,0.921226902,0.678981373,0.570918902,1.249900275,0.155672593,-0.527060712,0.598151429,0.887180672,0.532844801,0.388963372,0.532844801
OS,LAT,0.888026015,0.66105497,0.531871849,1.192926819,0.150596665,-0.788558234,0.43037025,0.882016196,0.863091838,0.029735461,0.863091838
OS,LCK,0.903780363,0.66367995,0.567062286,1.230742235,0.157546946,-0.642150876,0.520775225,0.882016196,0.569013305,0.324336236,0.569013305
OS,LCN2,0.962875228,0.714580111,0.582865326,1.297445437,0.152160308,-0.248628843,0.803647895,0.934024845,0.847459148,0.037002897,0.847459148
OS,LCOR,0.769052708,0.561299845,0.492400904,1.053700749,0.160668392,-1.634395961,0.102175736,0.882016196,0.667591233,0.184432662,0.667591233
OS,LCP1,0.75762712,0.547523976,0.500829846,1.048353822,0.165709722,-1.675000947,0.093934046,0.882016196,0.931361531,0.007418712,0.931361531
OS,LDHA,0.84074438,0.629051062,0.494627372,1.123678434,0.148000287,-1.17207619,0.241166468,0.882016196,0.533245907,0.388202221,0.533245907
OS,LDHB,1.154177757,0.865629373,0.673281315,1.538910688,0.14678159,0.976881311,0.328627915,0.882016196,0.286574558,1.135644469,0.286574558
OS,LEF1,1.003881796,0.727528852,0.657678977,1.385207828,0.164276439,0.023583914,0.981184504,0.993081326,0.396899715,0.717699008,0.396899715
OS,LEFTY1,0.871954693,0.643256249,0.538706597,1.181962846,0.155204025,-0.882823845,0.377331455,0.882016196,0.939565864,0.005747994,0.939565864
OS,LEFTY2,0.915110235,0.668252027,0.584908022,1.253160049,0.160400471,-0.553057888,0.580223772,0.882016196,0.982457654,0.000483465,0.982457654
OS,LEPR,0.859505804,0.623259084,0.562042895,1.18530198,0.163980196,-0.923268206,0.355867452,0.882016196,0.719284794,0.129179009,0.719284794
OS,LFNG,1.014736835,0.749387698,0.624655201,1.374042898,0.154660042,0.094590063,0.924640443,0.982382892,0.204491547,1.610001812,0.204491547
OS,LGALS3,0.958447053,0.72529682,0.541247754,1.266544574,0.142213502,-0.298431283,0.765374016,0.927881484,0.120148164,2.41538844,0.120148164
OS,LGALS9,0.84394417,0.607446209,0.565072034,1.172518244,0.167769775,-1.011320041,0.311863277,0.882016196,0.331555056,0.942814571,0.331555056
OS,LGR5,0.970193843,0.716122881,0.598282952,1.314405833,0.154923314,-0.195318503,0.845143613,0.955977598,0.972866777,0.001156885,0.972866777
OS,LIF,0.919255918,0.682799976,0.554797375,1.237597351,0.151718401,-0.554914374,0.57895323,0.882016196,0.620402192,0.245302692,0.620402192
OS,LIG4,0.723902802,0.536802689,0.439413112,0.976215801,0.152567363,-2.117740909,0.034197016,0.882016196,0.737088235,0.112702388,0.737088235
OS,LILRA1,0.910081179,0.64604004,0.63599776,1.2820378,0.174836029,-0.538913387,0.58994662,0.885792706,0.923978883,0.00910554,0.923978883
OS,LILRA3,1.006421959,0.735576908,0.641417323,1.376994232,0.159952737,0.040020734,0.968076596,0.989888151,0.470242034,0.521407183,0.470242034
OS,LILRA4,0.911787643,0.654982021,0.614299697,1.269281718,0.168778269,-0.547156721,0.584271067,0.882016196,0.402101643,0.702032331,0.402101643
OS,LILRA5,0.879311372,0.631613585,0.592534387,1.224147973,0.168809877,-0.761899787,0.446119817,0.882016196,0.680310503,0.169776514,0.680310503
OS,LILRB1,0.970259347,0.709302838,0.617920388,1.327223226,0.159840098,-0.188887992,0.850180605,0.957591624,0.948506622,0.004170866,0.948506622
OS,LILRB2,0.989606412,0.703661283,0.688089088,1.391750371,0.173987989,-0.060049998,0.952115814,0.983529353,0.683622032,0.166077074,0.683622032
OS,LILRB3,0.88371034,0.649949819,0.551595196,1.201545015,0.156755013,-0.788657005,0.430312504,0.882016196,0.778558717,0.079072185,0.778558717
OS,LILRB4,0.94321529,0.687213103,0.607370891,1.294583994,0.161559154,-0.361853339,0.71746163,0.913815622,0.915856925,0.011162755,0.915856925
OS,LOXL2,1.012164257,0.765170938,0.573714836,1.338885774,0.142730627,0.084711093,0.932491077,0.982855685,0.317893052,0.997595394,0.317893052
OS,LRP1,0.996730343,0.751035921,0.571765491,1.322801412,0.144404074,-0.02267951,0.98190592,0.993081326,0.087037708,2.928325811,0.087037708
OS,LRP5,1.200648165,0.887191871,0.737660727,1.624852598,0.154367915,1.184582614,0.236182514,0.882016196,0.086154251,2.9448021,0.086154251
OS,LRP6,1.21321521,0.876083447,0.803997544,1.680080991,0.166109158,1.163536291,0.244611983,0.882016196,0.237390253,1.396024984,0.237390253
OS,LRRC32,0.908721601,0.680780584,0.532201936,1.21298252,0.147348994,-0.649590466,0.515956793,0.882016196,0.143130218,2.143979119,0.143130218
OS,LTA,0.858776292,0.632652235,0.533069909,1.165722144,0.155914896,-0.976473855,0.328829698,0.882016196,0.924951848,0.008873269,0.924951848
OS,LTB,0.876306668,0.63935327,0.56172509,1.20107836,0.160849363,-0.820887127,0.411710564,0.882016196,0.679475012,0.170717406,0.679475012
OS,LTBP1,1.115737012,0.835500249,0.654468283,1.489968532,0.147574047,0.742103279,0.458024763,0.882016196,0.579024284,0.307814691,0.579024284
OS,LTBR,1.189516478,0.85427952,0.802027833,1.656307353,0.168902968,1.027494692,0.304187583,0.882016196,0.293811966,1.102071407,0.293811966
OS,LTF,1.143682909,0.813778274,0.793552173,1.607330446,0.173636363,0.773188719,0.439410701,0.882016196,0.632071754,0.229261773,0.632071754
OS,LTK,0.890816415,0.670685189,0.512513572,1.183198761,0.144818223,-0.798358893,0.424662251,0.882016196,0.99326469,7.13E-05,0.99326469
OS,LY6E,1.086246131,0.812606546,0.63942539,1.452031937,0.148082351,0.558661009,0.576393094,0.882016196,0.783738253,0.07532321,0.783738253
OS,LY86,0.837222344,0.613337179,0.529494656,1.142831835,0.158765595,-1.119043454,0.263121601,0.882016196,0.901857101,0.015206764,0.901857101
OS,LY9,0.871237408,0.650522143,0.516316879,1.166839022,0.149053337,-0.924774798,0.355083062,0.882016196,0.998652301,2.85E-06,0.998652301
OS,LY96,0.900688067,0.666832477,0.549723436,1.216555914,0.153380438,-0.681940218,0.495276753,0.882016196,0.84990912,0.035809652,0.84990912
OS,LYN,0.918619438,0.690150523,0.532570671,1.222721195,0.145901767,-0.581784225,0.560712031,0.882016196,0.960700795,0.002427945,0.960700795
OS,LYZ,0.974334822,0.682676682,0.707920609,1.390597291,0.181500088,-0.143252133,0.886091058,0.970311885,0.896861574,0.016803148,0.896861574
OS,MAD2L2,1.062220981,0.806743031,0.591860205,1.398603235,0.140365879,0.430033152,0.667171526,0.896582616,0.261737765,1.259542192,0.261737765
OS,MAF,0.614711612,0.434593681,0.434885979,0.86947966,0.176912285,-2.750527167,0.005949946,0.882016196,0.740048243,0.110084246,0.740048243
OS,MAGEA1,0.762664363,0.545848218,0.519753743,1.065601961,0.170654716,-1.587634037,0.112369117,0.882016196,0.964064868,0.002029795,0.964064868
OS,MAGEA12,1.006999135,0.745909382,0.613568433,1.359477815,0.153128279,0.045548441,0.963670165,0.987992677,0.561940668,0.336355191,0.561940668
OS,MAGEA3.A6,0.963594836,0.715564713,0.582032823,1.297597536,0.15183895,-0.244234878,0.807048916,0.934024845,0.787227165,0.072853042,0.787227165
OS,MAGEA4,0.957648759,0.701663126,0.605361728,1.307024855,0.158690497,-0.272695648,0.78508718,0.930721661,0.637744492,0.221704158,0.637744492
OS,MAGEB2,0.844340561,0.625577512,0.514027046,1.139604557,0.153003158,-1.105855324,0.268789145,0.882016196,0.550720533,0.356027943,0.550720533
OS,MAGEC1,0.767130511,0.565875388,0.474087177,1.039962565,0.155249308,-1.707565322,0.087717028,0.882016196,0.996836066,1.57E-05,0.996836066
OS,MAGEC2,0.817343357,0.617616307,0.464042574,1.081658881,0.142957663,-1.410879296,0.158280208,0.882016196,0.559642811,0.340323049,0.559642811
OS,MAML2,0.868128982,0.639228377,0.539767981,1.178996358,0.156165375,-0.905546305,0.36517604,0.882016196,0.818425567,0.052702594,0.818425567
OS,MAP2K1,0.88152812,0.664675823,0.504453247,1.16912907,0.144062578,-0.875302796,0.381409173,0.882016196,0.714659538,0.133667316,0.714659538
OS,MAP2K2,1.028648481,0.761706113,0.62743555,1.389141663,0.153288665,0.184265328,0.853805312,0.957591624,0.115712326,2.47441721,0.115712326
OS,MAP2K4,0.795528212,0.59900965,0.457509449,1.056519099,0.144762151,-1.580171099,0.114067688,0.882016196,0.949973882,0.003936254,0.949973882
OS,MAP2K6,0.8429228,0.627231844,0.505553192,1.132785036,0.150798249,-1.133169011,0.257143285,0.882016196,0.998940444,1.76E-06,0.998940444
OS,MAP3K1,0.782932588,0.583797423,0.466195971,1.049993394,0.14974385,-1.634181843,0.102220674,0.882016196,0.429258704,0.624828282,0.429258704
OS,MAP3K12,1.008982608,0.754779136,0.594020606,1.348799742,0.148100993,0.060381124,0.951852092,0.983529353,0.83399773,0.043922574,0.83399773
OS,MAP3K13,0.860988134,0.633411824,0.536917714,1.170329537,0.156615083,-0.955684177,0.339231819,0.882016196,0.242151631,1.368024275,0.242151631
OS,MAP3K14,0.936637262,0.687261373,0.589238945,1.276500318,0.157952599,-0.414423054,0.678564308,0.899500816,0.091005041,2.856504883,0.091005041
OS,MAP3K20,1.11360675,0.829457001,0.665641593,1.495098593,0.150302803,0.715915274,0.474043667,0.882016196,0.331384679,0.943479219,0.331384679
OS,MAP3K5,0.891902714,0.665363324,0.530209714,1.195573038,0.149504695,-0.765181436,0.444163512,0.882016196,0.059579794,3.54904327,0.059579794
OS,MAP3K7,0.921240987,0.697702862,0.518695984,1.216398846,0.141802783,-0.578505003,0.562923221,0.882016196,0.822530686,0.050306564,0.822530686
OS,MAP3K8,0.884189738,0.65170141,0.547914672,1.199616082,0.155658563,-0.790728124,0.429102661,0.882016196,0.91559434,0.011232797,0.91559434
OS,MAP4K2,0.791048876,0.575899097,0.510677229,1.086576325,0.161955675,-1.447281937,0.147817976,0.882016196,0.365538854,0.818774031,0.365538854
OS,MAPK1,1.069974722,0.77448002,0.703732298,1.478212318,0.164900194,0.410157333,0.681690538,0.899803232,0.563054337,0.334443326,0.563054337
OS,MAPK10,0.905837967,0.675529932,0.539134858,1.21466479,0.14967774,-0.660718378,0.508792936,0.882016196,0.446981267,0.578295349,0.446981267
OS,MAPK11,0.981424934,0.721279597,0.614117806,1.335397403,0.157134865,-0.119322655,0.905019736,0.979066429,0.442781429,0.589063647,0.442781429
OS,MAPK12,1.027738034,0.749942561,0.658492592,1.408435154,0.160777936,0.170174492,0.864872911,0.958026636,0.955027351,0.003180366,0.955027351
OS,MAPK14,0.935316467,0.689756276,0.578542286,1.268298562,0.155383787,-0.430355963,0.666936724,0.896582616,0.777004753,0.080216114,0.777004753
OS,MAPK3,0.883113291,0.663074997,0.513095251,1.176170248,0.14620952,-0.850162048,0.395234999,0.882016196,0.835590737,0.043071481,0.835590737
OS,MAPK8,0.929349639,0.692269369,0.555353003,1.247622372,0.150262908,-0.487613684,0.625823501,0.89107514,0.75684059,0.095872161,0.75684059
OS,MAPK8IP1,0.780269558,0.594960991,0.428333968,1.023294959,0.138341116,-1.79350752,0.072891809,0.882016196,0.333483493,0.935323244,0.333483493
OS,MAPK8IP2,1.09553441,0.803136518,0.691249079,1.494385596,0.158407431,0.575997535,0.564616848,0.882016196,0.464046799,0.536116133,0.464046799
OS,MAPK9,0.913196154,0.664274266,0.591121674,1.255395939,0.162378284,-0.559216256,0.57601414,0.882016196,0.925382532,0.008771421,0.925382532
OS,MAPKAPK2,1.117222782,0.798461206,0.764779107,1.563240312,0.171388273,0.646753391,0.517791562,0.882016196,0.03412897,4.488231325,0.03412897
OS,MAPT,1.008751844,0.75533947,0.591843252,1.347182722,0.147605656,0.059034111,0.952924938,0.983775026,0.630601276,0.231246268,0.630601276
OS,MARCO,0.823884547,0.60933481,0.504643476,1.113978286,0.153912278,-1.258670682,0.208149305,0.882016196,0.709297241,0.138979902,0.709297241
OS,MASP1,0.85163598,0.629929731,0.521442887,1.151372617,0.153855331,-1.043812364,0.29657221,0.882016196,0.43619726,0.606265844,0.43619726
OS,MASP2,0.923915115,0.681977293,0.56970535,1.251682643,0.154912968,-0.510835724,0.609466092,0.890181229,0.946197688,0.004553872,0.946197688
OS,MAVS,1.091614834,0.817343885,0.640577277,1.457921162,0.147632029,0.593760715,0.552672168,0.882016196,0.722268336,0.12632967,0.722268336
OS,MBL2,0.778014239,0.570533104,0.490415248,1.060948351,0.158254761,-1.586116281,0.112712934,0.882016196,0.925981559,0.008630748,0.925981559
OS,MBNL1,0.942540059,0.676490996,0.636729383,1.31322038,0.169217029,-0.349709823,0.726556481,0.915961371,0.494689661,0.466309992,0.494689661
OS,MBNL3,1.077062051,0.825888668,0.57873487,1.404623538,0.135478158,0.547962951,0.583717342,0.882016196,0.030787911,4.664749673,0.030787911
OS,MCAM,0.942117452,0.659107675,0.687539204,1.346646879,0.182270205,-0.327126031,0.743572564,0.919305057,0.103491576,2.650895588,0.103491576
OS,MCAT,0.929543397,0.66282453,0.640764712,1.303589242,0.17254562,-0.423434596,0.671978208,0.897443004,0.7870851,0.072952762,0.7870851
OS,MCL1,0.98038349,0.721277087,0.611292329,1.332569417,0.156594938,-0.126514101,0.899324988,0.978144425,0.316632647,1.002805346,0.316632647
OS,MCM2,1.071333612,0.791132487,0.659643112,1.4507756,0.154693695,0.445423707,0.656013583,0.894409084,0.892263922,0.01834402,0.892263922
OS,MCM4,1.384967277,1.007124568,0.897440585,1.904565153,0.162542376,2.003640648,0.045108568,0.882016196,0.189584325,1.720844893,0.189584325
OS,MCM5,0.975435188,0.718162743,0.60670939,1.324872134,0.156220989,-0.159207548,0.873505357,0.963257123,0.514678146,0.424544395,0.514678146
OS,MCM7,1.118742686,0.842751629,0.642365879,1.485117507,0.144537577,0.776306448,0.437568067,0.882016196,0.098344269,2.732191253,0.098344269
OS,MDC1,0.915158604,0.694101001,0.512517732,1.206618733,0.141063767,-0.628495134,0.529679633,0.882016196,0.068299964,3.323411502,0.068299964
OS,MDM2,1.126578779,0.813772397,0.745852566,1.559624963,0.165952015,0.718192006,0.472638906,0.882016196,0.401653638,0.703369997,0.401653638
OS,MDM4,1.178362715,0.908724137,0.619284894,1.52800903,0.132573689,1.237997872,0.21571685,0.882016196,0.323494392,0.974766118,0.323494392
OS,ME2,1.338877892,0.966591594,0.887960027,1.854551621,0.1662332,1.755557069,0.079164068,0.882016196,0.092893951,2.823494673,0.092893951
OS,MECOM,0.830730117,0.615408456,0.505980957,1.121389413,0.153073614,-1.211510601,0.225699774,0.882016196,0.088085857,2.909011346,0.088085857
OS,MED12,1.15917544,0.849456889,0.732362882,1.581819771,0.158608533,0.931279811,0.351708843,0.882016196,0.412812586,0.670685864,0.412812586
OS,MEF2C,0.839329502,0.625218306,0.501546546,1.126764852,0.15025913,-1.165665732,0.24374962,0.882016196,0.590978111,0.288819355,0.590978111
OS,MEFV,0.809901256,0.600016508,0.493186822,1.09320333,0.153041162,-1.37768782,0.168299693,0.882016196,0.630056706,0.231983868,0.630056706
OS,MELK,1.131772544,0.84276267,0.677130341,1.519893011,0.150438947,0.822825667,0.410607138,0.882016196,0.13848016,2.194766863,0.13848016
OS,MEN1,0.861565526,0.634476308,0.535457299,1.169933607,0.156100402,-0.954540559,0.339810089,0.882016196,0.653246705,0.201831314,0.653246705
OS,MERTK,0.749959763,0.553254689,0.463346989,1.016601678,0.155207495,-1.853877764,0.06375665,0.882016196,0.885495949,0.020737649,0.885495949
OS,MET,0.948244222,0.721322502,0.525231019,1.246553522,0.139556519,-0.380800492,0.703351294,0.911072588,0.375762488,0.784519441,0.375762488
OS,MFGE8,0.984759295,0.745939604,0.554099787,1.300039391,0.141713116,-0.108374148,0.913698907,0.982108074,0.394268412,0.725737246,0.394268412
OS,MFNG,0.789259057,0.596130951,0.448823782,1.044954733,0.143183367,-1.652850333,0.098361327,0.882016196,0.171772461,1.867406069,0.171772461
OS,MGMT,1.038966372,0.772169929,0.62577511,1.397945039,0.151419611,0.252453071,0.800690883,0.934024845,0.158046961,1.992814003,0.158046961
OS,MIA,1.063974056,0.782474835,0.664269191,1.446744026,0.156790904,0.395501308,0.692472957,0.905420221,0.326959205,0.960904061,0.326959205
OS,MIB1,1.265282957,0.895113512,0.893420499,1.788534012,0.176585142,1.332477785,0.182703237,0.882016196,0.056363234,3.641290386,0.056363234
OS,MICA,1.096564371,0.823982201,0.635337453,1.459319653,0.145813059,0.632192986,0.52726078,0.882016196,0.681767319,0.168143184,0.681767319
OS,MICB,0.749737178,0.551952723,0.466442173,1.018394896,0.156258136,-1.843312419,0.065283409,0.882016196,0.410647293,0.676925903,0.410647293
OS,MIF,1.076559273,0.803479976,0.638970245,1.442450221,0.149274739,0.494190094,0.621171935,0.890181229,0.663672174,0.189093487,0.663672174
OS,MKI67,0.893649723,0.680103026,0.494145282,1.174248308,0.139323782,-0.807050943,0.419637134,0.882016196,0.509453949,0.435188504,0.509453949
OS,MLF1,0.923543566,0.692343189,0.539607573,1.231950762,0.147010968,-0.541029734,0.588487088,0.885365819,0.056519952,3.636667728,0.056519952
OS,MLH1,0.780436863,0.576763588,0.479269958,1.056033545,0.154299461,-1.606625413,0.108136564,0.882016196,0.291093982,1.114554766,0.291093982
OS,MLLT3,0.920018641,0.687578836,0.543457163,1.231035999,0.148583056,-0.561042084,0.574768848,0.882016196,0.084830949,2.969826566,0.084830949
OS,MLPH,0.945547035,0.688512977,0.610023471,1.298536448,0.161854743,-0.345937631,0.729389587,0.916407282,0.965771706,0.001841437,0.965771706
OS,MME,0.917551377,0.676610425,0.567680971,1.244291396,0.155417607,-0.553648363,0.579819521,0.882016196,0.143635455,2.138572903,0.143635455
OS,MMP1,0.713913162,0.499003866,0.522374999,1.021378865,0.182731669,-1.844201112,0.065153836,0.882016196,0.972536897,0.001185197,0.972536897
OS,MMP11,1.122560989,0.862121027,0.599556783,1.46167781,0.134682214,0.85841084,0.390665644,0.882016196,0.671345604,0.180032161,0.671345604
OS,MMP3,0.729531094,0.535874977,0.457296265,0.993171243,0.157401417,-2.003497138,0.045123954,0.882016196,0.782463611,0.07623671,0.782463611
OS,MMP9,0.711272219,0.502492651,0.504304502,1.006797153,0.177286018,-1.921753659,0.054636762,0.882016196,0.186981149,1.741245044,0.186981149
OS,MMRN2,0.935776117,0.693742183,0.568509071,1.262251254,0.152694571,-0.434717634,0.663767397,0.896582616,0.249177058,1.327911757,0.249177058
OS,MNAT1,1.08342785,0.817726835,0.617735298,1.435462132,0.143552072,0.55819431,0.576711706,0.882016196,0.608956017,0.261697973,0.608956017
OS,MNX1,0.988782238,0.711760186,0.661863028,1.373623214,0.167724044,-0.067260214,0.946374549,0.983047418,0.387573754,0.74654047,0.387573754
OS,MPL,0.872011911,0.641228925,0.544626461,1.185855385,0.156848063,-0.873151974,0.382580248,0.882016196,0.908431466,0.013228963,0.908431466
OS,MPO,0.882988041,0.655514522,0.533883814,1.189398336,0.151988099,-0.818772143,0.412916427,0.882016196,0.616681052,0.250559983,0.616681052
OS,MPPED1,1.042994193,0.77192847,0.637317242,1.409245712,0.15355333,0.274143244,0.783974542,0.930721661,0.454606994,0.559139909,0.454606994
OS,MR1,0.898670429,0.656993964,0.572254072,1.229248036,0.159820048,-0.668495038,0.503817648,0.882016196,0.619950038,0.245937795,0.619950038
OS,MRC1,0.854437289,0.630224714,0.528192378,1.158417092,0.155291969,-1.01300904,0.311055843,0.882016196,0.694371455,0.154393695,0.694371455
OS,MRE11,1.040599134,0.760299617,0.663937003,1.42423662,0.160125048,0.248534741,0.803720694,0.934024845,0.152458783,2.047475753,0.152458783
OS,MRM2,0.787069303,0.59033439,0.459033728,1.049368118,0.14675125,-1.631597512,0.102764303,0.882016196,0.047366954,3.932305882,0.047366954
OS,MRPL19,0.839046596,0.620842581,0.513098955,1.133941536,0.15367052,-1.141982448,0.253461315,0.882016196,0.340404026,0.908909124,0.340404026
OS,MS4A1,0.821510114,0.607289439,0.504007456,1.111296895,0.154155249,-1.275409243,0.202164429,0.882016196,0.830124965,0.046027969,0.830124965
OS,MS4A2,0.849402608,0.627184276,0.52317108,1.150355356,0.154744114,-1.054786421,0.291523016,0.882016196,0.840801537,0.040348083,0.840801537
OS,MS4A4A,0.845593993,0.63681479,0.486006494,1.122821284,0.144676368,-1.159249097,0.246354664,0.882016196,0.523450177,0.407090073,0.523450177
OS,MS4A6A,0.878116809,0.644026498,0.553267607,1.197294106,0.158186454,-0.82166109,0.41126981,0.882016196,0.619566617,0.246477156,0.619566617
OS,MSH2,1.001106961,0.757455813,0.56567767,1.323133483,0.142296709,0.007774945,0.993796554,0.998138264,0.235874165,1.405084176,0.235874165
OS,MSH6,1.039680364,0.784051965,0.594600607,1.378652572,0.14397882,0.270271163,0.786951648,0.930721661,0.137516825,2.205527746,0.137516825
OS,MSR1,0.908834844,0.690654534,0.505284585,1.195939118,0.140065656,-0.682479159,0.494936017,0.882016196,0.354693839,0.85659313,0.354693839
OS,MSRB2,0.846499132,0.637154209,0.487472719,1.124626928,0.144950349,-1.14967714,0.250276873,0.882016196,0.924238907,0.00904317,0.924238907
OS,MST1R,0.917739861,0.678166108,0.563781025,1.241947133,0.154350653,-0.556144741,0.578111911,0.882016196,0.695741841,0.152939611,0.695741841
OS,MTF1,1.001009204,0.734073192,0.630939777,1.365012969,0.158245374,0.00637425,0.994914119,0.998138264,0.963472551,0.002097308,0.963472551
OS,MTF2,1.36120063,0.972837037,0.931764745,1.904601783,0.171383671,1.799279508,0.071974478,0.882016196,0.060219507,3.531328829,0.060219507
OS,MUC1,0.867819697,0.65367353,0.498447507,1.152121038,0.144582214,-0.980558427,0.326810544,0.882016196,0.309073338,1.034631502,0.309073338
OS,MUC4,0.938168778,0.706768918,0.538561252,1.24533017,0.144505769,-0.441680719,0.658720264,0.894571211,0.955993262,0.003045082,0.955993262
OS,MX1,1.085685126,0.817023286,0.625667776,1.442691062,0.145053136,0.566766373,0.57087292,0.882016196,0.375941942,0.783929843,0.375941942
OS,MXI1,0.894514582,0.651657024,0.576222532,1.227879556,0.161616652,-0.68974374,0.490355354,0.882016196,0.185249217,1.755001422,0.185249217
OS,MYB,1.029395401,0.74898191,0.665811796,1.414793705,0.162254047,0.178557274,0.858285346,0.957591624,0.425815976,0.634208011,0.425815976
OS,MYBL2,1.408749508,1.050963167,0.837376253,1.888339419,0.149490192,2.292474398,0.021878283,0.882016196,0.308352272,1.03772026,0.308352272
OS,MYC,1.142164289,0.861033043,0.654053138,1.51508618,0.144159465,0.922068915,0.35649263,0.882016196,0.200624437,1.6378229,0.200624437
OS,MYCN,1.169328606,0.83417458,0.804965982,1.639140562,0.172320673,0.907782799,0.363992988,0.882016196,0.732495127,0.116832947,0.732495127
OS,MYCT1,0.851961005,0.629981295,0.522176016,1.152157311,0.154008253,-1.040298287,0.29820134,0.882016196,0.790123216,0.070836149,0.790123216
OS,MYD88,0.69792793,0.497505486,0.481586017,0.979091504,0.17271198,-2.082307404,0.0373144,0.882016196,0.869278849,0.027084789,0.869278849
OS,NAALAD2,0.792882027,0.591412411,0.471571551,1.062983962,0.14957461,-1.551605828,0.120756568,0.882016196,0.774822494,0.081837549,0.774822494
OS,NANOG,1.120394669,0.833086342,0.673701312,1.506787654,0.151175735,0.751979184,0.452063577,0.882016196,0.702558962,0.145823494,0.702558962
OS,NASP,1.109544435,0.84006108,0.625414327,1.465475407,0.141956786,0.732261665,0.464008873,0.882016196,0.417696919,0.656785959,0.417696919
OS,NAT1,0.847426671,0.623492557,0.528296594,1.151789151,0.15656792,-1.057374766,0.290340583,0.882016196,0.548903326,0.359285486,0.548903326
OS,NAT8L,1.348135436,0.94330968,0.983384376,1.926694056,0.182188619,1.639633043,0.101081489,0.882016196,0.328677355,0.954102026,0.328677355
OS,NBN,1.058785195,0.767181775,0.694044396,1.461226172,0.164367162,0.347528104,0.728194609,0.915961371,0.614027654,0.254351398,0.614027654
OS,NCAM1,1.009372942,0.752584298,0.60119592,1.353780218,0.149784157,0.06228488,0.950335969,0.983047418,0.921788474,0.009639532,0.921788474
OS,NCF4,0.849772039,0.636138355,0.499011747,1.135150102,0.14773335,-1.101898485,0.270505807,0.882016196,0.454974318,0.558229912,0.454974318
OS,NCOR1,0.858450958,0.648173727,0.488771535,1.136945262,0.143355081,-1.064669101,0.287025698,0.882016196,0.81456722,0.055008144,0.81456722
OS,NCR1,0.915288704,0.658129146,0.614802493,1.272931639,0.168287968,-0.525977826,0.598903613,0.887199606,0.758123563,0.094830625,0.758123563
OS,NDC1,0.869108459,0.645144617,0.525677386,1.170822003,0.152040254,-0.922698756,0.356164214,0.882016196,0.263824212,1.248578173,0.263824212
OS,NDC80,1.037578167,0.776050576,0.611189489,1.387240065,0.148179711,0.248949814,0.803399602,0.934024845,0.343310688,0.898029263,0.343310688
OS,NDUFA1,1.004075424,0.749496015,0.595631158,1.345127173,0.149197343,0.027260148,0.978252243,0.99149521,0.860300131,0.030973227,0.860300131
OS,NDUFA11,0.976411141,0.731171993,0.572732868,1.303904862,0.147571606,-0.161762353,0.871493001,0.963257123,0.317768671,0.998108325,0.317768671
OS,NDUFA12,0.891922009,0.658362247,0.54997689,1.208339137,0.154912738,-0.738329111,0.460314481,0.882016196,0.931069627,0.007482104,0.931069627
OS,NDUFA13,1.045031084,0.777971738,0.625793866,1.403765603,0.150569967,0.29253264,0.769879407,0.927881484,0.273879004,1.197215088,0.273879004
OS,NDUFA2,0.803949087,0.599747111,0.477930666,1.077677777,0.149506756,-1.459595159,0.144401371,0.882016196,0.915804584,0.011176699,0.915804584
OS,NDUFA3,1.173823836,0.872639126,0.706321017,1.578960143,0.151278207,1.05941668,0.289410056,0.882016196,0.057780688,3.599967876,0.057780688
OS,NDUFA4L2,0.977097083,0.712542886,0.62733255,1.339875436,0.161097814,-0.143821088,0.88564175,0.970311885,0.20054594,1.638394147,0.20054594
OS,NDUFA6,0.745173654,0.529453369,0.519333564,1.048786933,0.17437677,-1.686795751,0.091642633,0.882016196,0.87250107,0.025754607,0.87250107
OS,NDUFA7,0.917502425,0.688496092,0.534184341,1.222680433,0.146505539,-0.587691473,0.5567394,0.882016196,0.244817749,1.352636382,0.244817749
OS,NDUFB1,0.93897186,0.711537503,0.527565354,1.239102858,0.14151147,-0.444979962,0.656334235,0.894409084,0.921195919,0.009786629,0.921195919
OS,NDUFB10,0.855259401,0.635397879,0.515799926,1.151197804,0.15161168,-1.031256057,0.302420759,0.882016196,0.456481121,0.554509069,0.456481121
OS,NDUFB11,0.889639441,0.67420852,0.499698828,1.173907347,0.141470364,-0.826597298,0.408465349,0.882016196,0.209532084,1.574656358,0.209532084
OS,NDUFB4,0.969357505,0.735118523,0.543116134,1.278234656,0.141125932,-0.220524978,0.825462321,0.945739267,0.518696817,0.416483755,0.518696817
OS,NDUFB7,1.107529476,0.829745391,0.648565371,1.478310762,0.147333432,0.693202051,0.488182761,0.882016196,0.583548475,0.300532992,0.583548475
OS,NDUFB8,0.555182111,0.392835046,0.391787355,0.784622401,0.176486098,-3.33430847,0.000855118,0.882016196,0.5755024,0.313562298,0.5755024
OS,NDUFS7,0.995547541,0.755377018,0.556702756,1.312079774,0.140857635,-0.031680218,0.974727071,0.990253697,0.492889828,0.470211624,0.492889828
OS,NDUFS8,0.833159392,0.631987677,0.466379582,1.098367259,0.141000078,-1.294540476,0.195478798,0.882016196,0.934727741,0.0067073,0.934727741
OS,NECTIN1,0.916627861,0.672983971,0.575495447,1.248479418,0.157645783,-0.552210846,0.580803904,0.882016196,0.868702651,0.027326277,0.868702651
OS,NECTIN2,0.83355284,0.631895736,0.467669109,1.099564845,0.141315194,-1.28831288,0.197637071,0.882016196,0.755777417,0.096739987,0.755777417
OS,NEFL,0.824070551,0.612189912,0.497093759,1.109283671,0.151642377,-1.276022811,0.201947456,0.882016196,0.46437185,0.535336582,0.46437185
OS,NEIL1,0.92697326,0.685199938,0.568856544,1.254056482,0.154193671,-0.491787759,0.622869391,0.890181229,0.625965917,0.23757111,0.625965917
OS,NEUROD1,1.046476442,0.774768694,0.63870213,1.413470823,0.153380117,0.296184097,0.767089493,0.927881484,0.548527912,0.35996097,0.548527912
OS,NF1,0.859959469,0.6171094,0.581268534,1.198377934,0.169308693,-0.89109435,0.372878556,0.882016196,0.998895528,1.92E-06,0.998895528
OS,NF2,1.094857536,0.814368511,0.657585536,1.471954047,0.151006117,0.600136292,0.548415408,0.882016196,0.236938486,1.398717112,0.236938486
OS,NFAM1,0.997942768,0.732431502,0.627272121,1.359703624,0.15782234,-0.01304854,0.989589067,0.997082779,0.524562296,0.404914032,0.524562296
OS,NFATC1,1.10059887,0.798113117,0.71961394,1.517727057,0.16396189,0.58461426,0.558807117,0.882016196,0.918355229,0.010507434,0.918355229
OS,NFATC2,0.888625622,0.6724582,0.501823705,1.174281905,0.142214894,-0.830287542,0.40637623,0.882016196,0.211742474,1.559472493,0.211742474
OS,NFATC3,0.941278907,0.70629105,0.548157781,1.25444883,0.146539471,-0.412965792,0.679631676,0.899500816,0.512579025,0.428798644,0.512579025
OS,NFATC4,0.844374674,0.623336902,0.520456425,1.143793327,0.154854466,-1.092373773,0.274668846,0.882016196,0.160139571,1.972907638,0.160139571
OS,NFE2L2,1.01023716,0.762348861,0.576380914,1.338729775,0.143643517,0.0709055,0.943472966,0.982855685,0.756019958,0.096541633,0.756019958
OS,NFIL3,0.937424025,0.684879973,0.598211717,1.28309169,0.16015198,-0.403489016,0.686588514,0.901834798,0.786098628,0.073647214,0.786098628
OS,NFKB1,0.929145298,0.685661508,0.57343059,1.259092097,0.155044202,-0.473994824,0.635503599,0.89107514,0.410416523,0.677593803,0.410416523
OS,NFKB2,0.781855673,0.578972024,0.476861882,1.055833906,0.153276288,-1.605500242,0.10838376,0.882016196,0.245525023,1.348588534,0.245525023
OS,NFKBIA,0.949569457,0.720237549,0.531685729,1.251923279,0.141037077,-0.366900682,0.713693103,0.913815622,0.41344409,0.668875053,0.41344409
OS,NFKBIE,0.833944014,0.604516626,0.545927529,1.150444155,0.164154597,-1.106207268,0.268636818,0.882016196,0.683042055,0.166721555,0.683042055
OS,NFKBIZ,0.988181863,0.715269219,0.649955745,1.365224964,0.164904944,-0.072093209,0.942527731,0.982855685,0.126649752,2.333096114,0.126649752
OS,NGF,0.924531141,0.676321199,0.587512955,1.263834154,0.159502229,-0.491958921,0.622748384,0.890181229,0.308720731,1.03614076,0.308720731
OS,NGFR,1.020680637,0.727169895,0.705492499,1.432662394,0.17299544,0.11832506,0.905810102,0.979161956,0.436473438,0.605536304,0.436473438
OS,NID2,0.84885801,0.639411614,0.487499293,1.126910906,0.144565681,-1.133487208,0.25700971,0.882016196,0.127645851,2.320903673,0.127645851
OS,NKD1,0.998096921,0.708923096,0.696303324,1.40522642,0.174545725,-0.010913426,0.991292519,0.997082779,0.980159003,0.000618495,0.980159003
OS,NKG7,0.800039436,0.581865246,0.518154224,1.10001947,0.162463259,-1.373198212,0.169690735,0.882016196,0.906271011,0.013863498,0.906271011
OS,NKX2.1,1.082981447,0.823465744,0.600817929,1.424283673,0.139773571,0.570335553,0.568450132,0.882016196,0.782821133,0.075979886,0.782821133
OS,NKX2.5,0.898671339,0.66162617,0.559018073,1.220644243,0.156235873,-0.683824367,0.494086078,0.882016196,0.583866685,0.300025101,0.583866685
OS,NKX3.1,0.960860924,0.70144116,0.614782878,1.316224038,0.16056043,-0.248664012,0.803620689,0.934024845,0.219085899,1.510348613,0.219085899
OS,NLRC5,0.904304731,0.663288774,0.569608687,1.232897462,0.158143693,-0.63606004,0.52473729,0.882016196,0.23610996,1.403670586,0.23610996
OS,NLRP3,0.805387898,0.591895454,0.503990081,1.095885535,0.157142684,-1.377291334,0.168422193,0.882016196,0.738560325,0.111396042,0.738560325
OS,NOD1,0.902885261,0.677967748,0.52445198,1.202419728,0.146173994,-0.698891743,0.484619688,0.882016196,0.254385273,1.299058489,0.254385273
OS,NOD2,0.86368688,0.6474338,0.504738094,1.152171893,0.147040328,-0.996631232,0.318943541,0.882016196,0.428072664,0.628046808,0.428072664
OS,NOG,0.863870204,0.643908187,0.515064079,1.158972266,0.149934583,-0.97597729,0.329075719,0.882016196,0.386622543,0.749537997,0.386622543
OS,NOS1,0.86525086,0.647044511,0.509999616,1.157044127,0.14827027,-0.976161995,0.328984193,0.882016196,0.762556543,0.0912797,0.762556543
OS,NOS2,0.853885049,0.616009959,0.567606743,1.183616702,0.166601761,-0.94812142,0.343067645,0.882016196,0.56362239,0.333470933,0.56362239
OS,NOS3,0.897215459,0.648888488,0.591687657,1.240576145,0.165327095,-0.656028261,0.511805941,0.882016196,0.836686116,0.042491292,0.836686116
OS,NOTCH1,1.119736489,0.833292717,0.671352385,1.504645102,0.150749544,0.75020711,0.453129977,0.882016196,0.084036114,2.985061126,0.084036114
OS,NOTCH2,1.024630239,0.784143819,0.55472681,1.338870629,0.136479364,0.178281937,0.858501564,0.957591624,0.821824611,0.050714506,0.821824611
OS,NOTCH3,0.995289975,0.755069745,0.556864868,1.311934613,0.140933204,-0.03349922,0.973276488,0.990248908,0.024632889,5.049511025,0.024632889
OS,NPM1,1.227183861,0.877735043,0.838022166,1.71575721,0.170989114,1.197280905,0.231197085,0.882016196,0.553905983,0.350366065,0.553905983
OS,NPM2,0.874149665,0.655203925,0.511055322,1.166259248,0.147097131,-0.914386811,0.36051363,0.882016196,0.95197065,0.003627925,0.95197065
OS,NR3C1,1.011128252,0.734948637,0.656142237,1.391090874,0.162769038,0.067990747,0.945793,0.983047418,0.028417828,4.802538961,0.028417828
OS,NR4A1,1.047445723,0.807183812,0.552038867,1.359222679,0.132940413,0.348686716,0.727324518,0.915961371,0.915459794,0.011268771,0.915459794
OS,NR4A3,0.905513961,0.664944608,0.568173948,1.233118556,0.157553382,-0.629961616,0.528719698,0.882016196,0.774817343,0.081841398,0.774817343
OS,NRAS,0.874793637,0.659133195,0.501882382,1.161015577,0.144422237,-0.926223459,0.354329864,0.882016196,0.085174342,2.963292431,0.085174342
OS,NRDE2,1.284455939,0.967989857,0.736394799,1.704384655,0.144323522,1.734542168,0.08282193,0.882016196,0.861078624,0.03062545,0.861078624
OS,NRP1,0.839972692,0.615797986,0.529957828,1.145755814,0.15839598,-1.100949009,0.27091885,0.882016196,0.008952979,6.832182825,0.008952979
OS,NSD1,0.833429469,0.619085367,0.502899929,1.121985296,0.151689473,-1.201178947,0.229681794,0.882016196,0.982014549,0.000508202,0.982014549
OS,NSD2,1.070790625,0.804824565,0.6198245,1.424649065,0.145680348,0.469502433,0.638710546,0.89107514,0.408064461,0.68443283,0.408064461
OS,NSD3,1.341034787,1.020069596,0.74292217,1.762991766,0.139579447,2.102326325,0.0355247,0.882016196,0.863012528,0.029770267,0.863012528
OS,NT5E,0.876236754,0.654624139,0.518248666,1.172872804,0.148765532,-0.888101938,0.37448592,0.882016196,0.503939889,0.446629549,0.503939889
OS,NTF3,0.883251057,0.638966097,0.581963201,1.220929298,0.165185732,-0.751552783,0.452320047,0.882016196,0.955321198,0.003138898,0.955321198
OS,NTHL1,0.842976269,0.630267279,0.497205166,1.127472445,0.148367433,-1.151307054,0.249605936,0.882016196,0.859034506,0.031542944,0.859034506
OS,NTRK1,0.914995597,0.668223087,0.584677267,1.252900354,0.160358647,-0.553983381,0.579590219,0.882016196,0.472115172,0.517021095,0.472115172
OS,NTRK2,0.863101032,0.635248021,0.537433147,1.172681168,0.156388714,-0.941394809,0.346502573,0.882016196,0.746897986,0.104156139,0.746897986
OS,NUF2,0.946768637,0.715352454,0.537695392,1.253047846,0.143002315,-0.382514976,0.702079423,0.911072588,0.103500142,2.650764002,0.103500142
OS,NUMBL,1.118031152,0.831481663,0.671851137,1.5033328,0.151081997,0.738468121,0.460230032,0.882016196,0.110257738,2.550523192,0.110257738
OS,NUP107,1.276139284,0.888102768,0.945616854,1.833719623,0.184956025,1.318363841,0.187381879,0.882016196,0.164703946,1.930498237,0.164703946
OS,NUPR1,1.121966773,0.83749959,0.665557193,1.503056784,0.149195444,0.771358625,0.440494392,0.882016196,0.663621714,0.189153948,0.663621714
OS,OAS1,0.936082007,0.680176367,0.608091744,1.288268111,0.162937157,-0.405384464,0.685194929,0.901379425,0.198819847,1.651022303,0.198819847
OS,OAS2,0.928828288,0.687758954,0.566636911,1.254395865,0.153311729,-0.481576938,0.630106512,0.89107514,0.366176809,0.816597669,0.366176809
OS,OAS3,0.789668121,0.560338345,0.552517389,1.112855734,0.175039934,-1.349077986,0.177311918,0.882016196,0.09579289,2.774227058,0.09579289
OS,OASL,0.945640217,0.700201263,0.576910715,1.277111978,0.153316268,-0.364560808,0.715439275,0.913815622,0.490565728,0.475285193,0.490565728
OS,OAT,0.778092724,0.553961716,0.538944654,1.09290637,0.173345084,-1.447457139,0.147768932,0.882016196,0.691990117,0.156939395,0.691990117
OS,OAZ1,1.120397334,0.801782603,0.763841524,1.565624126,0.170718016,0.66591323,0.505466564,0.882016196,0.264572572,1.24467184,0.264572572
OS,OLFML2B,0.936388751,0.705345369,0.537767482,1.243112851,0.14456549,-0.454635173,0.649371726,0.894258419,0.894687291,0.017523273,0.894687291
OS,OPN3,0.8518056,0.609283597,0.581578565,1.190862162,0.170959517,-0.938215953,0.348133441,0.882016196,0.844996412,0.03822281,0.844996412
OS,ORC6,0.956601266,0.729207119,0.525698323,1.254905442,0.138486651,-0.320381955,0.748678803,0.920303464,0.723197298,0.125449799,0.723197298
OS,OSM,0.867138472,0.639324754,0.536805413,1.176130167,0.155505985,-0.916727422,0.359285493,0.882016196,0.541909004,0.372013085,0.541909004
OS,OTC,0.840656874,0.618721746,0.523478258,1.142200004,0.156394675,-1.109831263,0.267071745,0.882016196,0.993500344,6.64E-05,0.993500344
OS,OTOA,0.84731167,0.622557558,0.530648372,1.153205929,0.157264375,-1.053555088,0.292086661,0.882016196,0.993103988,7.47E-05,0.993103988
OS,P2RY13,0.795577032,0.584400237,0.498663687,1.083063923,0.15739146,-1.45298609,0.146227616,0.882016196,0.496476812,0.462459389,0.496476812
OS,P4HA1,1.046332921,0.811058957,0.538796776,1.349855733,0.129954493,0.348518888,0.727450532,0.915961371,0.714086298,0.134229633,0.714086298
OS,P4HA2,0.982087566,0.73893645,0.566312448,1.305248898,0.145139684,-0.12453385,0.9008926,0.978144425,0.748203838,0.103046552,0.748203838
OS,PAK3,0.924683476,0.678295627,0.582274979,1.260570607,0.158098961,-0.495283384,0.620400098,0.890181229,0.983033498,0.000452241,0.983033498
OS,PAK5,1.014189508,0.760381251,0.59233537,1.352716622,0.146954284,0.095878654,0.923616948,0.982382892,0.94042908,0.005584659,0.94042908
OS,PALMD,0.874905295,0.645455045,0.540466857,1.185921902,0.155186567,-0.861154645,0.389152876,0.882016196,0.965021794,0.001923062,0.965021794
OS,PARP12,0.834268479,0.613537129,0.520874894,1.134412022,0.156795986,-1.1556419,0.247827662,0.882016196,0.852602354,0.034521285,0.852602354
OS,PARP4,0.90515906,0.682370602,0.518315537,1.200686139,0.144154572,-0.691234364,0.489418272,0.882016196,0.104846763,2.630226383,0.104846763
OS,PARP9,0.896513937,0.634985725,0.630770666,1.26575639,0.175978397,-0.620766196,0.534753468,0.882016196,0.283011517,1.152571373,0.283011517
OS,PASD1,0.871560494,0.64123778,0.543373792,1.184611572,0.156576824,-0.877971585,0.379959139,0.882016196,0.923901253,0.009124203,0.923901253
OS,PAX3,0.795677871,0.595276495,0.468268395,1.06354489,0.148047835,-1.543831154,0.122629242,0.882016196,0.588128279,0.293276819,0.588128279
OS,PAX5,1.070465304,0.782806137,0.68102496,1.463831097,0.159678251,0.426441405,0.669786236,0.896867728,0.716877514,0.13150419,0.716877514
OS,PAX8,0.865459093,0.642502492,0.523282,1.165784492,0.151987188,-0.950706251,0.341753514,0.882016196,0.903854299,0.014591161,0.903854299
OS,PBK,0.832379633,0.635342243,0.455181583,1.090523826,0.137821312,-1.331192177,0.183125785,0.882016196,0.715149276,0.133187968,0.715149276
OS,PBRM1,0.934563408,0.703942583,0.536796057,1.240738641,0.144585658,-0.468067186,0.639736545,0.89107514,0.057367153,3.611911324,0.057367153
OS,PBX1,0.899336748,0.669397254,0.538863732,1.208260986,0.150655757,-0.704239492,0.481283641,0.882016196,0.747616337,0.103544942,0.747616337
OS,PBX3,0.986750629,0.746789267,0.557028085,1.303817352,0.142162976,-0.09382138,0.925251048,0.982382892,0.843982125,0.038731209,0.843982125
OS,PC,0.822056258,0.616500475,0.479648706,1.096149181,0.146813789,-1.334659687,0.181987753,0.882016196,0.760591014,0.092844999,0.760591014
OS,PCK1,0.97644377,0.72492326,0.59030897,1.31523223,0.151967774,-0.15686295,0.87535286,0.964400271,0.788255444,0.072133444,0.788255444
OS,PCK2,1.020117396,0.756493858,0.619114803,1.37560866,0.152542895,0.130571241,0.896114494,0.975416662,0.686413047,0.162995969,0.686413047
OS,PCNA,1.013724438,0.763510789,0.582425969,1.345936758,0.144624665,0.094251632,0.924909271,0.982382892,0.199154629,1.64856299,0.199154629
OS,PDCD1,0.962925744,0.71211396,0.589961327,1.302075286,0.153950964,-0.245396186,0.806149682,0.934024845,0.748964255,0.102403441,0.748964255
OS,PDCD1LG2,0.895049451,0.648902275,0.585665011,1.234567286,0.164083037,-0.675732921,0.49921023,0.882016196,0.523695979,0.406608414,0.523695979
OS,PDGFA,0.770676157,0.583296434,0.434953816,1.01825025,0.142131559,-1.832717701,0.066844563,0.882016196,0.262656628,1.254700365,0.262656628
OS,PDGFB,0.73783652,0.55069289,0.437884845,0.988577736,0.149260394,-2.036930146,0.041657043,0.882016196,0.239451516,1.383820096,0.239451516
OS,PDGFC,0.917986536,0.679414053,0.560918373,1.240332426,0.153549752,-0.557295297,0.577325689,0.882016196,0.465007864,0.533813783,0.465007864
OS,PDGFD,0.743658097,0.554822146,0.441942978,0.996765124,0.149458755,-1.981643008,0.04751921,0.882016196,0.617752766,0.24903871,0.617752766
OS,PDGFRA,0.847209317,0.624186717,0.525731419,1.149918137,0.155869314,-1.063759654,0.287437593,0.882016196,0.86024677,0.030997139,0.86024677
OS,PDGFRB,0.993242151,0.751672448,0.560774181,1.312446629,0.142183142,-0.04769051,0.961962898,0.987992677,0.138233603,2.197513003,0.138233603
OS,PDK1,1.048701635,0.786433497,0.612000221,1.398433718,0.146839421,0.32384261,0.746057195,0.919305057,0.402898907,0.69965719,0.402898907
OS,PDPN,0.829116789,0.625075645,0.474686688,1.099762334,0.144129358,-1.30018101,0.193538938,0.882016196,0.38409392,0.75755769,0.38409392
OS,PDZK1IP1,0.960481884,0.704080794,0.606174304,1.310255098,0.158442711,-0.254477833,0.799126427,0.934024845,0.990725154,0.00013513,0.990725154
OS,PEBP1,0.946365771,0.711827792,0.546353165,1.258180958,0.145305286,-0.379381477,0.704404604,0.911072588,0.345816318,0.888749828,0.345816318
OS,PECAM1,1.00939214,0.756827931,0.589412676,1.346240607,0.146924977,0.063626408,0.949267704,0.983047418,0.18059046,1.792758238,0.18059046
OS,PF4,0.962140359,0.689664964,0.652601378,1.342266343,0.169877827,-0.227192311,0.820274206,0.942932031,0.873836019,0.025213582,0.873836019
OS,PFKFB3,1.041226185,0.755800884,0.678640369,1.434441254,0.16346033,0.24714891,0.804792983,0.934024845,0.614434296,0.253768035,0.614434296
OS,PFKM,0.862516622,0.64478559,0.508985424,1.153771014,0.148439757,-0.996369577,0.319070609,0.882016196,0.729679143,0.119406443,0.729679143
OS,PGF,1.31132355,0.942506331,0.881958284,1.824464615,0.168497796,1.608549051,0.107714983,0.882016196,0.190883892,1.710782382,0.190883892
OS,PGM2,0.786084976,0.583253776,0.476198585,1.059452361,0.152269387,-1.58068792,0.113949412,0.882016196,0.687100834,0.162241848,0.687100834
OS,PGPEP1,0.853592561,0.623365558,0.545483523,1.168849081,0.160370736,-0.987095888,0.323595633,0.882016196,0.797482364,0.065847024,0.797482364
OS,PGR,0.860974363,0.637707171,0.524702298,1.162409469,0.153158697,-0.977355865,0.328393005,0.882016196,0.942176883,0.005261193,0.942176883
OS,PHF6,1.129772827,0.839072293,0.682115633,1.521187926,0.151775741,0.803926728,0.421439293,0.882016196,0.212734025,1.552722167,0.212734025
OS,PHGDH,1.186435793,0.892179753,0.685562722,1.577742475,0.145431923,1.175489382,0.239798983,0.882016196,0.529402109,0.395539065,0.529402109
OS,PIAS4,1.196455979,0.870884512,0.77285457,1.643739083,0.162048763,1.106851005,0.268358352,0.882016196,0.216609672,1.526691499,0.216609672
OS,PIK3CA,0.876415124,0.656691914,0.512963831,1.169655744,0.1472603,-0.895797541,0.370360903,0.882016196,0.652565321,0.202681183,0.652565321
OS,PIK3CB,1.074323599,0.795460811,0.655485835,1.450946646,0.153331873,0.467556107,0.64010206,0.89107514,0.07079076,3.264588989,0.07079076
OS,PIK3CD,0.886503551,0.644687087,0.574336159,1.219023247,0.162513225,-0.741294424,0.458514942,0.882016196,0.962406585,0.002221596,0.962406585
OS,PIK3CG,0.889144211,0.660370281,0.536802656,1.197172936,0.151767447,-0.774183409,0.438822338,0.882016196,0.984435283,0.00038059,0.984435283
OS,PIK3R1,0.733543747,0.538292715,0.461324064,0.999616779,0.157903282,-1.962391387,0.049716935,0.882016196,0.432754046,0.615420819,0.432754046
OS,PIK3R2,1.134088546,0.843848567,0.680307404,1.524155971,0.15082497,0.834273565,0.404126845,0.882016196,0.237016358,1.398252623,0.237016358
OS,PIK3R3,1.03003074,0.764891195,0.62218625,1.387077446,0.151844795,0.194861118,0.845501674,0.955977598,0.810446309,0.057528168,0.810446309
OS,PIK3R5,0.871161918,0.653725431,0.507194814,1.160920245,0.146502909,-0.9414654,0.346466412,0.882016196,0.975844659,0.000916809,0.975844659
OS,PIM1,0.953479833,0.675333153,0.670852483,1.346185637,0.175978817,-0.270697381,0.786623791,0.930721661,0.717439156,0.130959604,0.717439156
OS,PIN1,1.012247875,0.758993694,0.591011936,1.35000563,0.146908458,0.082864367,0.933959388,0.982855685,0.893100843,0.01805841,0.893100843
OS,PITX2,0.89699958,0.643049323,0.608189451,1.251238773,0.169816368,-0.640102523,0.522105949,0.882016196,0.42486495,0.636819236,0.42486495
OS,PKM,0.916774454,0.681718123,0.551160059,1.232878182,0.151148297,-0.574891014,0.565365008,0.882016196,0.476782803,0.506213064,0.476782803
OS,PKMYT1,1.055071311,0.773402838,0.66591884,1.439321678,0.158453722,0.338321858,0.735120653,0.917967923,0.721577678,0.126986075,0.721577678
OS,PKP3,1.316972455,0.970718177,0.816017138,1.786735315,0.155642962,1.769019966,0.076890543,0.882016196,0.774112188,0.082369099,0.774112188
OS,PLA2G10,0.866842462,0.634935985,0.548515373,1.183451358,0.158846323,-0.89959919,0.368333588,0.882016196,0.633421661,0.227449242,0.633421661
OS,PLA2G1B,0.869131279,0.643365573,0.53075566,1.174121233,0.153462553,-0.913976039,0.360729436,0.882016196,0.953802094,0.003356218,0.953802094
OS,PLA2G2A,0.962628358,0.708822986,0.598489802,1.307312788,0.15615674,-0.243907904,0.807302148,0.934024845,0.956018421,0.003041598,0.956018421
OS,PLA2G3,0.902032466,0.661917165,0.567334186,1.229251351,0.157916214,-0.65290804,0.513815566,0.882016196,0.3953434,0.722444003,0.3953434
OS,PLA2G4C,0.885741562,0.649857668,0.557388399,1.207246067,0.157998745,-0.767917884,0.442535971,0.882016196,0.274516828,1.194036639,0.274516828
OS,PLA2G4F,0.895076662,0.659769867,0.554535711,1.214305579,0.155624432,-0.712265468,0.476300404,0.882016196,0.851426486,0.035080782,0.851426486
OS,PLA2G5,0.843195039,0.621614663,0.522145154,1.143759817,0.15555281,-1.096457111,0.272878783,0.882016196,0.950715945,0.003820196,0.950715945
OS,PLA2G6,1.084080977,0.761416584,0.782063803,1.543480387,0.180262116,0.447862278,0.654252594,0.894409084,0.071950635,3.237949527,0.071950635
OS,PLAT,1.120434775,0.84833349,0.631478518,1.479812008,0.141940494,0.801158278,0.423040021,0.882016196,0.89399146,0.017756981,0.89399146
OS,PLAU,0.913410491,0.690414181,0.518018017,1.208432197,0.142805536,-0.634218357,0.525938329,0.882016196,0.39494769,0.723654766,0.39494769
OS,PLAUR,0.874291936,0.645023981,0.540027135,1.185051116,0.155169609,-0.865768347,0.38661721,0.882016196,0.190386678,1.714622835,0.190386678
OS,PLCB1,0.807072732,0.607420746,0.464927209,1.072347955,0.144998625,-1.478231175,0.139345912,0.882016196,0.342166325,0.902297829,0.342166325
OS,PLCB4,0.981286946,0.727036925,0.597413095,1.324450021,0.153006716,-0.123460976,0.901742075,0.978449813,0.564039006,0.332758968,0.564039006
OS,PLCE1,0.79179231,0.582654007,0.493344878,1.075998885,0.156485315,-1.491872612,0.135732544,0.882016196,0.198601878,1.652626122,0.198601878
OS,PLCG2,0.8855063,0.649646038,0.557351867,1.206997905,0.158029391,-0.769449956,0.441626242,0.882016196,0.900030957,0.015780947,0.900030957
OS,PLD1,0.816414267,0.605582389,0.495064308,1.100646697,0.152416722,-1.33078162,0.183260878,0.882016196,0.566980791,0.327760468,0.566980791
OS,PLK1,0.884850817,0.66903758,0.501241925,1.170279504,0.142644881,-0.857627809,0.391098014,0.882016196,0.395141058,0.723062895,0.395141058
OS,PLOD2,1.085954038,0.800343762,0.673143294,1.473487056,0.15570329,0.529589956,0.59639626,0.887180672,0.94144319,0.005395796,0.94144319
OS,PMAIP1,1.307908696,0.954518435,0.837615793,1.792134228,0.160705896,1.670314859,0.094857085,0.882016196,0.597461672,0.278841308,0.597461672
OS,PMEL,0.838452436,0.620656456,0.512019246,1.132675702,0.153462073,-1.148149644,0.250906793,0.882016196,0.793159773,0.068753928,0.793159773
OS,PML,0.913861205,0.695039326,0.506536281,1.201575608,0.139650666,-0.645013564,0.518918395,0.882016196,0.536856112,0.381397787,0.536856112
OS,PMS2,0.89887808,0.670980294,0.533200827,1.204181121,0.149190312,-0.714576364,0.474870854,0.882016196,0.227861677,1.454159624,0.227861677
OS,PNMA1,0.925629728,0.702315631,0.517634996,1.219950627,0.140865534,-0.548615288,0.583269492,0.882016196,0.779410229,0.078449114,0.779410229
OS,PNOC,0.896112025,0.648490675,0.589795076,1.23828575,0.165012119,-0.664738122,0.506218006,0.882016196,0.121721842,2.395024506,0.121721842
OS,POLB,0.939628634,0.70755563,0.540264233,1.247819863,0.144731471,-0.430248873,0.667014614,0.896582616,0.441830884,0.59152275,0.441830884
OS,POLD1,0.936383028,0.691244683,0.577210897,1.26845558,0.154865473,-0.4244372,0.671246996,0.897443004,0.692487672,0.15640551,0.692487672
OS,POLD4,0.889078005,0.661362974,0.533835018,1.195197992,0.150963059,-0.778801806,0.436096474,0.882016196,0.836141122,0.042779446,0.836141122
OS,POLE2,1.123645973,0.82732553,0.698772999,1.526098529,0.156194587,0.746368575,0.455444797,0.882016196,0.750539485,0.10107827,0.750539485
OS,POLR1B,0.811832133,0.609307888,0.472364328,1.081672216,0.146415897,-1.423764068,0.15451478,0.882016196,0.116068718,2.469582949,0.116068718
OS,POLR2A,0.81860476,0.613299678,0.479337051,1.092636728,0.147322958,-1.358606307,0.174271376,0.882016196,0.77476589,0.08187984,0.77476589
OS,POLR2D,1.078084476,0.808242694,0.629773567,1.438016261,0.146981647,0.511532116,0.608978506,0.890181229,0.263127947,1.252224962,0.263127947
OS,POLR2H,0.892385463,0.655424426,0.559592567,1.215016992,0.157459612,-0.723087685,0.469626015,0.882016196,0.955925276,0.003054507,0.955925276
OS,POLR2J,0.902850898,0.655991784,0.586614853,1.242606637,0.16296685,-0.627108255,0.530588276,0.882016196,0.858024136,0.032001604,0.858024136
OS,POU2AF1,0.999112423,0.746305945,0.591249572,1.337555517,0.148845428,-0.005965724,0.995240069,0.998138264,0.69400173,0.154787363,0.69400173
OS,POU2F2,0.831098388,0.613481426,0.512428018,1.125909443,0.154899886,-1.194365595,0.232334989,0.882016196,0.618270539,0.248305816,0.618270539
OS,POU2F3,1.060651425,0.779611436,0.663391316,1.443002751,0.157065598,0.374896047,0.707737779,0.912902214,0.701639575,0.146771857,0.701639575
OS,PPARGC1A,0.871432995,0.649308244,0.520237147,1.169545391,0.15012083,-0.916703574,0.359297993,0.882016196,0.988154853,0.000220411,0.988154853
OS,PPARGC1B,0.927960563,0.68063811,0.584514096,1.265152206,0.158144987,-0.472768975,0.636378011,0.89107514,0.833786343,0.044036165,0.833786343
OS,PPBP,0.940240489,0.683713662,0.609301566,1.293015228,0.162552209,-0.379075731,0.704631628,0.911072588,0.936528934,0.006341458,0.936528934
OS,PPL,0.806656836,0.597280942,0.492148178,1.08942912,0.153324629,-1.401320431,0.161118274,0.882016196,0.895557282,0.017233287,0.895557282
OS,PPP2CB,1.079736493,0.788094938,0.691207667,1.479302605,0.160642615,0.477563338,0.63296103,0.89107514,0.69470556,0.154038453,0.69470556
OS,PPP2R1A,1.052390123,0.787584285,0.618646124,1.406230409,0.147884743,0.345295154,0.729872489,0.916407282,0.365015376,0.820563797,0.365015376
OS,PPP2R2B,0.886089319,0.655110829,0.543395204,1.198506034,0.154091266,-0.784843457,0.432545357,0.882016196,0.931906738,0.007301037,0.931906738
OS,PPP2R3A,1.009681919,0.752404875,0.602527304,1.35493218,0.150061967,0.064209138,0.948803701,0.983047418,0.631068618,0.230614422,0.631068618
OS,PPP3CA,0.952509226,0.720027647,0.540026504,1.260054151,0.142762921,-0.340813189,0.733244221,0.917967923,0.442495792,0.589801747,0.442495792
OS,PPP3CB,0.862282829,0.613946163,0.597123669,1.211069832,0.173307308,-0.854966568,0.392569656,0.882016196,0.588819986,0.292190857,0.588819986
OS,PPP3CC,0.985286876,0.748670313,0.548015572,1.296685886,0.140122027,-0.105782336,0.915755052,0.982108074,0.680070207,0.170046813,0.680070207
OS,PPP3R1,0.849792885,0.641096292,0.485330355,1.126426647,0.143784779,-1.131987863,0.257639537,0.882016196,0.855288423,0.03326065,0.855288423
OS,PPP3R2,0.87529671,0.647908113,0.53458106,1.182489174,0.153479371,-0.867819256,0.385493287,0.882016196,0.740642235,0.109562973,0.740642235
OS,PRAME,0.924256465,0.681904364,0.570837307,1.252741671,0.155156001,-0.507654788,0.611695461,0.890181229,0.909116803,0.013030823,0.909116803
OS,PRC1,0.965116219,0.705996871,0.613342287,1.319339158,0.159511974,-0.222596144,0.823849838,0.945149514,0.136985559,2.21149842,0.136985559
OS,PRDM1,0.87551547,0.633570233,0.576283541,1.209853775,0.165024442,-0.80559253,0.420477834,0.882016196,0.595197357,0.28230047,0.595197357
OS,PRDX5,0.765066172,0.557098004,0.493572152,1.050670156,0.161850502,-1.654569784,0.098011797,0.882016196,0.633975094,0.226708695,0.633975094
OS,PRF1,0.797979078,0.581941051,0.512277354,1.094218405,0.161081135,-1.400989009,0.16121736,0.882016196,0.656196572,0.198176739,0.656196572
OS,PRG2,0.807244758,0.592828969,0.50638199,1.099210959,0.157513596,-1.359427811,0.174011063,0.882016196,0.409571761,0.680043456,0.409571761
OS,PRKAA2,0.877824113,0.649955354,0.535626347,1.1855817,0.153340865,-0.849799774,0.395436415,0.882016196,0.823776506,0.049590995,0.823776506
OS,PRKACA,0.898688765,0.681851299,0.502632029,1.184483328,0.14088278,-0.758208392,0.448326238,0.882016196,0.331387412,0.943468552,0.331387412
OS,PRKACB,0.721826942,0.534106066,0.44141952,0.975525587,0.153671687,-2.121209628,0.033904165,0.882016196,0.230710415,1.436476232,0.230710415
OS,PRKACG,0.825719929,0.588809355,0.569143375,1.15795273,0.172530308,-1.109947779,0.26702153,0.882016196,0.421497875,0.646135116,0.421497875
OS,PRKAR1B,0.831411173,0.573995902,0.630271474,1.204267376,0.189035213,-0.976700639,0.328717379,0.882016196,0.94675378,0.004460083,0.94675378
OS,PRKAR2A,0.659210729,0.47421734,0.442153167,0.916370508,0.16805284,-2.479648816,0.013151184,0.882016196,0.738479,0.11146799,0.738479
OS,PRKAR2B,0.946313476,0.717299554,0.53114566,1.248445214,0.14137012,-0.390332798,0.696290473,0.906968378,0.62544757,0.238284947,0.62544757
OS,PRKCA,0.845475594,0.63713269,0.484814106,1.121946796,0.144350287,-1.162837847,0.244895299,0.882016196,0.248154094,1.33366591,0.248154094
OS,PRKCB,0.932492401,0.672808287,0.61959862,1.292406907,0.166533966,-0.419699826,0.674704752,0.897874129,0.703064926,0.145303086,0.703064926
OS,PRKCD,0.840904954,0.630987946,0.489669187,1.120657133,0.146529162,-1.182540311,0.23699138,0.882016196,0.955785253,0.003073966,0.955785253
OS,PRKCE,0.859345575,0.64497514,0.499991187,1.144966327,0.146410531,-1.035336314,0.300511876,0.882016196,0.397922617,0.714594922,0.397922617
OS,PRKCG,0.901412072,0.66261885,0.563642254,1.226261104,0.157024602,-0.660996911,0.508614294,0.882016196,0.188369757,1.730322185,0.188369757
OS,PRKDC,1.357512712,0.979589957,0.90164693,1.881236887,0.16647007,1.836090632,0.066344254,0.882016196,0.207498839,1.588791787,0.207498839
OS,PRKX,1.358620167,0.935894155,1.036389514,1.972283669,0.190168031,1.611572666,0.107054963,0.882016196,0.085515223,2.956834218,0.085515223
OS,PRL,0.954486622,0.693465701,0.62029028,1.313755981,0.162998835,-0.285779043,0.77504736,0.929409161,0.840142613,0.040687353,0.840142613
OS,PRLR,0.877209314,0.635171614,0.576305982,1.211477597,0.164722626,-0.79533485,0.426418746,0.882016196,0.553324687,0.351394695,0.553324687
OS,PRM1,1.032910771,0.710886466,0.789922328,1.500808794,0.190627662,0.16986416,0.865116968,0.958026636,0.402699533,0.700250506,0.402699533
OS,PRMT8,1.069276963,0.775780155,0.698030711,1.473810866,0.163711574,0.409150573,0.682429164,0.899803232,0.469111598,0.524067838,0.469111598
OS,PROM1,0.860694529,0.635884729,0.529098543,1.164983272,0.154453018,-0.971270265,0.331413712,0.882016196,0.075157373,3.166630078,0.075157373
OS,PRR5,0.899059212,0.679125718,0.511092006,1.190217724,0.143136627,-0.743390316,0.457245406,0.882016196,0.707267705,0.141021402,0.707267705
OS,PRUNE1,0.933504055,0.668658414,0.634592696,1.30325111,0.170243929,-0.404184588,0.686076987,0.901834798,0.361886358,0.831336473,0.361886358
OS,PSAT1,1.304698439,0.950469704,0.840474298,1.790944002,0.161620788,1.645654225,0.099834968,0.882016196,0.61763338,0.249207889,0.61763338
OS,PSEN1,1.094091603,0.833979589,0.601351027,1.435330616,0.138508047,0.649236163,0.51618574,0.882016196,0.373308608,0.79262153,0.373308608
OS,PSEN2,0.82416911,0.625249673,0.4611239,1.086373573,0.140933555,-1.372132704,0.17002213,0.882016196,0.58981898,0.290627052,0.58981898
OS,PSMB10,0.932618698,0.674647034,0.614586582,1.289233616,0.165210583,-0.422241995,0.672848392,0.897443004,0.077723762,3.1118682,0.077723762
OS,PSMB2,0.882520969,0.657232001,0.527803512,1.185035513,0.150383106,-0.831029046,0.405957221,0.882016196,0.112016984,2.525532178,0.112016984
OS,PSMB5,0.799034304,0.587451825,0.499370603,1.086822428,0.156946575,-1.429476237,0.1528674,0.882016196,0.990114832,0.000153501,0.990114832
OS,PSMB7,0.97012142,0.73503806,0.545352196,1.280390256,0.141583703,-0.214248102,0.830353587,0.947560555,0.549332509,0.35851431,0.549332509
OS,PSMB8,0.699499479,0.491970284,0.502601008,0.994571292,0.179567959,-1.990278394,0.046560277,0.882016196,0.740776727,0.109445136,0.740776727
OS,PSMB9,0.746601065,0.517855466,0.558532033,1.076387499,0.186653844,-1.565594791,0.11744351,0.882016196,0.928341952,0.008087606,0.928341952
OS,PSMC4,0.853876966,0.571407332,0.704575373,1.275982705,0.204944987,-0.770783251,0.440835416,0.882016196,0.068883522,3.309426632,0.068883522
OS,PSMD7,0.983792015,0.723248987,0.614944011,1.338192998,0.156972765,-0.104099401,0.917090466,0.982108074,0.847400293,0.037031812,0.847400293
OS,PSPH,0.968263653,0.70848027,0.614823343,1.323303614,0.159381606,-0.202349951,0.839643153,0.952480572,0.163754933,1.939204511,0.163754933
OS,PTCD2,0.791256774,0.589289988,0.473153454,1.062443441,0.150362015,-1.557126947,0.119440348,0.882016196,0.53060065,0.393241088,0.53060065
OS,PTCH1,1.148689197,0.841931208,0.725283379,1.567214587,0.158512317,0.874515409,0.381837632,0.882016196,0.541818506,0.372179754,0.541818506
OS,PTCRA,0.950211481,0.678530229,0.652142776,1.330673005,0.171817208,-0.297238606,0.76628435,0.927881484,0.794444776,0.067882773,0.794444776
OS,PTEN,1.010987661,0.748350598,0.617447805,1.365798403,0.153478041,0.071200644,0.943238069,0.982855685,0.762671397,0.091188682,0.762671397
OS,PTGDR2,0.839964733,0.620984453,0.515180471,1.136164924,0.154111945,-1.131614895,0.257796375,0.882016196,0.681010981,0.168990011,0.681010981
OS,PTGER4,0.930445765,0.682969113,0.584627482,1.267596595,0.157765222,-0.456954259,0.647703923,0.892991318,0.29957726,1.076075034,0.29957726
OS,PTGS2,0.858374978,0.643980763,0.500164599,1.144145362,0.146621157,-1.041556625,0.297617288,0.882016196,0.828131494,0.047131808,0.828131494
OS,PTPN11,1.007857519,0.741238378,0.62913964,1.370378018,0.156768094,0.049926037,0.960181329,0.98712373,0.482403967,0.493423847,0.482403967
OS,PTPN5,0.76536542,0.560742093,0.48391682,1.044658913,0.158723488,-1.684702685,0.092045948,0.882016196,0.790104079,0.070849378,0.790104079
OS,PTPRC,0.841854427,0.608786241,0.555364373,1.164150614,0.165380541,-1.04092155,0.297911959,0.882016196,0.770032712,0.085458061,0.770032712
OS,PTPRR,0.829637828,0.611287369,0.514695206,1.125982575,0.155830455,-1.198520693,0.230714372,0.882016196,0.931157177,0.007463062,0.931157177
OS,PTTG1,0.994039603,0.761017238,0.537395836,1.298413074,0.136288748,-0.043864451,0.965012452,0.988549341,0.697650386,0.150927701,0.697650386
OS,PTTG2,0.779658757,0.574339406,0.484037873,1.058377279,0.155939504,-1.596125028,0.110460882,0.882016196,0.754276466,0.097972457,0.754276466
OS,PUM1,1.241863163,0.916391733,0.766539333,1.682931066,0.155066193,1.396905406,0.162442019,0.882016196,0.468235715,0.526136463,0.468235715
OS,PURA,0.954177569,0.712532788,0.565239756,1.277772544,0.148994501,-0.314813591,0.752903192,0.922587463,0.585140585,0.297997429,0.585140585
OS,PVR,1.057254837,0.787005334,0.633299894,1.420305228,0.150612985,0.369661171,0.711634967,0.913815622,0.367856531,0.810892442,0.367856531
OS,PVRIG,1.24397547,0.883977181,0.866605303,1.750582484,0.17430744,1.252455287,0.210404011,0.882016196,0.265988911,1.23731622,0.265988911
OS,PYCARD,0.794143524,0.595463957,0.46364958,1.059113537,0.146902365,-1.569008591,0.116645937,0.882016196,0.688489481,0.160725459,0.688489481
OS,PYCR1,0.921684732,0.681771806,0.564250304,1.24602211,0.153833551,-0.530131778,0.596020568,0.887180672,0.630281675,0.23167898,0.630281675
OS,PYCR2,0.971644787,0.717205931,0.599143461,1.316349392,0.154914724,-0.185682718,0.852693581,0.957591624,0.679566197,0.170614569,0.679566197
OS,PYCR3,1.118574952,0.827803347,0.683678731,1.511482078,0.153592193,0.729565147,0.465656033,0.882016196,0.646960648,0.209753537,0.646960648
OS,RAB7A,0.894359656,0.667726302,0.530188462,1.197914764,0.149099491,-0.748810634,0.453971349,0.882016196,0.688438328,0.160781171,0.688438328
OS,RAC1,1.008246167,0.75244246,0.598571585,1.351014046,0.149310449,0.055001862,0.956136981,0.985189126,0.073154377,3.210785019,0.073154377
OS,RAC2,0.80784137,0.587681472,0.522797095,1.110478567,0.162340038,-1.314460477,0.18869129,0.882016196,0.493595527,0.468678982,0.493595527
OS,RAC3,0.963690618,0.731062315,0.539280293,1.270342608,0.140957491,-0.262383864,0.793025511,0.934024845,0.914352891,0.01156694,0.914352891
OS,RAD21,1.11381423,0.83355668,0.654742997,1.488299678,0.147882281,0.728893058,0.466067081,0.882016196,0.211377471,1.561966826,0.211377471
OS,RAD50,0.809827985,0.593846137,0.510516298,1.104362435,0.158269033,-1.332752302,0.182613103,0.882016196,0.260184352,1.267775805,0.260184352
OS,RAD51,0.979908139,0.729161993,0.587719536,1.316881529,0.150800175,-0.134591672,0.892934727,0.973185822,0.721677995,0.126890615,0.721677995
OS,RAD51C,0.830040116,0.608304886,0.524295903,1.132600789,0.158573229,-1.174733264,0.240101447,0.882016196,0.346329168,0.886861731,0.346329168
OS,RAD52,1.190291696,0.882134823,0.723962436,1.606097259,0.152864428,1.139561386,0.25446908,0.882016196,0.480300547,0.498180819,0.480300547
OS,RAF1,0.855458531,0.631173359,0.52826927,1.159442629,0.155134002,-1.006340696,0.314251711,0.882016196,0.698451486,0.150087781,0.698451486
OS,RAG1,0.857458877,0.626736369,0.546381646,1.173118015,0.159924996,-0.961588632,0.336256284,0.882016196,0.866270011,0.028357959,0.866270011
OS,RANBP2,1.10332678,0.809424173,0.694521501,1.503945675,0.158044814,0.622165062,0.533833337,0.882016196,0.152822651,2.043847802,0.152822651
OS,RASA4,1.185948923,0.836036859,0.84627515,1.682312008,0.178383793,0.956046676,0.339048653,0.882016196,0.245591709,1.348207614,0.245591709
OS,RASAL1,0.934044079,0.692907712,0.566189748,1.259097461,0.152363418,-0.447821723,0.654281864,0.894409084,0.967753851,0.001634226,0.967753851
OS,RASGRF1,0.859041037,0.637667539,0.51959931,1.157266849,0.152043429,-0.999310431,0.317644334,0.882016196,0.914378535,0.011559988,0.914378535
OS,RASGRF2,0.939061883,0.690817669,0.585694586,1.276512254,0.156638315,-0.401395399,0.688129036,0.90316936,0.997087555,1.33E-05,0.997087555
OS,RASGRP1,0.910507428,0.671482709,0.563134005,1.234616714,0.155367034,-0.603430595,0.546222274,0.882016196,0.621890355,0.243219606,0.621890355
OS,RB1,1.323492223,0.932541148,0.945801344,1.878342492,0.178633827,1.568985397,0.116651342,0.882016196,0.459177144,0.547899709,0.459177144
OS,RBL2,1.24808501,0.936511165,0.726807171,1.663318336,0.146535458,1.512332836,0.130449212,0.882016196,0.576937144,0.311212425,0.576937144
OS,RBP4,1.016846042,0.74706982,0.636972,1.38404182,0.157300009,0.106202924,0.915421351,0.982108074,0.951542929,0.003692909,0.951542929
OS,RBX1,0.879824964,0.638583455,0.573618271,1.212201726,0.163508418,-0.783031833,0.433608419,0.882016196,0.66543262,0.186991298,0.66543262
OS,REL,0.950368664,0.708069277,0.567512965,1.275582243,0.150159921,-0.339007255,0.734604265,0.917967923,0.747228746,0.103874471,0.747228746
OS,RELA,0.955348676,0.720597376,0.545978277,1.266575653,0.143878063,-0.31748342,0.750876818,0.92187751,0.758475871,0.094545706,0.758475871
OS,RELB,0.90555881,0.671138482,0.550720763,1.221859245,0.152848077,-0.649030448,0.516318696,0.882016196,0.386635663,0.749496582,0.386635663
OS,RELN,1.172179043,0.877228984,0.68907096,1.566299944,0.147886222,1.074234263,0.2827177,0.882016196,0.59382061,0.284417084,0.59382061
OS,REN,0.967366856,0.697735883,0.643457334,1.341193217,0.166705695,-0.199018278,0.842248446,0.954178832,0.563375902,0.333892638,0.563375902
OS,REPS1,1.044822605,0.762445453,0.669334714,1.431780166,0.160753681,0.272759634,0.78503799,0.930721661,0.090411821,2.867025614,0.090411821
OS,RET,1.027221989,0.737531521,0.69316667,1.430698192,0.16903602,0.158889567,0.873755881,0.963257123,0.785897485,0.073789247,0.785897485
OS,RFC3,0.963346049,0.719660591,0.56988565,1.289546241,0.148795077,-0.250966547,0.801839973,0.934024845,0.017103304,5.685742185,0.017103304
OS,RFC4,1.028257256,0.773513068,0.593384308,1.366897377,0.145246597,0.191848795,0.847860648,0.957591624,0.851410242,0.035088544,0.851410242
OS,RGMB,0.917110561,0.697896841,0.507283828,1.205180669,0.139368241,-0.620853391,0.53469609,0.882016196,0.397976583,0.714431475,0.397976583
OS,RHOA,0.859193525,0.651871609,0.480580707,1.132452316,0.140893693,-1.077131899,0.281421344,0.882016196,0.66803988,0.183903494,0.66803988
OS,RHOB,1.085880928,0.771133076,0.757964073,1.52909715,0.174638867,0.471782563,0.637081998,0.89107514,0.617596195,0.249260599,0.617596195
OS,RICTOR,0.911565486,0.672043205,0.564412472,1.236455677,0.155533881,-0.595316228,0.55163211,0.882016196,0.816123016,0.054072221,0.816123016
OS,RIMKLA,1.0765761,0.789674445,0.678039381,1.467713826,0.158125478,0.466627698,0.640766266,0.89107514,0.241637755,1.371013918,0.241637755
OS,RIMKLB,1.21053011,0.883656737,0.774660442,1.658317179,0.160587119,1.189749042,0.234145044,0.882016196,0.848930301,0.036283949,0.848930301
OS,RIN1,1.041173152,0.76232858,0.65968492,1.4220135,0.159046656,0.253687245,0.799737188,0.934024845,0.48141452,0.495657272,0.48141452
OS,RIPK1,0.674436979,0.487218333,0.44637798,0.933596313,0.165904015,-2.374126037,0.017590545,0.882016196,0.173861565,1.849328066,0.173861565
OS,RIPK2,0.945484578,0.697972919,0.582794661,1.28076758,0.154858597,-0.361992833,0.717357386,0.913815622,0.850322102,0.035610507,0.850322102
OS,RIPK3,0.695582796,0.5211849,0.407152483,0.928337383,0.147270653,-2.464885034,0.013705722,0.882016196,0.796816084,0.066290726,0.796816084
OS,RNF43,0.891931663,0.647004495,0.582572886,1.22957738,0.163797029,-0.698216329,0.485041916,0.882016196,0.409885874,0.67913172,0.409885874
OS,RNLS,0.795358207,0.571466833,0.535499735,1.106966567,0.168669499,-1.357463516,0.174633978,0.882016196,0.917377056,0.010761628,0.917377056
OS,ROBO4,0.912639077,0.667563012,0.580124576,1.247687588,0.159547167,-0.572964058,0.56666903,0.882016196,0.139931586,2.178711327,0.139931586
OS,ROCK1,1.386145146,1.001178331,0.917958656,1.919136987,0.165997428,1.967058297,0.04917649,0.882016196,0.053858212,3.717088353,0.053858212
OS,ROPN1,0.929933729,0.679034777,0.594503442,1.273538219,0.16043202,-0.452789629,0.650700232,0.894258419,0.461672934,0.541835732,0.461672934
OS,ROR2,0.888031275,0.673074419,0.49856355,1.171637969,0.141406201,-0.8397674,0.401038815,0.882016196,0.689535701,0.159588453,0.689535701
OS,RORA,0.994976243,0.741847569,0.592628359,1.334475928,0.149785952,-0.033624107,0.973176899,0.990248908,0.478341284,0.502642596,0.478341284
OS,RORC,1.057317111,0.758853839,0.71431453,1.47316837,0.169227988,0.329346658,0.741893682,0.919305057,0.380995189,0.767488302,0.380995189
OS,RPA3,0.913860411,0.665128368,0.590480159,1.255608527,0.162093683,-0.555712236,0.57840759,0.882016196,0.536918368,0.381281179,0.536918368
OS,RPL23,1.157513534,0.849134387,0.72875199,1.577886377,0.15807026,0.925374575,0.354771099,0.882016196,0.773838292,0.082574564,0.773838292
OS,RPL7A,1.166690624,0.866347655,0.704807996,1.571155651,0.151860044,1.015219084,0.310001406,0.882016196,0.489968726,0.476594949,0.489968726
OS,RPLP0,0.877582513,0.645264889,0.54827761,1.193542499,0.156895776,-0.832299627,0.405239841,0.882016196,0.919677407,0.010168723,0.919677407
OS,RPS27A,1.016080262,0.745108768,0.640486387,1.385595155,0.158256693,0.100800438,0.919708879,0.982382892,0.399389788,0.710162751,0.399389788
OS,RPS6,1.135364157,0.861025362,0.636087065,1.497112427,0.141117267,0.899630817,0.368316752,0.882016196,0.35312755,0.862186455,0.35312755
OS,RPS6KA5,1.264851699,0.956910184,0.714981126,1.67189131,0.142349873,1.65054507,0.098831503,0.882016196,0.900834913,0.015526833,0.900834913
OS,RPS6KA6,0.828811813,0.608078517,0.521593065,1.129671582,0.158007551,-1.188311275,0.234710797,0.882016196,0.122342097,2.387078229,0.122342097
OS,RPS6KB1,1.012262647,0.751513536,0.61196911,1.363482647,0.151969184,0.080200927,0.936077453,0.982855685,0.447268769,0.577563932,0.447268769
OS,RPTOR,0.972411799,0.71885195,0.596557581,1.315409531,0.154147705,-0.181487638,0.855984835,0.957591624,0.421358601,0.646522851,0.421358601
OS,RRAD,0.987160088,0.748875356,0.552389309,1.301264665,0.1409514,-0.091684484,0.926948726,0.982382892,0.35596222,0.852088366,0.35596222
OS,RRAS2,0.908497747,0.663046359,0.581765779,1.244812138,0.160690451,-0.597190877,0.550379949,0.882016196,0.870660844,0.02651007,0.870660844
OS,RRM2,1.026566288,0.778819959,0.574301943,1.353121902,0.14091836,0.186061859,0.852396251,0.957591624,0.378375436,0.775973456,0.378375436
OS,RSAD2,0.921233118,0.682833762,0.560031641,1.242865403,0.15278938,-0.536962451,0.591293551,0.885792706,0.89432006,0.017646418,0.89432006
OS,RUNX1,1.128957322,0.806069326,0.775115559,1.581184885,0.171880715,0.705689889,0.48038101,0.882016196,0.741860932,0.108497767,0.741860932
OS,RUNX1T1,1.043788201,0.778879162,0.619917805,1.398796967,0.149368031,0.286919471,0.774173982,0.929409161,0.623741812,0.240643388,0.623741812
OS,RUNX3,0.853677465,0.642963585,0.490483521,1.133447106,0.14462784,-1.09385463,0.27401874,0.882016196,0.387152683,0.747866085,0.387152683
OS,RXRG,0.887258571,0.662164896,0.526704789,1.188869685,0.1492996,-0.80119992,0.423015917,0.882016196,0.223607598,1.481067366,0.223607598
OS,RYBP,0.739358005,0.521949721,0.525373876,1.047323597,0.177661931,-1.699705894,0.08918626,0.882016196,0.049905853,3.844619202,0.049905853
OS,S100A12,0.899755959,0.665922208,0.549776528,1.215698736,0.153549103,-0.687934391,0.491494098,0.882016196,0.991540033,0.000112428,0.991540033
OS,S100A7,0.90615772,0.65340788,0.603267833,1.256675714,0.166845829,-0.590616526,0.55477739,0.882016196,0.856050655,0.03290733,0.856050655
OS,S100A8,0.826318201,0.609947284,0.509496622,1.119443906,0.15490458,-1.231566869,0.218110923,0.882016196,0.933823851,0.006894782,0.933823851
OS,S100A9,0.842721023,0.624517574,0.512646137,1.137163712,0.152888778,-1.119240477,0.263037562,0.882016196,0.821345782,0.05099214,0.821345782
OS,S100B,0.861878248,0.628645248,0.552997528,1.181642775,0.160996282,-0.92325897,0.355872264,0.882016196,0.786517789,0.073351703,0.786517789
OS,SAA1,0.933319197,0.671691325,0.625161397,1.296852722,0.167833882,-0.411168576,0.680948929,0.899803232,0.970763553,0.001343271,0.970763553
OS,SAMD9,0.812195006,0.598906066,0.502536657,1.101442723,0.155429233,-1.338324894,0.18079055,0.882016196,0.632044059,0.229299051,0.632044059
OS,SAMSN1,0.894876555,0.660178292,0.552833494,1.213011786,0.155194609,-0.715678837,0.474189681,0.882016196,0.905012351,0.014240121,0.905012351
OS,SBNO2,1.090674751,0.82175386,0.62584678,1.44760064,0.144446997,0.600888523,0.547914238,0.882016196,0.861315225,0.030520153,0.861315225
OS,SDHA,0.984377879,0.753043872,0.533733492,1.286777364,0.136679224,-0.115199895,0.908286682,0.980491589,0.881214703,0.022329188,0.881214703
OS,SELE,0.84315762,0.613036442,0.546625078,1.15966152,0.162620097,-1.049079215,0.294141661,0.882016196,0.941363734,0.005410476,0.941363734
OS,SELENOK,0.770939299,0.585896268,0.428528018,1.014424286,0.140036698,-1.85769618,0.063212171,0.882016196,0.263884575,1.248262581,0.263884575
OS,SELL,0.788306475,0.573516258,0.510022508,1.083538765,0.162299236,-1.465615882,0.142752962,0.882016196,0.932518258,0.007170178,0.932518258
OS,SELP,0.923278131,0.666272028,0.613149099,1.279421126,0.166448205,-0.479577151,0.631528096,0.89107514,0.911564433,0.012335538,0.911564433
OS,SELPLG,0.866513515,0.636017279,0.544525602,1.180542881,0.157784519,-0.908058497,0.363847316,0.882016196,0.496765667,0.461839213,0.496765667
OS,SEMG1,0.894085971,0.658472127,0.555534801,1.214006927,0.156063961,-0.717355521,0.473154757,0.882016196,0.778176471,0.079352747,0.778176471
OS,SERINC1,0.899916361,0.670800436,0.536487773,1.207288209,0.149916095,-0.703416482,0.481796238,0.882016196,0.698989949,0.149524739,0.698989949
OS,SERINC2,0.935622562,0.67078799,0.634228784,1.305016774,0.169778132,-0.391941698,0.695101292,0.906791231,0.663040176,0.189851579,0.663040176
OS,SERINC3,1.15134243,0.855775818,0.693215593,1.548991411,0.151367794,0.931034195,0.351835876,0.882016196,0.585685513,0.297132789,0.585685513
OS,SERINC5,0.936968541,0.699890303,0.554463476,1.25435378,0.148842579,-0.437412274,0.661812384,0.896582616,0.415918932,0.661817777,0.415918932
OS,SERPINA1,0.930729687,0.661642871,0.647609883,1.309252754,0.174106744,-0.41231252,0.680110373,0.899500816,0.572483574,0.318544648,0.572483574
OS,SERPINB2,0.973469782,0.724217805,0.584288298,1.308506102,0.150908182,-0.178177848,0.858583306,0.957591624,0.699675835,0.148809306,0.699675835
OS,SERPINB5,0.988374572,0.743892792,0.569312962,1.313205753,0.144984715,-0.080653551,0.935717477,0.982855685,0.931101736,0.007475118,0.931101736
OS,SERPING1,0.935379771,0.688609917,0.58197201,1.270581927,0.156266987,-0.42749055,0.669022067,0.896582616,0.515751545,0.42238062,0.515751545
OS,SERPINH1,0.85603405,0.621467395,0.557668149,1.179135544,0.163383975,-0.951409869,0.341396353,0.882016196,0.385707049,0.752432909,0.385707049
OS,SETBP1,1.140513901,0.860045921,0.652398853,1.512444774,0.144006955,0.913004174,0.361240346,0.882016196,0.66226972,0.190778195,0.66226972
OS,SETD2,0.901014419,0.682025928,0.508290963,1.190316892,0.142070766,-0.733676751,0.463145771,0.882016196,0.039296914,4.247985724,0.039296914
OS,SF3A1,1.119065185,0.805465563,0.749295987,1.55476155,0.167772731,0.670512304,0.502531266,0.882016196,0.769786669,0.085646336,0.769786669
OS,SF3B1,1.051391524,0.771057502,0.662589319,1.433646821,0.158220701,0.316738249,0.751442224,0.92187751,0.120128473,2.415645119,0.120128473
OS,SFN,0.995484808,0.758760283,0.547304392,1.306064675,0.138545386,-0.032663784,0.973942704,0.990248908,0.362320182,0.829835217,0.362320182
OS,SFRP1,0.917821907,0.67499567,0.573007969,1.248003639,0.156787113,-0.546932123,0.584425366,0.882016196,0.146919306,2.103948512,0.146919306
OS,SFRP2,1.179426487,0.828727635,0.84980555,1.678533186,0.180050255,0.916567943,0.359369089,0.882016196,0.529448576,0.3954498,0.529448576
OS,SFRP4,0.797735569,0.585931482,0.500171685,1.086103167,0.157438769,-1.435339621,0.151190343,0.882016196,0.833089549,0.044411677,0.833089549
OS,SFXN1,1.075828642,0.792304515,0.668506632,1.460811147,0.156074637,0.468309241,0.639563461,0.89107514,0.187547102,1.736781872,0.187547102
OS,SGK1,0.773440404,0.569471803,0.480992953,1.050464756,0.156196416,-1.64476667,0.100017938,0.882016196,0.277538839,1.179102232,0.277538839
OS,SGK2,0.980974385,0.726290046,0.598677504,1.324967551,0.153368584,-0.125246843,0.900328134,0.978144425,0.814451889,0.055077861,0.814451889
OS,SH2B2,0.921452388,0.673943869,0.585915507,1.259859376,0.159596953,-0.512567251,0.608254066,0.890181229,0.552541652,0.352783536,0.552541652
OS,SH2D1A,0.850829462,0.629325978,0.520969414,1.150295392,0.153861164,-1.049930754,0.293749951,0.882016196,0.942663662,0.005172832,0.942663662
OS,SH2D1B,0.911943164,0.664584353,0.586784763,1.251369116,0.161439628,-0.570972644,0.568018187,0.882016196,0.817471759,0.053267702,0.817471759
OS,SHC1,0.870746258,0.645344382,0.529530718,1.1748751,0.152842865,-0.905535676,0.365181668,0.882016196,0.297833068,1.083871582,0.297833068
OS,SHC2,1.303295424,0.939380951,0.868808752,1.808189702,0.167059285,1.58564068,0.112820843,0.882016196,0.523304721,0.407375286,0.523304721
OS,SHC3,0.808925286,0.592033422,0.513242215,1.105275637,0.159259799,-1.3314642,0.183036317,0.882016196,0.874027458,0.025136479,0.874027458
OS,SHC4,0.846714061,0.630212032,0.507380819,1.13759285,0.150669466,-1.1043527,0.269440171,0.882016196,0.983183858,0.00044426,0.983183858
OS,SIGIRR,0.922820152,0.669040143,0.603823737,1.27286388,0.164079699,-0.489523784,0.62447092,0.890181229,0.622800588,0.241950929,0.622800588
OS,SIGLEC1,0.907627071,0.678538502,0.535522155,1.214060658,0.148417194,-0.653035517,0.513733382,0.882016196,0.742107956,0.108282557,0.742107956
OS,SIGLEC5,0.853658466,0.628014608,0.53236091,1.160375519,0.156619084,-1.010247818,0.312376575,0.882016196,0.663096476,0.189783972,0.663096476
OS,SIGLEC8,0.81907293,0.612889038,0.481730744,1.094619782,0.147956404,-1.348925398,0.177360929,0.882016196,0.704430791,0.143903544,0.704430791
OS,SIN3A,0.924275767,0.668074911,0.610652487,1.278727398,0.165620475,-0.475453309,0.634463905,0.89107514,0.309895156,1.031122563,0.309895156
OS,SIRPA,0.984398166,0.738238349,0.574399702,1.312638052,0.14682092,-0.107102066,0.914708008,0.982108074,0.360150559,0.83736818,0.360150559
OS,SIRPB2,0.914472253,0.674125854,0.566383609,1.240509463,0.155579545,-0.574678071,0.565509041,0.882016196,0.837269163,0.042184142,0.837269163
OS,SIRT4,0.876934968,0.646836657,0.542049176,1.188885833,0.155277872,-0.845725415,0.397705942,0.882016196,0.975173604,0.000968473,0.975173604
OS,SIX1,0.765554998,0.558504691,0.490858842,1.049363533,0.160889712,-1.660480441,0.096817839,0.882016196,0.290217185,1.118613566,0.290217185
OS,SKP1,0.923575591,0.698925345,0.521508109,1.220433454,0.142200937,-0.559086538,0.576102662,0.882016196,0.936232578,0.006400941,0.936232578
OS,SKP2,1.073413907,0.812568935,0.605424501,1.417993436,0.142042744,0.498752242,0.617953936,0.890181229,0.489285815,0.478096448,0.489285815
OS,SLAMF1,0.885823989,0.648516747,0.561450679,1.209967426,0.159100089,-0.76201721,0.446049733,0.882016196,0.982523409,0.000479847,0.982523409
OS,SLAMF6,0.890187161,0.65300256,0.560519759,1.213522319,0.158089988,-0.735805893,0.461848834,0.882016196,0.754813912,0.097530162,0.754813912
OS,SLAMF7,0.956172287,0.708272849,0.582565061,1.29083791,0.153119505,-0.292694031,0.769756033,0.927881484,0.948026634,0.004249096,0.948026634
OS,SLC11A1,0.898512703,0.665430605,0.547806465,1.21323707,0.153220411,-0.698434593,0.484905449,0.882016196,0.684908303,0.164652938,0.684908303
OS,SLC16A1,1.303530011,0.951868375,0.833242397,1.785110771,0.160413403,1.652455293,0.098441772,0.882016196,0.740639311,0.109565535,0.740639311
OS,SLC16A2,0.938759996,0.68787357,0.59327804,1.281151609,0.158653321,-0.398324011,0.690391363,0.903547869,0.285985007,1.138426757,0.285985007
OS,SLC1A5,1.120216462,0.823916476,0.699156502,1.523072979,0.156741683,0.724261306,0.468905327,0.882016196,0.551795106,0.35411111,0.551795106
OS,SLC25A1,1.12835304,0.810392184,0.76067502,1.571067204,0.168878641,0.715064276,0.474569327,0.882016196,0.611820645,0.257532219,0.611820645
OS,SLC2A1,1.069388438,0.813492195,0.592288509,1.405780704,0.13954638,0.480750069,0.630694141,0.89107514,0.75109932,0.100609594,0.75109932
OS,SLC39A6,1.153149798,0.882041627,0.625545335,1.507586962,0.136743932,1.042072954,0.297377857,0.882016196,0.216952802,1.52441361,0.216952802
OS,SLC7A5,1.254872937,0.907348823,0.828153608,1.735502431,0.16544316,1.372279895,0.169976322,0.882016196,0.872242413,0.025860116,0.872242413
OS,SMAD2,1.320244024,0.986824251,0.779492578,1.766316829,0.148512885,1.870656454,0.061392714,0.882016196,0.38574672,0.75230726,0.38574672
OS,SMAD3,0.835203742,0.615678004,0.517325428,1.133003432,0.155590406,-1.157395147,0.247110956,0.882016196,0.94126712,0.005428352,0.94126712
OS,SMAD4,1.451224412,1.048072211,0.961381213,2.009453424,0.166051589,2.242722416,0.02491472,0.882016196,0.33076647,0.945894709,0.33076647
OS,SMAD5,1.125660129,0.844684617,0.655414592,1.500099209,0.146513713,0.807908301,0.419143373,0.882016196,0.473945922,0.512761359,0.473945922
OS,SMAD9,1.423816777,1.015969322,0.979419878,1.9953892,0.172196012,2.051970493,0.04017253,0.882016196,0.17063813,1.877328168,0.17063813
OS,SMAP1,0.677704887,0.521591986,0.358950521,0.880542506,0.133587291,-2.912278208,0.003588029,0.882016196,0.913779048,0.011723067,0.913779048
OS,SMARCA4,1.107106582,0.828900507,0.649787193,1.4786877,0.147658364,0.689090183,0.490766517,0.882016196,0.139355968,2.185056298,0.139355968
OS,SMARCB1,1.355498732,0.976338755,0.905566274,1.881905029,0.167408751,1.816926852,0.069228314,0.882016196,0.796175258,0.066718976,0.796175258
OS,SMC1A,0.978169513,0.725585859,0.593094191,1.31868005,0.152402582,-0.144828894,0.884845968,0.970311885,0.409301519,0.680828675,0.409301519
OS,SMC1B,0.796885787,0.595059438,0.472106152,1.06716559,0.149007874,-1.523704137,0.127582636,0.882016196,0.846029157,0.037708742,0.846029157
OS,SMC3,0.803310317,0.594549907,0.490821492,1.085371399,0.153541814,-1.426414003,0.153748874,0.882016196,0.571486957,0.320200865,0.571486957
OS,SMO,0.986737214,0.734302722,0.591649504,1.325952226,0.150759089,-0.088561973,0.92943003,0.982855685,0.677927854,0.172467789,0.677927854
OS,SMPD3,1.106474673,0.827214677,0.652795576,1.480010252,0.1484058,0.681772483,0.495382826,0.882016196,0.420136349,0.649933799,0.420136349
OS,SNAI1,0.9950801,0.716141253,0.666525087,1.38266634,0.167832578,-0.029386683,0.976556193,0.990359108,0.715052269,0.13328284,0.715052269
OS,SNAI2,0.952700416,0.715637476,0.552655636,1.268293112,0.145985731,-0.331914522,0.739953805,0.919305057,0.433644714,0.613042062,0.433644714
OS,SOCS1,1.073688272,0.724349187,0.867157406,1.591506593,0.20081053,0.354063628,0.7232912,0.915325946,0.565166439,0.330837354,0.565166439
OS,SOCS2,1.00441158,0.756736466,0.576412745,1.33314921,0.144462906,0.030470641,0.975691708,0.990359108,0.686224037,0.163203565,0.686224037
OS,SOCS3,0.781296546,0.554356434,0.546784016,1.10114045,0.175078174,-1.409658868,0.158640436,0.882016196,0.066120547,3.376794254,0.066120547
OS,SOD1,0.937104016,0.698475582,0.558782309,1.257257891,0.149948707,-0.433221429,0.664853912,0.896582616,0.672007242,0.179263152,0.672007242
OS,SOD2,0.897781905,0.655641214,0.573708515,1.229349729,0.160366958,-0.672383571,0.501339539,0.882016196,0.656716528,0.197536715,0.656716528
OS,SOS1,0.982413333,0.691068534,0.705516478,1.396585012,0.179479384,-0.098858984,0.921250235,0.982382892,0.035844918,4.40446732,0.035844918
OS,SOS2,1.002072076,0.745838799,0.600495619,1.346334418,0.150674055,0.013737811,0.989039157,0.997082779,0.227862412,1.454155024,0.227862412
OS,SOST,0.835054637,0.612256042,0.526673096,1.138929139,0.158343007,-1.138402797,0.254952326,0.882016196,0.403811208,0.696947723,0.403811208
OS,SOX10,0.869978856,0.64846237,0.5187036,1.167165969,0.149933843,-0.92898553,0.352896586,0.882016196,0.826957203,0.047788457,0.826957203
OS,SOX11,0.896923153,0.682238284,0.496926182,1.179164466,0.139589912,-0.779319152,0.435791736,0.882016196,0.454221337,0.560096567,0.454221337
OS,SOX17,0.880598207,0.648315708,0.547788588,1.196104295,0.156239441,-0.813839458,0.415736928,0.882016196,0.627476005,0.235499053,0.627476005
OS,SOX2,0.933111801,0.691951495,0.56637028,1.258321775,0.152558499,-0.453794815,0.649976516,0.894258419,0.240323532,1.378695174,0.240323532
OS,SOX9,1.187882987,0.842048428,0.833705536,1.675753964,0.175559589,0.980708155,0.326736681,0.882016196,0.7595204,0.09370373,0.7595204
OS,SP1,1.009793124,0.744379458,0.62546242,1.369841877,0.155589508,0.062635857,0.950056476,0.983047418,0.578848159,0.308100469,0.578848159
OS,SPA17,0.735697628,0.536174977,0.473292123,1.0094671,0.161410438,-1.901587536,0.057225099,0.882016196,0.57327936,0.317226241,0.57327936
OS,SPACA3,0.821150612,0.605982601,0.506736356,1.112718957,0.155031047,-1.271027588,0.203718834,0.882016196,0.456441958,0.554605533,0.456441958
OS,SPANXB1,0.883841409,0.637239442,0.588635142,1.225874584,0.166907235,-0.739797972,0.45942259,0.882016196,0.828749441,0.04678817,0.828749441
OS,SPIB,0.845990598,0.624368778,0.521909058,1.146277836,0.154986043,-1.079110287,0.280538566,0.882016196,0.959823665,0.002537627,0.959823665
OS,SPINK5,0.86149716,0.645289726,0.504856209,1.150145936,0.147437584,-1.011163611,0.311938129,0.882016196,0.609998945,0.260176468,0.609998945
OS,SPN,0.903556641,0.662969037,0.568483048,1.231452085,0.157967449,-0.642008725,0.520867518,0.882016196,0.796404678,0.066565491,0.796404678
OS,SPOP,0.848997746,0.600983298,0.598379769,1.199363068,0.176273334,-0.928664273,0.353063102,0.882016196,0.375713608,0.784680106,0.375713608
OS,SPP1,0.990881119,0.750571714,0.557558306,1.30813002,0.141716565,-0.064641086,0.948459772,0.983047418,0.650730638,0.204980215,0.650730638
OS,SPRED1,0.849219994,0.648400556,0.463835687,1.112236242,0.137660502,-1.187246904,0.235130245,0.882016196,0.339146435,0.913655229,0.339146435
OS,SPRY1,0.874999279,0.621370149,0.61078389,1.232154039,0.174644079,-0.764596299,0.444511974,0.882016196,0.449423126,0.572106337,0.449423126
OS,SPRY2,0.866232797,0.641925559,0.526993871,1.16891943,0.152901455,-0.939177377,0.347639682,0.882016196,0.636580443,0.223242344,0.636580443
OS,SPRY4,0.941785306,0.680387889,0.623220799,1.303608687,0.165877678,-0.361579352,0.717666397,0.913815622,0.137307991,2.20787165,0.137307991
OS,SRD5A2,0.82960932,0.616902008,0.498755933,1.115657941,0.151148033,-1.235877072,0.216504261,0.882016196,0.741810316,0.108541893,0.741810316
OS,SREBF1,0.648614791,0.452170189,0.478234239,0.930404428,0.184074996,-2.351847291,0.018680442,0.882016196,0.010135155,6.610985605,0.010135155
OS,SRP54,0.988819523,0.738635958,0.585106865,1.323742823,0.148832656,-0.075544233,0.939781705,0.982855685,0.665068406,0.18742507,0.665068406
OS,SRR,0.821061868,0.605531283,0.507776334,1.113307618,0.155356036,-1.269064406,0.204418094,0.882016196,0.96043202,0.002461296,0.96043202
OS,SRSF2,1.052922811,0.774062624,0.658181244,1.432243867,0.156978612,0.328515621,0.742521835,0.919305057,0.953218483,0.003441649,0.953218483
OS,SSX1,0.850095803,0.601579926,0.59969499,1.201274916,0.176426532,-0.920531759,0.357294945,0.882016196,0.44029892,0.595503203,0.44029892
OS,SSX4,0.815919674,0.592247409,0.53181815,1.124065559,0.163468026,-1.244520854,0.213307929,0.882016196,0.986742555,0.000276108,0.986742555
OS,ST6GAL1,0.843103353,0.624494216,0.513744131,1.138238347,0.153139286,-1.114447718,0.265087162,0.882016196,0.760744478,0.09272226,0.760744478
OS,STAG2,1.134686145,0.823566978,0.739769925,1.563336903,0.163506315,0.772790266,0.439646515,0.882016196,0.680412534,0.16966182,0.680412534
OS,STAT1,0.857796345,0.61871052,0.570560628,1.189271148,0.166701638,-0.920138336,0.357500473,0.882016196,0.922178932,0.009543219,0.922178932
OS,STAT2,0.98175742,0.721544244,0.614267993,1.335812237,0.157120516,-0.117177745,0.906719203,0.979529778,0.397960147,0.714481252,0.397960147
OS,STAT3,0.949981544,0.688403479,0.622549998,1.310953477,0.164323142,-0.312267166,0.754837491,0.923830959,0.018445734,5.553313657,0.018445734
OS,STAT4,0.86055855,0.633728784,0.534848433,1.168577217,0.156105204,-0.962002672,0.336048262,0.882016196,0.768534222,0.086608215,0.768534222
OS,STAT5B,0.908637984,0.6385841,0.654312146,1.292896246,0.179948906,-0.532420697,0.594434654,0.887180672,0.96172761,0.002302631,0.96172761
OS,STAT6,0.819242881,0.590356533,0.546513917,1.136870451,0.167173454,-1.19262165,0.233017583,0.882016196,0.530716948,0.393018603,0.530716948
OS,STC1,0.941347769,0.677696177,0.629874461,1.307570638,0.167663068,-0.360500584,0.71847282,0.913815622,0.275459637,1.189355307,0.275459637
OS,STING1,0.906753684,0.685303534,0.514460077,1.199763611,0.142864352,-0.685156492,0.493245175,0.882016196,0.035071634,4.441684175,0.035071634
OS,STK11,0.96346831,0.72670118,0.550675558,1.277376738,0.14389256,-0.258635212,0.795916712,0.934024845,0.12793035,2.317440786,0.12793035
OS,STK11IP,0.993420017,0.714979324,0.665316997,1.380296321,0.167809169,-0.039340676,0.968618777,0.989888151,0.751055271,0.100646427,0.751055271
OS,STMN1,1.117370852,0.83729923,0.653825538,1.491124768,0.147223236,0.753810844,0.450962812,0.882016196,0.367649542,0.81159353,0.367649542
OS,SUV39H2,1.096114579,0.8128172,0.665334555,1.478151755,0.152564419,0.601527713,0.547488559,0.882016196,0.069596505,3.292511188,0.069596505
OS,SYCP1,0.87356313,0.644564105,0.539356215,1.18392032,0.155108012,-0.871488701,0.383487373,0.882016196,0.847360974,0.037051135,0.847360974
OS,SYK,0.950563221,0.676664663,0.658665059,1.335329722,0.173410763,-0.29237289,0.770001534,0.927881484,0.128587458,2.309475196,0.128587458
OS,SYT17,0.788211574,0.582097794,0.485209954,1.067307748,0.154660028,-1.538786287,0.123856479,0.882016196,0.51615306,0.42157326,0.51615306
OS,TAB1,0.859734471,0.632387346,0.536426934,1.16881428,0.156697518,-0.964480448,0.334805107,0.882016196,0.735399075,0.11421181,0.735399075
OS,TACSTD2,0.972161996,0.725743152,0.576506747,1.302249899,0.149148805,-0.189293006,0.849863177,0.957591624,0.711363656,0.136918707,0.711363656
OS,TAF3,0.809460725,0.568551779,0.583896758,1.152448536,0.180246101,-1.17276892,0.240888485,0.882016196,0.678890878,0.171377039,0.678890878
OS,TAL1,0.876187661,0.648953339,0.534035899,1.182989238,0.153176016,-0.862896099,0.388194595,0.882016196,0.778695333,0.07897204,0.778695333
OS,TANK,0.910615428,0.681377193,0.535599932,1.216977125,0.147964265,-0.632819103,0.526851781,0.882016196,0.813381144,0.055727347,0.813381144
OS,TAP1,0.809666641,0.563246174,0.600650007,1.163896181,0.185159435,-1.140274976,0.25417176,0.882016196,0.909648348,0.012878189,0.909648348
OS,TAP2,0.703211278,0.486408846,0.530238168,1.016647015,0.188068694,-1.872177061,0.061182111,0.882016196,0.847912232,0.036780697,0.847912232
OS,TAPBP,1.022095816,0.745536807,0.655708374,1.40124518,0.160975415,0.135767569,0.89200503,0.973185822,0.327816357,0.957504745,0.327816357
OS,TAPBPL,1.010480546,0.744524996,0.626914432,1.371439427,0.155836976,0.066903286,0.946658697,0.983047418,0.919563647,0.010197645,0.919563647
OS,TARP.TRGC1.2,0.807333151,0.58526993,0.528381709,1.113651639,0.164116919,-1.304063413,0.192211962,0.882016196,0.65991689,0.193624565,0.65991689
OS,TBC1D10B,1.057967434,0.771261722,0.679990245,1.451251967,0.161266768,0.349418251,0.726775333,0.915961371,0.306094631,1.047452061,0.306094631
OS,TBK1,0.775455325,0.559400434,0.515555758,1.074956192,0.166627968,-1.526183809,0.126964095,0.882016196,0.117150851,2.455004259,0.117150851
OS,TBL1XR1,0.853141573,0.626530192,0.535186437,1.161716629,0.157517455,-1.008331266,0.313295458,0.882016196,0.789747415,0.071096155,0.789747415
OS,TBP,0.98622705,0.733236863,0.593270086,1.326506949,0.151236356,-0.091702007,0.926934803,0.982382892,0.478239694,0.502874759,0.478239694
OS,TBX21,0.841793569,0.625674579,0.506889275,1.132563853,0.151382589,-1.137650399,0.255266493,0.882016196,0.684142523,0.165499935,0.684142523
OS,TBXAS1,0.851036205,0.636065935,0.502593725,1.138659661,0.148549894,-1.085834551,0.277552197,0.882016196,0.751576692,0.1002109,0.751576692
OS,TCF3,1.116839698,0.867406585,0.570593694,1.438000279,0.128956683,0.856900132,0.39150008,0.882016196,0.37032539,0.802572352,0.37032539
OS,TCF7,0.868288343,0.646414331,0.519903632,1.166317964,0.150555406,-0.93806945,0.348208721,0.882016196,0.968311864,0.001578126,0.968311864
OS,TCF7L1,0.783583059,0.586046356,0.461656448,1.047702804,0.148205874,-1.64553676,0.099859168,0.882016196,0.562967376,0.334592352,0.562967376
OS,TCL1A,0.917910363,0.676450754,0.569108407,1.245559161,0.155737602,-0.549999073,0.582320009,0.882016196,0.486672376,0.483874885,0.486672376
OS,TCL1B,0.927895785,0.689891223,0.558117971,1.248009194,0.151219865,-0.494881097,0.620684055,0.890181229,0.310936224,1.026694825,0.310936224
OS,TDO2,0.814389633,0.598602923,0.509361054,1.107963976,0.157064334,-1.307211876,0.191140763,0.882016196,0.951049836,0.003768544,0.951049836
OS,TECR,1.211842344,0.919611681,0.677325263,1.596936944,0.14079115,1.364729243,0.172338165,0.882016196,0.805470706,0.06065052,0.805470706
OS,TERT,0.83507054,0.608644733,0.537085722,1.145730455,0.161371059,-1.116923192,0.264027168,0.882016196,0.297351354,1.086035196,0.297351354
OS,TET2,0.799390397,0.590489338,0.491706335,1.082195673,0.154542561,-1.448829658,0.147385159,0.882016196,0.673583273,0.177439175,0.673583273
OS,TFDP1,0.991854883,0.743340597,0.580112088,1.323452685,0.147157021,-0.055576481,0.955679201,0.985189126,0.908694363,0.013152777,0.908694363
OS,TFE3,0.903365492,0.66703956,0.556379951,1.223419511,0.15473645,-0.656781604,0.511321354,0.882016196,0.872262373,0.025851966,0.872262373
OS,TFEB,0.863480433,0.635962937,0.536430004,1.172392942,0.156039067,-0.940687769,0.346864889,0.882016196,0.188499566,1.729305893,0.188499566
OS,TFRC,0.987229702,0.704068488,0.680203783,1.384272271,0.172465978,-0.07452217,0.940594901,0.982855685,0.926880207,0.008421865,0.926880207
OS,TGFB1,0.952801122,0.712839098,0.560702127,1.273541226,0.148038674,-0.326597649,0.743972222,0.919305057,0.073762564,3.197242012,0.073762564
OS,TGFB2,1.150133564,0.869441762,0.652002542,1.521444303,0.142748544,0.979891456,0.327139701,0.882016196,0.210219799,1.569911964,0.210219799
OS,TGFB3,0.996399425,0.735277315,0.614977609,1.350254923,0.155054114,-0.023263315,0.981440234,0.993081326,0.298242146,1.082037743,0.298242146
OS,TGFBR1,0.949212939,0.714600501,0.546251127,1.260851627,0.144854453,-0.359824098,0.718978681,0.913815622,0.994446433,4.84E-05,0.994446433
OS,TGFBR2,0.874574028,0.644589743,0.54202506,1.186614803,0.155677802,-0.860869913,0.389309694,0.882016196,0.222947704,1.485296288,0.222947704
OS,THBD,0.876596894,0.647368541,0.539624751,1.186993292,0.15466177,-0.851587527,0.394443065,0.882016196,0.900489922,0.015635621,0.900489922
OS,THBS1,0.97173987,0.743066367,0.527719684,1.270786051,0.136891689,-0.209414715,0.834124507,0.949065491,0.244992664,1.351633987,0.244992664
OS,THBS4,0.844062969,0.619471854,0.530608318,1.150080172,0.15783955,-1.074053866,0.28279854,0.882016196,0.91023302,0.012711351,0.91023302
OS,THEM4,0.853182327,0.622706095,0.546256419,1.168962514,0.160665515,-0.988276837,0.323017086,0.882016196,0.589287386,0.291458524,0.589287386
OS,THY1,0.84172505,0.611006372,0.54855774,1.159564112,0.163444856,-1.054189567,0.291796136,0.882016196,0.161656969,1.958657501,0.161656969
OS,TIAM1,1.296613732,0.969675311,0.764108308,1.733783619,0.14824254,1.752236872,0.079733086,0.882016196,0.527527002,0.399153011,0.527527002
OS,TICAM1,0.889595853,0.669255271,0.513224443,1.182479713,0.145207619,-0.805660327,0.420438731,0.882016196,0.700654587,0.147791801,0.700654587
OS,TICAM2,0.777967297,0.573222144,0.482621777,1.055843921,0.155824885,-1.611236808,0.107128118,0.882016196,0.756893809,0.095828834,0.756893809
OS,TIE1,1.033273065,0.725515642,0.746062866,1.471578508,0.180413592,0.181424782,0.856034168,0.957591624,0.815885548,0.054214527,0.815885548
OS,TIGIT,0.841091657,0.61962981,0.522076358,1.141706168,0.155910223,-1.109963391,0.267014802,0.882016196,0.519881624,0.414128145,0.519881624
OS,TIRAP,0.874469147,0.653637779,0.516270563,1.169908342,0.148504602,-0.903259993,0.366387924,0.882016196,0.986201708,0.000299098,0.986201708
OS,TLK2,0.917008535,0.676160662,0.567485561,1.243646223,0.155454931,-0.557322297,0.577307244,0.882016196,0.33703663,0.921670902,0.33703663
OS,TLR1,0.823709653,0.602325508,0.524137812,1.12646332,0.159707064,-1.214330595,0.224621507,0.882016196,0.850031292,0.035750679,0.850031292
OS,TLR2,0.797933733,0.580694022,0.515749575,1.096443597,0.16214664,-1.392133234,0.163882056,0.882016196,0.782782115,0.076007892,0.782782115
OS,TLR3,0.8019407,0.586404107,0.510295044,1.096699151,0.159709828,-1.382010218,0.166968564,0.882016196,0.954312686,0.00328236,0.954312686
OS,TLR4,0.879816169,0.634624734,0.585114193,1.219738927,0.16667609,-0.768210317,0.442362245,0.882016196,0.303259514,1.059805659,0.303259514
OS,TLR5,0.874263855,0.644955034,0.540146637,1.185101671,0.155207762,-0.865762469,0.386620435,0.882016196,0.46075896,0.544050351,0.46075896
OS,TLR7,0.851355676,0.626490544,0.530440706,1.156931249,0.156480586,-1.028404171,0.303759747,0.882016196,0.747326074,0.103791668,0.747326074
OS,TLX1,0.846686288,0.633457798,0.498231909,1.131689707,0.148031733,-1.124252415,0.260905959,0.882016196,0.38580623,0.752118814,0.38580623
OS,TMEFF2,0.878740754,0.63801495,0.572278497,1.210293446,0.163333719,-0.791418693,0.428699705,0.882016196,0.900140407,0.015746229,0.900140407
OS,TMEM140,0.920472952,0.676532239,0.575840383,1.252372622,0.157098557,-0.52748838,0.597854484,0.887180672,0.479067688,0.500984894,0.479067688
OS,TMEM163,0.94077091,0.712946742,0.528450198,1.24139694,0.141478586,-0.431553812,0.666065734,0.896582616,0.474163992,0.512255737,0.474163992
OS,TMEM45B,0.923689438,0.687675325,0.553029623,1.240704947,0.15054312,-0.5272866,0.597994578,0.887180672,0.96144838,0.002336379,0.96144838
OS,TMPRSS2,0.91992319,0.67297476,0.584514714,1.257489473,0.159483723,-0.523345579,0.600733788,0.887395109,0.99496818,3.98E-05,0.99496818
OS,TMUB2,0.710614839,0.510791625,0.477817868,0.988609493,0.168456584,-2.027968897,0.042563423,0.882016196,0.107353829,2.592749535,0.107353829
OS,TNC,0.944222517,0.702053512,0.567872705,1.269926217,0.151202894,-0.379578871,0.704258048,0.911072588,0.716737607,0.131640046,0.716737607
OS,TNF,0.954747408,0.684549959,0.647044033,1.331593992,0.169740457,-0.27281927,0.784992146,0.930721661,0.459501877,0.547107757,0.459501877
OS,TNFAIP3,0.812803801,0.606303868,0.483331304,1.089635172,0.149547881,-1.385947589,0.165762908,0.882016196,0.822864462,0.050114323,0.822864462
OS,TNFAIP6,0.874310344,0.657685287,0.504600981,1.162286269,0.145262296,-0.924671337,0.355136893,0.882016196,0.217030991,1.523895154,0.217030991
OS,TNFRSF10A,0.835718026,0.617634078,0.513172404,1.130806482,0.154286045,-1.163190178,0.244752351,0.882016196,0.602674616,0.270980777,0.602674616
OS,TNFRSF10B,0.868983133,0.654070771,0.5004399,1.154510671,0.144955805,-0.968788825,0.332650563,0.882016196,0.205514954,1.602742765,0.205514954
OS,TNFRSF10C,0.854898604,0.6341882,0.518232522,1.152420722,0.152368674,-1.028901837,0.303525805,0.882016196,0.736724488,0.113026485,0.736724488
OS,TNFRSF11A,0.97012964,0.738400743,0.536180203,1.274580946,0.139259203,-0.217763468,0.82761341,0.946219205,0.595755379,0.281445451,0.595755379
OS,TNFRSF11B,0.843841298,0.616922264,0.537304414,1.154226678,0.159809781,-1.062455858,0.288028787,0.882016196,0.312889584,1.018438938,0.312889584
OS,TNFRSF12A,1.106396988,0.809892504,0.701560298,1.511452802,0.159167481,0.635235154,0.525275059,0.882016196,0.134256327,2.242585482,0.134256327
OS,TNFRSF13B,0.872336742,0.641690236,0.544195647,1.185885883,0.156671161,-0.871760678,0.383338951,0.882016196,0.621036646,0.244413251,0.621036646
OS,TNFRSF13C,0.781300283,0.578172621,0.47761956,1.055792181,0.153618683,-1.606547548,0.108153657,0.882016196,0.565697984,0.329933948,0.565697984
OS,TNFRSF14,0.925640043,0.697220962,0.531671364,1.228892326,0.14458585,-0.534421886,0.59304968,0.886485719,0.094580542,2.794630912,0.094580542
OS,TNFRSF17,0.882282255,0.65207474,0.541687155,1.193761895,0.154264485,-0.811873564,0.416864185,0.882016196,0.697558673,0.15102403,0.697558673
OS,TNFRSF18,0.844059297,0.622008981,0.523370137,1.145379118,0.155751953,-1.088477711,0.276384271,0.882016196,0.423884483,0.639520505,0.423884483
OS,TNFRSF1A,1.012388873,0.769734024,0.561805441,1.331539465,0.139810225,0.088067655,0.929822904,0.982855685,0.084085068,2.984118341,0.084085068
OS,TNFRSF1B,0.906163871,0.672771369,0.547751677,1.220523047,0.151949022,-0.648474832,0.516677884,0.882016196,0.164473978,1.932602698,0.164473978
OS,TNFRSF25,0.94188684,0.716408324,0.521922932,1.238331256,0.139612183,-0.428831767,0.668045659,0.896582616,0.695620042,0.153068528,0.695620042
OS,TNFRSF4,0.826284822,0.599103743,0.540509577,1.13961332,0.164036053,-1.16325491,0.244726094,0.882016196,0.506744213,0.440784168,0.506744213
OS,TNFRSF8,0.920660042,0.672881169,0.586798774,1.259679943,0.159963197,-0.516771553,0.60531564,0.890181229,0.604557146,0.268177208,0.604557146
OS,TNFRSF9,0.881911375,0.651754709,0.541589447,1.193344157,0.154300433,-0.814409313,0.415410505,0.882016196,0.905625557,0.014055995,0.905625557
OS,TNFSF10,0.801670853,0.578959661,0.531093768,1.110053429,0.166056782,-1.331214305,0.183118506,0.882016196,0.103375193,2.652684451,0.103375193
OS,TNFSF12,0.952500245,0.687957614,0.630810722,1.318768335,0.166004651,-0.293153923,0.769404501,0.927881484,0.311891513,1.022648868,0.311891513
OS,TNFSF13,0.843892733,0.612423384,0.550424023,1.162847408,0.163575223,-1.03762589,0.29944426,0.882016196,0.559955537,0.339781214,0.559955537
OS,TNFSF13B,0.826926522,0.614724354,0.497656289,1.112380643,0.151299657,-1.25604671,0.209099035,0.882016196,0.510972258,0.432075557,0.510972258
OS,TNFSF14,0.845704118,0.62465725,0.520315382,1.144972631,0.154577563,-1.084152961,0.278296984,0.882016196,0.807882911,0.05912587,0.807882911
OS,TNFSF15,0.949602576,0.696329245,0.598668861,1.294998106,0.158278906,-0.326712662,0.743885222,0.919305057,0.971016186,0.001320146,0.971016186
OS,TNFSF18,0.833074226,0.612617152,0.520248071,1.132865223,0.156830715,-1.164520189,0.244213266,0.882016196,0.603105649,0.270337225,0.603105649
OS,TNFSF4,0.938066138,0.696850412,0.565928605,1.262779017,0.151660789,-0.421564621,0.673342835,0.897443004,0.607287962,0.264143113,0.607287962
OS,TNFSF8,0.908520234,0.663539018,0.580410462,1.24394948,0.16032412,-0.598401033,0.549572376,0.882016196,0.687912981,0.161353987,0.687912981
OS,TNFSF9,0.871730495,0.646505887,0.528911184,1.175417071,0.152501785,-0.900153185,0.368038736,0.882016196,0.93413076,0.006830832,0.93413076
OS,TNKS,1.18729879,0.892034765,0.688260614,1.580295379,0.145885831,1.176816153,0.239268894,0.882016196,0.622029727,0.243025083,0.622029727
OS,TNN,0.900980494,0.651129348,0.595575093,1.246704442,0.165704725,-0.629261903,0.529177608,0.882016196,0.863224839,0.029677141,0.863224839
OS,TNR,0.902971818,0.672128536,0.540969942,1.213098478,0.150636313,-0.677552005,0.498055786,0.882016196,0.912800549,0.011991734,0.912800549
OS,TOLLIP,0.83080545,0.614976127,0.507405157,1.122381284,0.153478434,-1.207724259,0.227153344,0.882016196,0.397250045,0.716634601,0.397250045
OS,TOP2A,1.017922494,0.780939539,0.545880468,1.326820007,0.135217447,0.131371953,0.895481075,0.975343713,0.492787938,0.470433212,0.492787938
OS,TOX,1.1019587,0.81544629,0.673692837,1.489139127,0.15362984,0.631968585,0.527407405,0.882016196,0.530506252,0.39342174,0.530506252
OS,TP53,0.968330656,0.738694661,0.530658306,1.269352967,0.138109149,-0.233016153,0.815748862,0.93898365,0.565537909,0.330205837,0.565537909
OS,TP73,1.146934309,0.836115596,0.737181585,1.573297181,0.161268763,0.850087532,0.395276423,0.882016196,0.295026002,1.096543103,0.295026002
OS,TPI1,1.25266539,0.912633401,0.80675423,1.71938763,0.161581849,1.394176353,0.163264357,0.882016196,0.434368518,0.611114425,0.434368518
OS,TPM1,1.100636864,0.837642314,0.608561497,1.446203811,0.139315357,0.688287217,0.49127193,0.882016196,0.761497072,0.092121631,0.761497072
OS,TPM4,1.114282275,0.850547826,0.609246615,1.459794442,0.13780107,0.785266025,0.432297611,0.882016196,0.921018831,0.009830808,0.921018831
OS,TPO,0.898851433,0.662625659,0.556665939,1.219291597,0.155567935,-0.685472343,0.493045907,0.882016196,0.538577625,0.378182342,0.538577625
OS,TPR,1.241282842,0.896063218,0.823439452,1.719502669,0.166273315,1.299940376,0.193621405,0.882016196,0.470850924,0.519978335,0.470850924
OS,TPSAB1.B2,1.252716391,0.910486132,0.813096799,1.723582931,0.16280448,1.383956426,0.166371797,0.882016196,0.720553707,0.127962793,0.720553707
OS,TPTE,0.891653798,0.65107542,0.570052689,1.221128109,0.160437872,-0.714777244,0.474746698,0.882016196,0.89406463,0.017732331,0.89406463
OS,TRAC,0.758206481,0.543137397,0.515300248,1.058437646,0.170203857,-1.626282347,0.103889605,0.882016196,0.856923667,0.032505053,0.856923667
OS,TRAF1,0.881961208,0.651794397,0.541611954,1.193406351,0.154298194,-0.81405493,0.415613484,0.882016196,0.730641099,0.118523797,0.730641099
OS,TRAF2,1.049400931,0.765162259,0.674064911,1.439227171,0.161169708,0.29918438,0.764799367,0.927881484,0.762793203,0.091092209,0.762793203
OS,TRAF3,0.907268609,0.688493295,0.50706857,1.195561866,0.140784718,-0.691244925,0.489411636,0.882016196,0.714928016,0.133404413,0.714928016
OS,TRAF6,0.829864363,0.613361165,0.509427332,1.122788498,0.154241778,-1.209095301,0.226626234,0.882016196,0.288502233,1.126597644,0.288502233
OS,TRAF7,0.883156194,0.663622027,0.511692884,1.175314911,0.145813559,-0.85213751,0.394137775,0.882016196,0.989704647,0.000166505,0.989704647
OS,TRAT1,0.844766787,0.626864345,0.511549301,1.138413646,0.152212203,-1.108286181,0.267738241,0.882016196,0.562481852,0.335425217,0.562481852
OS,TRBC1.2,0.902332103,0.645080209,0.617093413,1.262173622,0.171231704,-0.600196337,0.548375395,0.882016196,0.245766291,1.347210971,0.245766291
OS,TRDC,0.859275814,0.623605667,0.560403657,1.184009324,0.163560012,-0.927276291,0.353783101,0.882016196,0.848722353,0.036385129,0.848722353
OS,TREM1,0.891688657,0.636783547,0.611848998,1.248632546,0.171782358,-0.667345863,0.504551238,0.882016196,0.67557047,0.175154979,0.67557047
OS,TREM2,0.889498937,0.649467413,0.568774401,1.218241814,0.160465015,-0.729735182,0.465552072,0.882016196,0.561227438,0.337583441,0.561227438
OS,TRIM21,0.72442372,0.520908437,0.486542564,1.007451001,0.168269515,-1.915847976,0.055384449,0.882016196,0.795147615,0.067408799,0.795147615
OS,TSC1,1.094034556,0.803040763,0.687433526,1.490474289,0.157769273,0.569643815,0.568919305,0.882016196,0.847329655,0.037066531,0.847329655
OS,TSHR,1.07943613,0.790223134,0.684274774,1.474497909,0.159124724,0.480370373,0.630964057,0.89107514,0.714572783,0.133752332,0.714572783
OS,TSLP,0.835538188,0.615535414,0.518638262,1.134173676,0.155912851,-1.152433709,0.249142896,0.882016196,0.808352711,0.058831321,0.808352711
OS,TSPAN7,1.042986937,0.739160082,0.732539725,1.471699807,0.1756815,0.239573609,0.810660826,0.935933926,0.26609269,1.236779171,0.26609269
OS,TTC30A,0.885266157,0.655756531,0.539345815,1.195102346,0.153114428,-0.795920664,0.42607815,0.882016196,0.888905703,0.019513022,0.888905703
OS,TTK,0.836796581,0.630388308,0.480400883,1.110789191,0.144515419,-1.232908379,0.217609949,0.882016196,0.568638108,0.324966548,0.568638108
OS,TTPA,1.033215767,0.759568204,0.645881387,1.40544959,0.15698309,0.208150077,0.835111788,0.949065491,0.326923677,0.961045215,0.326923677
OS,TTR,0.933074025,0.687772149,0.578093499,1.265865647,0.155628847,-0.445102189,0.656245907,0.894409084,0.922294021,0.009514924,0.922294021
OS,TUBB,0.988072249,0.750619629,0.550021509,1.300641138,0.14023563,-0.085566399,0.93181111,0.982855685,0.523065867,0.407843946,0.523065867
OS,TWF1,0.808275844,0.593328606,0.507764165,1.101092771,0.157735043,-1.34942676,0.17719993,0.882016196,0.836870743,0.042393905,0.836870743
OS,TWIST1,0.945750978,0.712415755,0.543093974,1.25550973,0.144552468,-0.385852848,0.699605653,0.909910072,0.844221983,0.038610668,0.844221983
OS,TXK,0.683232691,0.495640592,0.44618483,0.941825422,0.16377058,-2.325935384,0.020021998,0.882016196,0.257874026,1.280134515,0.257874026
OS,TXN2,0.985157167,0.715297626,0.641528693,1.356826319,0.163320589,-0.091562795,0.927045412,0.982382892,0.615775601,0.251849767,0.615775601
OS,TXNIP,0.913002146,0.668735761,0.577754955,1.246490716,0.158854564,-0.572958347,0.566672897,0.882016196,0.596372487,0.280501832,0.596372487
OS,TYK2,1.024935522,0.777009617,0.574959266,1.351968883,0.141294564,0.174314597,0.861618228,0.957591624,0.565713128,0.329908234,0.565713128
OS,TYMP,1.000162314,0.752892692,0.575749045,1.328641738,0.144898004,0.001120107,0.999106284,0.999821193,0.320835941,0.985535704,0.320835941
OS,TYMS,1.198535335,0.883627513,0.742042726,1.625670239,0.155523229,1.164457929,0.244238483,0.882016196,0.150272044,2.069487174,0.150272044
OS,U2AF1,1.179481022,0.856891945,0.766621369,1.623513314,0.163022375,1.012588178,0.311256909,0.882016196,0.946673163,0.004473619,0.946673163
OS,UBA7,0.852917315,0.617353867,0.561010741,1.178364607,0.164911307,-0.964716571,0.334686793,0.882016196,0.492503642,0.471051901,0.492503642
OS,UBB,0.925973575,0.704153711,0.513516592,1.217670303,0.139721459,-0.550449316,0.582011231,0.882016196,0.761493419,0.092124541,0.761493419
OS,UBC,0.998298869,0.740557577,0.605186038,1.345743616,0.152374899,-0.011173623,0.991084924,0.997082779,0.374479551,0.788746087,0.374479551
OS,UBE2C,1.026142841,0.783490299,0.56045631,1.343946609,0.137657406,0.18747236,0.851290293,0.957591624,0.181817813,1.782702598,0.181817813
OS,UBE2T,0.964672506,0.72750636,0.551648155,1.279154515,0.143964855,-0.249829078,0.802719532,0.934024845,0.78298594,0.075861655,0.78298594
OS,ULBP2,0.831105129,0.616000535,0.505322737,1.121323272,0.152813249,-1.21062136,0.226040554,0.882016196,0.754407668,0.097864383,0.754407668
OS,UQCR10,0.935906764,0.672337377,0.630463124,1.302800501,0.168755957,-0.39251603,0.694676969,0.906791231,0.880739337,0.022509613,0.880739337
OS,UQCR11,0.876843237,0.643527263,0.551222527,1.19474979,0.157841591,-0.832651589,0.405041255,0.882016196,0.379964954,0.770815289,0.379964954
OS,UQCRQ,0.878764455,0.657140725,0.517991083,1.175131807,0.148277574,-0.871597663,0.383427906,0.882016196,0.19349258,1.690822509,0.19349258
OS,USP9Y,0.818714085,0.609901567,0.489116354,1.099017921,0.150225894,-1.331463931,0.183036406,0.882016196,0.236879839,1.399067049,0.236879839
OS,UTY,0.876596289,0.652959608,0.523868245,1.176827853,0.150273824,-0.876458193,0.380780994,0.882016196,0.538298082,0.378703197,0.538298082
OS,VCAM1,0.849807477,0.624583477,0.531663485,1.156246962,0.157107395,-1.035886649,0.300255027,0.882016196,0.923098086,0.009318421,0.923098086
OS,VCAN,0.959411709,0.711624165,0.581854714,1.293478879,0.152436668,-0.271817709,0.785762188,0.930721661,0.776581546,0.08052919,0.776581546
OS,VEGFA,1.307212969,0.971393757,0.787734027,1.759127784,0.151492958,1.768381642,0.076997123,0.882016196,0.636887437,0.222836047,0.636887437
OS,VEGFB,0.827290179,0.608685244,0.515720265,1.124405509,0.156561154,-1.211026866,0.225885108,0.882016196,0.392596943,0.730883557,0.392596943
OS,VEGFC,0.85677585,0.636347852,0.51721125,1.153559102,0.151753289,-1.018620073,0.308383371,0.882016196,0.648495378,0.207802352,0.648495378
OS,VEGFD,0.862279974,0.629630092,0.551264471,1.180894564,0.160435357,-0.923582359,0.355703802,0.882016196,0.403064882,0.699163592,0.403064882
OS,VHL,0.826552082,0.622548365,0.474857689,1.097406054,0.144615724,-1.317231234,0.187761127,0.882016196,0.111717203,2.529760056,0.111717203
OS,VSIR,0.888496011,0.658646301,0.539910741,1.198557042,0.152729076,-0.774083911,0.438881171,0.882016196,0.118698814,2.434406479,0.118698814
OS,VTCN1,0.962086053,0.70482603,0.608419415,1.313245445,0.158754393,-0.243466524,0.807644015,0.934024845,0.92487768,0.008890868,0.92487768
OS,WDR76,0.900519641,0.651817056,0.592298323,1.244115379,0.164905093,-0.635415815,0.525157256,0.882016196,0.066891289,3.357703515,0.066891289
OS,WEE1,0.9183267,0.699315643,0.506611805,1.205927448,0.13900817,-0.6129285,0.539923618,0.882016196,0.892307391,0.01832913,0.892307391
OS,WIF1,0.828254067,0.608192707,0.519747159,1.127939866,0.157568287,-1.19589627,0.231737041,0.882016196,0.826515944,0.048036434,0.826515944
OS,WIPF1,0.932329594,0.696951933,0.550248098,1.247200031,0.148456783,-0.4719817,0.63693985,0.89107514,0.355705224,0.85299933,0.355705224
OS,WNT10A,0.906388806,0.670934226,0.55353851,1.224472735,0.153470805,-0.640427471,0.521894728,0.882016196,0.985981192,0.000308736,0.985981192
OS,WNT10B,0.867030795,0.651905827,0.501239871,1.153145698,0.145499807,-0.980625245,0.32677758,0.882016196,0.789612597,0.071189556,0.789612597
OS,WNT11,1.029522439,0.761229042,0.631146177,1.392375218,0.154041624,0.188877803,0.850188591,0.957591624,0.176226502,1.829162475,0.176226502
OS,WNT16,0.917418809,0.678942768,0.560715876,1.239658644,0.153588153,-0.56118387,0.574672197,0.882016196,0.900558633,0.015613923,0.900558633
OS,WNT2,0.818395594,0.610316162,0.487100865,1.097417028,0.149680664,-1.338913412,0.180598863,0.882016196,0.917488684,0.010732465,0.917488684
OS,WNT2B,0.91603454,0.673482627,0.572457869,1.245940496,0.156937512,-0.558828839,0.576278538,0.882016196,0.647036989,0.20965622,0.647036989
OS,WNT3,0.827344117,0.600327543,0.539880494,1.140208036,0.163648569,-1.158180415,0.246790419,0.882016196,0.399207629,0.710711753,0.399207629
OS,WNT3A,0.891452988,0.642285371,0.594997098,1.23728247,0.167258173,-0.686977352,0.492097001,0.882016196,0.577500517,0.310292882,0.577500517
OS,WNT4,0.927966403,0.692821129,0.550099461,1.24292059,0.149096451,-0.50141871,0.616076475,0.890181229,0.821372451,0.050976656,0.821372451
OS,WNT5A,0.758788435,0.569031462,0.442792888,1.01182435,0.146832938,-1.87990709,0.060120741,0.882016196,0.481911403,0.494534742,0.481911403
OS,WNT5B,0.939817929,0.688553504,0.594219346,1.28277285,0.158723906,-0.391050828,0.695759666,0.906963016,0.911683621,0.012302173,0.911683621
OS,WNT6,0.956661063,0.699704311,0.608277323,1.307981634,0.159590345,-0.277624042,0.781300974,0.930721661,0.938909117,0.005873848,0.938909117
OS,WNT7A,0.988361208,0.732805645,0.600232498,1.333038144,0.152639391,-0.076697457,0.938864228,0.982855685,0.921597625,0.009686786,0.921597625
OS,WNT7B,1.07971395,0.796952331,0.665848101,1.462800432,0.154929662,0.495038485,0.620572955,0.890181229,0.198789205,1.651247647,0.198789205
OS,WRN,1.232306815,0.883574218,0.835104366,1.718678584,0.169731618,1.230695108,0.218436918,0.882016196,0.582591728,0.302063414,0.582591728
OS,WT1,0.859783432,0.629693039,0.544256019,1.173949058,0.158904998,-0.950723679,0.341744665,0.882016196,0.353945349,0.85926182,0.353945349
OS,XCL1.2,0.867660464,0.642308721,0.529767348,1.172076069,0.15343721,-0.925165489,0.354879832,0.882016196,0.559782237,0.340081405,0.559782237
OS,XCR1,0.993174308,0.719869716,0.650371572,1.370241288,0.164205028,-0.04171062,0.966729388,0.989719385,0.733040657,0.116338013,0.733040657
OS,XPA,1.161915042,0.86499681,0.69575642,1.56075323,0.150563482,0.996719389,0.318900736,0.882016196,0.013036603,6.164135966,0.013036603
OS,XRCC4,0.796469756,0.596895204,0.465877736,1.06277294,0.147169845,-1.546282269,0.122036412,0.882016196,0.603922118,0.269120859,0.603922118
OS,YAP1,0.990795251,0.748795863,0.562209282,1.311005145,0.142880944,-0.064720839,0.94839627,0.983047418,0.234570174,1.412932604,0.234570174
OS,YTHDF2,1.146326959,0.852430665,0.689120516,1.541551181,0.151138638,0.903560362,0.366228568,0.882016196,0.32362086,0.974256699,0.32362086
OS,ZAP70,0.853552007,0.627026048,0.534889045,1.161915093,0.157359213,-1.006288739,0.314276696,0.882016196,0.84957923,0.035969143,0.84957923
OS,ZBTB16,0.688943547,0.491886096,0.473059276,0.964945371,0.171897116,-2.167552047,0.030192786,0.882016196,0.570942137,0.321108667,0.570942137
OS,ZBTB20,1.197637597,0.873110585,0.769677669,1.642788254,0.161249905,1.118456146,0.263372226,0.882016196,0.275660344,1.188361336,0.275660344
OS,ZBTB32,0.901555189,0.670737305,0.541066112,1.211803417,0.150892414,-0.686807352,0.492204136,0.882016196,0.932215146,0.007234892,0.932215146
OS,ZC3H12A,0.918614242,0.680249299,0.560254921,1.24050422,0.153271658,-0.553846709,0.579683758,0.882016196,0.954303901,0.003283624,0.954303901
OS,ZEB1,0.89553192,0.630228606,0.642289669,1.272518275,0.17925597,-0.615529926,0.538204812,0.882016196,0.102228475,2.670428843,0.102228475
OS,ZEB2,1.056039015,0.807444127,0.573726859,1.381170986,0.136944633,0.398154561,0.690516258,0.903547869,0.924224963,0.009046509,0.924224963
OS,ZIC2,1.299834668,0.960380731,0.798890471,1.759271202,0.154422509,1.698179105,0.089473963,0.882016196,0.180625808,1.792467526,0.180625808
OS,ZNF205,0.937332888,0.694863265,0.569548004,1.264411269,0.152718829,-0.423764317,0.671737704,0.897443004,0.68201136,0.167870476,0.68201136
PFS,A2M,1.08888024,0.824290022,0.614111689,1.438401711,0.142034604,0.599500851,0.548838943,0.988058847,0.391088177,0.735556007,0.391088177
PFS,ABCB1,0.927896806,0.68101337,0.58326795,1.264281319,0.15782871,-0.474151714,0.635391723,0.988058847,0.522723298,0.408516765,0.522723298
PFS,ABCF1,0.999975954,0.768935724,0.531500551,1.300436275,0.134045244,-0.000179392,0.999856866,0.999856866,0.162469599,1.951088532,0.162469599
PFS,ABL1,1.063727844,0.808281509,0.591622996,1.399904505,0.140117091,0.440913896,0.659275333,0.988058847,0.490328019,0.475806382,0.490328019
PFS,ACOT12,0.819831633,0.605939588,0.503286347,1.109225935,0.15424707,-1.287909621,0.197777426,0.988058847,0.996610728,1.80E-05,0.996610728
PFS,ACSF3,0.960133183,0.720490542,0.558992913,1.279483456,0.146502548,-0.277696686,0.781245204,0.988058847,0.09345236,2.813875571,0.09345236
PFS,ACTA2,1.038521104,0.781936362,0.59736525,1.379301612,0.144788174,0.261055065,0.794050043,0.988058847,0.431915461,0.617667285,0.431915461
PFS,ACTB,0.800940476,0.608267814,0.446375602,1.054643416,0.140396132,-1.581016824,0.113874191,0.988058847,0.625575256,0.238108982,0.625575256
PFS,ACTR3B,1.046399508,0.756755393,0.69014798,1.446903373,0.165345098,0.274306481,0.783849105,0.988058847,0.796476792,0.066517284,0.796476792
PFS,ACVR1B,0.891502236,0.664814015,0.530672569,1.195486584,0.149696944,-0.767198918,0.442963256,0.988058847,0.25370112,1.302807047,0.25370112
PFS,ACVR1C,0.883551075,0.652725281,0.543279417,1.196004698,0.154488942,-0.801391847,0.422904834,0.988058847,0.493296042,0.469328956,0.493296042
PFS,ACVR2A,1.166986014,0.886905384,0.64860943,1.535514814,0.140023665,1.102844785,0.270094575,0.988058847,0.620478615,0.245195448,0.620478615
PFS,ACY1,1.036599775,0.738035145,0.717910554,1.455945698,0.173324483,0.207390839,0.835704636,0.988058847,0.962321056,0.002231723,0.962321056
PFS,ADA,0.994087822,0.719216736,0.654792722,1.374009458,0.165137117,-0.035907884,0.97135581,0.999856866,0.744104965,0.106551434,0.744104965
PFS,ADAM12,0.777517945,0.584662081,0.449326908,1.03398899,0.145447919,-1.730162638,0.083601222,0.988058847,0.348802886,0.877807521,0.348802886
PFS,ADGRE1,0.909815694,0.672684244,0.557855353,1.230539596,0.154067118,-0.613454933,0.539575573,0.988058847,0.724915529,0.12383148,0.724915529
PFS,ADGRE5,0.909429936,0.686777896,0.517487433,1.204265329,0.143271518,-0.66263917,0.507561677,0.988058847,0.593738282,0.284543979,0.593738282
PFS,ADH1A.B.C,1.007857639,0.741914041,0.627216297,1.369130338,0.15630329,0.050075266,0.96006241,0.999856866,0.380352952,0.769560813,0.380352952
PFS,ADH6,0.888519017,0.658166006,0.541327792,1.199493799,0.153114478,-0.771966376,0.440134342,0.988058847,0.497833471,0.459551893,0.497833471
PFS,ADM,1.05058546,0.807353622,0.559742257,1.367095878,0.134360175,0.367278397,0.713411366,0.988058847,0.113519507,2.504527786,0.113519507
PFS,ADORA2A,1.03820387,0.77359829,0.619718227,1.393316517,0.150102103,0.249777792,0.802759195,0.988058847,0.345291295,0.890686669,0.345291295
PFS,AFDN,1.210858717,0.847390142,0.882838662,1.730228804,0.182107359,1.050642831,0.293422662,0.988058847,0.364143661,0.823552089,0.364143661
PFS,AICDA,0.909971384,0.662472704,0.587462446,1.249935151,0.161958995,-0.582506248,0.560225735,0.988058847,0.570368848,0.322065739,0.570368848
PFS,AIRE,0.970763931,0.713715297,0.606674798,1.320390095,0.156941241,-0.189064134,0.850042551,0.988058847,0.502332569,0.450005024,0.502332569
PFS,AKAP1,0.982019692,0.73123583,0.58757629,1.318812121,0.150449367,-0.120598165,0.904009322,0.988383526,0.200883184,1.635941771,0.200883184
PFS,AKR1C4,0.795506678,0.602010229,0.449185985,1.051196214,0.142198942,-1.608844865,0.107650268,0.988058847,0.415719549,0.662384034,0.415719549
PFS,AKT1,1.103462885,0.817272782,0.672597387,1.489870169,0.153184279,0.642711594,0.520411257,0.988058847,0.894681416,0.01752524,0.894681416
PFS,AKT2,1.066445337,0.755096409,0.75107637,1.506172779,0.176146526,0.365213013,0.714952405,0.988058847,0.442943233,0.588645865,0.442943233
PFS,AKT3,1.243524963,0.875306518,0.891336711,1.766643229,0.179151867,1.21656594,0.223769408,0.988058847,0.887321997,0.020077088,0.887321997
PFS,ALCAM,0.930594077,0.695771092,0.548898807,1.2446699,0.148371328,-0.484811355,0.627810167,0.988058847,0.48768203,0.481636396,0.48768203
PFS,ALDOA,1.06664087,0.794365759,0.637874657,1.432240416,0.15037297,0.429028808,0.66790226,0.988058847,0.56792711,0.326163212,0.56792711
PFS,ALDOC,1.060275193,0.734457079,0.796174891,1.53063197,0.187325999,0.312441898,0.754704713,0.988058847,0.421867591,0.645106765,0.421867591
PFS,ALK,0.875224218,0.647794231,0.534706931,1.182501162,0.153526801,-0.868090624,0.385344723,0.988058847,0.990765129,0.000133968,0.990765129
PFS,ALKBH2,0.887543273,0.658892476,0.536648664,1.19554114,0.151991017,-0.784901653,0.432511233,0.988058847,0.46574679,0.532048759,0.46574679
PFS,ALKBH3,0.916328766,0.674035827,0.571681943,1.24571777,0.156682445,-0.55768892,0.577056825,0.988058847,0.335859495,0.926172432,0.335859495
PFS,AMBP,0.921671503,0.677636545,0.575953399,1.253589944,0.156930331,-0.519761896,0.60322954,0.988058847,0.846368161,0.037540784,0.846368161
PFS,AMER1,0.777732361,0.566437955,0.501406492,1.067844447,0.16174527,-1.554127814,0.120153932,0.988058847,0.762764244,0.09111514,0.762764244
PFS,AMH,1.079620342,0.829315802,0.576156132,1.405471933,0.134575788,0.569266176,0.569175517,0.988058847,0.320145929,0.988350222,0.320145929
PFS,ANGPT1,0.962085007,0.703019322,0.613598203,1.316617525,0.160063367,-0.241482286,0.809181344,0.988058847,0.251794866,1.313317586,0.251794866
PFS,ANGPT2,0.866791918,0.643403192,0.524337717,1.167740909,0.152057574,-0.940146089,0.347142631,0.988058847,0.372142724,0.796497177,0.372142724
PFS,ANGPTL4,0.896458619,0.669168987,0.531780357,1.200949343,0.149194328,-0.732622662,0.463788605,0.988058847,0.463568593,0.537264572,0.463568593
PFS,ANKRD28,0.881713566,0.65762016,0.524549822,1.182169983,0.149614866,-0.841413918,0.400116091,0.988058847,0.588565167,0.292590614,0.588565167
PFS,ANLN,0.821756566,0.630588415,0.440290526,1.070878941,0.135099843,-1.45308145,0.146201141,0.988058847,0.053597067,3.725204413,0.053597067
PFS,ANP32B,0.981962397,0.753391429,0.526487945,1.279879374,0.135190289,-0.134641795,0.892895095,0.988058847,0.385433684,0.753299222,0.385433684
PFS,ANXA1,1.068016503,0.762376393,0.733812709,1.496189102,0.172002183,0.382571846,0.702037248,0.988058847,0.500399593,0.45408885,0.500399593
PFS,APC,0.883997001,0.645930825,0.563874724,1.20980555,0.160085214,-0.770224848,0.441166527,0.988058847,0.365269979,0.819692868,0.365269979
PFS,APH1B,0.88768349,0.686824396,0.460458639,1.147283036,0.130888425,-0.910241144,0.36269535,0.988058847,0.920078572,0.010067062,0.920078572
PFS,API5,1.164261553,0.814084115,0.850983337,1.665067453,0.182543461,0.833155159,0.404757229,0.988058847,0.043655822,4.069824015,0.043655822
PFS,APLNR,0.909443666,0.675882627,0.54783248,1.223715108,0.151438305,-0.626804573,0.530787346,0.988058847,0.296756088,1.08871505,0.296756088
PFS,APOA1,0.905840226,0.664510901,0.570301821,1.234812723,0.158070076,-0.625623405,0.531561983,0.988058847,0.791790987,0.069688416,0.791790987
PFS,APOA2,1.056705458,0.764018652,0.697498579,1.461517231,0.165471962,0.333325409,0.738888662,0.988058847,0.933731326,0.00691412,0.933731326
PFS,APOA4,0.879835572,0.651129673,0.53774355,1.188873224,0.153587632,-0.833532216,0.404544637,0.988058847,0.886204985,0.020479864,0.886204985
PFS,APOB,0.866595139,0.645988254,0.516551671,1.162539924,0.149895907,-0.955218732,0.339467095,0.988058847,0.839357381,0.041093588,0.839357381
PFS,APOC2,0.842681333,0.635946996,0.480674096,1.116621092,0.143611645,-1.191869977,0.233312232,0.988058847,0.398687724,0.712280667,0.398687724
PFS,APOC3,0.933362347,0.673450039,0.620135559,1.293585598,0.166523305,-0.414126931,0.678781151,0.988058847,0.672119037,0.179133407,0.672119037
PFS,APOE,1.155011894,0.862977958,0.682892898,1.545870856,0.148715371,0.96903663,0.332526913,0.988058847,0.706052253,0.142252154,0.706052253
PFS,APOL6,0.825666964,0.609786606,0.508187991,1.117974597,0.154636735,-1.23879865,0.215420074,0.988058847,0.400415041,0.707079542,0.400415041
PFS,APOM,1.018785821,0.734011195,0.680033382,1.414044577,0.167269678,0.111266711,0.911404853,0.989558106,0.979233229,0.000677573,0.979233229
PFS,APP,1.041670745,0.744779146,0.71213321,1.456912356,0.171173279,0.238506325,0.81148841,0.988058847,0.994096079,5.48E-05,0.994096079
PFS,AQP9,0.823839295,0.616897245,0.483304107,1.100201352,0.147590982,-1.312951483,0.189199297,0.988058847,0.983859937,0.000409251,0.983859937
PFS,AR,0.731497837,0.541961514,0.445357829,0.987319343,0.153012644,-2.043367177,0.041016104,0.988058847,0.766354269,0.088296351,0.766354269
PFS,AREG,0.913337146,0.676396516,0.55688119,1.233277706,0.153230173,-0.59159493,0.55412187,0.988058847,0.993404631,6.83E-05,0.993404631
PFS,ARG1,0.883814335,0.652433333,0.544819689,1.197253021,0.154869198,-0.797500525,0.425160398,0.988058847,0.731883142,0.117389568,0.731883142
PFS,ARG2,0.958355989,0.703567506,0.60184554,1.305413046,0.157684262,-0.269754085,0.787349449,0.988058847,0.057120603,3.619075601,0.057120603
PFS,ARID1A,0.932169383,0.705875103,0.525135532,1.231010635,0.141878232,-0.49507763,0.620545324,0.988058847,0.224216617,1.477177719,0.224216617
PFS,ARID1B,0.945131094,0.689934851,0.604785635,1.294720486,0.160577679,-0.351428899,0.725266605,0.988058847,0.848204585,0.036637691,0.848204585
PFS,ARID2,1.086916133,0.779269537,0.736748509,1.516018046,0.169769824,0.490926179,0.623478661,0.988058847,0.736007651,0.113666702,0.736007651
PFS,ARMH3,0.719275123,0.530402808,0.445000592,0.9754034,0.155414691,-2.120207198,0.033988576,0.988058847,0.065476313,3.392934704,0.065476313
PFS,ARNT,1.084919057,0.802814572,0.663338885,1.466153458,0.153644095,0.530481712,0.595777985,0.988058847,0.882426978,0.021872428,0.882426978
PFS,ARNT2,0.839979189,0.626098398,0.500825165,1.126923563,0.14993621,-1.163015673,0.244823144,0.988058847,0.649774252,0.206184855,0.649774252
PFS,ASCL1,0.986606668,0.736934777,0.583932073,1.32086685,0.14886603,-0.090576956,0.927828743,0.993870577,0.855233066,0.033286386,0.855233066
PFS,ASL,1.029731262,0.765420515,0.619891809,1.385312324,0.151343476,0.193585206,0.846500683,0.988058847,0.392030819,0.732633746,0.392030819
PFS,ASNS,1.165472535,0.873258402,0.682210435,1.555468837,0.147273312,1.039744485,0.298458627,0.988058847,0.421130461,0.647158402,0.421130461
PFS,ASPA,0.839628326,0.62100226,0.514220222,1.135222481,0.153892932,-1.135828344,0.256028412,0.988058847,0.656961079,0.197236122,0.656961079
PFS,ASPG,0.887188676,0.661346047,0.528808109,1.190154156,0.149890738,-0.798565732,0.424542264,0.988058847,0.792759401,0.06902657,0.792759401
PFS,ASXL1,1.211958666,0.876978359,0.79791338,1.674891739,0.165059536,1.164657236,0.244157766,0.988058847,0.700162572,0.148302796,0.700162572
PFS,ATF1,0.840387639,0.637679956,0.469852713,1.107532669,0.140832557,-1.234743034,0.216926155,0.988058847,0.767973623,0.087040646,0.767973623
PFS,ATF2,0.908799625,0.669965739,0.562808879,1.232774618,0.155563093,-0.614738636,0.53872734,0.988058847,0.185681813,1.751551444,0.185681813
PFS,ATF3,1.087338399,0.808097664,0.654974001,1.463071665,0.151434023,0.55293304,0.580309262,0.988058847,0.993465862,6.71E-05,0.993465862
PFS,ATG10,0.873455007,0.651427096,0.519730282,1.171157377,0.149641082,-0.904154515,0.365913475,0.988058847,0.308628642,1.036535296,0.308628642
PFS,ATG12,0.929533703,0.696531112,0.543948875,1.240479987,0.147232606,-0.496304561,0.619679549,0.988058847,0.620945694,0.244540633,0.620945694
PFS,ATG16L1,1.004061727,0.762261159,0.560303871,1.322565029,0.140573784,0.028835394,0.976995872,0.999856866,0.075496626,3.159276697,0.075496626
PFS,ATG5,0.887791603,0.674311764,0.494545094,1.168856858,0.140331391,-0.848122749,0.396369613,0.988058847,0.218593046,1.513583783,0.218593046
PFS,ATG7,1.123056576,0.861384289,0.602835675,1.464219965,0.135343609,0.857477164,0.39118123,0.988058847,0.945463395,0.004679218,0.945463395
PFS,ATM,1.027598089,0.737657804,0.693843125,1.431500929,0.169135439,0.160960508,0.872124505,0.988058847,0.57985051,0.306476383,0.57985051
PFS,ATOX1,0.828918009,0.621977316,0.482733495,1.104710811,0.146542297,-1.280408705,0.200401434,0.988058847,0.140188337,2.175890635,0.140188337
PFS,ATP11C,0.876962421,0.63900244,0.564534573,1.203537013,0.161511064,-0.812892527,0.41627968,0.988058847,0.927757962,0.008220329,0.927757962
PFS,ATP2A2,0.944855676,0.69877725,0.578814785,1.277592035,0.153931487,-0.368495675,0.712503669,0.988058847,0.533078589,0.388519603,0.533078589
PFS,ATP5F1D,1.040447143,0.785058296,0.593858739,1.378917035,0.143700532,0.275924979,0.782605688,0.988058847,0.837340973,0.042146393,0.837340973
PFS,ATP5ME,0.920091954,0.693326585,0.527698575,1.22102516,0.144376359,-0.57683726,0.564049397,0.988058847,0.86236017,0.030057349,0.86236017
PFS,ATR,1.07820065,0.750681071,0.797934828,1.5486159,0.184731954,0.407582909,0.683579914,0.988058847,0.006853274,7.311027263,0.006853274
PFS,ATRX,0.980522637,0.705969034,0.655881976,1.36185101,0.167612446,-0.117351346,0.906581638,0.988696635,0.50080676,0.453226395,0.50080676
PFS,AURKA,0.9471554,0.73407833,0.488002905,1.222081235,0.130026592,-0.417546144,0.67627898,0.988058847,0.382431975,0.76286961,0.382431975
PFS,AURKB,0.911080778,0.688894247,0.516034069,1.204928316,0.142627004,-0.65291784,0.513809247,0.988058847,0.922586972,0.009443091,0.922586972
PFS,AXIN1,1.164340143,0.888268237,0.637946381,1.526214618,0.138082149,1.10191308,0.270499461,0.988058847,0.235654286,1.40640389,0.235654286
PFS,AXIN2,1.170731018,0.853035894,0.753709057,1.606744951,0.161524401,0.975879524,0.32912417,0.988058847,0.678624531,0.171678306,0.678624531
PFS,AXL,0.878293592,0.666133022,0.49189339,1.158026412,0.141069705,-0.919930714,0.357608967,0.988058847,0.279740521,1.168350047,0.279740521
PFS,B2M,0.877963356,0.651663752,0.531184997,1.18284875,0.152082461,-0.855788508,0.392114773,0.988058847,0.286389999,1.136514682,0.286389999
PFS,BAD,0.841709174,0.645518349,0.452009451,1.0975278,0.135400916,-1.272670288,0.203135065,0.988058847,0.67754863,0.172898423,0.67754863
PFS,BAG1,0.981803713,0.717234777,0.626730354,1.343965131,0.160200991,-0.114630222,0.908738224,0.988696635,0.72389787,0.124788537,0.72389787
PFS,BAGE,1.101269564,0.795258273,0.729774152,1.525032426,0.166101016,0.580753003,0.561406934,0.988058847,0.832708466,0.044617754,0.832708466
PFS,BAIAP3,1.210329352,0.887719756,0.762459965,1.650179721,0.158161932,1.206943493,0.227453906,0.988058847,0.0583392,3.583980604,0.0583392
PFS,BAMBI,1.031044718,0.77709257,0.590895304,1.367987873,0.144272231,0.211908957,0.832178063,0.988058847,0.802618983,0.062479548,0.802618983
PFS,BAP1,0.898414382,0.680492491,0.505631402,1.186123893,0.14174476,-0.755751866,0.449797981,0.988058847,0.918408504,0.010493678,0.918408504
PFS,BATF,0.91359651,0.678098848,0.552781556,1.230880404,0.152092564,-0.594153041,0.552409758,0.988058847,0.610828021,0.258970933,0.610828021
PFS,BATF3,1.100997954,0.797114208,0.723617051,1.520731259,0.16478584,0.583891182,0.559293526,0.988058847,0.836556811,0.042559567,0.836556811
PFS,BAX,0.919948123,0.694224752,0.524839456,1.219064209,0.143636069,-0.580898653,0.56130876,0.988058847,0.672875481,0.17825696,0.672875481
PFS,BBC3,0.995580548,0.754921337,0.558037485,1.312958821,0.14118243,-0.031372504,0.974972469,0.999856866,0.621943662,0.243145193,0.621943662
PFS,BBS1,1.009273298,0.760572534,0.578724568,1.339297102,0.144346714,0.063947177,0.949012287,0.996085748,0.384978295,0.754744323,0.384978295
PFS,BCAT1,0.870643169,0.656947729,0.496902866,1.153850595,0.143690272,-0.964039275,0.335026235,0.988058847,0.217794858,1.51884173,0.217794858
PFS,BCL10,0.907943389,0.658838188,0.592396506,1.251234694,0.163627531,-0.590201712,0.555055425,0.988058847,0.263098986,1.252376907,0.263098986
PFS,BCL2,1.359903721,1.041206176,0.734943613,1.776149789,0.13624438,2.256341905,0.024049227,0.988058847,0.961354129,0.002347826,0.961354129
PFS,BCL2A1,0.819141093,0.619517992,0.463569405,1.083087398,0.142510067,-1.399893628,0.161545174,0.988058847,0.861614252,0.030387343,0.861614252
PFS,BCL2L1,1.240361988,0.9145617,0.76766254,1.68222424,0.155468983,1.385506346,0.165897694,0.988058847,0.562246602,0.33582926,0.562246602
PFS,BCL6,0.915841357,0.685253398,0.538768831,1.224022229,0.147989691,-0.594042188,0.552483896,0.988058847,0.208373664,1.582689871,0.208373664
PFS,BCL6B,0.922153737,0.681985623,0.564913851,1.246899474,0.153933122,-0.526484005,0.598551963,0.988058847,0.556198871,0.346328501,0.556198871
PFS,BCOR,0.867389764,0.659327596,0.481781934,1.141109529,0.139935178,-1.016662505,0.309314008,0.988058847,0.418295021,0.655100437,0.418295021
PFS,BDNF,0.886608508,0.654181216,0.547434831,1.201616047,0.155114645,-0.775889087,0.437814477,0.988058847,0.47598195,0.508055221,0.47598195
PFS,BID,0.887824507,0.662825719,0.526374296,1.189200015,0.149116009,-0.79791019,0.424922609,0.988058847,0.805372001,0.060713345,0.805372001
PFS,BIRC3,0.880380777,0.651435955,0.538351476,1.189787431,0.153663755,-0.829087926,0.407054655,0.988058847,0.892497414,0.018264109,0.892497414
PFS,BIRC5,0.858273415,0.662106714,0.450452997,1.112559711,0.132398337,-1.154339011,0.248361209,0.988058847,0.271171695,1.21081034,0.271171695
PFS,BIRC7,0.985870913,0.708239953,0.664093608,1.372333561,0.16874926,-0.084325425,0.932797698,0.993870577,0.279669413,1.16869564,0.279669413
PFS,BLK,0.904693665,0.670201501,0.55102917,1.221230671,0.153073211,-0.654320133,0.512905578,0.988058847,0.794585152,0.067787966,0.794585152
PFS,BLM,0.956407152,0.700044627,0.606607269,1.306651896,0.159206817,-0.27996016,0.779508071,0.988058847,0.539208086,0.377009456,0.539208086
PFS,BLVRA,0.644675926,0.462263223,0.436806892,0.899070115,0.169703768,-2.586905016,0.009684228,0.988058847,0.57410091,0.315868926,0.57410091
PFS,BMI1,1.006958188,0.762415172,0.567522676,1.329937848,0.141940424,0.04885213,0.961037138,0.999856866,0.868990014,0.027205704,0.868990014
PFS,BMP2,1.047202234,0.775394942,0.638894035,1.414288977,0.153321616,0.300819089,0.763552451,0.988058847,0.274940132,1.191932315,0.274940132
PFS,BMP4,1.001498608,0.739128691,0.617873781,1.357002473,0.15499301,0.009661637,0.992291249,0.999856866,0.942101024,0.005275031,0.942101024
PFS,BMP5,1.178762639,0.840685069,0.812111455,1.652796524,0.172453903,0.95367675,0.340247292,0.988058847,0.74833442,0.102935956,0.74833442
PFS,BMP6,0.932990779,0.694885038,0.557799573,1.252684612,0.150333833,-0.46137293,0.64453107,0.988058847,0.587589236,0.294124911,0.587589236
PFS,BMP7,1.090471706,0.798764729,0.689944648,1.488709377,0.158829038,0.545305581,0.585543366,0.988058847,0.780667957,0.077533666,0.780667957
PFS,BMP8A,1.070140332,0.796364657,0.641670445,1.438035102,0.150761892,0.449648057,0.652964231,0.988058847,0.078026489,3.105537147,0.078026489
PFS,BMPR1B,0.926486777,0.68367863,0.571849493,1.255528123,0.155059893,-0.492425889,0.622418301,0.988058847,0.373889369,0.790697273,0.373889369
PFS,BNIP3,0.760772165,0.560261405,0.472781887,1.033043292,0.156089835,-1.751692263,0.079826738,0.988058847,0.23804303,1.392145977,0.23804303
PFS,BNIP3L,1.011608889,0.756551532,0.596102586,1.352654118,0.148230608,0.077865317,0.937935189,0.99504364,0.957436333,0.002848461,0.957436333
PFS,BRAF,0.881278858,0.641021394,0.570564418,1.211585812,0.162406693,-0.778177156,0.436464582,0.988058847,0.237475732,1.395516308,0.237475732
PFS,BRCA1,1.072991926,0.804028448,0.627900579,1.431929027,0.147233096,0.478499337,0.632294846,0.988058847,0.724099747,0.124598352,0.724099747
PFS,BRCA2,1.000233574,0.715978263,0.68136472,1.397342983,0.170584266,0.001369097,0.998907619,0.999856866,0.052183848,3.769864894,0.052183848
PFS,BRD2,1.038882967,0.773918838,0.620643183,1.394562021,0.150224361,0.253927296,0.799551726,0.988058847,0.427738669,0.62895559,0.427738669
PFS,BRD3,0.961194573,0.744156517,0.497376662,1.241533179,0.13057662,-0.303104962,0.761809873,0.988058847,0.530170919,0.394063942,0.530170919
PFS,BRD4,1.164627561,0.848161621,0.751011605,1.599173226,0.161781246,0.942021086,0.346181844,0.988058847,0.573071381,0.317570459,0.573071381
PFS,BRD7,1.005423074,0.766169086,0.553220557,1.319389643,0.138656026,0.039006034,0.968885577,0.999856866,0.634306012,0.226266602,0.634306012
PFS,BRIP1,0.968914329,0.742820996,0.52100297,1.263823966,0.135574482,-0.232927926,0.815817373,0.988058847,0.281956573,1.157634945,0.281956573
PFS,BST1,0.876769816,0.64727284,0.540364371,1.187637211,0.154837837,-0.849345292,0.395689186,0.988058847,0.637947104,0.221437089,0.637947104
PFS,BST2,0.899210789,0.676677101,0.518250351,1.194927452,0.145065561,-0.732343366,0.463959016,0.988058847,0.773139459,0.083100053,0.773139459
PFS,BTK,0.87906627,0.65156777,0.534429362,1.185997132,0.152798152,-0.843563814,0.398913192,0.988058847,0.768204837,0.086862152,0.768204837
PFS,BTLA,0.861474583,0.642153962,0.513547788,1.15570175,0.149909623,-0.994664142,0.31989964,0.988058847,0.958928205,0.002652107,0.958928205
PFS,C1orf43,0.958902305,0.716618143,0.566483099,1.283101242,0.148597666,-0.282414135,0.777625978,0.988058847,0.261012738,1.263377527,0.261012738
PFS,C1QA,0.852925152,0.626891123,0.533567667,1.16045879,0.157094171,-1.012663176,0.311221073,0.988058847,0.14589896,2.114612696,0.14589896
PFS,C1QB,0.865527062,0.64025212,0.529813659,1.170065779,0.153817421,-0.93888349,0.347790567,0.988058847,0.182840426,1.774384225,0.182840426
PFS,C1QBP,0.773207859,0.561115734,0.504351436,1.06546717,0.16358501,-1.57231624,0.115877229,0.988058847,0.428203853,0.627690142,0.428203853
PFS,C1R,0.943740011,0.718433558,0.521270793,1.239704351,0.139174745,-0.416056543,0.677368629,0.988058847,0.638277865,0.221001523,0.638277865
PFS,C1S,0.936971841,0.711903266,0.521292693,1.233195959,0.140161346,-0.464479339,0.642304359,0.988058847,0.925832874,0.008665558,0.925832874
PFS,C2,0.93832182,0.702072251,0.551997876,1.254070127,0.147990812,-0.430177367,0.667066625,0.988058847,0.821574647,0.050859341,0.821574647
PFS,C3,1.047737403,0.791071283,0.596608552,1.387679834,0.143370075,0.325263031,0.744982008,0.988058847,0.055228498,3.675173731,0.055228498
PFS,C3AR1,0.948180072,0.705000313,0.570240892,1.275241205,0.151199812,-0.35192402,0.724895245,0.988058847,0.748287102,0.102976024,0.748287102
PFS,C4B,1.066747577,0.821099037,0.564787856,1.385886893,0.133536086,0.483871989,0.628476721,0.988058847,0.085015293,2.966315288,0.085015293
PFS,C4BPA,0.980401662,0.711190213,0.640329255,1.351519469,0.163789961,-0.120843377,0.903815092,0.988383526,0.895086188,0.017390007,0.895086188
PFS,C5,0.976606019,0.732172234,0.57047115,1.302643384,0.146975934,-0.161060139,0.872046035,0.988058847,0.513728128,0.426466029,0.513728128
PFS,C5AR1,0.838567819,0.640653062,0.456970641,1.097623703,0.137353235,-1.28180323,0.199911681,0.988058847,0.831929684,0.045040441,0.831929684
PFS,C6,0.979925597,0.726163723,0.596202219,1.322365942,0.152911557,-0.132616735,0.894496497,0.988058847,0.491829947,0.472520398,0.491829947
PFS,C7,0.884091678,0.666183384,0.507094296,1.173277679,0.144388256,-0.853216996,0.39353898,0.988058847,0.812690696,0.056148286,0.812690696
PFS,C8A,0.993449447,0.728344103,0.626704696,1.355048799,0.15837514,-0.041497059,0.966899638,0.999856866,0.619017885,0.247250343,0.619017885
PFS,C8B,0.906563224,0.667046376,0.56503719,1.232083566,0.1565341,-0.626665412,0.530878581,0.988058847,0.484651451,0.488378634,0.484651451
PFS,C8G,1.021088888,0.745103812,0.654194513,1.399298326,0.160768934,0.129811118,0.896715866,0.988058847,0.605471741,0.26682181,0.605471741
PFS,C9,0.920098695,0.668626556,0.597523584,1.266150141,0.162888324,-0.511235767,0.609185976,0.988058847,0.3040322,1.056424029,0.3040322
PFS,CACNA1C,0.837393003,0.616423279,0.521150634,1.137573914,0.156308805,-1.135328109,0.256237869,0.988058847,0.724878586,0.12386615,0.724878586
PFS,CACNA1D,0.94031486,0.666553525,0.659959655,1.326513179,0.175561559,-0.35053518,0.725937093,0.988058847,0.187863382,1.734294473,0.187863382
PFS,CACNA1E,0.914681865,0.666069385,0.590020347,1.256089732,0.161830765,-0.551063097,0.581590422,0.988058847,0.984739515,0.000365855,0.984739515
PFS,CACNA1G,0.862923991,0.651448451,0.491601031,1.143049482,0.143435463,-1.027839725,0.304025227,0.988058847,0.592506563,0.286446786,0.592506563
PFS,CACNA1H,0.908131951,0.692630174,0.49805379,1.190683963,0.138213505,-0.697222682,0.485663446,0.988058847,0.10671973,2.602136965,0.10671973
PFS,CACNA2D1,1.200442193,0.898090175,0.706494195,1.604584371,0.148051078,1.233965908,0.217215608,0.988058847,0.734750134,0.114794675,0.734750134
PFS,CACNA2D2,0.85509882,0.630456801,0.529327645,1.159784446,0.155498981,-1.006683365,0.314086959,0.988058847,0.81197246,0.056587942,0.81197246
PFS,CACNA2D3,0.98169275,0.719319349,0.620448108,1.339767457,0.158662589,-0.116454051,0.9072927,0.988696635,0.719807234,0.128677479,0.719807234
PFS,CACNA2D4,0.911194436,0.664746957,0.584262598,1.249009554,0.160895739,-0.578007683,0.563258932,0.988058847,0.575090705,0.314238729,0.575090705
PFS,CACNB3,1.281155609,0.926581775,0.844831972,1.771413747,0.16531705,1.498711052,0.133948608,0.988058847,0.15718705,2.00108119,0.15718705
PFS,CACNB4,0.761724236,0.570982543,0.445202309,1.016184852,0.147056762,-1.850786594,0.06420026,0.988058847,0.691670896,0.15728248,0.691670896
PFS,CACNG1,0.925782077,0.681098013,0.577270735,1.258368749,0.156601167,-0.492438282,0.622409542,0.988058847,0.719863839,0.128623206,0.719863839
PFS,CACNG4,0.874253074,0.663979696,0.487137489,1.151117185,0.14036907,-0.957371778,0.338379638,0.988058847,0.258193131,1.278419387,0.258193131
PFS,CACNG6,0.915896594,0.671457542,0.577864299,1.24932184,0.158397138,-0.554630027,0.579147746,0.988058847,0.396438258,0.719103126,0.396438258
PFS,CALML3,1.264919237,0.95192087,0.728912828,1.680833698,0.14504432,1.620251491,0.105178265,0.988058847,0.815498898,0.054446655,0.815498898
PFS,CALML5,0.812461963,0.609683023,0.473001613,1.082684635,0.146497545,-1.417676873,0.156285125,0.988058847,0.841856838,0.039807803,0.841856838
PFS,CALML6,0.950809351,0.70679618,0.572269054,1.279065234,0.151314635,-0.333356448,0.738865234,0.988058847,0.588183371,0.293190231,0.588183371
PFS,CAMK2B,1.141476986,0.85766562,0.661539161,1.519204781,0.145851661,0.907243874,0.364277847,0.988058847,0.900225335,0.015719316,0.900225335
PFS,CAPN2,1.074832603,0.820469322,0.587584696,1.408054018,0.137779925,0.523769566,0.600438824,0.988058847,0.602456664,0.271306561,0.602456664
PFS,CARD11,0.966150815,0.719619343,0.577521161,1.297140505,0.150307641,-0.229099021,0.818791955,0.988058847,0.535474231,0.383992488,0.535474231
PFS,CARD9,0.933565254,0.697278575,0.552643788,1.249922363,0.148893479,-0.46170199,0.644295043,0.988058847,0.385224924,0.753961383,0.385224924
PFS,CASP1,0.897534644,0.657178459,0.568620146,1.225798604,0.159031551,-0.679761707,0.496655357,0.988058847,0.98833639,0.000213706,0.98833639
PFS,CASP10,0.93701056,0.706469083,0.536315364,1.242784447,0.14409199,-0.451522163,0.651613255,0.988058847,0.894282679,0.017658978,0.894282679
PFS,CASP12,0.95239048,0.693047253,0.615734541,1.308781794,0.162185091,-0.300768459,0.763591061,0.988058847,0.531253681,0.391992945,0.531253681
PFS,CASP3,0.86173154,0.646781992,0.501334771,1.148116763,0.146397842,-1.016486945,0.309397561,0.988058847,0.92256627,0.009448158,0.92256627
PFS,CASP7,0.761462853,0.564213927,0.463455983,1.027669911,0.152966028,-1.781532099,0.074825566,0.988058847,0.381381055,0.766245481,0.381381055
PFS,CASP8,0.97437066,0.722760768,0.59081106,1.313571828,0.152407651,-0.170355577,0.864730506,0.988058847,0.407992737,0.684642289,0.407992737
PFS,CASP9,1.235698745,0.902643176,0.789001353,1.691644528,0.160239962,1.320747919,0.18658543,0.988058847,0.256596155,1.287029192,0.256596155
PFS,CBL,0.80481902,0.599384289,0.481280764,1.080665053,0.150367298,-1.444049671,0.148725004,0.988058847,0.747743484,0.103436968,0.747743484
PFS,CBLC,1.00075373,0.757092424,0.565742142,1.322834566,0.142361487,0.005292486,0.995777227,0.999856866,0.304478768,1.054474706,0.304478768
PFS,CCL1,0.888600004,0.657833671,0.542484893,1.200318564,0.153418674,-0.769841645,0.441393833,0.988058847,0.942135215,0.005268792,0.942135215
PFS,CCL11,0.998313191,0.742816464,0.598873274,1.341689739,0.150828308,-0.011193077,0.991069403,0.999856866,0.816440379,0.053882344,0.816440379
PFS,CCL13,0.921698089,0.683124814,0.560465449,1.243590263,0.152829406,-0.533520111,0.593673594,0.988058847,0.799027915,0.064823892,0.799027915
PFS,CCL15,1.338176616,0.996973517,0.799179164,1.796152681,0.150175732,1.93978048,0.052406374,0.988058847,0.637776983,0.221661317,0.637776983
PFS,CCL16,0.940508688,0.689852275,0.592388322,1.282240597,0.158137297,-0.387855325,0.698123101,0.988058847,0.716225075,0.132138419,0.716225075
PFS,CCL18,1.062418743,0.79337843,0.629314126,1.422692556,0.148983911,0.406407253,0.684443391,0.988058847,0.807791518,0.059183261,0.807791518
PFS,CCL19,1.082030894,0.767090977,0.759182817,1.526273794,0.175508125,0.449208449,0.653281293,0.988058847,0.09984066,2.708086892,0.09984066
PFS,CCL2,0.836880221,0.627081417,0.489788716,1.116870132,0.147249936,-1.209333789,0.226534635,0.988058847,0.430758791,0.620776741,0.430758791
PFS,CCL21,1.027417625,0.749184785,0.659796012,1.408980797,0.16113465,0.167862678,0.866691312,0.988058847,0.840201152,0.040657153,0.840201152
PFS,CCL24,0.802836524,0.59496548,0.488368774,1.083334253,0.152884301,-1.436407568,0.150886401,0.988058847,0.735342714,0.114262367,0.735342714
PFS,CCL25,0.991520954,0.733874023,0.605747998,1.339622021,0.153524606,-0.05546471,0.955768244,0.998685022,0.975844489,0.000916822,0.975844489
PFS,CCL27,0.999079651,0.726790365,0.646590732,1.373381097,0.162348099,-0.005671595,0.995474746,0.999856866,0.263403049,1.250782647,0.263403049
PFS,CCL28,1.092801813,0.777436051,0.758659169,1.53609522,0.173727048,0.510829315,0.60947058,0.988058847,0.328286346,0.955645852,0.328286346
PFS,CCL3.L1,0.989970346,0.737027473,0.592694038,1.329721512,0.150538389,-0.066961589,0.946612282,0.995460902,0.466713397,0.52974664,0.466713397
PFS,CCL4,0.875943977,0.662471771,0.495732828,1.158204599,0.14251496,-0.929398168,0.352682777,0.988058847,0.511665836,0.430658853,0.511665836
PFS,CCL5,0.863561097,0.643113146,0.516461606,1.159574752,0.150382342,-0.975451155,0.329336519,0.988058847,0.370554679,0.801803566,0.370554679
PFS,CCL7,0.903656997,0.661298478,0.573538733,1.234837212,0.15931138,-0.63589568,0.524844419,0.988058847,0.71980723,0.128677483,0.71980723
PFS,CCL8,0.791430093,0.588625515,0.475483288,1.064108802,0.151049393,-1.548590973,0.121480077,0.988058847,0.883233402,0.021571255,0.883233402
PFS,CCNA1,0.791747055,0.587550467,0.479359414,1.066909881,0.152186379,-1.534390361,0.124933648,0.988058847,0.071865572,3.23988751,0.071865572
PFS,CCNA2,0.905486898,0.687478083,0.505151243,1.192629326,0.140534653,-0.706462564,0.479900525,0.988058847,0.966008169,0.001816067,0.966008169
PFS,CCNB1,0.74816583,0.553008322,0.459186408,1.01219473,0.154212834,-1.881364993,0.059922286,0.988058847,0.405277117,0.692612719,0.405277117
PFS,CCND1,0.840053904,0.640779988,0.460519327,1.101299314,0.138155547,-1.261543401,0.207113134,0.988058847,0.86208507,0.030178837,0.86208507
PFS,CCND2,0.895915675,0.661069609,0.553121582,1.214191191,0.155098336,-0.708640637,0.478547512,0.988058847,0.101102789,2.688060808,0.101102789
PFS,CCND3,1.024860662,0.720056546,0.738633585,1.45869013,0.180096268,0.136352986,0.891542239,0.988058847,0.313140028,1.017385297,0.313140028
PFS,CCNE1,0.775180334,0.568628638,0.488132332,1.056760969,0.158098889,-1.610761401,0.107231737,0.988058847,0.058128559,3.589990963,0.058128559
PFS,CCNE2,1.130532862,0.855162405,0.63941283,1.494575235,0.142427598,0.861413681,0.389010244,0.988058847,0.362919435,0.827765567,0.362919435
PFS,CCNO,1.06847903,0.798841832,0.630286427,1.429128259,0.148384604,0.446381685,0.655321561,0.988058847,0.547879786,0.36112918,0.547879786
PFS,CCR1,0.895133907,0.673946405,0.514968182,1.188914587,0.144810178,-0.765014975,0.444262628,0.988058847,0.890640478,0.01890455,0.890640478
PFS,CCR4,0.878489346,0.647792219,0.543552026,1.191344245,0.155428257,-0.833513167,0.404555375,0.988058847,0.84086677,0.040314576,0.84086677
PFS,CCR5,0.839432871,0.625484743,0.501077581,1.126562324,0.150104581,-1.166045481,0.243596057,0.988058847,0.7681667,0.086891579,0.7681667
PFS,CCR6,0.977853957,0.710738135,0.634621446,1.345359582,0.162786804,-0.137572262,0.890578479,0.988058847,0.553458409,0.351157887,0.553458409
PFS,CCR7,0.929064657,0.681397984,0.585352367,1.266750351,0.15818239,-0.465139922,0.641831258,0.988058847,0.766359513,0.088292268,0.766359513
PFS,CCRL2,0.906593687,0.668095433,0.562136166,1.230231599,0.155749468,-0.629606673,0.528951957,0.988058847,0.837660655,0.041978555,0.837660655
PFS,CD14,0.91654228,0.706505152,0.482516255,1.189021408,0.132797187,-0.656241922,0.511668479,0.988058847,0.611933432,0.257369063,0.611933432
PFS,CD160,0.948025147,0.70309833,0.575174768,1.278273098,0.152494779,-0.350007067,0.726333394,0.988058847,0.741836626,0.108518955,0.741836626
PFS,CD163,0.868089261,0.651985265,0.503836816,1.155822081,0.146060124,-0.968510294,0.33278958,0.988058847,0.206946556,1.592659645,0.206946556
PFS,CD164,1.071526366,0.786173193,0.674279494,1.460452687,0.157993875,0.437258355,0.661923993,0.988058847,0.542394053,0.371120646,0.542394053
PFS,CD180,0.85489517,0.642529005,0.494922761,1.137451766,0.145700072,-1.076021611,0.281917591,0.988058847,0.564217904,0.332453557,0.564217904
PFS,CD19,0.933209446,0.700463794,0.542826546,1.243290341,0.146373599,-0.472254679,0.636745015,0.988058847,0.920990584,0.009837864,0.920990584
PFS,CD1A,0.92363794,0.673215036,0.59399826,1.267213296,0.161357739,-0.492291997,0.622512937,0.988058847,0.934466493,0.00676122,0.934466493
PFS,CD1C,0.907463394,0.670235269,0.55842256,1.228657829,0.154607141,-0.628056702,0.529966795,0.988058847,0.849509718,0.036002796,0.849509718
PFS,CD1D,0.894172281,0.663781069,0.540748715,1.204529784,0.152016102,-0.735822149,0.46183894,0.988058847,0.806782121,0.05981908,0.806782121
PFS,CD1E,0.90071894,0.659004144,0.572087672,1.231091817,0.159423054,-0.655877614,0.511902873,0.988058847,0.534046423,0.38668623,0.534046423
PFS,CD2,0.88091965,0.657269024,0.523403427,1.180672451,0.149427751,-0.848496074,0.396161758,0.988058847,0.931209039,0.007451794,0.931209039
PFS,CD200,0.894193361,0.659330939,0.553385952,1.212716891,0.155460228,-0.719368816,0.471913705,0.988058847,0.740101202,0.110037715,0.740101202
PFS,CD207,0.833146622,0.618644905,0.503377259,1.122022164,0.151879421,-1.201911579,0.229397788,0.988058847,0.660648592,0.192736685,0.660648592
PFS,CD209,0.97359996,0.717021519,0.604970719,1.321992238,0.156071566,-0.171426348,0.863888539,0.988058847,0.780534478,0.077630545,0.780534478
PFS,CD22,0.902844843,0.677886733,0.524569033,1.202455766,0.146212126,-0.699015646,0.484542253,0.988058847,0.827512215,0.047477508,0.827512215
PFS,CD24,1.004966411,0.767833847,0.547499531,1.315333378,0.137316826,0.036078017,0.971220151,0.999856866,0.234121236,1.415646881,0.234121236
PFS,CD244,0.917415733,0.675255696,0.571163449,1.246419145,0.156364763,-0.551240225,0.581469009,0.988058847,0.889855921,0.019178517,0.889855921
PFS,CD247,0.961071513,0.708339695,0.595636997,1.303976693,0.155678905,-0.255053551,0.798681739,0.988058847,0.757210936,0.09557087,0.757210936
PFS,CD27,0.936042315,0.702480466,0.544778721,1.247259187,0.146453247,-0.451301673,0.651772139,0.988058847,0.684207975,0.165427443,0.684207975
PFS,CD274,0.885675568,0.649274865,0.558874802,1.208149667,0.158418503,-0.766353482,0.443466004,0.988058847,0.590267626,0.289926513,0.590267626
PFS,CD276,0.870185198,0.662423406,0.480685778,1.143109183,0.139186804,-0.99901151,0.317789116,0.988058847,0.640194463,0.21848793,0.640194463
PFS,CD28,0.892439459,0.664153696,0.535038888,1.199192584,0.150740058,-0.754919446,0.450297317,0.988058847,0.696922687,0.151693001,0.696922687
PFS,CD300A,0.901019505,0.667534757,0.548635844,1.216170602,0.1530311,-0.681092756,0.495812801,0.988058847,0.972097665,0.001223427,0.972097665
PFS,CD33,0.860454029,0.635050752,0.530810611,1.165861363,0.154980026,-0.969770699,0.332160801,0.988058847,0.91226164,0.012141017,0.91226164
PFS,CD34,0.94519243,0.691203278,0.601309009,1.292512288,0.159673636,-0.353012204,0.724079291,0.988058847,0.608316757,0.262633343,0.608316757
PFS,CD36,0.954915417,0.719040501,0.549126524,1.268167025,0.144750151,-0.318704411,0.749950669,0.988058847,0.485846119,0.485712502,0.485846119
PFS,CD37,0.944894488,0.712368424,0.540951578,1.253320002,0.144124098,-0.39328614,0.694108154,0.988058847,0.581978089,0.303047662,0.581978089
PFS,CD38,0.866618887,0.646660032,0.514735845,1.161395877,0.149379581,-0.958336971,0.337892866,0.988058847,0.95076851,0.003812041,0.95076851
PFS,CD3D,0.85631233,0.636249318,0.516240414,1.152489732,0.151556196,-1.023515386,0.306064229,0.988058847,0.664913268,0.187610017,0.664913268
PFS,CD3E,0.83071029,0.615959445,0.504373382,1.120332827,0.152604835,-1.215388574,0.224217924,0.988058847,0.818845108,0.05245503,0.818845108
PFS,CD3EAP,0.890545714,0.673112477,0.505103195,1.178215671,0.142819968,-0.811657109,0.416988412,0.988058847,0.660173873,0.193312454,0.660173873
PFS,CD4,0.888522021,0.665818151,0.519898068,1.185716219,0.147218442,-0.802860335,0.422055464,0.988058847,0.439031696,0.59881191,0.439031696
PFS,CD40,0.961973162,0.712423187,0.586513149,1.298936336,0.153224475,-0.253019152,0.800253414,0.988058847,0.501690086,0.451359435,0.501690086
PFS,CD44,0.952046989,0.726768532,0.5203871,1.247155632,0.137760874,-0.356711498,0.721307797,0.988058847,0.050876745,3.812326242,0.050876745
PFS,CD46,1.079410691,0.812613968,0.621187918,1.433801886,0.144856918,0.527522169,0.597831026,0.988058847,0.655550058,0.198974276,0.655550058
PFS,CD47,0.717893897,0.48422431,0.580099879,1.064324189,0.200908555,-1.649673395,0.099009755,0.988058847,0.01552516,5.855872452,0.01552516
PFS,CD48,0.845114694,0.629305666,0.505625869,1.134931535,0.15043912,-1.118611496,0.263305917,0.988058847,0.883894449,0.021325966,0.883894449
PFS,CD5,0.849504896,0.632978236,0.507121894,1.140100129,0.150113812,-1.086519434,0.277249248,0.988058847,0.782956417,0.075882828,0.782956417
PFS,CD53,0.888735377,0.658960314,0.539671159,1.198631473,0.152623324,-0.772855341,0.439607997,0.988058847,0.473210541,0.514469216,0.473210541
PFS,CD55,1.039231187,0.764542229,0.648069683,1.412611912,0.156614722,0.245706123,0.805909732,0.988058847,0.456980233,0.553280845,0.456980233
PFS,CD58,1.121096219,0.822918771,0.704396896,1.527315667,0.157760427,0.724560499,0.468721699,0.988058847,0.759935215,0.093370497,0.759935215
PFS,CD59,0.969380906,0.702164522,0.636124883,1.338289405,0.164538681,-0.18899904,0.850093569,0.988058847,0.606770698,0.264904271,0.606770698
PFS,CD6,0.866433541,0.646028207,0.51600632,1.162034527,0.149769202,-0.957272048,0.33842996,0.988058847,0.695584196,0.153106481,0.695584196
PFS,CD63,0.98241417,0.72358148,0.61025255,1.333834031,0.156023184,-0.113715775,0.909463107,0.988696635,0.957600945,0.00282645,0.957600945
PFS,CD68,0.922132259,0.692992067,0.534046369,1.227038437,0.145752734,-0.556192778,0.578079076,0.988058847,0.17647961,1.827022736,0.17647961
PFS,CD69,0.861255406,0.636546967,0.528741555,1.165288523,0.154254311,-0.968298248,0.33289544,0.988058847,0.925587693,0.008723113,0.925587693
PFS,CD7,0.852369026,0.632423605,0.516383856,1.148807461,0.152278375,-1.048971771,0.294191111,0.988058847,0.853992732,0.033865722,0.853992732
PFS,CD70,0.978498824,0.71810882,0.615198782,1.333307602,0.157859262,-0.137690332,0.89048516,0.988058847,0.604270216,0.268603326,0.604270216
PFS,CD74,0.912364446,0.675138086,0.557808031,1.232946117,0.153636639,-0.596965395,0.550530485,0.988058847,0.479676372,0.499598999,0.479676372
PFS,CD79A,0.964198817,0.731604933,0.539134663,1.270739596,0.140847922,-0.258844886,0.795754923,0.988058847,0.764245851,0.089945973,0.764245851
PFS,CD79B,0.927373987,0.682740499,0.576921865,1.259662364,0.156248829,-0.482553103,0.629413084,0.988058847,0.974005521,0.001061783,0.974005521
PFS,CD80,0.881184367,0.653454197,0.534824785,1.188278982,0.152550983,-0.829154968,0.407016723,0.988058847,0.432649582,0.615700304,0.432649582
PFS,CD81,0.945590852,0.695821269,0.589195587,1.285016856,0.156491214,-0.357498069,0.720718971,0.988058847,0.579654278,0.306793891,0.579654278
PFS,CD83,0.962704481,0.705368678,0.608554022,1.313922699,0.158689588,-0.239516584,0.810705039,0.988058847,0.769517037,0.085852921,0.769517037
PFS,CD84,0.945990284,0.701125928,0.575246236,1.276372164,0.152831781,-0.363294726,0.716384733,0.988058847,0.816436047,0.053884933,0.816436047
PFS,CD86,0.809074241,0.603947802,0.479922568,1.08387037,0.149187899,-1.420119188,0.155572985,0.988058847,0.847032731,0.037212654,0.847032731
PFS,CD8A,0.927571595,0.686321312,0.567302975,1.253624286,0.15368858,-0.489205483,0.624696228,0.988058847,0.659845021,0.193711906,0.659845021
PFS,CD8B,0.882106757,0.6465806,0.556846057,1.203426657,0.158480068,-0.791532919,0.428633074,0.988058847,0.851206439,0.035186001,0.851206439
PFS,CD9,0.973805583,0.718890035,0.600223135,1.31911317,0.154851454,-0.171413323,0.86389878,0.988058847,0.867321123,0.027909772,0.867321123
PFS,CD96,0.884827098,0.66080455,0.523992063,1.184796613,0.148948731,-0.821511012,0.411355254,0.988058847,0.728294653,0.120683227,0.728294653
PFS,CD99,0.86739137,0.661448112,0.476007381,1.137455493,0.138297817,-1.028685771,0.303627358,0.988058847,0.136573196,2.216150714,0.136573196
PFS,CDC14A,1.105096388,0.806658626,0.707287903,1.513946529,0.160608704,0.62221136,0.533802897,0.988058847,0.376736155,0.781325193,0.376736155
PFS,CDC14B,0.919660645,0.670741367,0.590215155,1.260956522,0.161034142,-0.520079407,0.603008231,0.988058847,0.439390297,0.59787412,0.439390297
PFS,CDC20,0.866099141,0.670349134,0.448661369,1.119010503,0.13071705,-1.099748618,0.271441665,0.988058847,0.188515218,1.729183401,0.188515218
PFS,CDC25A,0.856731037,0.63140298,0.531068681,1.16247166,0.155706806,-0.993092439,0.320664908,0.988058847,0.344968299,0.891880203,0.344968299
PFS,CDC25B,0.896897662,0.684560227,0.490537864,1.175098091,0.137841889,-0.789408165,0.429873485,0.988058847,0.213828688,1.545313113,0.213828688
PFS,CDC25C,0.881256498,0.657223243,0.524434624,1.181657867,0.14965835,-0.844634138,0.398315142,0.988058847,0.728609319,0.120392372,0.728609319
PFS,CDC6,0.950137707,0.701761593,0.584660564,1.286422157,0.154601409,-0.330840132,0.740765245,0.988058847,0.863639959,0.029495492,0.863639959
PFS,CDC7,0.926397966,0.690709339,0.551800561,1.2425099,0.149790923,-0.510387185,0.609780233,0.988058847,0.781549496,0.076895481,0.781549496
PFS,CDH1,1.151536212,0.861913794,0.676564483,1.538478277,0.147807261,0.954600517,0.339779755,0.988058847,0.650277854,0.20555,0.650277854
PFS,CDH11,0.905077035,0.681164512,0.521429612,1.202594124,0.145010935,-0.687777215,0.491593086,0.988058847,0.43398192,0.612143403,0.43398192
PFS,CDH2,0.936595327,0.699071264,0.555751888,1.254823152,0.149236732,-0.4389266,0.660714722,0.988058847,0.523108143,0.407760967,0.523108143
PFS,CDH3,1.065006024,0.802114656,0.61194482,1.414059476,0.14463744,0.435436737,0.663245449,0.988058847,0.481111672,0.496342381,0.481111672
PFS,CDH5,0.935167241,0.701355936,0.545568379,1.246924314,0.146793447,-0.456627319,0.64793894,0.988058847,0.494722565,0.466238884,0.494722565
PFS,CDK1,0.813326135,0.59476486,0.517438375,1.112203236,0.159679488,-1.29398649,0.195670087,0.988058847,0.60379946,0.269303372,0.60379946
PFS,CDK2,0.887720502,0.672150477,0.500277003,1.17242748,0.141928477,-0.839143332,0.401388883,0.988058847,0.633364169,0.227526257,0.633364169
PFS,CDK4,0.868449253,0.647418416,0.51752235,1.164940766,0.149858043,-0.941198235,0.346603281,0.988058847,0.916567391,0.010974357,0.916567391
PFS,CDK6,1.022128052,0.747546763,0.650018991,1.397565753,0.159617829,0.137119891,0.89093603,0.988058847,0.196036132,1.671661544,0.196036132
PFS,CDKN1A,1.144481634,0.8575388,0.669900204,1.527439004,0.147268352,0.916366693,0.359474599,0.988058847,0.359136109,0.840911857,0.359136109
PFS,CDKN1B,1.072238622,0.806420497,0.619257133,1.425677631,0.145359098,0.479836724,0.631343498,0.988058847,0.685050582,0.164495848,0.685050582
PFS,CDKN1C,1.202120699,0.877142716,0.770359051,1.647501768,0.160805411,1.144782663,0.252299199,0.988058847,0.181572322,1.784707593,0.181572322
PFS,CDKN2A,0.910084154,0.686393675,0.520279982,1.206673658,0.143923939,-0.654638884,0.512700283,0.988058847,0.381715812,0.765168714,0.381715812
PFS,CDKN2B,0.895760685,0.674134884,0.516112386,1.19024727,0.145024639,-0.759057184,0.44781835,0.988058847,0.896616013,0.016883709,0.896616013
PFS,CDKN2C,0.932560282,0.698086902,0.547701662,1.245788565,0.147752816,-0.472556026,0.636529961,0.988058847,0.625668401,0.237980669,0.625668401
PFS,CDKN2D,0.838864602,0.629866124,0.487345602,1.117211726,0.146197593,-1.201838979,0.22942592,0.988058847,0.144542533,2.128920355,0.144542533
PFS,CEACAM1,1.015000479,0.745938042,0.635176629,1.381114671,0.157146674,0.094746421,0.924516246,0.993870577,0.817811938,0.05306579,0.817811938
PFS,CEACAM3,0.968745443,0.702060168,0.634673885,1.336734053,0.164279941,-0.19328837,0.846733134,0.988058847,0.687827325,0.161447495,0.687827325
PFS,CEACAM6,1.104374476,0.846704155,0.593755272,1.440459427,0.135555052,0.732389444,0.4639309,0.988058847,0.653860347,0.201067773,0.653860347
PFS,CEACAM8,1.148653468,0.829889334,0.759966972,1.589856305,0.165846557,0.835654121,0.403349512,0.988058847,0.429950623,0.622956842,0.429950623
PFS,CEBPA,0.851162482,0.646758768,0.473407833,1.120166601,0.14011975,-1.150103668,0.250101176,0.988058847,0.874195021,0.025069092,0.874195021
PFS,CEBPB,1.236782851,0.946970976,0.668318043,1.615289019,0.13622718,1.559993625,0.118761388,0.988058847,0.057628075,3.604364929,0.057628075
PFS,CENPF,0.920670575,0.705551642,0.495826482,1.201378123,0.13577919,-0.608730901,0.542702821,0.988058847,0.234836669,1.411324345,0.234836669
PFS,CEP55,0.70412122,0.526404397,0.415431757,0.941836154,0.148411297,-2.363733475,0.018091823,0.988058847,0.668690922,0.183137208,0.668690922
PFS,CES3,0.883806965,0.657257759,0.531187322,1.188445081,0.151106044,-0.817416712,0.413690328,0.988058847,0.958801847,0.002668466,0.958801847
PFS,CFB,0.977683114,0.738078996,0.556991419,1.295070415,0.14343873,-0.157347156,0.874971258,0.988058847,0.262529944,1.255366659,0.262529944
PFS,CFD,0.99463545,0.772050172,0.509342819,1.281392991,0.129250717,-0.041616716,0.966804247,0.999856866,0.864869781,0.028960712,0.864869781
PFS,CFI,0.894252368,0.668227908,0.528500464,1.196728372,0.148655145,-0.751855937,0.452137699,0.988058847,0.620370277,0.245347487,0.620370277
PFS,CFP,0.89286094,0.657683456,0.554450819,1.212134274,0.155975877,-0.72655102,0.467501042,0.988058847,0.693667412,0.155143828,0.693667412
PFS,CGAS,0.998477489,0.749955457,0.579399891,1.329355347,0.14603217,-0.010433803,0.99167518,0.999856866,0.65771959,0.196305529,0.65771959
PFS,CHAD,1.014428816,0.744292724,0.63831628,1.382609004,0.157985855,0.090677175,0.927749107,0.993870577,0.520519044,0.412864744,0.520519044
PFS,CHEK1,0.8500367,0.650784717,0.459509322,1.110294038,0.136278338,-1.192234636,0.233169256,0.988058847,0.516767151,0.420340579,0.516767151
PFS,CHEK2,1.090853092,0.803923408,0.676267934,1.480191342,0.155722923,0.558428017,0.576552146,0.988058847,0.441393733,0.592656418,0.441393733
PFS,CHIT1,1.015427727,0.748976201,0.627694335,1.376670536,0.155287547,0.09859084,0.921463143,0.993870577,0.452972601,0.563202938,0.452972601
PFS,CHUK,0.710728576,0.519744539,0.452146594,0.971891133,0.159672928,-2.138525777,0.032474094,0.988058847,0.585237923,0.297842863,0.585237923
PFS,CIC,1.054757916,0.798913361,0.593620944,1.392534304,0.141744467,0.376108344,0.706836351,0.988058847,0.247721124,1.336110115,0.247721124
PFS,CKLF,1.267479657,0.929212127,0.799676934,1.728889061,0.158395071,1.496450649,0.134536259,0.988058847,0.20014494,1.641316463,0.20014494
PFS,CLCF1,0.927343344,0.688795341,0.559711477,1.248506817,0.15172712,-0.497151726,0.61908206,0.988058847,0.664927255,0.187593338,0.664927255
PFS,CLEC14A,1.106958954,0.806751782,0.712126952,1.518878734,0.161408993,0.629559557,0.528982791,0.988058847,0.576173701,0.312461373,0.576173701
PFS,CLEC4A,0.912961473,0.669576503,0.575238163,1.244814666,0.158190792,-0.575644113,0.564855757,0.988058847,0.881136926,0.022358657,0.881136926
PFS,CLEC4C,0.888115789,0.658135336,0.54032585,1.198461186,0.152906657,-0.77598421,0.437758309,0.988058847,0.517707262,0.41845843,0.517707262
PFS,CLEC4E,0.931352771,0.68389506,0.584454478,1.268349538,0.157571077,-0.451333828,0.651748968,0.988058847,0.825987732,0.048334161,0.825987732
PFS,CLEC5A,0.868563827,0.647664487,0.517140959,1.164805446,0.149731465,-0.941112844,0.346647034,0.988058847,0.518328026,0.41721891,0.518328026
PFS,CLEC6A,0.86413442,0.641697116,0.521980071,1.163677187,0.151845609,-0.96168039,0.336210176,0.988058847,0.916910842,0.010883862,0.916910842
PFS,CLEC7A,0.954296814,0.693608425,0.619354879,1.312963304,0.162792367,-0.287363164,0.773834263,0.988058847,0.740896193,0.109340523,0.740896193
PFS,CLECL1,0.905916828,0.676117699,0.537702469,1.213820168,0.149278421,-0.661902626,0.508033629,0.988058847,0.947432051,0.004347014,0.947432051
PFS,CLU,1.125475985,0.848110238,0.645441114,1.493551352,0.144365254,0.818798434,0.412901424,0.988058847,0.648069126,0.208343164,0.648069126
PFS,CMA1,0.916635962,0.679536007,0.556927519,1.236463526,0.152706981,-0.570012405,0.568669284,0.988058847,0.712565297,0.135728147,0.712565297
PFS,CMKLR1,0.91415285,0.683263342,0.539801589,1.223064932,0.148532034,-0.604297183,0.545646079,0.988058847,0.230538017,1.437538893,0.230538017
PFS,CMTM4,1.094113071,0.828384848,0.616696402,1.445081251,0.14195235,0.633621452,0.526327897,0.988058847,0.352995562,0.862659345,0.352995562
PFS,CMTM6,0.838492703,0.612857921,0.534341108,1.147199029,0.159938013,-1.101360441,0.270739815,0.988058847,0.971735943,0.001255367,0.971735943
PFS,CNOT2,0.893613187,0.630153306,0.637069322,1.267222629,0.178222598,-0.631133622,0.527953159,0.988058847,0.099092706,2.720085522,0.099092706
PFS,CNTFR,0.810746142,0.606764884,0.476536613,1.083301497,0.147866805,-1.418846458,0.155943785,0.988058847,0.488561169,0.479693527,0.488561169
PFS,COL11A1,0.826716245,0.619288002,0.484333814,1.103621816,0.147396121,-1.291036398,0.196691057,0.988058847,0.275144525,1.19091769,0.275144525
PFS,COL11A2,0.888327317,0.669854112,0.508201542,1.178055653,0.144023224,-0.822193812,0.4109666,0.988058847,0.852531498,0.034554868,0.852531498
PFS,COL17A1,0.81526149,0.610066168,0.479407943,1.089474111,0.147932047,-1.380676975,0.167378304,0.988058847,0.768234508,0.086839261,0.768234508
PFS,COL1A1,0.930188877,0.713908132,0.49808443,1.211992563,0.135019507,-0.535978996,0.591973067,0.988058847,0.525302842,0.403469575,0.525302842
PFS,COL1A2,0.903880786,0.688240932,0.498844052,1.187084984,0.139063019,-0.726705069,0.467406647,0.988058847,0.192502512,1.698360616,0.192502512
PFS,COL24A1,0.915195216,0.677787736,0.557971249,1.235758985,0.153218749,-0.578374945,0.563011006,0.988058847,0.532513018,0.389593756,0.532513018
PFS,COL27A1,0.932438587,0.694957788,0.556113476,1.251071264,0.14997836,-0.466413879,0.640919279,0.988058847,0.975241016,0.000963219,0.975241016
PFS,COL2A1,0.975472278,0.720161621,0.601133677,1.321295298,0.154822274,-0.160400293,0.872565759,0.988058847,0.534969346,0.384943528,0.534969346
PFS,COL3A1,0.960863011,0.742407236,0.501192881,1.243600117,0.131601358,-0.30336639,0.761610656,0.988058847,0.796627261,0.066416759,0.796627261
PFS,COL4A4,0.825818473,0.614775176,0.494534661,1.109309837,0.150573353,-1.271010387,0.203724953,0.988058847,0.929979361,0.007721278,0.929979361
PFS,COL4A5,1.237580296,0.894778656,0.816935162,1.711713818,0.165481103,1.288111423,0.197707179,0.988058847,0.621356818,0.243965165,0.621356818
PFS,COL4A6,1.155596416,0.821345725,0.804526346,1.625872071,0.174201029,0.830170685,0.406442287,0.988058847,0.347298454,0.883303564,0.347298454
PFS,COL5A1,0.960499653,0.734557411,0.521381973,1.255939384,0.136831833,-0.294534229,0.768349712,0.988058847,0.573503154,0.316856122,0.573503154
PFS,COL5A2,0.896994336,0.680409543,0.502111848,1.182521391,0.140999868,-0.770963358,0.440728651,0.988058847,0.231523419,1.431477759,0.231523419
PFS,COL6A3,1.000371356,0.772437055,0.52312851,1.295565565,0.131928977,0.002814295,0.997754521,0.999856866,0.315687129,1.00673157,0.315687129
PFS,COL6A6,0.983243118,0.734828065,0.580808987,1.315637052,0.148584294,-0.113732525,0.909449828,0.988696635,0.406903199,0.687830767,0.406903199
PFS,COLEC12,0.837380181,0.627828222,0.489046654,1.116874876,0.146947388,-1.207759423,0.227139814,0.988058847,0.915633794,0.011222259,0.915633794
PFS,COMP,1.101476552,0.811103376,0.684699291,1.495802668,0.156131116,0.619041238,0.535889193,0.988058847,0.764412022,0.089815357,0.764412022
PFS,COX4I1,0.979537984,0.742657598,0.549316879,1.291974477,0.141250511,-0.146365936,0.883632517,0.988058847,0.491553975,0.473122924,0.491553975
PFS,COX5B,0.85333942,0.648425748,0.474583584,1.123009332,0.140109658,-1.131955495,0.257653145,0.988058847,0.989917373,0.000159695,0.989917373
PFS,COX6A1,0.923112829,0.703794557,0.506981069,1.210775626,0.138403042,-0.578049506,0.563230696,0.988058847,0.891253068,0.018692031,0.891253068
PFS,COX6B1,0.930935264,0.714098082,0.499517369,1.213615451,0.135293006,-0.528967019,0.596828329,0.988058847,0.702733064,0.145644302,0.702733064
PFS,CPA3,1.108140343,0.813974028,0.694642929,1.508616957,0.157405986,0.652346497,0.514177671,0.988058847,0.887296342,0.020086293,0.887296342
PFS,CPSF7,1.044022916,0.76961385,0.646659843,1.416273693,0.155588483,0.276893501,0.781861883,0.988058847,0.36514006,0.820137182,0.36514006
PFS,CR1,1.028226538,0.749861928,0.66006405,1.409925978,0.161075253,0.172810594,0.862800309,0.988058847,0.829403472,0.046425899,0.829403472
PFS,CR2,0.962903607,0.69916305,0.626970182,1.326133232,0.163303681,-0.231482653,0.816939861,0.988058847,0.870220789,0.026692385,0.870220789
PFS,CRABP2,0.940688982,0.706622788,0.545665953,1.25228874,0.14598002,-0.418843023,0.67533086,0.988058847,0.360298022,0.836854205,0.360298022
PFS,CREB1,1.058293475,0.774124135,0.672652975,1.44677711,0.15953391,0.355145071,0.722480913,0.988058847,0.004441666,8.093811211,0.004441666
PFS,CREB3L1,1.056758392,0.794192059,0.611939224,1.406131283,0.145735362,0.378810612,0.704828507,0.988058847,0.346521289,0.886155398,0.346521289
PFS,CREB3L3,1.027564907,0.754050761,0.646239102,1.400289864,0.157904649,0.172204144,0.86327704,0.988058847,0.491892497,0.472383912,0.491892497
PFS,CREB3L4,1.188423725,0.905979134,0.652943027,1.558922161,0.138455009,1.246815329,0.212465219,0.988058847,0.937913014,0.00606735,0.937913014
PFS,CREB5,0.939235797,0.695930917,0.571671746,1.267602663,0.152970242,-0.409809876,0.681945421,0.988058847,0.863564847,0.029528317,0.863564847
PFS,CREBBP,1.055616612,0.779033421,0.651362762,1.430396183,0.155016315,0.349157202,0.726971295,0.988058847,0.467909171,0.526909275,0.467909171
PFS,CRLF2,0.91868914,0.678741385,0.564721521,1.243462907,0.154445505,-0.549109364,0.582930399,0.988058847,0.681969177,0.167917595,0.681969177
PFS,CRP,0.930013671,0.683333953,0.582409429,1.265743382,0.157255745,-0.461388505,0.644519897,0.988058847,0.355223306,0.854710004,0.355223306
PFS,CSF1,0.933413493,0.693806182,0.56196347,1.255769652,0.151357701,-0.455259226,0.648922756,0.988058847,0.853001793,0.034332284,0.853001793
PFS,CSF1R,0.848918634,0.633474532,0.504160543,1.137635075,0.149361697,-1.096612708,0.27281073,0.988058847,0.648865457,0.207333498,0.648865457
PFS,CSF2RB,1.020888361,0.746558967,0.64946344,1.396022407,0.159673273,0.12947183,0.896984314,0.988058847,0.864467824,0.029134947,0.864467824
PFS,CSF3,0.936998396,0.701311035,0.550581422,1.251892457,0.147824186,-0.44021016,0.659784902,0.988058847,0.935599516,0.006528943,0.935599516
PFS,CSF3R,0.933314082,0.668649416,0.634088841,1.302738257,0.170146953,-0.405611135,0.685028346,0.988058847,0.632742919,0.22835949,0.632742919
PFS,CST2,1.162814989,0.871777765,0.679235296,1.551013061,0.146974397,1.026326921,0.304737512,0.988058847,0.055912203,3.654670808,0.055912203
PFS,CT45A1,0.914099384,0.656532425,0.616181079,1.272713505,0.168863928,-0.531883743,0.594806518,0.988058847,0.74831252,0.1029545,0.74831252
PFS,CTAG1B,1.048814885,0.79030336,0.601583248,1.391886609,0.144390027,0.330084059,0.741336448,0.988058847,0.712037845,0.136250007,0.712037845
PFS,CTAGE1,0.992852977,0.737213495,0.599925665,1.33713916,0.151893129,-0.047221922,0.962336356,0.999856866,0.431847673,0.617849168,0.431847673
PFS,CTCFL,0.975402007,0.708141204,0.63538897,1.343530174,0.163373505,-0.152445639,0.878835463,0.988058847,0.268233609,1.225757926,0.268233609
PFS,CTLA4,0.906835622,0.669060811,0.560051449,1.22911226,0.155148895,-0.630324035,0.528482601,0.988058847,0.706304129,0.141996606,0.706304129
PFS,CTNNB1,1.050784421,0.775137695,0.649316186,1.424453881,0.155233233,0.319113062,0.749640779,0.988058847,0.99226223,9.41E-05,0.99226223
PFS,CTSG,0.937928018,0.69557202,0.569155342,1.264727362,0.152522521,-0.420148267,0.674377144,0.988058847,0.908561026,0.013191389,0.908561026
PFS,CTSH,0.982425231,0.759943767,0.510096698,1.270040465,0.13101251,-0.135338515,0.892344235,0.988058847,0.793500261,0.06852252,0.793500261
PFS,CTSL,1.01601493,0.799832065,0.490796787,1.290628851,0.122064252,0.130161322,0.896438795,0.988058847,0.402504575,0.700831096,0.402504575
PFS,CTSS,0.952691661,0.715313341,0.553531163,1.268844504,0.146212187,-0.331463297,0.74029456,0.988058847,0.631153942,0.230499179,0.631153942
PFS,CTSW,0.985147661,0.717527597,0.635055797,1.352583395,0.161727527,-0.092524383,0.92628142,0.993870577,0.943598413,0.005005263,0.943598413
PFS,CUL1,1.068369512,0.792756785,0.647045985,1.43980277,0.152233651,0.434422122,0.663981936,0.988058847,0.067184614,3.350499736,0.067184614
PFS,CX3CL1,0.961476294,0.717551262,0.570770161,1.288321423,0.149301477,-0.263127804,0.792452075,0.988058847,0.652980616,0.202162943,0.652980616
PFS,CXADR,1.041232204,0.770667967,0.636117509,1.406785476,0.153524492,0.263181614,0.792410601,0.988058847,0.143111844,2.14417613,0.143111844
PFS,CXCL1,1.042851833,0.770723339,0.640340643,1.411063982,0.15428085,0.271965749,0.785648355,0.988058847,0.207821419,1.586538252,0.207821419
PFS,CXCL10,0.823445876,0.596788004,0.539399562,1.136187567,0.164256015,-1.182650484,0.236947696,0.988058847,0.981584182,0.000532818,0.981584182
PFS,CXCL11,0.878107045,0.654905971,0.522472183,1.177378154,0.149633788,-0.86869934,0.385011602,0.988058847,0.648587822,0.207685175,0.648587822
PFS,CXCL12,0.795899253,0.602441956,0.449037966,1.051479922,0.142084901,-1.606663805,0.108128138,0.988058847,0.721783229,0.126790518,0.721783229
PFS,CXCL13,0.871145826,0.649087929,0.520083484,1.169171413,0.150125818,-0.918868548,0.358164333,0.988058847,0.981028423,0.000565469,0.981028423
PFS,CXCL14,1.075171699,0.817163991,0.597477619,1.41464161,0.140000455,0.517715239,0.604656965,0.988058847,0.81786782,0.053032661,0.81786782
PFS,CXCL16,0.885799673,0.673017596,0.492837599,1.165855195,0.140165508,-0.865151909,0.386955417,0.988058847,0.637002265,0.222684193,0.637002265
PFS,CXCL2,1.069154829,0.776223603,0.696408824,1.472632427,0.163361731,0.409327551,0.6822993,0.988058847,0.44499309,0.583373388,0.44499309
PFS,CXCL8,0.787298831,0.573125676,0.508381356,1.081507032,0.161994233,-1.476271032,0.139871147,0.988058847,0.787218076,0.07285942,0.787218076
PFS,CXCL9,0.877259878,0.631343718,0.587619695,1.218963413,0.167836166,-0.780237105,0.435251326,0.988058847,0.697231317,0.151368151,0.697231317
PFS,CXCR1,0.97957261,0.715370792,0.625979051,1.341349843,0.16036793,-0.128697269,0.897597197,0.988058847,0.356591035,0.849863221,0.356591035
PFS,CXCR3,0.941283026,0.68951315,0.595471383,1.284984534,0.158808069,-0.381034881,0.703177366,0.988058847,0.905155976,0.014196886,0.905155976
PFS,CXCR4,1.052254954,0.788835071,0.614804967,1.403640038,0.147009565,0.346477024,0.728984248,0.988058847,0.386376078,0.75031639,0.386376078
PFS,CXCR5,1.006412706,0.734403265,0.64476617,1.379169435,0.160762763,0.039761898,0.968282954,0.999856866,0.78881524,0.071743304,0.78881524
PFS,CXXC4,0.927213919,0.711014434,0.498139149,1.209153584,0.135457373,-0.557894884,0.576916165,0.988058847,0.296080404,1.091765311,0.296080404
PFS,CXXC5,0.846717646,0.641563006,0.475912232,1.117475237,0.141563768,-1.175357229,0.239851828,0.988058847,0.826265231,0.048177628,0.826265231
PFS,CYBB,0.84448351,0.625083498,0.51580792,1.140891418,0.153492602,-1.101226167,0.270798236,0.988058847,0.534984222,0.384915483,0.534984222
PFS,CYFIP2,0.990245595,0.76317505,0.521702303,1.284877353,0.132893034,-0.07376076,0.941200751,0.99504364,0.877868505,0.023615029,0.877868505
PFS,CYLD,0.801111024,0.600299577,0.468798081,1.069097659,0.147232664,-1.506158549,0.132026477,0.988058847,0.68072664,0.169309014,0.68072664
PFS,CYP19A1,0.942744933,0.704795617,0.556233806,1.261029422,0.148414924,-0.397261377,0.691174725,0.988058847,0.534451762,0.38592018,0.534451762
PFS,CYP4A11.22,1.005451353,0.737203112,0.63410475,1.371307862,0.158333715,0.034336013,0.972609208,0.999856866,0.497946878,0.459309453,0.497946878
PFS,DAB2,0.989771932,0.755448523,0.541328755,1.296777277,0.137840749,-0.07458414,0.940545593,0.99504364,0.619669711,0.24633206,0.619669711
PFS,DAXX,0.960557808,0.756317364,0.463635194,1.219952557,0.1219681,-0.329931461,0.741451751,0.988058847,0.840463231,0.040522087,0.840463231
PFS,DDB2,1.183844279,0.893259793,0.675698407,1.568958201,0.14369898,1.17444819,0.240215553,0.988058847,0.759490448,0.093727816,0.759490448
PFS,DDIT3,1.107465707,0.827813575,0.653776396,1.481589971,0.14849332,0.687399662,0.491830911,0.988058847,0.430651121,0.621066831,0.430651121
PFS,DDIT4,1.090412732,0.823735385,0.619689225,1.44342461,0.143095596,0.604884292,0.545255881,0.988058847,0.953640033,0.003379833,0.953640033
PFS,DDX43,0.985275598,0.729874535,0.600173243,1.330047778,0.153088909,-0.096897172,0.922808055,0.993870577,0.839572944,0.040981858,0.839572944
PFS,DDX58,1.098229144,0.778166288,0.771768825,1.549935113,0.175775706,0.533060089,0.593991985,0.988058847,0.845815272,0.037814911,0.845815272
PFS,DEFB1,1.140104998,0.854227965,0.667426043,1.521654007,0.147287168,0.890236151,0.373339097,0.988058847,0.185088186,1.756288046,0.185088186
PFS,DEFB134,0.943006722,0.694026905,0.587280306,1.281307211,0.156412407,-0.375173998,0.707531067,0.988058847,0.789912277,0.070982029,0.789912277
PFS,DEPTOR,1.031551116,0.745285458,0.682486536,1.427771994,0.165845688,0.187304278,0.851422069,0.988058847,0.155869164,2.013851623,0.155869164
PFS,DGLUCY,1.118844544,0.842750248,0.642640134,1.485390382,0.144584864,0.776682235,0.43734627,0.988058847,0.717097953,0.131290293,0.717097953
PFS,DIPK2B,1.020964236,0.729644145,0.69895359,1.428597734,0.171404092,0.121044429,0.903655844,0.988383526,0.843710002,0.038868201,0.843710002
PFS,DKK2,0.911847764,0.666973004,0.57965368,1.246626684,0.159555727,-0.57836989,0.563014418,0.988058847,0.771348435,0.084455065,0.771348435
PFS,DKK4,1.023445635,0.743854507,0.664271622,1.408126129,0.162801372,0.142351426,0.886802428,0.988058847,0.642778342,0.215126883,0.642778342
PFS,DLL1,0.856844915,0.624764833,0.550370466,1.175135299,0.161167057,-0.958622323,0.337749043,0.988058847,0.13685243,2.212998676,0.13685243
PFS,DLL3,1.033205026,0.770043506,0.6162582,1.386301705,0.149989446,0.217786299,0.82759562,0.988058847,0.71401605,0.134298635,0.71401605
PFS,DLL4,1.108957317,0.818388203,0.684304926,1.502693129,0.155022593,0.667129982,0.504689111,0.988058847,0.500905429,0.453017575,0.500905429
PFS,DMBT1,1.242249554,0.903081894,0.805715463,1.708797357,0.162689689,1.333359808,0.182413755,0.988058847,0.80893983,0.058464312,0.80893983
PFS,DNAJC14,0.896226783,0.691738943,0.469425186,1.161164129,0.132137557,-0.829149518,0.407019807,0.988058847,0.46656461,0.5301005,0.46656461
PFS,DNMT1,1.090808938,0.796258988,0.698059014,1.494318001,0.160589864,0.54125188,0.588333983,0.988058847,0.231826589,1.429619236,0.231826589
PFS,DNMT3A,1.022162484,0.773963563,0.575991646,1.349955209,0.141916357,0.154460459,0.877246686,0.988058847,0.557605439,0.343867238,0.557605439
PFS,DOCK9,0.951494038,0.694382552,0.609424554,1.303807106,0.160722538,-0.309364564,0.757044223,0.988058847,0.876097253,0.024310582,0.876097253
PFS,DPP4,0.84426114,0.625653997,0.513596895,1.139250892,0.152892788,-1.107268867,0.268177701,0.988058847,0.712258187,0.136031863,0.712258187
PFS,DSC3,0.953315061,0.716602944,0.551616247,1.26821919,0.145626929,-0.328303505,0.742682194,0.988058847,0.556866405,0.345158955,0.556866405
PFS,DSP,1.164801154,0.874905664,0.67584636,1.550752024,0.146017785,1.044738414,0.296143885,0.988058847,0.402585237,0.700590834,0.402585237
PFS,DST,0.870678502,0.657998385,0.494103309,1.152101694,0.142895645,-0.969116196,0.332487218,0.988058847,0.694334545,0.15443297,0.694334545
PFS,DTX1,1.075637801,0.778163203,0.708667162,1.486830365,0.165172828,0.441439367,0.658894947,0.988058847,0.34945045,0.875451719,0.34945045
PFS,DTX3,1.116476506,0.843308381,0.634822059,1.47813044,0.143166061,0.769580082,0.441549024,0.988058847,0.583312018,0.300910761,0.583312018
PFS,DTX3L,0.848654377,0.619713101,0.542460573,1.162173673,0.160408753,-1.023031894,0.306292766,0.988058847,0.078567113,3.094296327,0.078567113
PFS,DTX4,0.994490387,0.747905111,0.574470033,1.322375144,0.145387528,-0.038000833,0.969687018,0.999856866,0.439623621,0.597264579,0.439623621
PFS,DUOX1,0.913223643,0.667180598,0.582821912,1.25000251,0.160166226,-0.566751661,0.570882917,0.988058847,0.709935661,0.138341223,0.709935661
PFS,DUSP1,1.024544892,0.758926454,0.62420129,1.383127745,0.153114502,0.158368446,0.874166476,0.988058847,0.784033185,0.075112684,0.784033185
PFS,DUSP10,1.063966986,0.787480462,0.650048216,1.437528678,0.153533985,0.403847801,0.686324644,0.988058847,0.269848655,1.217516176,0.269848655
PFS,DUSP2,0.974341113,0.697199781,0.664448102,1.361647883,0.170763068,-0.152221543,0.879012203,0.988058847,0.90131839,0.015375024,0.90131839
PFS,DUSP4,0.958110358,0.705440533,0.595839187,1.301279719,0.156196998,-0.273963723,0.7841125,0.988058847,0.329842506,0.94951608,0.329842506
PFS,DUSP5,0.948536235,0.698665595,0.589104972,1.287770567,0.155996626,-0.33869507,0.734839455,0.988058847,0.507732042,0.438738324,0.507732042
PFS,DUSP6,1.090059465,0.753598673,0.823141945,1.576740618,0.188333852,0.457869093,0.647046493,0.988058847,0.642916284,0.214948343,0.642916284
PFS,DUSP8,1.104419721,0.810411601,0.694679045,1.505090646,0.157927937,0.628894793,0.529417935,0.988058847,0.571190977,0.32069383,0.571190977
PFS,E2F1,1.208213207,0.894593927,0.737184593,1.63177852,0.153333408,1.233537967,0.217375121,0.988058847,0.224561333,1.474981715,0.224561333
PFS,E2F3,1.036990291,0.802387057,0.537800144,1.340187201,0.130862986,0.277561805,0.781348756,0.988058847,0.774603451,0.082001269,0.774603451
PFS,E2F4,1.136839475,0.82397845,0.744514015,1.568492465,0.164218795,0.780982601,0.434812728,0.988058847,0.285877383,1.138935457,0.285877383
PFS,E2F5,0.925005437,0.686541367,0.559756523,1.24629789,0.152111536,-0.512490149,0.608308013,0.988058847,0.125642501,2.345533986,0.125642501
PFS,EBI3,0.957104626,0.71230629,0.573726528,1.286032818,0.150719459,-0.290888559,0.771136552,0.988058847,0.769923627,0.085541507,0.769923627
PFS,ECSIT,1.076602192,0.808990164,0.623749481,1.432739645,0.145808028,0.506213304,0.612706917,0.988058847,0.746214654,0.104739385,0.746214654
PFS,EDN1,1.054510978,0.768987312,0.677061776,1.446049088,0.16110395,0.329458906,0.74180885,0.988058847,0.622770063,0.241993408,0.622770063
PFS,EFNA1,1.404026812,1.012841533,0.933456308,1.946297841,0.166627869,2.036540489,0.041696112,0.988058847,0.748995324,0.102377212,0.748995324
PFS,EFNA2,0.938288797,0.700602729,0.55600937,1.256612099,0.149041913,-0.427379725,0.669102772,0.988058847,0.5865283,0.29579874,0.5865283
PFS,EFNA3,0.999117253,0.738414464,0.613448662,1.351863126,0.154271647,-0.005724559,0.995432488,0.999856866,0.128046811,2.316025707,0.128046811
PFS,EFNA5,1.126953461,0.814012685,0.746189171,1.560201856,0.165971044,0.7201132,0.471455301,0.988058847,0.204729653,1.608309101,0.204729653
PFS,EGFR,1.300100726,0.914161844,0.934812613,1.848974457,0.179691768,1.460510661,0.14414978,0.988058847,0.169421968,1.888050514,0.169421968
PFS,EGR1,1.00991918,0.77795472,0.533094271,1.311048991,0.133143908,0.074132632,0.94090485,0.99504364,0.53572804,0.38351501,0.53572804
PFS,EGR2,0.931287776,0.691263237,0.563391827,1.254655064,0.152067912,-0.468126015,0.639694477,0.988058847,0.351115884,0.869420154,0.351115884
PFS,EHHADH,0.842215489,0.629616534,0.496984962,1.126601496,0.148433824,-1.156874955,0.247323453,0.988058847,0.765910061,0.088642516,0.765910061
PFS,EIF2AK2,0.883549784,0.631079701,0.605943481,1.237023182,0.171694723,-0.721091703,0.470853095,0.988058847,0.512097079,0.429779673,0.512097079
PFS,EIF2B4,0.936523962,0.716502591,0.507606213,1.224108805,0.136631717,-0.479977656,0.631243281,0.988058847,0.84838352,0.036550306,0.84838352
PFS,EIF4EBP1,1.0204814,0.760447595,0.608985743,1.369433338,0.150065286,0.135104376,0.89252935,0.988058847,0.374989502,0.78706362,0.374989502
PFS,EIF5AL1,1.030039394,0.745691252,0.677124358,1.42281561,0.164819704,0.179572269,0.857488377,0.988058847,0.842312329,0.039575776,0.842312329
PFS,ELANE,0.972076134,0.72056327,0.590816383,1.311379652,0.15275837,-0.185398355,0.852916599,0.988058847,0.43659399,0.60521808,0.43659399
PFS,ELK1,0.893527344,0.662264127,0.543283752,1.20554788,0.152815296,-0.736695504,0.461307542,0.988058847,0.713339134,0.134964571,0.713339134
PFS,ELMO1,0.83557402,0.636924162,0.459256489,1.096180651,0.138506802,-1.2969496,0.194648529,0.988058847,0.958217195,0.00274481,0.958217195
PFS,ELOB,0.931462394,0.688668194,0.571186986,1.259855181,0.154082545,-0.460788473,0.644950372,0.988058847,0.337268833,0.920785413,0.337268833
PFS,ENDOG,1.032026614,0.76145734,0.637280155,1.398737495,0.155128149,0.203215574,0.838966541,0.988058847,0.154575265,2.026509476,0.154575265
PFS,ENG,1.014758345,0.758073097,0.600284696,1.358357793,0.148791492,0.098463293,0.921564419,0.993870577,0.374742569,0.787877918,0.374742569
PFS,ENO1,1.220399339,0.919292812,0.700837932,1.620130744,0.144558126,1.37784114,0.168252341,0.988058847,0.224689622,1.474165489,0.224689622
PFS,ENTPD1,0.888642125,0.663051686,0.527933638,1.190985324,0.149411751,-0.79017,0.429428494,0.988058847,0.476245841,0.50744765,0.476245841
PFS,EP300,0.934701385,0.672783796,0.625800809,1.298584605,0.167759756,-0.402529047,0.687294716,0.988058847,0.90587582,0.013981198,0.90587582
PFS,EPCAM,1.034995519,0.779923815,0.59356383,1.373487646,0.144368027,0.238259802,0.811679597,0.988058847,0.164613535,1.931325197,0.164613535
PFS,EPHA2,1.042363599,0.78046311,0.611687087,1.392150197,0.147634667,0.281037146,0.778681909,0.988058847,0.814498422,0.055049726,0.814498422
PFS,EPM2AIP1,1.06098107,0.813099021,0.571333629,1.38443265,0.135765963,0.436000429,0.662836418,0.988058847,0.23873369,1.388055875,0.23873369
PFS,EPO,1.001421838,0.725064224,0.6580487,1.383112924,0.164756024,0.008623833,0.993119262,0.999856866,0.580678006,0.305139832,0.580678006
PFS,EPOR,1.511436898,1.101792077,0.971595039,2.073387116,0.161290092,2.560980535,0.01043772,0.988058847,0.770284533,0.085265597,0.770284533
PFS,ERBB2,1.021849879,0.799017967,0.507807684,1.306825652,0.125505591,0.17222015,0.863264458,0.988058847,0.626087106,0.237404407,0.626087106
PFS,ERCC2,0.956512496,0.725502818,0.535575887,1.261078705,0.141037743,-0.31524488,0.752575732,0.988058847,0.252515643,1.309331963,0.252515643
PFS,ERCC3,0.999169072,0.766936345,0.534786856,1.301723201,0.134961766,-0.006159328,0.995085598,0.999856866,0.11086159,2.541896006,0.11086159
PFS,ERCC6,0.959329978,0.69542744,0.627951469,1.323378909,0.164139967,-0.252955928,0.80030227,0.988058847,0.39566975,0.721446776,0.39566975
PFS,ERG,0.994538503,0.726751378,0.634246157,1.360997534,0.160051093,-0.034216984,0.972704123,0.999856866,0.761441893,0.092165596,0.761441893
PFS,ERO1A,1.112897686,0.84029085,0.633652676,1.473943527,0.143356889,0.74615976,0.455570913,0.988058847,0.460854015,0.543819702,0.460854015
PFS,ESR1,0.984349529,0.717490644,0.632971559,1.350462203,0.161340281,-0.09776996,0.922114962,0.993870577,0.929523369,0.007822435,0.929523369
PFS,ESR2,0.993960738,0.7419422,0.589641243,1.331583443,0.149199866,-0.040600385,0.967614477,0.999856866,0.895707953,0.017183315,0.895707953
PFS,ETS1,0.751023899,0.529639154,0.535306466,1.06494562,0.178187734,-1.60683229,0.108091163,0.988058847,0.213299957,1.54888611,0.213299957
PFS,ETS2,1.054172896,0.778586251,0.648719323,1.427305574,0.154610993,0.341220724,0.732937423,0.988058847,0.934838294,0.006684548,0.934838294
PFS,ETV1,1.080264459,0.764257775,0.762676382,1.526934157,0.176562441,0.437272388,0.661913818,0.988058847,0.09971068,2.710164958,0.09971068
PFS,ETV4,0.927556932,0.657577545,0.650803298,1.308380843,0.175509082,-0.428474148,0.668305951,0.988058847,0.211262565,1.562753126,0.211262565
PFS,ETV7,0.908868879,0.678306391,0.539495256,1.217801647,0.149289349,-0.640062021,0.522132279,0.988058847,0.687970741,0.16129095,0.687970741
PFS,EWSR1,0.977772555,0.70406077,0.653832198,1.357892968,0.16756043,-0.134149796,0.893284124,0.988058847,0.25799881,1.27946351,0.25799881
PFS,EXO1,0.934443946,0.699654972,0.548368015,1.248022987,0.147637573,-0.459257327,0.646049388,0.988058847,0.668487585,0.183376335,0.668487585
PFS,EYA1,0.895158212,0.667880764,0.531896604,1.199777368,0.149436835,-0.74114794,0.458603745,0.988058847,0.713771979,0.134538531,0.713771979
PFS,EZH2,0.982145089,0.73913867,0.565905991,1.305044661,0.145029959,-0.124224219,0.901137747,0.988383526,0.244828032,1.35257743,0.244828032
PFS,F12,0.904339009,0.6714883,0.546446614,1.217934913,0.151894479,-0.66197915,0.507984584,0.988058847,0.779623549,0.078293439,0.779623549
PFS,F13A1,0.908350077,0.665526462,0.57424372,1.239770182,0.158702637,-0.605695211,0.544717165,0.988058847,0.553740524,0.350658644,0.553740524
PFS,F2RL1,0.825181732,0.615183297,0.491681754,1.106865051,0.149841211,-1.282368411,0.19971344,0.988058847,0.739820023,0.110284892,0.739820023
PFS,FAAP24,0.909769817,0.675911471,0.54862925,1.224540721,0.151599475,-0.623773004,0.532776671,0.988058847,0.943601377,0.005004736,0.943601377
PFS,FADD,0.793167155,0.583469344,0.49476063,1.078229974,0.156656999,-1.479163357,0.13909666,0.988058847,0.472612561,0.515861142,0.472612561
PFS,FAM124B,0.877311535,0.655131216,0.519710573,1.174841789,0.148995907,-0.878501456,0.379671648,0.988058847,0.6852398,0.164287068,0.6852398
PFS,FAM30A,0.931404073,0.692980486,0.558878067,1.251858552,0.150865713,-0.471028663,0.637620266,0.988058847,0.691846849,0.15709332,0.691846849
PFS,FANCA,1.050464998,0.796545164,0.588783329,1.385328494,0.141178293,0.348728694,0.727293001,0.988058847,0.74872111,0.102608835,0.74872111
PFS,FANCB,0.872000065,0.656925444,0.500563766,1.157489211,0.144502128,-0.947846114,0.343207801,0.988058847,0.898701966,0.01620561,0.898701966
PFS,FANCC,0.964373241,0.7379276,0.52237998,1.26030758,0.136549796,-0.265667769,0.790495088,0.988058847,0.608148847,0.262879381,0.608148847
PFS,FANCE,1.22112629,0.874843011,0.82963356,1.704476571,0.170148252,1.174115037,0.240348951,0.988058847,0.463187027,0.538182278,0.463187027
PFS,FANCF,0.975405848,0.763723907,0.482035929,1.245759836,0.124822341,-0.199496657,0.841874258,0.988058847,0.940628899,0.005547187,0.940628899
PFS,FANCG,1.114322124,0.860214203,0.583279512,1.443493715,0.132053501,0.819715179,0.412378495,0.988058847,0.778189672,0.079343049,0.778189672
PFS,FANCL,0.925157722,0.679643677,0.579717424,1.259361101,0.157347573,-0.49438987,0.621030867,0.988058847,0.938227847,0.006005849,0.938227847
PFS,FAP,0.907554641,0.688916285,0.506665014,1.195581299,0.140632183,-0.68975324,0.490349379,0.988058847,0.423926946,0.63940332,0.423926946
PFS,FAS,0.838638644,0.626617057,0.495782609,1.122399666,0.148698812,-1.183434898,0.236636834,0.988058847,0.414468847,0.665945286,0.414468847
PFS,FASLG,0.982193066,0.720863169,0.617398045,1.338261214,0.157828693,-0.113841053,0.909363794,0.988696635,0.728103784,0.120859844,0.728103784
PFS,FBP1,0.984303442,0.73144063,0.593141606,1.324582236,0.151491646,-0.104435157,0.916824024,0.992541936,0.239757515,1.382019134,0.239757515
PFS,FBXW7,0.961638241,0.722294501,0.557997824,1.280292325,0.146025836,-0.2678769,0.788794075,0.988058847,0.825133961,0.048817429,0.825133961
PFS,FCAR,0.897788491,0.659178939,0.563590977,1.222769916,0.15762508,-0.684033097,0.493954267,0.988058847,0.248991498,1.328953382,0.248991498
PFS,FCER1A,0.936314794,0.689533473,0.581884707,1.27141818,0.156092917,-0.421566474,0.673341481,0.988058847,0.597488619,0.278800306,0.597488619
PFS,FCER1G,0.879705621,0.659199381,0.514773172,1.173972553,0.147227854,-0.870541446,0.38400458,0.988058847,0.327151829,0.960139122,0.327151829
PFS,FCER2,0.950244716,0.700857879,0.587513198,1.288371077,0.155316334,-0.328592172,0.742463965,0.988058847,0.643062819,0.214758777,0.643062819
PFS,FCGR1A,1.052028841,0.759753507,0.696988283,1.456741789,0.166065174,0.305425444,0.760042146,0.988058847,0.377682439,0.778231883,0.377682439
PFS,FCGR3A.B,1.02039977,0.765721799,0.59406147,1.359783269,0.14649802,0.137848155,0.890360426,0.988058847,0.346518949,0.886164001,0.346518949
PFS,FCGRT,1.051490892,0.819083014,0.530759526,1.34984254,0.127440553,0.3939802,0.693595658,0.988058847,0.047913444,3.913019298,0.047913444
PFS,FCN1,0.931108872,0.680165202,0.594471798,1.274636999,0.160227689,-0.445485222,0.655969137,0.988058847,0.619603959,0.246424594,0.619603959
PFS,FCRL2,0.929990593,0.681656649,0.587138287,1.268794936,0.158496988,-0.457931777,0.647001456,0.988058847,0.692409701,0.156489104,0.692409701
PFS,FEN1,0.902825237,0.703606725,0.454843555,1.15845028,0.127201025,-0.803659254,0.421593792,0.988058847,0.991947316,0.000101863,0.991947316
PFS,FEZ1,0.751708467,0.558460573,0.453366667,1.01182724,0.151617353,-1.882414518,0.059779756,0.988058847,0.721810081,0.126764985,0.721810081
PFS,FGCR2A.B,1.04731369,0.793184533,0.589679,1.382863532,0.141802543,0.326006107,0.744419734,0.988058847,0.458490307,0.549577676,0.458490307
PFS,FGF1,0.871267501,0.646237638,0.528418578,1.174656216,0.152442471,-0.903988431,0.366001536,0.988058847,0.907073182,0.013626139,0.907073182
PFS,FGF10,1.003821909,0.724956128,0.665001674,1.389957801,0.166053441,0.022972268,0.981672394,0.999856866,0.39145748,0.734409938,0.39145748
PFS,FGF11,0.894417185,0.649215177,0.583014336,1.232229513,0.163476526,-0.6825626,0.494883274,0.988058847,0.68556409,0.163929611,0.68556409
PFS,FGF12,0.849499531,0.631718294,0.510641298,1.142359592,0.151127181,-1.079275678,0.280464852,0.988058847,0.280613171,1.164117838,0.280613171
PFS,FGF13,0.989904158,0.740824017,0.581906105,1.322730122,0.147882832,-0.068616152,0.945295162,0.995460902,0.765855798,0.088684853,0.765855798
PFS,FGF14,0.850735465,0.629557711,0.520060218,1.149617929,0.153616957,-1.052319056,0.292653192,0.988058847,0.919899246,0.010112442,0.919899246
PFS,FGF16,0.804008814,0.589572834,0.506865359,1.096438193,0.15827432,-1.378271897,0.168119356,0.988058847,0.785834555,0.073833714,0.785834555
PFS,FGF17,0.94159102,0.716374085,0.52123859,1.237612675,0.139476299,-0.431501703,0.666103615,0.988058847,0.676515819,0.174074443,0.676515819
PFS,FGF18,0.918838655,0.690235898,0.53291763,1.223153529,0.145960397,-0.579915781,0.561971413,0.988058847,0.179947844,1.798054748,0.179947844
PFS,FGF19,0.954339466,0.699870985,0.601460025,1.30133101,0.158229148,-0.29536806,0.76771273,0.988058847,0.863087945,0.029737169,0.863087945
PFS,FGF2,0.860042353,0.634929692,0.530038428,1.16496812,0.154833133,-0.973781515,0.330165033,0.988058847,0.95974982,0.002546972,0.95974982
PFS,FGF20,0.976010252,0.721119439,0.599876725,1.320996164,0.154425445,-0.157242147,0.875054013,0.988058847,0.593461056,0.284971537,0.593461056
PFS,FGF21,0.921818679,0.682116245,0.563638686,1.245754932,0.153649993,-0.529819325,0.596237205,0.988058847,0.771926679,0.084016293,0.771926679
PFS,FGF22,0.969411557,0.714429475,0.600968056,1.31539753,0.155719677,-0.199499733,0.841871852,0.988058847,0.677385853,0.17308346,0.677385853
PFS,FGF23,0.922341374,0.677605746,0.577864144,1.25546989,0.157324211,-0.513842526,0.607362093,0.988058847,0.848437611,0.036523911,0.848437611
PFS,FGF3,0.966321841,0.70801056,0.610865109,1.318875669,0.158695742,-0.215874293,0.829085736,0.988058847,0.929854342,0.007748946,0.929854342
PFS,FGF4,0.910914374,0.671233247,0.564946578,1.236179825,0.155784605,-0.598944787,0.549209704,0.988058847,0.873548675,0.025329539,0.873548675
PFS,FGF5,0.979962823,0.718329928,0.618558732,1.33688866,0.158464984,-0.127729439,0.898363092,0.988058847,0.767790121,0.087182449,0.767790121
PFS,FGF6,0.915244796,0.676286845,0.562348865,1.23863571,0.154377456,-0.573682941,0.566182374,0.988058847,0.979866183,0.00063689,0.979866183
PFS,FGF7,0.906174413,0.678565127,0.531564945,1.210130072,0.147579923,-0.66759408,0.504392738,0.988058847,0.958556319,0.002700395,0.958556319
PFS,FGF8,0.992451519,0.721093649,0.644831595,1.365925244,0.162966846,-0.046494822,0.962915861,0.999856866,0.979913098,0.000633925,0.979913098
PFS,FGF9,0.894352558,0.654453829,0.567735517,1.222189346,0.159339162,-0.700739355,0.483465691,0.988058847,0.406265868,0.689701682,0.406265868
PFS,FGFR1,1.100067725,0.778217624,0.776808838,1.555026462,0.176595499,0.540057625,0.589157293,0.988058847,0.323525637,0.974640239,0.323525637
PFS,FGFR2,0.904423803,0.678736673,0.52641762,1.205154293,0.146464335,-0.685881782,0.492787659,0.988058847,0.75530836,0.097124222,0.75530836
PFS,FGFR3,1.181787748,0.842276758,0.815874517,1.658151275,0.172796522,0.966618601,0.333734732,0.988058847,0.220621852,1.500321814,0.220621852
PFS,FGFR4,0.934461624,0.698337304,0.552087844,1.250425148,0.148609022,-0.456127885,0.648298019,0.988058847,0.861168017,0.030585644,0.861168017
PFS,FGL1,0.867707744,0.631305773,0.561328227,1.192634,0.162280853,-0.874411975,0.381893939,0.988058847,0.327055782,0.960520462,0.327055782
PFS,FH,0.961074591,0.71033326,0.589992124,1.300325384,0.154246601,-0.257401167,0.796869102,0.988058847,0.964364693,0.001996043,0.964364693
PFS,FLG,0.992912492,0.715424468,0.662603907,1.378028375,0.167230883,-0.042532476,0.966074223,0.999856866,0.59949663,0.275755763,0.59949663
PFS,FLNA,1.071956783,0.789436756,0.666147034,1.45558379,0.156085165,0.445178421,0.65619082,0.988058847,0.092405154,2.831966376,0.092405154
PFS,FLNB,1.070026508,0.797450943,0.638319794,1.435770736,0.150012135,0.45118631,0.651855275,0.988058847,0.929293221,0.007873743,0.929293221
PFS,FLNC,0.963318886,0.714422533,0.58450525,1.298927783,0.152507866,-0.245041678,0.806424161,0.988058847,0.790198116,0.070784389,0.790198116
PFS,FLT1,0.981014293,0.751321764,0.529606179,1.280927943,0.136100981,-0.140838441,0.887997575,0.988058847,0.748898545,0.102458926,0.748898545
PFS,FLT3LG,0.934906223,0.688878268,0.579923035,1.268801304,0.155809828,-0.431994903,0.665745118,0.988058847,0.559873755,0.339922855,0.559873755
PFS,FN1,0.945607294,0.708390803,0.553868886,1.262259689,0.147365686,-0.379517919,0.704303301,0.988058847,0.88376964,0.021372168,0.88376964
PFS,FOLH1,0.869288459,0.642533497,0.533533476,1.176066973,0.154215111,-0.908343316,0.363696864,0.988058847,0.875433261,0.024573991,0.875433261
PFS,FOS,1.167400116,0.871508034,0.692244653,1.563752687,0.149140163,1.037810001,0.29935852,0.988058847,0.590003756,0.290338403,0.590003756
PFS,FOSL1,0.915006096,0.676662801,0.560639081,1.237301881,0.153960818,-0.576929587,0.563987023,0.988058847,0.934994875,0.00665239,0.934994875
PFS,FOXA1,1.233327527,0.901215189,0.786613432,1.687828621,0.160067758,1.310169061,0.19013865,0.988058847,0.036752168,4.361859497,0.036752168
PFS,FOXA2,0.922448586,0.701192535,0.512327792,1.213520327,0.139925599,-0.576904002,0.564004307,0.988058847,0.643236738,0.214533919,0.643236738
PFS,FOXC1,1.02779601,0.755860685,0.64170458,1.397565265,0.156796204,0.174855724,0.861193001,0.988058847,0.478791328,0.501615082,0.478791328
PFS,FOXJ1,1.005085629,0.731127763,0.650569351,1.381697114,0.162370226,0.031241814,0.975076693,0.999856866,0.23487346,1.41110249,0.23487346
PFS,FOXL2,0.945774988,0.70286414,0.569772031,1.27263617,0.151452308,-0.368106605,0.712793746,0.988058847,0.715908521,0.132446761,0.715908521
PFS,FOXM1,0.842409372,0.641083208,0.46587692,1.106960128,0.139342779,-1.230700251,0.218434994,0.988058847,0.550282657,0.356811043,0.550282657
PFS,FOXO4,0.831116472,0.612363243,0.515651214,1.128014457,0.155841794,-1.187007219,0.235224773,0.988058847,0.28194791,1.157676624,0.28194791
PFS,FPR1,0.908167099,0.670512077,0.559544038,1.230056115,0.154791966,-0.622299015,0.533745269,0.988058847,0.963071038,0.002143702,0.963071038
PFS,FPR3,0.893077114,0.672888719,0.512428718,1.185317438,0.144437841,-0.782913583,0.433677861,0.988058847,0.592948304,0.28576343,0.592948304
PFS,FST,0.84984072,0.640502904,0.487094246,1.12759715,0.144285962,-1.127665737,0.259461113,0.988058847,0.05063572,3.820281853,0.05063572
PFS,FSTL3,1.087237864,0.814387898,0.63711473,1.451502628,0.147430721,0.567320094,0.570496727,0.988058847,0.906134812,0.013904005,0.906134812
PFS,FUBP1,0.959870335,0.713928253,0.576609077,1.29053733,0.151031213,-0.271182826,0.786250421,0.988058847,0.502575757,0.449493131,0.502575757
PFS,FUT4,0.848944877,0.646072582,0.469448219,1.115520801,0.139330317,-1.175343783,0.239857205,0.988058847,0.885459705,0.02075087,0.885459705
PFS,FUT5,1.223735482,0.892830329,0.784451996,1.677282325,0.160853348,1.255230643,0.209395045,0.988058847,0.818550813,0.052628624,0.818550813
PFS,FUT7,0.96332097,0.702018013,0.619867284,1.321885298,0.161445617,-0.231462592,0.816955444,0.988058847,0.307748282,1.040314745,0.307748282
PFS,FUT8,0.838925186,0.626104943,0.497980523,1.124085466,0.14929026,-1.176458175,0.239411836,0.988058847,0.065231055,3.399123934,0.065231055
PFS,FYN,0.951616252,0.721178855,0.534506174,1.255685029,0.141469276,-0.350559666,0.725918721,0.988058847,0.668345758,0.183543236,0.668345758
PFS,FZD1,0.922317428,0.687769963,0.549081722,1.236851685,0.149714496,-0.540133622,0.589104885,0.988058847,0.588036038,0.293421832,0.588036038
PFS,FZD10,0.926034618,0.677778905,0.587442108,1.265221013,0.159232764,-0.482586995,0.629389015,0.988058847,0.493788863,0.468259735,0.493788863
PFS,FZD2,0.818013102,0.616136785,0.469897114,1.086033899,0.14459927,-1.389197369,0.164772741,0.988058847,0.248978541,1.329026146,0.248978541
PFS,FZD3,1.091060994,0.807391823,0.667002711,1.474394534,0.153623644,0.567299468,0.570510739,0.988058847,0.100272214,2.701208508,0.100272214
PFS,FZD4,0.979791254,0.703236868,0.661866336,1.365103204,0.169210134,-0.120653151,0.903965768,0.988383526,0.493243958,0.469442063,0.493243958
PFS,FZD5,0.912775338,0.683932426,0.53425637,1.218188796,0.147263247,-0.619743894,0.535426412,0.988058847,0.116743293,2.460477424,0.116743293
PFS,FZD6,1.19856571,0.864527342,0.797143365,1.661670707,0.166685689,1.086629581,0.277200547,0.988058847,0.723897938,0.124788473,0.723897938
PFS,FZD7,1.291143296,0.901286111,0.948349636,1.849635747,0.183401648,1.393270476,0.163538015,0.988058847,0.511955454,0.430068264,0.511955454
PFS,FZD8,1.197320396,0.901399329,0.688990283,1.590389612,0.144846013,1.243293153,0.213759826,0.988058847,0.852744964,0.034453745,0.852744964
PFS,FZD9,0.880034663,0.647680806,0.548064074,1.19574488,0.156412723,-0.81703061,0.413910935,0.988058847,0.040864491,4.181625423,0.040864491
PFS,G6PD,0.831238445,0.596500087,0.561852387,1.158352474,0.169307857,-1.091730714,0.274951481,0.988058847,0.91693764,0.010876818,0.91693764
PFS,GABPA,1.152458746,0.834982231,0.755663789,1.59064602,0.164412478,0.863059192,0.388104923,0.988058847,0.429397394,0.624452801,0.429397394
PFS,GADD45A,1.078273071,0.779004442,0.71350671,1.492511151,0.16587003,0.454336165,0.64958689,0.988058847,0.30740513,1.041791725,0.30740513
PFS,GADD45B,1.011407152,0.779848626,0.531873152,1.311721778,0.132654493,0.085504685,0.931860171,0.993870577,0.425454525,0.635199412,0.425454525
PFS,GADD45G,1.048343181,0.802928807,0.565839404,1.368768211,0.136074043,0.34695078,0.728628297,0.988058847,0.246360411,1.343825773,0.246360411
PFS,GAS1,0.917803417,0.6772984,0.56641207,1.243710471,0.155039217,-0.553228119,0.580107215,0.988058847,0.711677791,0.136606898,0.711677791
PFS,GATA1,0.928172093,0.68353877,0.576819053,1.260357822,0.156091534,-0.477528256,0.632986005,0.988058847,0.895322792,0.017311205,0.895322792
PFS,GATA2,1.141651938,0.843150195,0.702682513,1.545832707,0.154638787,0.856682112,0.391620592,0.988058847,0.447048396,0.578124503,0.447048396
PFS,GATA3,0.858652127,0.63668898,0.521307308,1.157996288,0.15259596,-0.998659549,0.317959642,0.988058847,0.609020803,0.261603295,0.609020803
PFS,GBP1,0.830292431,0.61391279,0.509024431,1.12293722,0.154046241,-1.207282387,0.227323411,0.988058847,0.958996246,0.00264332,0.958996246
PFS,GBP2,0.947015039,0.699889436,0.581509364,1.2813988,0.154284774,-0.352855985,0.72419641,0.988058847,0.833812649,0.04402202,0.833812649
PFS,GBP4,0.845061805,0.623738907,0.521178377,1.144917284,0.154940554,-1.086516783,0.27725042,0.988058847,0.771367484,0.084440591,0.771367484
PFS,GDF15,1.243474412,0.908683708,0.792929956,1.701613663,0.160037435,1.361615217,0.17331935,0.988058847,0.381658925,0.7653516,0.381658925
PFS,GDF6,0.978411898,0.71322759,0.628966479,1.342194069,0.161293869,-0.135309138,0.89236746,0.988058847,0.438167731,0.601076123,0.438167731
PFS,GHR,0.999055351,0.724542019,0.653033841,1.37757586,0.163916495,-0.005765711,0.995399654,0.999856866,0.618989469,0.247290423,0.618989469
PFS,GIMAP4,0.93641638,0.705930832,0.536224345,1.242155177,0.144157224,-0.45571806,0.648592733,0.988058847,0.798412996,0.065229937,0.798412996
PFS,GIMAP6,0.921209439,0.682102704,0.562030805,1.244133509,0.153322805,-0.53526196,0.592468726,0.988058847,0.619184106,0.247015971,0.619184106
PFS,GLI1,1.052069021,0.76201536,0.6905134,1.45252876,0.164567967,0.308436221,0.757750424,0.988058847,0.884610228,0.021061983,0.884610228
PFS,GLI3,0.925257454,0.689091069,0.553272087,1.242363156,0.150359186,-0.516651187,0.605399677,0.988058847,0.863511128,0.029551804,0.863511128
PFS,GLS,1.085135666,0.816031774,0.626950535,1.442982309,0.145414408,0.561877037,0.5741998,0.988058847,0.430741436,0.620823491,0.430741436
PFS,GLUD1,0.869428097,0.638857516,0.544356576,1.183214092,0.157224412,-0.889935862,0.373500326,0.988058847,0.480415175,0.497920702,0.480415175
PFS,GLUL,0.90059988,0.652882116,0.589425069,1.242307185,0.164117551,-0.637922052,0.523524422,0.988058847,0.954911679,0.003196765,0.954911679
PFS,GMIP,1.127879007,0.820265069,0.730588554,1.550853623,0.162485955,0.740610989,0.458929343,0.988058847,0.739547738,0.110524544,0.739547738
PFS,GNA11,1.155048591,0.858916378,0.694363174,1.553279552,0.151138554,0.953710415,0.340230247,0.988058847,0.010213511,6.59727255,0.010213511
PFS,GNAQ,0.804707123,0.608324437,0.456162725,1.064487162,0.142742437,-1.522160436,0.127968886,0.988058847,0.662670394,0.190295975,0.662670394
PFS,GNAS,0.997083679,0.742231521,0.597210196,1.339441717,0.150601482,-0.019392782,0.984527768,0.999856866,0.65472369,0.199996476,0.65472369
PFS,GNG12,0.942290786,0.715654926,0.52504348,1.240698405,0.14036779,-0.423468676,0.671953348,0.988058847,0.690044022,0.159037711,0.690044022
PFS,GNG4,0.970821989,0.737057905,0.541668405,1.27872631,0.140551902,-0.210684838,0.833133207,0.988058847,0.567564522,0.326774598,0.567564522
PFS,GNG7,0.897803784,0.672052943,0.527334162,1.199387105,0.147765174,-0.729561204,0.465658444,0.988058847,0.577277253,0.310657082,0.577277253
PFS,GNLY,0.92118825,0.687943707,0.54556971,1.233513417,0.148960594,-0.551091155,0.581571189,0.988058847,0.455720029,0.556386061,0.455720029
PFS,GOT1,0.715539133,0.516015249,0.476196224,0.992211473,0.166788765,-2.006843736,0.044766304,0.988058847,0.700211562,0.14825187,0.700211562
PFS,GOT2,1.107672172,0.809341698,0.706628186,1.515969884,0.160102305,0.63872079,0.523004586,0.988058847,0.582175677,0.302730512,0.582175677
PFS,GPC4,1.115580765,0.794689241,0.771357433,1.566046675,0.173053826,0.632029568,0.527367556,0.988058847,0.411497276,0.674470613,0.411497276
PFS,GPI,0.938282424,0.696490517,0.567523689,1.264014206,0.152041987,-0.418991391,0.675222424,0.988058847,0.856198123,0.032839198,0.856198123
PFS,GPR160,0.80759175,0.60164681,0.482385258,1.084032067,0.150199746,-1.422762776,0.154804936,0.988058847,0.692734737,0.156140795,0.692734737
PFS,GPSM3,0.943059248,0.696672583,0.579910948,1.276583531,0.154499554,-0.379458498,0.704347417,0.988058847,0.73515753,0.114428567,0.73515753
PFS,GPT,1.206273046,0.857195276,0.840311351,1.697506628,0.174301675,1.075924711,0.281960929,0.988058847,0.441291888,0.592920782,0.441291888
PFS,GPX1,1.035006751,0.796634966,0.548069975,1.344704941,0.133556875,0.257627691,0.796694256,0.988058847,0.348314008,0.87958997,0.348314008
PFS,GPX4,1.177378004,0.883680355,0.685007867,1.568688221,0.146405653,1.115325345,0.264711028,0.988058847,0.63225339,0.229017374,0.63225339
PFS,GRB2,0.810779967,0.598394969,0.500150621,1.09854559,0.154975137,-1.353498223,0.175896517,0.988058847,0.520638781,0.412627723,0.520638781
PFS,GRB7,1.125103207,0.839790762,0.667557595,1.507348357,0.149225845,0.78990855,0.429581178,0.988058847,0.886882015,0.020235251,0.886882015
PFS,GRIN1,1.018749369,0.740239956,0.661805782,1.402045738,0.162940058,0.114003678,0.909234878,0.988696635,0.322163679,0.980142294,0.322163679
PFS,GRIN2B,0.8850452,0.64930796,0.557061056,1.206369016,0.158029229,-0.77274668,0.439672314,0.988058847,0.398871119,0.711726898,0.398871119
PFS,GSK3B,0.977299361,0.732757966,0.57069295,1.303450916,0.146930028,-0.156280275,0.875812104,0.988058847,0.408310598,0.683714436,0.408310598
PFS,GTF2H3,0.872672886,0.645116373,0.535380665,1.180497037,0.154150823,-0.883514541,0.37695833,0.988058847,0.430561165,0.621309281,0.430561165
PFS,GTF3C1,1.255104711,0.957435227,0.687885302,1.645320529,0.138123054,1.645047637,0.099959988,0.988058847,0.104639972,2.633361368,0.104639972
PFS,GUSB,1.241427307,0.909766305,0.784231099,1.693997404,0.158589288,1.363659394,0.17267479,0.988058847,0.615681611,0.25198389,0.615681611
PFS,GZMA,0.828186837,0.621902431,0.48099314,1.102895571,0.146153482,-1.289852964,0.197101715,0.988058847,0.931189655,0.007456005,0.931189655
PFS,GZMB,0.908955211,0.674565267,0.55022293,1.224788196,0.152159626,-0.627363914,0.530420717,0.988058847,0.916729821,0.010931512,0.916729821
PFS,GZMH,0.842674045,0.628276829,0.501956712,1.130233541,0.149798335,-1.142703335,0.253161785,0.988058847,0.942270092,0.005244215,0.942270092
PFS,GZMM,0.966215177,0.718027227,0.582162702,1.300189929,0.151471697,-0.226898617,0.820502577,0.988058847,0.776917027,0.080280957,0.776917027
PFS,H2AX,0.867910878,0.667777303,0.4602474,1.128024702,0.133744445,-1.059230862,0.289494653,0.988058847,0.558185638,0.34285542,0.558185638
PFS,H3.3A,0.981177941,0.758017986,0.512018042,1.270036028,0.131658907,-0.144323302,0.885245179,0.988058847,0.903466748,0.014709608,0.903466748
PFS,H3.5,0.836732814,0.625991564,0.492428943,1.118420507,0.14804757,-1.204008124,0.228586439,0.988058847,0.652489959,0.202775312,0.652489959
PFS,H3C10,0.863017808,0.670658685,0.439890919,1.110549604,0.128663071,-1.145005727,0.252206785,0.988058847,0.494423343,0.466885805,0.494423343
PFS,H3C2,0.830060298,0.64138924,0.432841595,1.074230835,0.131564578,-1.415707286,0.156861224,0.988058847,0.645957921,0.211034319,0.645957921
PFS,H3C8,0.820262331,0.61855833,0.469181111,1.08773944,0.143998926,-1.375920498,0.168846248,0.988058847,0.875720553,0.024459842,0.875720553
PFS,HACD2,0.878556145,0.593844084,0.705926211,1.299770295,0.199831741,-0.647922408,0.517035137,0.988058847,0.238161014,1.391446251,0.238161014
PFS,HAMP,0.928065371,0.683890338,0.575529903,1.259420241,0.155770512,-0.47925056,0.631760389,0.988058847,0.836924795,0.042365415,0.836924795
PFS,HAVCR2,0.929144017,0.699197681,0.535515516,1.234713197,0.145069116,-0.506596651,0.612437858,0.988058847,0.633539616,0.227291283,0.633539616
PFS,HCK,0.993374327,0.694494166,0.726385377,1.420879544,0.182617538,-0.036402418,0.970961486,0.999856866,0.120268814,2.413816752,0.120268814
PFS,HDAC1,1.019152187,0.763697363,0.596358637,1.360056,0.147224533,0.128858226,0.897469832,0.988058847,0.612054545,0.257193937,0.612054545
PFS,HDAC10,1.00949504,0.765035456,0.567033833,1.332069289,0.141473694,0.066798604,0.946742035,0.995460902,0.238302392,1.390608341,0.238302392
PFS,HDAC11,1.024544204,0.7393239,0.680474415,1.419798315,0.166465811,0.145662553,0.884187784,0.988058847,0.810947696,0.057218372,0.810947696
PFS,HDAC2,0.895917721,0.686667248,0.482266564,1.168933812,0.135716147,-0.809827729,0.418039193,0.988058847,0.555833872,0.346969122,0.555833872
PFS,HDAC3,0.944602191,0.718847639,0.522407463,1.241255102,0.139346667,-0.408990064,0.682546953,0.988058847,0.732473135,0.116852923,0.732473135
PFS,HDAC4,0.927922569,0.708629556,0.506448601,1.215078157,0.1375614,-0.543807988,0.586573612,0.988058847,0.280334807,1.165466052,0.280334807
PFS,HDAC5,0.860928715,0.651325979,0.486657575,1.137983555,0.142350297,-1.051937185,0.29282837,0.988058847,0.049014023,3.874872821,0.049014023
PFS,HDAC6,0.99811171,0.747058256,0.586474943,1.333533198,0.147820081,-0.012786324,0.989798268,0.999856866,0.219766425,1.505895769,0.219766425
PFS,HELLS,0.905293946,0.684332377,0.513268607,1.197600985,0.142765869,-0.696914368,0.485856386,0.988058847,0.493031037,0.469904651,0.493031037
PFS,HERC6,0.873483012,0.654716942,0.510630285,1.165347227,0.147087238,-0.919635172,0.35776344,0.988058847,0.894379968,0.017626299,0.894379968
PFS,HES1,1.083105737,0.798134017,0.671691867,1.469825884,0.15577396,0.512489999,0.608308118,0.988058847,0.081664922,3.031451653,0.081664922
PFS,HES5,0.968033114,0.721370384,0.577668404,1.299038788,0.150060707,-0.216505603,0.828593658,0.988058847,0.24357806,1.359765882,0.24357806
PFS,HEY1,0.953601475,0.709783273,0.571390584,1.281173857,0.150658977,-0.315344208,0.752500323,0.988058847,0.003480121,8.536929994,0.003480121
PFS,HGF,0.925958697,0.684601397,0.567805497,1.252406894,0.154080823,-0.499255178,0.617599627,0.988058847,0.520168709,0.41355879,0.520168709
PFS,HHEX,0.910968934,0.671488336,0.564369913,1.235858249,0.155621304,-0.59918842,0.549047244,0.988058847,0.343515131,0.897268698,0.343515131
PFS,HHIP,0.900891422,0.669232957,0.543506712,1.212739669,0.151662239,-0.688177475,0.491341027,0.988058847,0.555251323,0.34799322,0.555251323
PFS,HIF1A,1.115183812,0.825220112,0.681814092,1.507034204,0.153637706,0.709586519,0.477960582,0.988058847,0.942637504,0.005177561,0.942637504
PFS,HK1,0.963026918,0.710861276,0.59378265,1.304643926,0.154902879,-0.243209907,0.807842793,0.988058847,0.883258968,0.021561741,0.883258968
PFS,HK2,1.081894625,0.814535375,0.622475238,1.437010614,0.144824705,0.543510767,0.58677818,0.988058847,0.58394177,0.29990534,0.58394177
PFS,HLA.A,0.905548384,0.688807112,0.50168274,1.190489851,0.139583908,-0.71078802,0.477215605,0.988058847,0.732712031,0.116636019,0.732712031
PFS,HLA.B,0.910779281,0.684369112,0.527723723,1.212092835,0.145820626,-0.640888029,0.521595434,0.988058847,0.839439723,0.04105089,0.839439723
PFS,HLA.C,0.856653411,0.638601122,0.510559194,1.149160316,0.149876927,-1.032326099,0.301919379,0.988058847,0.508844616,0.436442314,0.508844616
PFS,HLA.DMA,0.947142862,0.709956589,0.553613064,1.263569653,0.147067046,-0.369255663,0.71193717,0.988058847,0.427878037,0.628576247,0.427878037
PFS,HLA.DMB,0.959310415,0.719835891,0.558617274,1.278453165,0.146528944,-0.28349737,0.776795597,0.988058847,0.386840886,0.748849008,0.386840886
PFS,HLA.DOA,0.891684582,0.654491429,0.560347082,1.214838511,0.157785538,-0.726573663,0.467487167,0.988058847,0.672636688,0.178533361,0.672636688
PFS,HLA.DOB,0.862940141,0.62607377,0.563347863,1.189421633,0.163715824,-0.90040137,0.367906692,0.988058847,0.896163038,0.017032829,0.896163038
PFS,HLA.DPA1,0.872645688,0.644115755,0.538141458,1.182257213,0.15492691,-0.879289858,0.379244133,0.988058847,0.584595638,0.298863731,0.584595638
PFS,HLA.DPB1,0.935607396,0.683960753,0.595880516,1.279841269,0.15984753,-0.416392669,0.677122692,0.988058847,0.524669322,0.40470505,0.524669322
PFS,HLA.DQA1,0.857896745,0.638171645,0.515102449,1.153274094,0.150960154,-1.015311167,0.309957523,0.988058847,0.292629631,1.107483518,0.292629631
PFS,HLA.DQA2,0.982003242,0.721557419,0.614899447,1.336456867,0.157238936,-0.115497276,0.908050979,0.988696635,0.887704717,0.019940025,0.887704717
PFS,HLA.DQB1,0.899939424,0.675519416,0.523396484,1.198915899,0.146352462,-0.720369322,0.471297634,0.988058847,0.63906644,0.219965193,0.63906644
PFS,HLA.DRA,0.881955566,0.649911211,0.546937846,1.196849057,0.155771189,-0.806398178,0.420013297,0.988058847,0.429629851,0.62382387,0.429629851
PFS,HLA.DRB,0.930597516,0.698442928,0.541474755,1.239917683,0.146417691,-0.491254903,0.623246171,0.988058847,0.503077108,0.448439156,0.503077108
PFS,HLA.DRB3,0.813972847,0.600276869,0.503466802,1.103743672,0.155378371,-1.324690626,0.185273783,0.988058847,0.172216177,1.863545318,0.172216177
PFS,HLA.DRB4,0.853565095,0.632963989,0.518086284,1.151050273,0.152558047,-1.037857224,0.299336531,0.988058847,0.180920184,1.790049075,0.180920184
PFS,HLA.DRB5,1.164576517,0.843044591,0.765694115,1.608738706,0.164846368,0.924239451,0.35536166,0.988058847,0.688464738,0.160752406,0.688464738
PFS,HLA.E,0.879778525,0.66454795,0.500168985,1.164716936,0.143147102,-0.894779414,0.370905017,0.988058847,0.522945084,0.408081078,0.522945084
PFS,HLA.F,0.868652328,0.65600952,0.494212913,1.150222433,0.143251439,-0.982973141,0.325620658,0.988058847,0.678678592,0.171617133,0.678678592
PFS,HLA.G,0.903372077,0.666936679,0.556689394,1.223626073,0.154818869,-0.656384884,0.511576514,0.988058847,0.800165437,0.064076317,0.800165437
PFS,HMGA1,0.877868679,0.663136308,0.498997943,1.162134251,0.143123268,-0.910112427,0.362763221,0.988058847,0.951527008,0.00369534,0.951527008
PFS,HMGA2,0.904984799,0.65494041,0.595551198,1.250491608,0.164989712,-0.605111259,0.545105074,0.988058847,0.76616853,0.088441005,0.76616853
PFS,HMGB1,0.865906412,0.647907359,0.50934746,1.157254819,0.147976755,-0.972980152,0.330563167,0.988058847,0.323738291,0.973783914,0.323738291
PFS,HMGN5,0.870138228,0.653151491,0.506059729,1.15921122,0.146351152,-0.950475582,0.341870655,0.988058847,0.15977849,1.97632127,0.15977849
PFS,HNF1A,1.000382213,0.746356275,0.594510822,1.340867097,0.149459048,0.00255682,0.997959955,0.999856866,0.955586525,0.003101689,0.955586525
PFS,HNRNPK,0.928610457,0.708216384,0.509373887,1.217590272,0.138237061,-0.535789333,0.592104155,0.988058847,0.567132329,0.327504344,0.567132329
PFS,HOXA10,0.915472573,0.676784296,0.561557131,1.238341427,0.154129261,-0.572992266,0.566649931,0.988058847,0.126526724,2.334609405,0.126526724
PFS,HOXA11,0.900369949,0.657435777,0.575636826,1.233072603,0.160441036,-0.654131565,0.513027047,0.988058847,0.355486019,0.853777052,0.355486019
PFS,HOXA9,0.90710996,0.664090472,0.57497034,1.239060812,0.159107661,-0.612739834,0.540048379,0.988058847,0.175623636,1.834273308,0.175623636
PFS,HPRT1,0.82245328,0.555877261,0.660991002,1.216868263,0.199873143,-0.977938296,0.328104843,0.988058847,0.224378594,1.476145343,0.224378594
PFS,HRAS,0.830769404,0.62933278,0.467349016,1.096681795,0.141682239,-1.308583319,0.190675534,0.988058847,0.987203725,0.000257232,0.987203725
PFS,HSD11B1,0.951371952,0.700997835,0.590173902,1.291171736,0.155819345,-0.319922896,0.749026781,0.988058847,0.986434514,0.00028909,0.986434514
PFS,HSD17B8,1.048343569,0.773744715,0.646651727,1.420396441,0.154964404,0.304659419,0.76062556,0.988058847,0.729100037,0.119939573,0.729100037
PFS,HSP90B1,0.9117955,0.67044885,0.569572716,1.240021566,0.156874474,-0.5886206,0.556115812,0.988058847,0.946475399,0.004506911,0.946475399
PFS,HSPA1A,1.233959919,0.916926025,0.74368458,1.660610606,0.151511419,1.387541914,0.16527658,0.988058847,0.311319638,1.025069,0.311319638
PFS,HSPA2,0.893264468,0.662763394,0.541167629,1.203931023,0.152280676,-0.741214105,0.458563632,0.988058847,0.607278682,0.264156756,0.607278682
PFS,HSPA6,1.695181975,1.129375743,1.415075868,2.544451611,0.207210468,2.547120808,0.010861582,0.988058847,0.747982752,0.103233948,0.747982752
PFS,HSPB1,1.107226379,0.830851667,0.64468278,1.475534447,0.146513983,0.695210987,0.486923088,0.988058847,0.94634176,0.004529479,0.94634176
PFS,IBSP,1.042649227,0.770609004,0.640116027,1.410725031,0.154257411,0.270747499,0.786585242,0.988058847,0.969795212,0.001433768,0.969795212
PFS,ICAM1,0.978697179,0.731995364,0.576548672,1.308544035,0.148190528,-0.145306193,0.884469125,0.988058847,0.711740161,0.136545038,0.711740161
PFS,ICAM2,0.9802687,0.720335157,0.613664323,1.33399948,0.157201929,-0.126770462,0.899122075,0.988058847,0.961612667,0.002316493,0.961612667
PFS,ICAM3,1.025320969,0.765710426,0.607240829,1.372951255,0.148960349,0.167868191,0.866686975,0.988058847,0.583769413,0.300180296,0.583769413
PFS,ICAM4,0.975790261,0.724295769,0.59031447,1.314610239,0.152068017,-0.16116217,0.871965675,0.988058847,0.997703014,8.29E-06,0.997703014
PFS,ICAM5,0.913908323,0.692354132,0.514006003,1.206360135,0.141651933,-0.635536791,0.52507838,0.988058847,0.496013108,0.463456244,0.496013108
PFS,ICOS,0.911009646,0.671015882,0.565823064,1.236838945,0.156003214,-0.597435084,0.550216936,0.988058847,0.60360608,0.269591275,0.60360608
PFS,ICOSLG,1.056581234,0.797195184,0.603169404,1.400364587,0.14372416,0.382944976,0.701760563,0.988058847,0.894022768,0.017746432,0.894022768
PFS,ID1,1.13974952,0.840058548,0.706296729,1.546355277,0.15566215,0.840336068,0.400719984,0.988058847,0.978736594,0.000710376,0.978736594
PFS,ID2,1.036570265,0.758174147,0.659017296,1.417191444,0.159574165,0.22508306,0.821914659,0.988058847,0.233094783,1.421876526,0.233094783
PFS,ID4,1.046644519,0.787957225,0.602301935,1.39025916,0.144850021,0.31473486,0.752962974,0.988058847,0.774774401,0.081873481,0.774774401
PFS,IDH1,1.012945457,0.748752311,0.621605396,1.370357707,0.154191315,0.083418323,0.933518919,0.993870577,0.313250183,1.016922212,0.313250183
PFS,IDH2,0.839784191,0.590840211,0.602777747,1.193617959,0.179390711,-0.973352161,0.330378307,0.988058847,0.346604253,0.885850545,0.346604253
PFS,IDO1,0.873281639,0.646693742,0.532567431,1.179261173,0.153260614,-0.884096454,0.376644147,0.988058847,0.534282355,0.386240216,0.534282355
PFS,IER3,0.894435862,0.662220844,0.545858785,1.208079629,0.153367153,-0.727418348,0.466969718,0.988058847,0.687032438,0.162316749,0.687032438
PFS,IFI16,0.909828621,0.679978272,0.537396096,1.217374368,0.148571816,-0.636049476,0.524744174,0.988058847,0.813103339,0.055896512,0.813103339
PFS,IFI27,0.885574805,0.644986485,0.570919204,1.215905688,0.161741528,-0.75131198,0.452464921,0.988058847,0.517100351,0.41967281,0.517100351
PFS,IFI35,0.936180285,0.69921923,0.554226739,1.253445969,0.148902605,-0.442888215,0.657846592,0.988058847,0.371725737,0.797887457,0.371725737
PFS,IFI6,0.949917831,0.707177617,0.568801519,1.275979137,0.150560739,-0.341256242,0.732910687,0.988058847,0.783593867,0.07542639,0.783593867
PFS,IFIH1,0.93209893,0.705176649,0.526867004,1.232043653,0.142344768,-0.493985994,0.621316071,0.988058847,0.864202596,0.029250209,0.864202596
PFS,IFIT2,0.839773839,0.634351292,0.477367261,1.111718553,0.143130042,-1.220028028,0.22245425,0.988058847,0.705446078,0.142868242,0.705446078
PFS,IFIT3,0.800702615,0.591715332,0.491786555,1.083501887,0.154321178,-1.44027975,0.149788268,0.988058847,0.407219469,0.686903932,0.407219469
PFS,IFITM1,0.908012645,0.686607113,0.5142062,1.200813314,0.142602653,-0.676684289,0.498606287,0.988058847,0.517386535,0.419099868,0.517386535
PFS,IFITM2,0.9211333,0.694781408,0.52644666,1.221228068,0.143884014,-0.570949595,0.568033811,0.988058847,0.597305217,0.279079445,0.597305217
PFS,IFNA1,1.025009168,0.72874914,0.712959314,1.441708454,0.174047728,0.141924044,0.887140002,0.988058847,0.192183614,1.70079827,0.192183614
PFS,IFNA7.17,1.108721491,0.784145397,0.783501815,1.567647211,0.176721799,0.584011377,0.559212657,0.988058847,0.457211002,0.552713679,0.457211002
PFS,IFNAR1,0.985340984,0.695590526,0.700197395,1.395787921,0.177669895,-0.083117745,0.933757916,0.993870577,0.791499454,0.069888321,0.791499454
PFS,IFNAR2,1.084271896,0.809167483,0.643740066,1.452907548,0.149318079,0.541854667,0.587918628,0.988058847,0.967744,0.001635225,0.967744
PFS,IFNB1,0.918056909,0.669792204,0.588551028,1.258343232,0.160866149,-0.531472276,0.595091549,0.988058847,0.213793194,1.54555264,0.213793194
PFS,IFNG,0.864914994,0.638647441,0.532699845,1.171347286,0.154736855,-0.937876436,0.348307914,0.988058847,0.616642083,0.250615408,0.616642083
PFS,IFNGR1,0.970014885,0.723135504,0.578043697,1.301179201,0.14985724,-0.203152427,0.839015895,0.988058847,0.483365006,0.49126175,0.483365006
PFS,IFNGR2,0.945807151,0.660828798,0.692851866,1.353680664,0.182933917,-0.304572215,0.760691985,0.988058847,0.598015406,0.277999526,0.598015406
PFS,IFNL1,0.98444662,0.724831599,0.6122171,1.3370487,0.156196914,-0.100357956,0.920060148,0.993870577,0.832106714,0.044944174,0.832106714
PFS,IFNL2,1.046114468,0.747619276,0.716167862,1.463787138,0.171403259,0.263021802,0.792533775,0.988058847,0.925362908,0.008776049,0.925362908
PFS,IGF1,0.89717851,0.659891709,0.55989825,1.219789958,0.156726914,-0.6922897,0.488755417,0.988058847,0.728915609,0.120109637,0.728915609
PFS,IGF1R,0.898907407,0.650895356,0.590524666,1.241420021,0.164712796,-0.647036829,0.517608108,0.988058847,0.600542413,0.274178589,0.600542413
PFS,IGF2R,1.163415246,0.865568275,0.69818478,1.563753055,0.150884854,1.003148115,0.315789402,0.988058847,0.955187119,0.003157786,0.955187119
PFS,IGFBP3,0.965534178,0.733714039,0.536884859,1.270598897,0.140085299,-0.250374442,0.802297792,0.988058847,0.377187018,0.779850005,0.377187018
PFS,IGLL1,1.210024106,0.935123381,0.630614752,1.565738133,0.131490723,1.449838262,0.147103627,0.988058847,0.760810303,0.092669642,0.760810303
PFS,IHH,0.889835855,0.657717865,0.54615372,1.203871586,0.154217604,-0.756841387,0.449144894,0.988058847,0.319423003,0.991307568,0.319423003
PFS,IKBKB,1.345288684,0.980692021,0.864741209,1.84543323,0.161281248,1.839076943,0.06590387,0.988058847,0.584079183,0.299686246,0.584079183
PFS,IKBKE,0.953862626,0.71070002,0.569522131,1.280222152,0.150140123,-0.314610209,0.753057627,0.988058847,0.802024116,0.062864722,0.802024116
PFS,IKBKG,1.160172267,0.838464678,0.766850042,1.60531472,0.165692496,0.896651953,0.369904666,0.988058847,0.585053667,0.298135493,0.585053667
PFS,IL10,1.011287519,0.746387965,0.623814254,1.370202219,0.154969196,0.07242917,0.942260371,0.995443165,0.950177208,0.003904281,0.950177208
PFS,IL10RA,0.868436585,0.649790363,0.510864126,1.160654489,0.147984747,-0.953211164,0.340483091,0.988058847,0.72657071,0.122283701,0.72657071
PFS,IL11RA,1.012959929,0.737456778,0.653930283,1.391387061,0.161954235,0.079508067,0.936628515,0.99504364,0.91262988,0.01203891,0.91262988
PFS,IL12A,0.886061335,0.659702091,0.530387648,1.190089739,0.150511857,-0.8037181,0.421559798,0.988058847,0.789845459,0.071028273,0.789845459
PFS,IL12B,0.891686252,0.659120624,0.547190244,1.206310868,0.154190474,-0.743502113,0.457177743,0.988058847,0.843321388,0.039064272,0.843321388
PFS,IL12RB1,1.07537922,0.781962666,0.696932066,1.478894732,0.16256505,0.447041738,0.654844924,0.988058847,0.898742766,0.016192488,0.898742766
PFS,IL12RB2,1.076973542,0.79449036,0.665404017,1.459894378,0.155211657,0.477765864,0.63281686,0.988058847,0.849018955,0.036240858,0.849018955
PFS,IL13RA1,0.990668844,0.735720733,0.598242976,1.333963709,0.15180366,-0.061757168,0.950756214,0.996085748,0.974497036,0.001021996,0.974497036
PFS,IL15,0.854425178,0.633238114,0.519633716,1.152871831,0.15285098,-1.029279254,0.303348469,0.988058847,0.764314233,0.08989221,0.764314233
PFS,IL15RA,1.065970444,0.778080141,0.682300259,1.4603804,0.160620987,0.397741294,0.690820895,0.988058847,0.870084399,0.026749022,0.870084399
PFS,IL16,0.854151821,0.638173918,0.505049446,1.143223364,0.148726258,-1.059976407,0.289155333,0.988058847,0.740112158,0.11002809,0.740112158
PFS,IL17A,0.996216517,0.726687422,0.639026802,1.365714224,0.160956117,-0.023550881,0.981210852,0.999856866,0.312102206,1.021758691,0.312102206
PFS,IL17B,0.942212661,0.690784377,0.594370194,1.285154571,0.158371928,-0.375851172,0.707027542,0.988058847,0.898098793,0.016400237,0.898098793
PFS,IL17F,0.875475762,0.646278172,0.539678345,1.185956518,0.154868891,-0.858712237,0.390499297,0.988058847,0.844450766,0.038495875,0.844450766
PFS,IL17RA,1.25416487,0.880254142,0.906649717,1.786903858,0.180622975,1.253826705,0.209905,0.988058847,0.204023783,1.613333957,0.204023783
PFS,IL17RB,1.120640731,0.83490078,0.669272742,1.504173522,0.150177754,0.75843858,0.448188469,0.988058847,0.686446196,0.162959576,0.686446196
PFS,IL18,0.851834106,0.637451619,0.500864328,1.138315947,0.147917725,-1.084139733,0.278302848,0.988058847,0.82963237,0.046299459,0.82963237
PFS,IL18R1,0.892547424,0.663105168,0.538274258,1.201379425,0.151607912,-0.749800116,0.453375099,0.988058847,0.483899475,0.49006239,0.483899475
PFS,IL18RAP,0.860502298,0.64172434,0.512142141,1.153866481,0.14967492,-1.00376865,0.315490139,0.988058847,0.621432734,0.243858994,0.621432734
PFS,IL19,0.916992852,0.673883198,0.573923385,1.247806583,0.157167622,-0.551357846,0.581388392,0.988058847,0.97443326,0.001027115,0.97443326
PFS,IL1A,0.843516414,0.626090906,0.510357386,1.136448293,0.152086358,-1.118942685,0.263164591,0.988058847,0.595923318,0.281188454,0.595923318
PFS,IL1B,0.783804591,0.587638201,0.45781738,1.04545558,0.146966113,-1.657494582,0.097419523,0.988058847,0.404532756,0.69481109,0.404532756
PFS,IL1R1,0.925284332,0.691390563,0.546912563,1.238303126,0.148674262,-0.522311003,0.601453809,0.988058847,0.825325268,0.048708923,0.825325268
PFS,IL1R2,0.85090138,0.63454447,0.506483769,1.141028239,0.149690946,-1.078615961,0.280758963,0.988058847,0.714533151,0.133791179,0.714533151
PFS,IL1RAP,0.849435051,0.644547134,0.474905375,1.119452509,0.14083092,-1.158721371,0.246569777,0.988058847,0.967053458,0.001706029,0.967053458
PFS,IL1RL1,0.900208306,0.667407552,0.546805551,1.214213103,0.152668778,-0.688608977,0.49106937,0.988058847,0.568334287,0.325477545,0.568334287
PFS,IL1RL2,0.837273839,0.620555849,0.509120848,1.129676696,0.152827082,-1.162124489,0.245184901,0.988058847,0.618055767,0.248609656,0.618055767
PFS,IL1RN,0.799174887,0.60148699,0.460348943,1.061835933,0.144989857,-1.546145918,0.122069331,0.988058847,0.822904458,0.050091313,0.822904458
PFS,IL20RA,0.918173479,0.679713597,0.560577228,1.240290825,0.153428748,-0.556407663,0.577932202,0.988058847,0.761567141,0.092065819,0.761567141
PFS,IL20RB,0.935190354,0.698240787,0.554308499,1.252549285,0.149077273,-0.449466119,0.653095444,0.988058847,0.732478674,0.116847892,0.732478674
PFS,IL21R,1.023124979,0.748004312,0.651432438,1.39943675,0.159803031,0.14306142,0.886241673,0.988058847,0.997396674,1.06E-05,0.997396674
PFS,IL22,0.932703505,0.680755198,0.597142982,1.27789818,0.160658359,-0.433640154,0.664549772,0.988058847,0.852746275,0.034453124,0.852746275
PFS,IL22RA1,0.994757007,0.7269028,0.634409198,1.361311998,0.160056882,-0.032843237,0.973799599,0.999856866,0.658063572,0.195884375,0.658063572
PFS,IL22RA2,0.927333715,0.679100184,0.587204611,1.266304795,0.158954366,-0.474612841,0.635062952,0.988058847,0.880829953,0.022475163,0.880829953
PFS,IL23A,0.925645871,0.6849112,0.566083496,1.250994697,0.153677588,-0.502763915,0.615130267,0.988058847,0.573898312,0.31620329,0.573898312
PFS,IL23R,0.891232342,0.654924012,0.557880942,1.212804954,0.157189593,-0.732555624,0.463829505,0.988058847,0.623308772,0.241244417,0.623308772
PFS,IL24,0.973289652,0.71750317,0.602759635,1.320262804,0.155566309,-0.174032228,0.861840134,0.988058847,0.973142398,0.001133492,0.973142398
PFS,IL25,0.874478462,0.648082479,0.53187934,1.179961819,0.152864898,-0.877425854,0.380255375,0.988058847,0.829552618,0.046343493,0.829552618
PFS,IL27,0.839848168,0.626781616,0.498562406,1.125344022,0.149300163,-1.169015174,0.242397518,0.988058847,0.697037526,0.15157208,0.697037526
PFS,IL2RA,0.963052495,0.704843806,0.61100816,1.315851966,0.159253791,-0.236398496,0.813123463,0.988058847,0.915815866,0.011173693,0.915815866
PFS,IL2RB,0.904646435,0.678605639,0.527374867,1.205980506,0.146688423,-0.683156104,0.494508207,0.988058847,0.685493199,0.164007713,0.685493199
PFS,IL2RG,0.818247075,0.60880293,0.490942557,1.099745487,0.150854669,-1.329696599,0.183618256,0.988058847,0.417270119,0.657990927,0.417270119
PFS,IL32,0.840930749,0.629692263,0.493339678,1.12303194,0.147593571,-1.173804286,0.240473427,0.988058847,0.402173117,0.701819123,0.402173117
PFS,IL33,0.91927434,0.685495028,0.547286068,1.232781096,0.149718747,-0.562191996,0.573985214,0.988058847,0.167757528,1.902869088,0.167757528
PFS,IL34,0.958127637,0.71347248,0.573204435,1.286676915,0.150429875,-0.284346954,0.776144507,0.988058847,0.337425902,0.920186905,0.337425902
PFS,IL3RA,0.864889598,0.651964445,0.495389558,1.147354003,0.144192363,-1.006665058,0.314095759,0.988058847,0.818168515,0.052854579,0.818168515
PFS,IL4,0.990514989,0.7241305,0.630763325,1.354893825,0.159826087,-0.059629067,0.952451067,0.996085748,0.804336893,0.061374268,0.804336893
PFS,IL4R,0.999954879,0.767171651,0.536199972,1.303371623,0.135206355,-0.000333728,0.999733724,0.999856866,0.507360809,0.439506364,0.507360809
PFS,IL6,0.897224539,0.665946654,0.542876707,1.208823362,0.152092889,-0.713045344,0.475817699,0.988058847,0.714256465,0.134062569,0.714256465
PFS,IL6R,0.934255683,0.695492145,0.559494971,1.254987116,0.150579519,-0.45162269,0.651540821,0.988058847,0.877679032,0.023688939,0.877679032
PFS,IL6ST,0.941424763,0.695849113,0.577818652,1.273667765,0.15421793,-0.391399666,0.695501839,0.988058847,0.071816207,3.241013338,0.071816207
PFS,IL7R,0.914087053,0.675818345,0.560542205,1.23636055,0.154085225,-0.582985603,0.559902992,0.988058847,0.834221053,0.043802735,0.834221053
PFS,ILF3,1.047110106,0.768748446,0.657517297,1.426265744,0.157669005,0.291966642,0.770312129,0.988058847,0.222044284,1.491110214,0.222044284
PFS,INHBA,0.884011459,0.663116911,0.515372501,1.178489412,0.146695917,-0.840413673,0.400676486,0.988058847,0.320848415,0.985484897,0.320848415
PFS,INHBB,1.130110587,0.847065739,0.660668408,1.507734147,0.147090696,0.831565125,0.405654454,0.988058847,0.115497505,2.47733908,0.115497505
PFS,INPP5D,1.006473338,0.738423922,0.633401326,1.371825248,0.15800784,0.040836428,0.967426298,0.999856866,0.868775307,0.027295766,0.868775307
PFS,IRAK1,1.048482276,0.781453925,0.625302184,1.406756109,0.149973549,0.315680115,0.752245322,0.988058847,0.859850171,0.031175162,0.859850171
PFS,IRAK2,0.958658253,0.697813531,0.619193957,1.317007488,0.162034984,-0.260564876,0.794428079,0.988058847,0.82685302,0.047846945,0.82685302
PFS,IRAK3,0.86913793,0.652246645,0.505905332,1.158151978,0.146471597,-0.957547033,0.338291219,0.988058847,0.174012239,1.848033878,0.174012239
PFS,IRAK4,0.961765407,0.7051257,0.606686787,1.311812487,0.158367439,-0.246166244,0.805553545,0.988058847,0.757846568,0.095054966,0.757846568
PFS,IRF1,0.854896574,0.638226298,0.506897545,1.145123844,0.149129054,-1.051269215,0.293134962,0.988058847,0.625682649,0.237961046,0.625682649
PFS,IRF2,0.834061323,0.632410253,0.467600833,1.100011087,0.141211069,-1.284944248,0.198811767,0.988058847,0.51656273,0.420750634,0.51656273
PFS,IRF3,1.010854665,0.759170702,0.586807419,1.345978121,0.146086766,0.073902495,0.941087971,0.99504364,0.274814682,1.192555527,0.274814682
PFS,IRF4,0.977925116,0.743342337,0.543194816,1.286537153,0.139939516,-0.159513057,0.873264672,0.988058847,0.745463024,0.105383003,0.745463024
PFS,IRF5,0.837041471,0.617782314,0.516336306,1.134118619,0.154970942,-1.147838814,0.251035111,0.988058847,0.214835062,1.538541287,0.214835062
PFS,IRF7,1.022218726,0.771901431,0.581809136,1.353710567,0.143305645,0.153346971,0.878124661,0.988058847,0.124851274,2.355382306,0.124851274
PFS,IRF8,0.924080531,0.704181121,0.5084683,1.212649421,0.138657459,-0.569432446,0.569062703,0.988058847,0.964739565,0.001954241,0.964739565
PFS,IRF9,0.915528277,0.670778089,0.578803612,1.249581701,0.15870847,-0.556076364,0.578158652,0.988058847,0.969688869,0.001443887,0.969688869
PFS,IRS1,1.060132298,0.80531367,0.590267371,1.395581041,0.140266422,0.416305694,0.677186326,0.988058847,0.927022861,0.008388944,0.927022861
PFS,ISG15,0.939347222,0.693442267,0.57901147,1.272453737,0.154858561,-0.404046692,0.686178384,0.988058847,0.870337207,0.026644091,0.870337207
PFS,ISG20,0.81700557,0.620083873,0.456380344,1.076464217,0.140712363,-1.436329846,0.150908505,0.988058847,0.846958317,0.037249321,0.846958317
PFS,ITCH,1.185134364,0.863271776,0.763728548,1.627000324,0.161677395,1.05058691,0.293448356,0.988058847,0.745936738,0.104977109,0.745936738
PFS,ITGA1,0.872388007,0.635828909,0.561129618,1.196958527,0.16138295,-0.845944331,0.3975838,0.988058847,0.035182402,4.43630072,0.035182402
PFS,ITGA2,0.863642597,0.653712256,0.48727681,1.140989066,0.142090235,-1.031712389,0.302206872,0.988058847,0.384606692,0.755925342,0.384606692
PFS,ITGA2B,0.898564531,0.666004179,0.546327879,1.212332058,0.152810247,-0.69993182,0.483969884,0.988058847,0.405497618,0.691962632,0.405497618
PFS,ITGA3,1.224854115,0.921689727,0.706046332,1.627736059,0.145088575,1.397916739,0.162138071,0.988058847,0.360070303,0.83764803,0.360070303
PFS,ITGA4,0.988207903,0.758375138,0.529318524,1.287693662,0.135061122,-0.087828202,0.930013222,0.993870577,0.819923791,0.051821334,0.819923791
PFS,ITGA5,0.909956789,0.688143198,0.515125774,1.203268972,0.142553722,-0.661913023,0.508026965,0.988058847,0.180391502,1.794395738,0.180391502
PFS,ITGA6,0.820124472,0.624412614,0.452766375,1.077178989,0.139107011,-1.425515173,0.154008337,0.988058847,0.811555256,0.056844159,0.811555256
PFS,ITGA7,1.123808654,0.820988878,0.717333899,1.538322777,0.160191319,0.728650596,0.46621542,0.988058847,0.992652348,8.48E-05,0.992652348
PFS,ITGA8,0.933350076,0.695252876,0.557733476,1.252986351,0.150260269,-0.459036402,0.646208026,0.988058847,0.855094659,0.033350777,0.855094659
PFS,ITGA9,1.020763013,0.76418224,0.599310752,1.363492992,0.147706481,0.139129979,0.889347438,0.988058847,0.725287278,0.123482901,0.725287278
PFS,ITGAE,0.963093442,0.692430434,0.647125041,1.339555474,0.168341187,-0.223384665,0.823236138,0.988058847,0.870041258,0.02676695,0.870041258
PFS,ITGAL,0.881195212,0.661065758,0.513560203,1.174625961,0.146648544,-0.8624436,0.388443457,0.988058847,0.705367551,0.142948166,0.705367551
PFS,ITGAM,0.846424513,0.636375161,0.489430025,1.125805186,0.145529591,-1.145706902,0.251916447,0.988058847,0.984730921,0.000366268,0.984730921
PFS,ITGAV,0.977831927,0.720846179,0.60558837,1.326434549,0.155570221,-0.144098772,0.885422475,0.988058847,0.131710535,2.272226795,0.131710535
PFS,ITGAX,0.967687719,0.737821537,0.531346513,1.269168049,0.138373693,-0.237370613,0.812369285,0.988058847,0.638769897,0.220354557,0.638769897
PFS,ITGB1,0.978291773,0.724385779,0.596809115,1.321194895,0.153310913,-0.143155607,0.886167289,0.988058847,0.101240373,2.685894308,0.101240373
PFS,ITGB2,0.980140052,0.734893767,0.572335336,1.307229103,0.146925923,-0.136530079,0.891402247,0.988058847,0.317866135,0.997706376,0.317866135
PFS,ITGB3,0.918930531,0.686822244,0.542656456,1.2294787,0.148541,-0.569167783,0.569242282,0.988058847,0.369985462,0.803713321,0.369985462
PFS,ITGB4,1.075880073,0.783604988,0.693565206,1.477170194,0.161732169,0.452222955,0.651108373,0.988058847,0.26209254,1.257670259,0.26209254
PFS,ITGB6,0.957177437,0.703458182,0.598948515,1.302406697,0.15713572,-0.278526707,0.780608067,0.988058847,0.287239684,1.132514231,0.287239684
PFS,ITGB7,0.965853627,0.712592846,0.596532322,1.309125168,0.155156976,-0.223921487,0.822818396,0.988058847,0.702110902,0.146285235,0.702110902
PFS,ITGB8,0.91816465,0.659348476,0.619226291,1.278574767,0.168944197,-0.505365375,0.613302234,0.988058847,0.418502233,0.654517323,0.418502233
PFS,ITK,0.831762016,0.617870399,0.501827281,1.11969768,0.151669949,-1.214538006,0.224542346,0.988058847,0.93678216,0.006290852,0.93678216
PFS,ITPK1,1.083171383,0.797192419,0.674547924,1.471740343,0.156407162,0.51080272,0.609489204,0.988058847,0.800497842,0.063858733,0.800497842
PFS,JADE1,0.916608781,0.669150452,0.586429149,1.255579601,0.1605498,-0.542352134,0.587575947,0.988058847,0.960400303,0.002465247,0.960400303
PFS,JAG1,0.911255813,0.682686755,0.533664888,1.216351643,0.147343289,-0.630714962,0.528226914,0.988058847,0.181671548,1.783896805,0.181671548
PFS,JAG2,1.026919603,0.737284077,0.693051808,1.430335885,0.169057013,0.157128323,0.875143716,0.988058847,0.286961957,1.133820157,0.286961957
PFS,JAK1,1.045993048,0.796814312,0.576280322,1.373094634,0.13882925,0.323899463,0.74601415,0.988058847,0.937105408,0.00622655,0.937105408
PFS,JAK2,0.827735093,0.619887058,0.485387484,1.105274542,0.147531216,-1.281505816,0.200016058,0.988058847,0.732072903,0.117216816,0.732072903
PFS,JAK3,0.928908017,0.696254515,0.543048189,1.239302704,0.147091705,-0.501357695,0.616119408,0.988058847,0.596458907,0.280369849,0.596458907
PFS,JAM3,1.034436594,0.783644596,0.58184567,1.365490266,0.141664138,0.238994327,0.811109981,0.988058847,0.329951158,0.949089529,0.329951158
PFS,JAML,0.847159707,0.630859765,0.506761636,1.1376214,0.150413804,-1.102731545,0.270143764,0.988058847,0.876384343,0.024197143,0.876384343
PFS,JUN,1.068717358,0.818678348,0.576444408,1.395122755,0.135983728,0.488729056,0.62503353,0.988058847,0.124440006,2.360528731,0.124440006
PFS,JUNB,1.118556685,0.849083922,0.62446778,1.473551702,0.140633416,0.796675384,0.425639584,0.988058847,0.953036983,0.003468437,0.953036983
PFS,JUP,1.037470155,0.784686927,0.58699939,1.371686317,0.142479998,0.258178035,0.796269509,0.988058847,0.795127775,0.067422154,0.795127775
PFS,KAT2B,0.847349211,0.633582228,0.49965771,1.133239938,0.148330843,-1.116708935,0.264118796,0.988058847,0.719095579,0.129360922,0.719095579
PFS,KDM5C,0.948821028,0.713621932,0.547916291,1.261538223,0.145342914,-0.361456137,0.717758489,0.988058847,0.971058755,0.00131627,0.971058755
PFS,KDM6A,0.910957655,0.678973269,0.543230735,1.222204005,0.149959212,-0.621894871,0.534010998,0.988058847,0.211551002,1.560780329,0.211551002
PFS,KDR,0.876690484,0.658127181,0.509711234,1.167838416,0.146306672,-0.899489227,0.368392131,0.988058847,0.990883815,0.000130546,0.990883815
PFS,KEAP1,0.895179632,0.673002762,0.517700484,1.190703246,0.145551129,-0.760769606,0.446794691,0.988058847,0.637404056,0.222153341,0.637404056
PFS,KIF2C,0.892292939,0.692253718,0.45788339,1.150137108,0.12951358,-0.879913849,0.378905982,0.988058847,0.257893184,1.280031468,0.257893184
PFS,KIR.Family,0.966395165,0.692819929,0.655177688,1.347997618,0.169800416,-0.201309609,0.84045649,0.988058847,0.397695843,0.715282091,0.397695843
PFS,KIT,1.057436481,0.812535849,0.563615016,1.376150865,0.134412066,0.415495176,0.677779446,0.988058847,0.457904355,0.551012321,0.457904355
PFS,KITLG,1.023221034,0.784936254,0.548906181,1.333842434,0.135261821,0.169711805,0.86523679,0.988058847,0.077588922,3.114696716,0.077588922
PFS,KLF4,1.133107327,0.841745022,0.683576995,1.525322017,0.151656787,0.823990196,0.409945129,0.988058847,0.511662374,0.430665917,0.511662374
PFS,KLRG1,0.878207943,0.638658111,0.568950747,1.207608858,0.162510195,-0.799161405,0.424196828,0.988058847,0.769392633,0.085948327,0.769392633
PFS,KLRK1,0.91663423,0.67196657,0.578420501,1.250387071,0.158421239,-0.549463972,0.582687083,0.988058847,0.805090941,0.060892428,0.805090941
PFS,KMT2C,1.043893213,0.75053229,0.701387975,1.451920265,0.168334625,0.255189318,0.798576881,0.988058847,0.306002758,1.047850057,0.306002758
PFS,KMT2D,1.026363662,0.752766077,0.646635939,1.399402017,0.158177847,0.164511851,0.869328218,0.988058847,0.139126438,2.187594588,0.139126438
PFS,KRAS,0.827161099,0.606341676,0.522057558,1.128399235,0.158449761,-1.197577088,0.2310817,0.988058847,0.524002481,0.406008375,0.524002481
PFS,KRT1,0.872671629,0.642286712,0.543407711,1.185694423,0.15639295,-0.870857253,0.3838321,0.988058847,0.432272719,0.616709425,0.432272719
PFS,KRT10,0.741528446,0.576502995,0.377289856,0.953792851,0.128437558,-2.328304591,0.019895936,0.988058847,0.115191326,2.481513945,0.115191326
PFS,KRT14,1.013845571,0.748944969,0.623496111,1.372441079,0.154513231,0.088993003,0.92908747,0.993870577,0.822069959,0.050572558,0.822069959
PFS,KRT17,1.219045739,0.914162528,0.711448311,1.625610839,0.146847226,1.348805673,0.177399392,0.988058847,0.904001426,0.014546322,0.904001426
PFS,KRT18,1.007387457,0.769361209,0.549693454,1.319054663,0.137530594,0.053517574,0.957319528,0.99969935,0.394693435,0.724433639,0.394693435
PFS,KRT19,1.015119101,0.749094202,0.626522892,1.375617093,0.155052073,0.096780042,0.922901074,0.993870577,0.107503303,2.590545528,0.107503303
PFS,KRT5,1.267847056,0.946467367,0.751886126,1.698353493,0.149155301,1.59109485,0.111588231,0.988058847,0.630501109,0.231381831,0.630501109
PFS,KRT6A.B.C,0.883361077,0.654382919,0.538079123,1.192462042,0.153085137,-0.810145544,0.417856531,0.988058847,0.594001834,0.28413789,0.594001834
PFS,KRT7,1.06371238,0.823672189,0.550034538,1.373706727,0.130485914,0.473346377,0.63596608,0.988058847,0.035130261,4.438832629,0.035130261
PFS,KYAT1,1.068645886,0.786578206,0.665285093,1.451863299,0.156357692,0.424618187,0.671115032,0.988058847,0.760611448,0.092828651,0.760611448
PFS,L1CAM,1.24972621,0.88149522,0.890284778,1.771779998,0.178095209,1.251715287,0.210673628,0.988058847,0.299950151,1.07441578,0.299950151
PFS,LAG3,0.926390715,0.669137838,0.613407714,1.282545552,0.165975504,-0.460665537,0.645038584,0.988058847,0.734523677,0.114998463,0.734523677
PFS,LAIR1,0.957715531,0.695432564,0.623486173,1.318918737,0.163276851,-0.264608763,0.791310869,0.988058847,0.810381053,0.057568553,0.810381053
PFS,LAIR2,1.128704764,0.800730697,0.79028417,1.591014867,0.175156966,0.691212866,0.489431779,0.988058847,0.798912542,0.064899972,0.798912542
PFS,LAMA1,0.945063235,0.699782609,0.576534502,1.276317111,0.153310017,-0.36855673,0.712458153,0.988058847,0.8425211,0.039469664,0.8425211
PFS,LAMA3,1.009126168,0.780288281,0.524787865,1.305076146,0.131214968,0.069235819,0.944801912,0.995460902,0.729389169,0.11967323,0.729389169
PFS,LAMA5,0.851035904,0.623319482,0.538624163,1.161943644,0.15887798,-1.015250574,0.309986398,0.988058847,0.204537114,1.609677696,0.204537114
PFS,LAMB3,1.081963677,0.798135018,0.668591003,1.466726021,0.155235052,0.50747308,0.61182292,0.988058847,0.185006157,1.756943951,0.185006157
PFS,LAMC2,1.173789912,0.865239539,0.727131933,1.592371472,0.155608289,1.02975077,0.303127016,0.988058847,0.201560992,1.631027483,0.201560992
PFS,LAMC3,0.935951063,0.682903818,0.599860121,1.282763939,0.160823958,-0.411581011,0.680646552,0.988058847,0.702880432,0.145492723,0.702880432
PFS,LAMP1,0.871660483,0.638928297,0.550238002,1.189166299,0.158476258,-0.866724687,0.386092875,0.988058847,0.641290143,0.217058824,0.641290143
PFS,LAMP3,0.83527627,0.626415867,0.487359319,1.113775185,0.146812932,-1.226000625,0.22019844,0.988058847,0.966935994,0.001718223,0.966935994
PFS,LAT,0.94367612,0.704938744,0.558326505,1.26326525,0.148815031,-0.389559204,0.696862524,0.988058847,0.521594861,0.410738596,0.521594861
PFS,LCK,0.883320536,0.655097479,0.53595453,1.191052009,0.152504891,-0.8135289,0.415914884,0.988058847,0.293329453,1.104276728,0.293329453
PFS,LCN2,1.000591069,0.74465876,0.599826177,1.344484937,0.15072731,0.003920285,0.996872073,0.999856866,0.069968838,3.283751169,0.069968838
PFS,LCOR,0.738587185,0.533025082,0.490399609,1.023424691,0.166416665,-1.820828019,0.068633004,0.988058847,0.859671569,0.031255503,0.859671569
PFS,LCP1,0.829982707,0.604207746,0.535915494,1.14012324,0.161986025,-1.150410434,0.249974865,0.988058847,0.685898112,0.163561899,0.685898112
PFS,LDHA,0.827146814,0.609588934,0.512760594,1.122349528,0.155715797,-1.218714329,0.222952638,0.988058847,0.551015091,0.355501811,0.551015091
PFS,LDHB,0.939411612,0.702549904,0.553580334,1.256130237,0.14823604,-0.421635281,0.67329125,0.988058847,0.992957744,7.79E-05,0.992957744
PFS,LEF1,1.02663228,0.752107974,0.649251772,1.401359746,0.15875761,0.165559401,0.8685037,0.988058847,0.221408221,1.495220581,0.221408221
PFS,LEFTY1,0.922564439,0.683252035,0.562445159,1.245697195,0.153213745,-0.526049755,0.598853638,0.988058847,0.497793572,0.459637212,0.497793572
PFS,LEFTY2,1.016397148,0.748451457,0.631815964,1.380267421,0.156132,0.104169332,0.917034971,0.992541936,0.617447944,0.249470808,0.617447944
PFS,LEPR,0.931883278,0.679085492,0.599702605,1.278788097,0.161462426,-0.436929579,0.66216242,0.988058847,0.593292372,0.285231896,0.593292372
PFS,LFNG,1.216503732,0.897491567,0.751416773,1.64890834,0.155172497,1.262987674,0.20659361,0.988058847,0.019380215,5.466878061,0.019380215
PFS,LGALS3,0.981372073,0.746656777,0.543214521,1.289871298,0.139464836,-0.134826901,0.892748736,0.988058847,0.964549078,0.001975427,0.964549078
PFS,LGALS9,0.917200525,0.679856463,0.557547091,1.237403554,0.152780579,-0.565707737,0.571592475,0.988058847,0.719138879,0.12931928,0.719138879
PFS,LGR5,0.845832697,0.628315901,0.510335769,1.138651671,0.151675499,-1.10389416,0.269639052,0.988058847,0.89493829,0.017439357,0.89493829
PFS,LIF,0.968136423,0.710510203,0.608665974,1.319176177,0.157854789,-0.205139603,0.837463055,0.988058847,0.688272975,0.160961338,0.688272975
PFS,LIG4,0.740695996,0.556160612,0.430300038,0.98646065,0.146193072,-2.053209464,0.040052267,0.988058847,0.846541971,0.037454821,0.846541971
PFS,LILRA1,0.955029586,0.683720867,0.650276024,1.333996891,0.170509549,-0.26985561,0.787271338,0.988058847,0.30463647,1.053787201,0.30463647
PFS,LILRA3,0.970168111,0.711537078,0.61126983,1.322806909,0.158187518,-0.191455767,0.848168532,0.988058847,0.265621045,1.239222004,0.265621045
PFS,LILRA4,0.899813893,0.650638709,0.593777018,1.244415727,0.165428268,-0.638145611,0.523378898,0.988058847,0.294618483,1.098395555,0.294618483
PFS,LILRA5,0.881987776,0.638422606,0.580053103,1.218475709,0.164889632,-0.761582643,0.446309137,0.988058847,0.313659275,1.01520428,0.313659275
PFS,LILRB1,0.876122707,0.634735345,0.574573391,1.209308736,0.164440789,-0.804235504,0.421260978,0.988058847,0.618019609,0.248660832,0.618019609
PFS,LILRB2,0.974697933,0.700700052,0.65513838,1.355838433,0.168394778,-0.152188022,0.879038641,0.988058847,0.349861493,0.873959447,0.349861493
PFS,LILRB3,0.873546832,0.648280514,0.528808803,1.177089317,0.152165167,-0.888465732,0.374290281,0.988058847,0.452485957,0.564417158,0.452485957
PFS,LILRB4,0.898778824,0.658330481,0.568717938,1.227048418,0.158844717,-0.671840404,0.501685304,0.988058847,0.955422993,0.003124596,0.955422993
PFS,LOXL2,0.908377312,0.681082163,0.530444704,1.211526868,0.146929681,-0.65402337,0.513096749,0.988058847,0.366048589,0.817034664,0.366048589
PFS,LRP1,0.972959662,0.72489754,0.58101185,1.30590939,0.150162098,-0.182553756,0.855148172,0.988058847,0.134935682,2.234781687,0.134935682
PFS,LRP5,1.047096039,0.740667385,0.739632864,1.48030025,0.176648288,0.26052138,0.794461626,0.988058847,0.029179892,4.756968838,0.029179892
PFS,LRP6,0.979851807,0.720289398,0.612660338,1.332949736,0.157017308,-0.129628617,0.896860261,0.988058847,0.760532285,0.092891993,0.760532285
PFS,LRRC32,0.891557987,0.669546705,0.517638056,1.187184761,0.146109601,-0.785607504,0.432097467,0.988058847,0.409167351,0.6812188,0.409167351
PFS,LTA,0.954106076,0.703693392,0.589935929,1.29362932,0.155325363,-0.302464594,0.76229792,0.988058847,0.879323326,0.023051461,0.879323326
PFS,LTB,0.991996508,0.727031149,0.626496927,1.353528076,0.158548967,-0.05068271,0.959578354,0.999856866,0.864106893,0.029291856,0.864106893
PFS,LTBP1,1.139008943,0.86933683,0.622997703,1.492334533,0.137851083,0.944196688,0.345069148,0.988058847,0.758702813,0.094362422,0.758702813
PFS,LTBR,1.207560621,0.862516153,0.828121928,1.690638081,0.171688722,1.098513097,0.271980502,0.988058847,0.121741588,2.394770849,0.121741588
PFS,LTF,1.302418877,0.95854664,0.811106354,1.769652994,0.156411174,1.689286019,0.091164631,0.988058847,0.383689013,0.758848848,0.383689013
PFS,LTK,0.905351643,0.683523574,0.515647352,1.199170926,0.143401757,-0.693379616,0.488071351,0.988058847,0.956747279,0.002941525,0.956747279
PFS,LY6E,0.89674154,0.681985829,0.497137483,1.179123312,0.139675425,-0.780291855,0.435219106,0.988058847,0.598428721,0.277372267,0.598428721
PFS,LY86,0.909441586,0.66646339,0.574541008,1.241004398,0.158597588,-0.598524299,0.54949015,0.988058847,0.568766839,0.324750194,0.568766839
PFS,LY9,0.909925363,0.677884942,0.543508418,1.22139336,0.150199192,-0.628450128,0.529709107,0.988058847,0.798089742,0.06544393,0.798089742
PFS,LY96,0.92417421,0.685098763,0.561579842,1.246678605,0.152726064,-0.516314531,0.605634749,0.988058847,0.752481789,0.099457367,0.752481789
PFS,LYN,0.936597826,0.705567171,0.537709904,1.243277075,0.144518982,-0.453236679,0.650378323,0.988058847,0.543828503,0.368489994,0.543828503
PFS,LYZ,0.987395839,0.696470301,0.703374805,1.399845106,0.178087895,-0.07122476,0.943218876,0.995460902,0.283394759,1.150737784,0.283394759
PFS,MAD2L2,0.9278315,0.710483114,0.501187191,1.211670305,0.136178503,-0.550051106,0.582284321,0.988058847,0.635044606,0.225281778,0.635044606
PFS,MAF,0.708416674,0.516757147,0.454403459,0.971160606,0.160951638,-2.141778983,0.032211271,0.988058847,0.127474047,2.322999023,0.127474047
PFS,MAGEA1,0.93406133,0.683538899,0.59286332,1.276402219,0.159318506,-0.428156034,0.668537523,0.988058847,0.859221898,0.031458253,0.859221898
PFS,MAGEA12,0.883112684,0.652869825,0.541683794,1.194553619,0.154122754,-0.806516031,0.419945368,0.988058847,0.31090026,1.026847462,0.31090026
PFS,MAGEA3.A6,0.993300983,0.740587189,0.591662217,1.332249406,0.149793749,-0.044872075,0.964209275,0.999856866,0.562679744,0.335085587,0.562679744
PFS,MAGEA4,1.004292197,0.736288019,0.63356018,1.369848199,0.158378889,0.027042818,0.978425583,0.999856866,0.954327534,0.003280224,0.954327534
PFS,MAGEB2,0.838465586,0.625022444,0.499776427,1.124798871,0.14989356,-1.175378987,0.239843126,0.988058847,0.894117009,0.017714696,0.894117009
PFS,MAGEC1,0.887113222,0.661807965,0.527313214,1.189121179,0.149491109,-0.801269456,0.422975669,0.988058847,0.208073173,1.584782381,0.208073173
PFS,MAGEC2,0.833205684,0.633190864,0.463211106,1.09640197,0.140057998,-1.302851329,0.192625523,0.988058847,0.582458908,0.302276274,0.582458908
PFS,MAML2,0.901788611,0.671466155,0.539648796,1.21111495,0.150470379,-0.687013238,0.492074386,0.988058847,0.826984872,0.04777293,0.826984872
PFS,MAP2K1,0.818396836,0.628069231,0.438331332,1.066400563,0.135051945,-1.483932204,0.137826907,0.988058847,0.451540091,0.566783036,0.451540091
PFS,MAP2K2,1.052588592,0.794709711,0.599438023,1.394147734,0.143385711,0.357444651,0.720758955,0.988058847,0.11019793,2.5513805,0.11019793
PFS,MAP2K4,0.794479775,0.592205596,0.473637277,1.065842873,0.14991789,-1.534625046,0.124875957,0.988058847,0.668970494,0.182808727,0.668970494
PFS,MAP2K6,0.868634444,0.643062113,0.530270575,1.173332688,0.153411521,-0.918007357,0.358615014,0.988058847,0.888270963,0.019738112,0.888270963
PFS,MAP3K1,0.766971785,0.568960511,0.464935001,1.033895512,0.152369628,-1.741195197,0.081649369,0.988058847,0.559346121,0.340837636,0.559346121
PFS,MAP3K12,0.98743508,0.743331936,0.568367441,1.311699377,0.144884324,-0.087273251,0.930454316,0.993870577,0.581447546,0.30390031,0.581447546
PFS,MAP3K13,0.959525789,0.717199602,0.566529134,1.283728737,0.148515487,-0.278193793,0.780863599,0.988058847,0.992870585,7.98E-05,0.992870585
PFS,MAP3K14,1.041612046,0.765407666,0.652079646,1.417487312,0.157205056,0.25933999,0.795372927,0.988058847,0.03755352,4.325131175,0.03755352
PFS,MAP3K20,0.927491576,0.697582583,0.535591302,1.233173885,0.145340837,-0.517896883,0.604530217,0.988058847,0.237946642,1.392717931,0.237946642
PFS,MAP3K5,1.018671162,0.755094192,0.619159442,1.374253634,0.152763917,0.121095323,0.903615533,0.988383526,0.489532534,0.477553591,0.489532534
PFS,MAP3K7,0.982641457,0.724580613,0.608030576,1.332611189,0.155437186,-0.112656242,0.910303094,0.988985444,0.896278963,0.016994602,0.896278963
PFS,MAP3K8,0.920283999,0.685088427,0.551135402,1.236223829,0.150581541,-0.551680917,0.581166987,0.988058847,0.953963901,0.003332723,0.953963901
PFS,MAP4K2,0.925502191,0.686122703,0.562275435,1.248398138,0.152696693,-0.507010193,0.612147666,0.988058847,0.775929786,0.081012631,0.775929786
PFS,MAPK1,0.934309833,0.677581052,0.610729566,1.288310618,0.163920834,-0.414512099,0.678499108,0.988058847,0.586790072,0.295385174,0.586790072
PFS,MAPK10,0.939922295,0.701362444,0.558262915,1.259625359,0.149376426,-0.414778112,0.678304344,0.988058847,0.386896944,0.748672206,0.386896944
PFS,MAPK11,1.042848458,0.782436218,0.607495485,1.389931703,0.146583684,0.2862247,0.774706027,0.988058847,0.804855982,0.061042352,0.804855982
PFS,MAPK12,0.981570374,0.734844422,0.576290793,1.311135216,0.147704197,-0.125937971,0.899781025,0.988152376,0.910172421,0.012728592,0.910172421
PFS,MAPK14,0.975434247,0.739276827,0.547753871,1.287030698,0.141436429,-0.175856574,0.860406623,0.988058847,0.916898383,0.010887139,0.916898383
PFS,MAPK3,0.975872705,0.720006659,0.602658242,1.322664901,0.155141469,-0.157424875,0.874910011,0.988058847,0.5619081,0.336411212,0.5619081
PFS,MAPK8,0.924602865,0.680524197,0.575699258,1.256223455,0.1563809,-0.501282247,0.616172498,0.988058847,0.344366563,0.894107772,0.344366563
PFS,MAPK8IP1,0.817328508,0.611499494,0.480939496,1.092438991,0.148026688,-1.362687885,0.172980898,0.988058847,0.019603295,5.446880981,0.019603295
PFS,MAPK8IP2,1.123072555,0.824552376,0.705116326,1.529668702,0.157647231,0.736253219,0.46157661,0.988058847,0.577617438,0.310102265,0.577617438
PFS,MAPK9,0.914877198,0.668474238,0.583631288,1.252105526,0.160100895,-0.555683543,0.578427209,0.988058847,0.144411706,2.130308317,0.144411706
PFS,MAPKAPK2,1.159585852,0.840039409,0.760646621,1.600686031,0.164477201,0.900203289,0.368012076,0.988058847,0.208783552,1.579841318,0.208783552
PFS,MAPT,0.914946978,0.702812831,0.488297994,1.191110826,0.134581811,-0.660484228,0.508943137,0.988058847,0.575331652,0.313842726,0.575331652
PFS,MARCO,0.886969538,0.657452941,0.539157358,1.196610299,0.152777016,-0.785096105,0.432397223,0.988058847,0.958992074,0.002643858,0.958992074
PFS,MASP1,0.90913049,0.676561098,0.545085032,1.22164613,0.150750667,-0.631948393,0.5274206,0.988058847,0.837987125,0.041807514,0.837987125
PFS,MASP2,0.930709744,0.685544272,0.578007423,1.263551695,0.155989795,-0.460336644,0.645274603,0.988058847,0.947178415,0.004389125,0.947178415
PFS,MAVS,1.189058911,0.895026065,0.684660997,1.579687061,0.144933582,1.194769081,0.232177263,0.988058847,0.910156382,0.012733157,0.910156382
PFS,MBL2,0.811028723,0.598806563,0.499657666,1.09846423,0.154780833,-1.353215411,0.175986823,0.988058847,0.930563628,0.007592635,0.930563628
PFS,MBNL1,0.921512167,0.66010667,0.626328861,1.286435531,0.170214626,-0.480213128,0.631075853,0.988058847,0.003919163,8.320893724,0.003919163
PFS,MBNL3,0.952743864,0.724110891,0.529455216,1.253566106,0.140003366,-0.345771543,0.729514413,0.988058847,0.010818994,6.494808627,0.010818994
PFS,MCAM,0.685276198,0.462124729,0.554058651,1.016183379,0.201017539,-1.880101182,0.060094289,0.988058847,0.369248103,0.806193296,0.369248103
PFS,MCAT,0.917428982,0.647234587,0.653184076,1.300418663,0.177996315,-0.484167922,0.6282667,0.988058847,0.787732403,0.072498994,0.787732403
PFS,MCL1,0.919068786,0.682025059,0.556474057,1.238499116,0.152193902,-0.554518345,0.579224154,0.988058847,0.813984849,0.055360661,0.813984849
PFS,MCM2,1.013552685,0.755890534,0.603154195,1.359044729,0.149656004,0.089950742,0.928326358,0.993870577,0.251423899,1.31537436,0.251423899
PFS,MCM4,1.088489958,0.802415219,0.674140011,1.47655523,0.155574518,0.54502098,0.585739088,0.988058847,0.275715973,1.188085998,0.275715973
PFS,MCM5,0.98002271,0.722595795,0.606562938,1.329158733,0.155475176,-0.129792645,0.896730482,0.988058847,0.553178808,0.351653154,0.553178808
PFS,MCM7,1.134203397,0.860794623,0.633658655,1.494453278,0.140732121,0.894824517,0.370880902,0.988058847,0.331635385,0.942501361,0.331635385
PFS,MDC1,1.006495972,0.765604292,0.55757813,1.323182422,0.139576441,0.046390093,0.962999333,0.999856866,0.173162268,1.855351465,0.173162268
PFS,MDM2,0.977838495,0.726786082,0.588825412,1.315611493,0.151386625,-0.148036597,0.882313887,0.988058847,0.777759514,0.079659399,0.777759514
PFS,MDM4,1.187976308,0.876608652,0.733331777,1.609940428,0.155077288,1.110744713,0.26667825,0.988058847,0.645967225,0.211022412,0.645967225
PFS,ME2,1.198763594,0.897579348,0.703431369,1.601010716,0.147627427,1.228028497,0.219436271,0.988058847,0.673629768,0.177385532,0.673629768
PFS,MECOM,0.90794883,0.676117592,0.543154156,1.219271748,0.150421646,-0.641977129,0.520888033,0.988058847,0.780297495,0.077802708,0.780297495
PFS,MED12,1.085676659,0.80422331,0.66140669,1.465629999,0.153105743,0.536906325,0.591332322,0.988058847,0.190158245,1.716391162,0.190158245
PFS,MEF2C,0.888988871,0.670273923,0.508798073,1.179071996,0.144083386,-0.816683767,0.41410917,0.988058847,0.406211664,0.689861,0.406211664
PFS,MEFV,0.861294476,0.646546759,0.500822964,1.147369722,0.146324597,-1.020462854,0.307508998,0.988058847,0.711714488,0.136570499,0.711714488
PFS,MELK,0.971691195,0.742029597,0.530404524,1.272434121,0.137578509,-0.208733371,0.834656388,0.988058847,0.366604044,0.815143109,0.366604044
PFS,MEN1,0.940323455,0.707026463,0.543574816,1.250601279,0.145490337,-0.422924046,0.672350678,0.988058847,0.998647292,2.87E-06,0.998647292
PFS,MERTK,0.867067118,0.656507499,0.488651373,1.145158872,0.141932338,-1.004978095,0.314907398,0.988058847,0.452216661,0.565089955,0.452216661
PFS,MET,0.858778634,0.641265662,0.508804873,1.150070535,0.149016701,-1.021657914,0.306942837,0.988058847,0.428462544,0.626987318,0.428462544
PFS,MFGE8,0.877952329,0.679294487,0.455412634,1.134707121,0.130888913,-0.994453837,0.320001969,0.988058847,0.158549892,1.988002502,0.158549892
PFS,MFNG,0.814126805,0.620643765,0.447283593,1.067927357,0.138450945,-1.485285239,0.13746828,0.988058847,0.36779528,0.811099847,0.36779528
PFS,MGMT,0.972491428,0.729941975,0.56569468,1.295636655,0.146378311,-0.190561138,0.84886944,0.988058847,0.740263521,0.109895165,0.740263521
PFS,MIA,1.057917512,0.785424013,0.639525369,1.424949382,0.151958878,0.370510532,0.711002131,0.988058847,0.693796352,0.155006291,0.693796352
PFS,MIB1,1.082665251,0.777025516,0.731501582,1.508527098,0.169241843,0.469303719,0.638852557,0.988058847,0.465395045,0.53288839,0.465395045
PFS,MICA,1.224671867,0.917145734,0.71816818,1.635313914,0.147534261,1.373734769,0.169524038,0.988058847,0.895711652,0.017182089,0.895711652
PFS,MICB,0.855945492,0.641969941,0.499271476,1.141241416,0.146770664,-1.059807043,0.289232392,0.988058847,0.410475821,0.677422129,0.410475821
PFS,MIF,1.022792561,0.752359516,0.638072321,1.390431837,0.156675165,0.143843419,0.885624116,0.988058847,0.775624165,0.081239864,0.775624165
PFS,MKI67,0.809904253,0.623404688,0.428792884,1.052197572,0.133533141,-1.578928219,0.114352523,0.988058847,0.476538073,0.506775468,0.476538073
PFS,MLF1,0.865513697,0.649757202,0.503156468,1.15291367,0.146290669,-0.987295221,0.323497933,0.988058847,0.32640936,0.963090879,0.32640936
PFS,MLH1,0.974123617,0.746745079,0.523992214,1.270737294,0.135622056,-0.193309757,0.846716386,0.988058847,0.812618424,0.056192444,0.812618424
PFS,MLLT3,0.958563367,0.723719165,0.545894484,1.269613649,0.143386435,-0.295143732,0.767884083,0.988058847,0.577967093,0.30953268,0.577967093
PFS,MLPH,1.30225942,0.923037572,0.914243649,1.837281221,0.175608385,1.503918913,0.132602247,0.988058847,0.27186883,1.20729335,0.27186883
PFS,MME,0.934674036,0.688296394,0.580946859,1.269243253,0.156114243,-0.43274357,0.665201073,0.988058847,0.137549558,2.20516072,0.137549558
PFS,MMP1,0.69219042,0.496251638,0.469241555,0.965493192,0.169787793,-2.166788207,0.030251007,0.988058847,0.785572452,0.074019073,0.785572452
PFS,MMP11,1.048352209,0.806861444,0.555258858,1.362120302,0.13358558,0.353478324,0.723729877,0.988058847,0.112022547,2.525453834,0.112022547
PFS,MMP3,0.720892738,0.534971447,0.436456734,0.971428182,0.15218493,-2.150442358,0.031520241,0.988058847,0.486510067,0.484235456,0.486510067
PFS,MMP9,0.934307242,0.680243669,0.603017114,1.283260782,0.161918418,-0.419655424,0.674737193,0.988058847,0.908697511,0.013151866,0.908697511
PFS,MMRN2,1.021153038,0.762925986,0.603856042,1.366782028,0.148740832,0.140730813,0.888082602,0.988058847,0.786416976,0.073422719,0.786416976
PFS,MNAT1,1.218952565,0.946133094,0.624307013,1.570440107,0.129269705,1.531619009,0.125616479,0.988058847,0.412355612,0.671998769,0.412355612
PFS,MNX1,0.926659116,0.67183132,0.606312603,1.278143922,0.164073665,-0.4642397,0.642476021,0.988058847,0.157309117,1.999904509,0.157309117
PFS,MPL,0.940789048,0.690622503,0.590951769,1.281574272,0.157720024,-0.386991721,0.698762337,0.988058847,0.730929621,0.118259776,0.730929621
PFS,MPO,0.908491738,0.664619525,0.577229693,1.241849219,0.159477961,-0.601772713,0.547325441,0.988058847,0.983948003,0.000404796,0.983948003
PFS,MPPED1,0.83301409,0.62147553,0.495080861,1.116556391,0.149469083,-1.22235795,0.221572294,0.988058847,0.501313173,0.452155378,0.501313173
PFS,MR1,1.000205079,0.729467616,0.641957485,1.371425101,0.161046511,0.001273283,0.998984068,0.999856866,0.830024569,0.046083234,0.830024569
PFS,MRC1,0.91206916,0.681761129,0.538417197,1.220178325,0.148490726,-0.619833042,0.535367712,0.988058847,0.381578466,0.765610332,0.381578466
PFS,MRE11,0.890439898,0.670360198,0.512411712,1.18277191,0.14484982,-0.801103314,0.423071838,0.988058847,0.76511025,0.089267657,0.76511025
PFS,MRM2,0.895791431,0.657555518,0.562785981,1.220341499,0.157746985,-0.697621395,0.485413998,0.988058847,0.020514692,5.367556853,0.020514692
PFS,MRPL19,0.900202116,0.672983293,0.53115336,1.204136653,0.148420486,-0.708365605,0.478718246,0.988058847,0.470206928,0.521489657,0.470206928
PFS,MS4A1,0.849888469,0.630622923,0.514769013,1.145391936,0.152246181,-1.068336492,0.285368753,0.988058847,0.78513614,0.074328187,0.78513614
PFS,MS4A2,0.92603263,0.690719418,0.550792562,1.24151198,0.14958223,-0.513736209,0.607436433,0.988058847,0.605702742,0.266480164,0.605702742
PFS,MS4A4A,0.891591939,0.680595988,0.487404118,1.168000106,0.137777886,-0.832838436,0.404935854,0.988058847,0.447994795,0.575720144,0.447994795
PFS,MS4A6A,0.873418719,0.639967132,0.55206324,1.192030372,0.158675494,-0.852937037,0.393694221,0.988058847,0.539846862,0.37582366,0.539846862
PFS,MSH2,0.948431381,0.728060663,0.507443645,1.235504308,0.134913229,-0.392443624,0.694730458,0.988058847,0.884188712,0.021217237,0.884188712
PFS,MSH6,0.967611792,0.729113041,0.555012367,1.284125407,0.144391522,-0.228021097,0.81962984,0.988058847,0.433029775,0.61468362,0.433029775
PFS,MSR1,0.90330437,0.686721692,0.501472587,1.188194279,0.139865049,-0.727098852,0.467165402,0.988058847,0.515100857,0.423691347,0.515100857
PFS,MSRB2,0.951114138,0.725915917,0.520258855,1.246174772,0.137859616,-0.363566986,0.716181383,0.988058847,0.764062728,0.090090034,0.764062728
PFS,MST1R,1.021081034,0.763020778,0.603398732,1.36641951,0.148641466,0.140350493,0.888383071,0.988058847,0.957864505,0.002791387,0.957864505
PFS,MTF1,1.023869912,0.753740652,0.637068766,1.390809418,0.156276552,0.150947019,0.88001751,0.988058847,0.629083978,0.233304998,0.629083978
PFS,MTF2,1.043819869,0.761770958,0.668527621,1.43029858,0.160715343,0.266850288,0.789584434,0.988058847,0.327693719,0.957990384,0.327693719
PFS,MUC1,0.924330974,0.698758032,0.523965301,1.222723332,0.142740218,-0.551246707,0.581464566,0.988058847,0.840497842,0.040504268,0.840497842
PFS,MUC4,0.963746731,0.718692396,0.573665456,1.292357852,0.149694122,-0.246681337,0.805154851,0.988058847,0.159858769,1.975561562,0.159858769
PFS,MX1,0.947682525,0.713551341,0.545085727,1.258637068,0.144780806,-0.371152252,0.710524135,0.988058847,0.599124015,0.276319109,0.599124015
PFS,MXI1,0.92777905,0.672589925,0.607200232,1.279790156,0.164114134,-0.456765458,0.647839636,0.988058847,0.041027184,4.174891736,0.041027184
PFS,MYB,1.04308015,0.763982763,0.660154339,1.424137103,0.158874384,0.265480296,0.790639487,0.988058847,0.402624511,0.700473877,0.402624511
PFS,MYBL2,1.323819392,0.948639939,0.898739356,1.847379295,0.170027104,1.6498607,0.09897143,0.988058847,0.281269964,1.160943444,0.281269964
PFS,MYC,1.021506805,0.773960473,0.574268781,1.348229255,0.141591006,0.150283534,0.880540923,0.988058847,0.255903512,1.290784039,0.255903512
PFS,MYCN,0.775714002,0.469434423,0.812389368,1.281823791,0.256257404,-0.991079195,0.321646911,0.988058847,0.391485226,0.734323896,0.391485226
PFS,MYCT1,0.924743801,0.688018262,0.554900924,1.242919186,0.150870806,-0.518579791,0.604053805,0.988058847,0.620319025,0.245419433,0.620319025
PFS,MYD88,0.827532206,0.606719766,0.521988395,1.128708161,0.158360569,-1.195419126,0.231923317,0.988058847,0.686091039,0.163349732,0.686091039
PFS,NAALAD2,0.845897699,0.637852296,0.483948037,1.121800333,0.144029016,-1.161966207,0.245249192,0.988058847,0.557426266,0.344180105,0.557426266
PFS,NANOG,1.156940977,0.860631961,0.694634966,1.555266927,0.15095571,0.965709965,0.334189332,0.988058847,0.760880901,0.092613226,0.760880901
PFS,NASP,1.053880726,0.79804818,0.59367805,1.39172623,0.141872805,0.369903739,0.711454215,0.988058847,0.647685547,0.20883056,0.647685547
PFS,NAT1,0.938020016,0.696501189,0.566786747,1.263287937,0.151891458,-0.421248122,0.673573908,0.988058847,0.446431118,0.579696983,0.446431118
PFS,NAT8L,1.332236057,0.936010307,0.960179188,1.896189495,0.180099007,1.592783776,0.111208706,0.988058847,0.162550392,1.950338379,0.162550392
PFS,NBN,0.922193304,0.677509682,0.577735096,1.255244778,0.157314633,-0.514894376,0.606626831,0.988058847,0.939102156,0.005836713,0.939102156
PFS,NCAM1,0.782968394,0.586628951,0.458391936,1.045020887,0.147298534,-1.66100057,0.096713332,0.988058847,0.782273634,0.076373369,0.782273634
PFS,NCF4,0.868852304,0.658499134,0.487902261,1.146401395,0.141436244,-0.993961133,0.32024179,0.988058847,0.691703859,0.157247032,0.691703859
PFS,NCOR1,0.913286022,0.701254078,0.488174098,1.189428176,0.134787598,-0.672956351,0.50097506,0.988058847,0.133453355,2.25186642,0.133453355
PFS,NCR1,0.953705946,0.694953599,0.613846057,1.308799656,0.16148782,-0.293519894,0.769124795,0.988058847,0.339905495,0.910787738,0.339905495
PFS,NDC1,0.811048013,0.603111846,0.487562934,1.09067478,0.151137774,-1.385676255,0.165845782,0.988058847,0.368784241,0.807756952,0.368784241
PFS,NDC80,0.979733422,0.730974187,0.582174204,1.313148391,0.14944273,-0.137007421,0.891024929,0.988058847,0.699737979,0.148744582,0.699737979
PFS,NDUFA1,0.963125159,0.710641664,0.594671715,1.30531338,0.155112573,-0.242223481,0.808607001,0.988058847,0.580380134,0.305620507,0.580380134
PFS,NDUFA11,1.00434665,0.761492674,0.563158538,1.324651212,0.141233186,0.030709712,0.975501045,0.999856866,0.878781653,0.02326048,0.878781653
PFS,NDUFA12,0.791292152,0.586891637,0.47998891,1.066880547,0.152465581,-1.535350029,0.124697871,0.988058847,0.432661308,0.615668927,0.432661308
PFS,NDUFA13,1.077911837,0.796384233,0.662577259,1.458961492,0.1544412,0.485788021,0.627117468,0.988058847,0.873974929,0.025157624,0.873974929
PFS,NDUFA2,0.833340118,0.631630328,0.467835169,1.099465496,0.141399315,-1.289351476,0.197275923,0.988058847,0.555841607,0.346955538,0.555841607
PFS,NDUFA3,1.178230336,0.872391482,0.718897238,1.59128872,0.153334759,1.06964395,0.284779605,0.988058847,0.107481699,2.590863878,0.107481699
PFS,NDUFA4L2,0.950082096,0.701019124,0.586614776,1.287633901,0.155111641,-0.330129194,0.741302345,0.988058847,0.92410564,0.009075109,0.92410564
PFS,NDUFA6,0.757401972,0.545869473,0.50503697,1.050906443,0.167102168,-1.662821994,0.096348073,0.988058847,0.709858758,0.138418068,0.709858758
PFS,NDUFA7,0.960962136,0.737746296,0.513968869,1.251715165,0.134867281,-0.295255238,0.767798908,0.988058847,0.583621456,0.300416458,0.583621456
PFS,NDUFB1,0.972966609,0.730293719,0.565984748,1.296278467,0.146381749,-0.187219479,0.851488553,0.988058847,0.942081551,0.005278586,0.942081551
PFS,NDUFB10,0.96164891,0.711309202,0.588784517,1.300093719,0.153850892,-0.254180217,0.799356333,0.988058847,0.747276045,0.103834226,0.747276045
PFS,NDUFB11,0.779518167,0.596569987,0.422000486,1.018570472,0.136471605,-1.825136331,0.067980459,0.988058847,0.886762896,0.020278181,0.886762896
PFS,NDUFB4,0.934154423,0.717644266,0.498340488,1.215984753,0.134526842,-0.506319177,0.612632603,0.988058847,0.19748342,1.660888375,0.19748342
PFS,NDUFB7,1.081400453,0.814476493,0.621325461,1.435801954,0.144628489,0.541089227,0.588446083,0.988058847,0.964802487,0.001947268,0.964802487
PFS,NDUFB8,0.565604101,0.397360514,0.407721994,0.805082508,0.180131065,-3.163590421,0.001558359,0.988058847,0.042642542,4.109516871,0.042642542
PFS,NDUFS7,1.060310843,0.798877241,0.608421686,1.407298927,0.144446582,0.405424013,0.685165863,0.988058847,0.760650555,0.092797368,0.760650555
PFS,NDUFS8,0.822822629,0.628514736,0.448686862,1.077201598,0.137441906,-1.418887628,0.15593178,0.988058847,0.844719918,0.038361054,0.844719918
PFS,NECTIN1,0.695812401,0.499362848,0.470182443,0.969545291,0.169261837,-2.142687332,0.032138213,0.988058847,0.477231213,0.50518381,0.477231213
PFS,NECTIN2,1.070421778,0.789413845,0.662046362,1.451460207,0.155368841,0.438007747,0.661380668,0.988058847,0.167760604,1.902841549,0.167760604
PFS,NEFL,0.863034657,0.644458336,0.51128561,1.155743946,0.149005123,-0.988559495,0.322878712,0.988058847,0.393253171,0.728859341,0.393253171
PFS,NEIL1,1.02355448,0.752976663,0.638386212,1.391362874,0.156636755,0.148632765,0.881843417,0.988058847,0.379065291,0.773731052,0.379065291
PFS,NEUROD1,1.066374753,0.778780276,0.681394241,1.460174518,0.160355572,0.400764463,0.688593545,0.988058847,0.488088211,0.480738027,0.488088211
PFS,NF1,0.889825328,0.637331102,0.605020184,1.242351286,0.170276536,-0.685532478,0.493007973,0.988058847,0.561128873,0.337753415,0.561128873
PFS,NF2,1.002978117,0.750850849,0.588916034,1.339766884,0.14771799,0.020130864,0.983938979,0.999856866,0.713373602,0.134930617,0.713373602
PFS,NFAM1,1.044538011,0.757005104,0.684279307,1.441284411,0.164268312,0.265265358,0.790805049,0.988058847,0.817440958,0.053286005,0.817440958
PFS,NFATC1,1.118221099,0.817362364,0.712459025,1.529821389,0.159906954,0.698775852,0.484692122,0.988058847,0.447405803,0.57721557,0.447405803
PFS,NFATC2,0.871402283,0.657436223,0.497568494,1.155004717,0.143755689,-0.95753807,0.33829574,0.988058847,0.92867233,0.008013003,0.92867233
PFS,NFATC3,1.010494309,0.751865506,0.606221467,1.358086972,0.150838203,0.069210755,0.944821862,0.995460902,0.241783049,1.370167839,0.241783049
PFS,NFATC4,0.933843687,0.680072498,0.602237895,1.282310393,0.161793615,-0.423046443,0.672261376,0.988058847,0.541774751,0.372260356,0.541774751
PFS,NFE2L2,1.08288899,0.821045933,0.607191537,1.42823747,0.141231516,0.563843419,0.5728607,0.988058847,0.328558015,0.954572961,0.328558015
PFS,NFIL3,0.869819094,0.643222108,0.53302051,1.176242618,0.153979953,-0.90576743,0.365058963,0.988058847,0.599497979,0.275753726,0.599497979
PFS,NFKB1,1.00691496,0.744090018,0.618484013,1.362574032,0.154331622,0.044651647,0.964384976,0.999856866,0.734635494,0.114897814,0.734635494
PFS,NFKB2,0.878980314,0.669829948,0.483606674,1.153436621,0.138644706,-0.930383725,0.352172442,0.988058847,0.422286543,0.643943091,0.422286543
PFS,NFKBIA,0.948619337,0.733376948,0.49365732,1.227034268,0.131302298,-0.401727019,0.687884938,0.988058847,0.51854428,0.416787715,0.51854428
PFS,NFKBIE,0.940818354,0.688531851,0.59701387,1.285545721,0.159282777,-0.382999305,0.701720279,0.988058847,0.441307977,0.592879012,0.441307977
PFS,NFKBIZ,1.091345171,0.79626808,0.699502391,1.495770471,0.160834793,0.543483379,0.586797032,0.988058847,0.730291781,0.118843891,0.730291781
PFS,NGF,0.956543559,0.70557354,0.591209189,1.296782729,0.155265774,-0.286147746,0.774764964,0.988058847,0.929790469,0.007763102,0.929790469
PFS,NGFR,1.054787992,0.758334858,0.708797632,1.46713249,0.168355143,0.316829,0.751373358,0.988058847,0.878389537,0.023412391,0.878389537
PFS,NID2,0.848403119,0.649944465,0.45751608,1.107460545,0.135956058,-1.209209669,0.226582304,0.988058847,0.357865122,0.845371157,0.357865122
PFS,NKD1,0.915490491,0.657949996,0.615889724,1.27383972,0.168539343,-0.523885403,0.600358248,0.988058847,0.581364348,0.304034161,0.581364348
PFS,NKG7,0.876198532,0.649637815,0.53213432,1.181772135,0.152644489,-0.865819525,0.38658914,0.988058847,0.629064733,0.233331181,0.629064733
PFS,NKX2.1,1.118833068,0.858738014,0.598967844,1.457705858,0.134991068,0.831804948,0.40551905,0.988058847,0.922274509,0.009519718,0.922274509
PFS,NKX2.5,0.838018193,0.616822433,0.521713479,1.138535912,0.156359311,-1.130188333,0.258396875,0.988058847,0.544842064,0.36663893,0.544842064
PFS,NKX3.1,0.998325008,0.736931324,0.615505178,1.352436502,0.154892733,-0.010822948,0.991364706,0.999856866,0.515610848,0.422663791,0.515610848
PFS,NLRC5,0.878983639,0.660918892,0.508078161,1.168997054,0.145479794,-0.886645432,0.375269826,0.988058847,0.648719481,0.207518359,0.648719481
PFS,NLRP3,0.840384161,0.621877169,0.513790087,1.135667256,0.153633704,-1.131888075,0.257681493,0.988058847,0.523638097,0.406721801,0.523638097
PFS,NOD1,0.982473328,0.748156769,0.542019142,1.29017591,0.139013093,-0.127197247,0.898784284,0.988058847,0.367471546,0.812196854,0.367471546
PFS,NOD2,0.878308788,0.663332553,0.499623078,1.162955631,0.143228027,-0.905947355,0.364963718,0.988058847,0.908407285,0.013235982,0.908407285
PFS,NOG,0.897253855,0.673069624,0.523039148,1.196108772,0.146681292,-0.739129377,0.45982844,0.988058847,0.892646782,0.018213081,0.892646782
PFS,NOS1,0.838994487,0.632027232,0.481709192,1.113736423,0.14452901,-1.214642959,0.224502297,0.988058847,0.595524025,0.281799736,0.595524025
PFS,NOS2,0.93124984,0.679035718,0.598108092,1.27714381,0.161152894,-0.441988226,0.658497726,0.988058847,0.784578369,0.074724358,0.784578369
PFS,NOS3,0.951125713,0.690618319,0.619280501,1.30989882,0.163298375,-0.306855688,0.758953219,0.988058847,0.506287359,0.441732656,0.506287359
PFS,NOTCH1,1.262439558,0.910714814,0.839288166,1.75000298,0.166621166,1.398657875,0.161915602,0.988058847,0.9032534,0.014775021,0.9032534
PFS,NOTCH2,1.030322167,0.800137009,0.526590483,1.326727492,0.12900433,0.231554528,0.816884029,0.988058847,0.936220362,0.006403399,0.936220362
PFS,NOTCH3,0.962031971,0.731154818,0.53465851,1.265813328,0.140014031,-0.276455113,0.782198531,0.988058847,0.220494767,1.501148268,0.220494767
PFS,NPM1,1.114353636,0.79546287,0.765620712,1.561083581,0.171995837,0.629518365,0.52900975,0.988058847,0.542047252,0.371758573,0.542047252
PFS,NPM2,0.934498009,0.70928966,0.52192317,1.23121283,0.140689068,-0.481528404,0.630140997,0.988058847,0.426711443,0.631757338,0.426711443
PFS,NR3C1,1.06822053,0.796549703,0.635997566,1.432547269,0.14972722,0.44076293,0.659384633,0.988058847,0.035300831,4.430564474,0.035300831
PFS,NR4A1,1.21865821,0.926635142,0.676075316,1.602710459,0.139770837,1.414818929,0.157121593,0.988058847,0.723682317,0.124991786,0.723682317
PFS,NR4A3,0.948892875,0.69921601,0.588508634,1.287724644,0.155786632,-0.336738577,0.736313979,0.988058847,0.656325397,0.198018051,0.656325397
PFS,NRAS,0.838883762,0.618717851,0.518676139,1.13739399,0.155320608,-1.131099912,0.258013041,0.988058847,0.176628292,1.82576745,0.176628292
PFS,NRDE2,1.211183218,0.927755163,0.653443032,1.581198194,0.136015337,1.408648112,0.158939245,0.988058847,0.569331183,0.323802853,0.569331183
PFS,NRP1,0.873518914,0.661666362,0.491536125,1.153202487,0.141721145,-0.95416599,0.339999627,0.988058847,0.042527967,4.114067378,0.042527967
PFS,NSD1,0.859847499,0.630655486,0.541676693,1.172332179,0.15816378,-0.95470804,0.339725363,0.988058847,0.529035872,0.39624312,0.529035872
PFS,NSD2,1.013650419,0.76662461,0.573649569,1.34027418,0.14251084,0.09513726,0.924205803,0.993870577,0.583333823,0.300875913,0.583333823
PFS,NSD3,1.136273041,0.842332001,0.690456047,1.532788048,0.152724585,0.836496914,0.402875412,0.988058847,0.785778494,0.073873339,0.785778494
PFS,NT5E,0.889538337,0.670569154,0.509441063,1.180010217,0.144173961,-0.81188498,0.416857634,0.988058847,0.899709011,0.015883295,0.899709011
PFS,NTF3,0.949460481,0.689303349,0.618502866,1.307806215,0.163376706,-0.317434303,0.750914082,0.988058847,0.567311294,0.327202036,0.567311294
PFS,NTHL1,0.904855088,0.68896235,0.499437466,1.188399816,0.139078159,-0.718879751,0.472215014,0.988058847,0.576815967,0.311410445,0.576815967
PFS,NTRK1,0.994183868,0.726201939,0.634854139,1.361056078,0.160255005,-0.036398937,0.970964262,0.999856866,0.840537433,0.040483889,0.840537433
PFS,NTRK2,0.858185227,0.637072221,0.518969213,1.156041434,0.152011432,-1.006077752,0.31437817,0.988058847,0.461844697,0.541420316,0.461844697
PFS,NUF2,0.871219051,0.670543421,0.461408085,1.131951506,0.133576424,-1.032082129,0.302033645,0.988058847,0.147035039,2.102744198,0.147035039
PFS,NUMBL,1.149106101,0.829533132,0.762259626,1.591792758,0.166266609,0.835912502,0.403204129,0.988058847,0.579627182,0.30683775,0.579627182
PFS,NUP107,1.195988747,0.859461911,0.804822526,1.664284438,0.16858576,1.061615449,0.288410297,0.988058847,0.166113557,1.917671706,0.166113557
PFS,NUPR1,1.151790192,0.860188298,0.682056174,1.542244471,0.148942218,0.948807008,0.342718777,0.988058847,0.902464227,0.015018262,0.902464227
PFS,OAS1,0.88859569,0.659448132,0.537920187,1.197368319,0.152165561,-0.776213341,0.43762303,0.988058847,0.524917349,0.404221037,0.524917349
PFS,OAS2,0.941392966,0.710287892,0.537404382,1.247692274,0.143722175,-0.420217843,0.674326321,0.988058847,0.70541656,0.142898282,0.70541656
PFS,OAS3,0.772073874,0.555069113,0.518847726,1.073916839,0.168364116,-1.536402459,0.124439704,0.988058847,0.210650581,1.566949448,0.210650581
PFS,OASL,0.997727836,0.742074581,0.599382006,1.341456588,0.151038887,-0.015060683,0.987983768,0.999856866,0.673889442,0.177086112,0.673889442
PFS,OAT,0.80872576,0.595535503,0.502698526,1.098234029,0.15612474,-1.359780684,0.173899337,0.988058847,0.751514123,0.100263108,0.751514123
PFS,OAZ1,1.106223037,0.78659727,0.769128199,1.555725469,0.173977908,0.580254958,0.561742697,0.988058847,0.443797289,0.586444557,0.443797289
PFS,OLFML2B,0.970592548,0.73730489,0.540388919,1.277693809,0.140260364,-0.212807947,0.831476765,0.988058847,0.545140774,0.366094611,0.545140774
PFS,OPN3,0.959949964,0.69490679,0.631175998,1.326082788,0.164851723,-0.247944733,0.804177169,0.988058847,0.636446997,0.223419096,0.636446997
PFS,ORC6,0.925845795,0.707319628,0.504565922,1.21188555,0.137362238,-0.560908061,0.574860214,0.988058847,0.631248552,0.230371434,0.631248552
PFS,OSM,0.884373454,0.649142858,0.555701957,1.204844815,0.157771583,-0.778821152,0.436085076,0.988058847,0.637067076,0.222598512,0.637067076
PFS,OTC,0.836720261,0.617010103,0.517656561,1.134666664,0.155413264,-1.147041609,0.251364425,0.988058847,0.712005372,0.136282173,0.712005372
PFS,OTOA,0.903112999,0.669476384,0.548808693,1.218285077,0.152733312,-0.667225732,0.504627957,0.988058847,0.51419866,0.425513496,0.51419866
PFS,P2RY13,0.848590188,0.628861905,0.516231004,1.145092908,0.152892955,-1.073816048,0.282905136,0.988058847,0.634659247,0.225795278,0.634659247
PFS,P4HA1,1.063284658,0.794687987,0.627976356,1.422664343,0.148558118,0.413056194,0.679565444,0.988058847,0.155318188,2.019227038,0.155318188
PFS,P4HA2,0.988546968,0.763461978,0.516529872,1.279991849,0.131825296,-0.087381733,0.930368089,0.993870577,0.673940587,0.177027174,0.673940587
PFS,PAK3,0.75261615,0.558379981,0.456038674,1.014418655,0.152306695,-1.865971431,0.062045363,0.988058847,0.659344778,0.194320489,0.659344778
PFS,PAK5,1.024380214,0.754074647,0.637504858,1.391579505,0.156304747,0.154107673,0.877524839,0.988058847,0.370439539,0.802189539,0.370439539
PFS,PALMD,0.951602628,0.712528005,0.558365988,1.270893993,0.147619204,-0.336052071,0.736831601,0.988058847,0.506154619,0.442008519,0.506154619
PFS,PARP12,0.785909465,0.600613341,0.427758235,1.028371575,0.137191416,-1.756040465,0.0790815,0.988058847,0.53755478,0.380090549,0.53755478
PFS,PARP4,0.962403593,0.727065917,0.546849768,1.273915685,0.143072402,-0.26784607,0.788817807,0.988058847,0.287553952,1.131038414,0.287553952
PFS,PARP9,0.895797974,0.659981595,0.555891721,1.215873316,0.155871723,-0.705967473,0.480208365,0.988058847,0.327289889,0.959591228,0.327289889
PFS,PASD1,0.870164722,0.650268742,0.514152356,1.164421098,0.148623548,-0.935738323,0.349407934,0.988058847,0.688195278,0.161046036,0.688195278
PFS,PAX3,0.865833934,0.644661578,0.518225164,1.162886742,0.150496457,-0.957246129,0.338443039,0.988058847,0.907811429,0.01340953,0.907811429
PFS,PAX5,1.03406505,0.73642633,0.715572988,1.451999317,0.173188775,0.193417185,0.846632258,0.988058847,0.456840634,0.553624159,0.456840634
PFS,PAX8,0.901063321,0.66756014,0.548682502,1.216242642,0.153036511,-0.680750916,0.496029113,0.988058847,0.545812351,0.364872857,0.545812351
PFS,PBK,0.800024038,0.615103873,0.425433325,1.040537198,0.134109924,-1.663661404,0.096180113,0.988058847,0.557919261,0.34331971,0.557919261
PFS,PBRM1,0.962380919,0.736848033,0.5200964,1.256944433,0.136241617,-0.281448076,0.778366749,0.988058847,0.427626707,0.629260473,0.427626707
PFS,PBX1,0.844642927,0.628475742,0.50668609,1.135161832,0.150827535,-1.119432951,0.26295548,0.988058847,0.500255766,0.454393789,0.500255766
PFS,PBX3,0.956840565,0.736005708,0.507930114,1.243935823,0.133879452,-0.329538997,0.741748323,0.988058847,0.349917615,0.873755885,0.349917615
PFS,PC,0.836214122,0.623868617,0.496966825,1.120835442,0.149464435,-1.196743373,0.231406596,0.988058847,0.696512473,0.152125395,0.696512473
PFS,PCK1,0.99837989,0.739573803,0.608178646,1.34775245,0.153094536,-0.010590997,0.991549765,0.999856866,0.416760854,0.659431112,0.416760854
PFS,PCK2,1.058002273,0.802184464,0.593216296,1.39540076,0.141226664,0.399233973,0.689720813,0.988058847,0.769811477,0.085627343,0.769811477
PFS,PCNA,1.022532951,0.768836709,0.591105686,1.359942395,0.145492218,0.153154816,0.878276189,0.988058847,0.167085929,1.908896135,0.167085929
PFS,PDCD1,1.040627963,0.762977485,0.656339046,1.419316531,0.158345307,0.251503136,0.801425138,0.988058847,0.993418567,6.80E-05,0.993418567
PFS,PDCD1LG2,0.940768979,0.681389854,0.617493989,1.298883843,0.164575977,-0.370999922,0.71063759,0.988058847,0.441654117,0.591980955,0.441654117
PFS,PDGFA,0.850802006,0.648285625,0.468296363,1.116581989,0.138700539,-1.164925811,0.244049024,0.988058847,0.984303344,0.000387071,0.984303344
PFS,PDGFB,0.891377531,0.670704937,0.513949983,1.18465492,0.145124478,-0.792335151,0.428165281,0.988058847,0.612835977,0.256065803,0.612835977
PFS,PDGFC,0.904159967,0.675858321,0.533722476,1.209580797,0.148483764,-0.67851849,0.497443005,0.988058847,0.225310607,1.4702224,0.225310607
PFS,PDGFD,0.867357558,0.645961799,0.518672295,1.164634093,0.150365484,-0.946387261,0.3439511,0.988058847,0.372118607,0.796577527,0.372118607
PFS,PDGFRA,0.873686565,0.653778609,0.513785155,1.167563764,0.147937879,-0.912772244,0.361362339,0.988058847,0.680253901,0.16984016,0.680253901
PFS,PDGFRB,0.971335982,0.741782156,0.530145974,1.27192813,0.137562127,-0.211416138,0.832562565,0.988058847,0.170525189,1.878320218,0.170525189
PFS,PDK1,1.086299507,0.814834966,0.633368248,1.448203215,0.146710172,0.564221083,0.572603681,0.988058847,0.329876341,0.949383229,0.329876341
PFS,PDPN,0.843406748,0.632663443,0.491686241,1.124349684,0.146691852,-1.160977481,0.245651057,0.988058847,0.532138292,0.390306585,0.532138292
PFS,PDZK1IP1,1.009414418,0.740982005,0.634108699,1.375090704,0.157732142,0.059406903,0.952628015,0.996085748,0.460735354,0.544107642,0.460735354
PFS,PEBP1,0.904111874,0.691168469,0.491492946,1.182661415,0.137027777,-0.735633129,0.461953996,0.988058847,0.8232121,0.04991451,0.8232121
PFS,PECAM1,1.008906873,0.758565095,0.583301392,1.341866487,0.14550987,0.060940476,0.951406614,0.996085748,0.473298441,0.514264849,0.473298441
PFS,PF4,1.042341021,0.746473473,0.709003305,1.455476778,0.170342091,0.243446381,0.807659618,0.988058847,0.612231178,0.256938663,0.612231178
PFS,PFKFB3,1.061675055,0.772505976,0.686581663,1.459087639,0.162229223,0.368909496,0.712195185,0.988058847,0.244357591,1.35527762,0.244357591
PFS,PFKM,0.888125973,0.659228805,0.537271923,1.196500728,0.152065509,-0.780201145,0.435272488,0.988058847,0.730712656,0.118458286,0.730712656
PFS,PGF,1.351209956,0.970999522,0.90929836,1.880297882,0.168589709,1.785402305,0.074196085,0.988058847,0.976828381,0.000843635,0.976828381
PFS,PGM2,0.838588143,0.636314682,0.468846167,1.105160849,0.140832421,-1.249964903,0.211312368,0.988058847,0.979329392,0.000671311,0.979329392
PFS,PGPEP1,1.066939276,0.771672863,0.703511084,1.475183947,0.16530336,0.391970618,0.695079923,0.988058847,0.272265073,1.205299366,0.272265073
PFS,PGR,0.905783863,0.670636478,0.552745239,1.223381717,0.153356638,-0.645257777,0.51876015,0.988058847,0.658764526,0.195027837,0.658764526
PFS,PHF6,0.974781832,0.711293641,0.624581679,1.33587532,0.160782721,-0.158857836,0.87378088,0.988058847,0.542398346,0.371112754,0.542398346
PFS,PHGDH,0.946802364,0.719408273,0.526664021,1.246072294,0.140135914,-0.390084902,0.696473767,0.988058847,0.635451413,0.224740473,0.635451413
PFS,PIAS4,1.505107018,1.060980114,1.074165593,2.135145707,0.178406792,2.291751334,0.021919996,0.988058847,0.001200792,10.48912473,0.001200792
PFS,PIK3CA,0.776057866,0.586562864,0.440208262,1.026771126,0.142832849,-1.774999188,0.075898021,0.988058847,0.159851953,1.975626047,0.159851953
PFS,PIK3CB,1.037231278,0.773853128,0.616396113,1.390249241,0.149455864,0.244586794,0.80677639,0.988058847,0.003316036,8.624872799,0.003316036
PFS,PIK3CD,0.987890478,0.719825725,0.635957435,1.35578316,0.161514552,-0.07543246,0.939870633,0.99504364,0.507788467,0.438621671,0.507788467
PFS,PIK3CG,0.95757704,0.715360086,0.566447222,1.281807308,0.148788522,-0.291347085,0.77078588,0.988058847,0.975992727,0.0009056,0.975992727
PFS,PIK3R1,0.760587092,0.568001387,0.450469233,1.01847062,0.148965372,-1.837102478,0.066194768,0.988058847,0.376864633,0.780904569,0.376864633
PFS,PIK3R2,1.15002163,0.880451199,0.621676066,1.502127265,0.136278794,1.025697006,0.305034426,0.988058847,0.712826266,0.135470365,0.712826266
PFS,PIK3R3,0.909224007,0.681409336,0.531794315,1.213203652,0.147159995,-0.646668839,0.517846295,0.988058847,0.300107598,1.073715987,0.300107598
PFS,PIK3R5,0.914411536,0.689277242,0.523802787,1.213080029,0.14420528,-0.620466537,0.534950678,0.988058847,0.883948642,0.021305921,0.883948642
PFS,PIM1,0.941076651,0.675973659,0.634173934,1.310147593,0.168814573,-0.359747887,0.719035678,0.988058847,0.14728553,2.100141271,0.14728553
PFS,PIN1,0.987563647,0.75269836,0.543015845,1.295714205,0.138561926,-0.090315803,0.928036263,0.993870577,0.984575954,0.000373741,0.984575954
PFS,PITX2,0.914947412,0.657137649,0.616764048,1.273901697,0.16886692,-0.526383075,0.598622073,0.988058847,0.268571195,1.224030077,0.268571195
PFS,PKM,0.81368637,0.590991399,0.529304955,1.120296354,0.16315276,-1.263725367,0.206328617,0.988058847,0.928808155,0.007982434,0.928808155
PFS,PKMYT1,1.117038105,0.829994508,0.673357764,1.503352272,0.151541983,0.730362843,0.465168424,0.988058847,0.237770336,1.393764839,0.237770336
PFS,PKP3,1.172927591,0.877561936,0.690144089,1.567706025,0.148018323,1.07758847,0.28121745,0.988058847,0.473695767,0.513341839,0.473695767
PFS,PLA2G10,0.956186144,0.707942354,0.583535598,1.291477952,0.15336503,-0.292130963,0.770186493,0.988058847,0.541931204,0.371972207,0.541931204
PFS,PLA2G1B,0.934424161,0.692209034,0.56918524,1.261394274,0.153085714,-0.443051206,0.657728697,0.988058847,0.918404091,0.010494817,0.918404091
PFS,PLA2G2A,1.004627861,0.738295716,0.628740712,1.367036428,0.157160041,0.029378876,0.97656242,0.999856866,0.342292002,0.901828104,0.342292002
PFS,PLA2G3,0.966275252,0.704041621,0.622141143,1.326182764,0.161539325,-0.212372715,0.831816271,0.988058847,0.721329064,0.127222829,0.721329064
PFS,PLA2G4C,0.921269072,0.686548364,0.549688947,1.236237311,0.150041264,-0.546537209,0.584696718,0.988058847,0.39079476,0.736467685,0.39079476
PFS,PLA2G4F,0.918567961,0.679362113,0.562636936,1.241999049,0.15391181,-0.551870489,0.581037088,0.988058847,0.457528116,0.551935036,0.457528116
PFS,PLA2G5,0.886812416,0.659166874,0.533909252,1.193076126,0.151358267,-0.793625635,0.427413404,0.988058847,0.672256702,0.178973713,0.672256702
PFS,PLA2G6,1.101876317,0.797622038,0.724566871,1.522188908,0.164867775,0.588438037,0.556238313,0.988058847,0.587559795,0.294171275,0.587559795
PFS,PLAT,1.004111967,0.749308383,0.596253558,1.345561941,0.149343657,0.027477137,0.978079175,0.999856866,0.692824386,0.156044806,0.692824386
PFS,PLAU,0.823136945,0.626393678,0.455281398,1.081675076,0.139361506,-1.396602991,0.16253299,0.988058847,0.196248852,1.670072288,0.196248852
PFS,PLAUR,0.873036674,0.641538552,0.546531957,1.188070509,0.157200993,-0.863720465,0.387741469,0.988058847,0.318817906,0.993789672,0.318817906
PFS,PLCB1,0.814915284,0.61413925,0.467190302,1.081329553,0.144320238,-1.418173363,0.156140157,0.988058847,0.499639129,0.455702851,0.499639129
PFS,PLCB4,0.996683054,0.736008782,0.613672275,1.349681057,0.154692011,-0.021477897,0.982864435,0.999856866,0.636685077,0.223103813,0.636685077
PFS,PLCE1,0.851524626,0.634323264,0.508775581,1.143098844,0.150242412,-1.069783529,0.284716758,0.988058847,0.682319616,0.167526378,0.682319616
PFS,PLCG2,0.888829281,0.65823522,0.541970217,1.200205438,0.153238957,-0.769060944,0.441857132,0.988058847,0.965518359,0.001868815,0.965518359
PFS,PLD1,0.891965163,0.67230466,0.511090161,1.183394821,0.14424524,-0.792596007,0.428013236,0.988058847,0.88288059,0.021702756,0.88288059
PFS,PLK1,0.909835293,0.694839316,0.496515636,1.191354952,0.137544858,-0.686988188,0.492090172,0.988058847,0.057881137,3.597080451,0.057881137
PFS,PLOD2,1.056244358,0.774916864,0.664788728,1.439705592,0.158022845,0.346276248,0.729135117,0.988058847,0.108552369,2.575171024,0.108552369
PFS,PMAIP1,1.02031582,0.765212187,0.595252779,1.360464966,0.146795719,0.137008128,0.89102437,0.988058847,0.73674051,0.113012199,0.73674051
PFS,PMEL,0.884769517,0.657235623,0.53383965,1.191075272,0.151678598,-0.807154747,0.419577334,0.988058847,0.559078776,0.341301772,0.559078776
PFS,PML,0.930570921,0.717112087,0.49045679,1.207568878,0.132944348,-0.541256465,0.588330823,0.988058847,0.870857314,0.026428879,0.870857314
PFS,PMS2,0.968388297,0.727321986,0.562032538,1.289354525,0.146055675,-0.219930782,0.825925063,0.988058847,0.179146298,1.804691922,0.179146298
PFS,PNMA1,1.002813664,0.757402867,0.570338668,1.327741534,0.143201454,0.019620701,0.98434595,0.999856866,0.38223427,0.763503693,0.38223427
PFS,PNOC,0.895858404,0.671425258,0.523886165,1.195311423,0.147135186,-0.74742767,0.454805448,0.988058847,0.336424584,0.92400882,0.336424584
PFS,POLB,0.906412658,0.677797949,0.534338953,1.212136902,0.148291215,-0.662619188,0.507574478,0.988058847,0.57223339,0.318959881,0.57223339
PFS,POLD1,1.026438653,0.764675968,0.613131563,1.377807531,0.150205973,0.173729391,0.862078138,0.988058847,0.417851979,0.656348636,0.417851979
PFS,POLD4,0.926160498,0.685332803,0.566282857,1.25161566,0.153647201,-0.499245902,0.617606161,0.988058847,0.753184721,0.098874302,0.753184721
PFS,POLE2,1.082662315,0.798408465,0.669709347,1.468117812,0.155389624,0.51112238,0.609265365,0.988058847,0.936219965,0.006403479,0.936219965
PFS,POLR1B,0.829561569,0.623122999,0.481269549,1.104392548,0.145999316,-1.279854954,0.200596153,0.988058847,0.251217445,1.316520631,0.251217445
PFS,POLR2A,0.931513363,0.700858989,0.537217655,1.238076644,0.14515768,-0.488742611,0.625023932,0.988058847,0.558611875,0.342113374,0.558611875
PFS,POLR2D,0.967918751,0.730373979,0.552347937,1.282721916,0.143671745,-0.226955758,0.820458145,0.988058847,0.31380722,1.01458372,0.31380722
PFS,POLR2H,0.832464782,0.612514116,0.518884482,1.131398599,0.156543146,-1.17133434,0.241464413,0.988058847,0.207291381,1.590243266,0.207291381
PFS,POLR2J,0.998284229,0.723603926,0.653629346,1.377233272,0.164183556,-0.010459296,0.991654842,0.999856866,0.605462683,0.266835212,0.605462683
PFS,POU2AF1,0.952090482,0.714061822,0.555402891,1.269464713,0.14678358,-0.33447341,0.738022353,0.988058847,0.207944056,1.585682597,0.207944056
PFS,POU2F2,0.893652482,0.666888933,0.530633952,1.197522885,0.149336143,-0.752920888,0.451497455,0.988058847,0.367916743,0.810688603,0.367916743
PFS,POU2F3,0.985817317,0.729525742,0.602621606,1.332147348,0.153613234,-0.092988202,0.925912934,0.993870577,0.729641498,0.11944106,0.729641498
PFS,PPARGC1A,0.817236184,0.578719625,0.57533659,1.154056215,0.176079776,-1.146225558,0.251701835,0.988058847,0.481727025,0.494951057,0.481727025
PFS,PPARGC1B,0.962357807,0.713480706,0.584567777,1.298048483,0.152671646,-0.25131685,0.801569149,0.988058847,0.742002148,0.108374709,0.742002148
PFS,PPBP,0.923476279,0.683143525,0.565215578,1.248359103,0.153798814,-0.517625354,0.604719688,0.988058847,0.921661828,0.009670877,0.921661828
PFS,PPL,0.914865602,0.675369481,0.563921149,1.239290629,0.154858586,-0.574576524,0.565577733,0.988058847,0.180332962,1.794877941,0.180332962
PFS,PPP2CB,0.980702286,0.731368296,0.583669531,1.315037827,0.149672024,-0.130193639,0.896413227,0.988058847,0.98733344,0.000252042,0.98733344
PFS,PPP2R1A,1.002722051,0.751101731,0.587533861,1.338635592,0.147417264,0.018439852,0.985287961,0.999856866,0.310517413,1.028473735,0.310517413
PFS,PPP2R2B,0.933172816,0.687757921,0.578401986,1.266159907,0.155693419,-0.444237588,0.656870819,0.988058847,0.803091108,0.062174745,0.803091108
PFS,PPP2R3A,0.987624169,0.731209468,0.602746862,1.33395633,0.153371318,-0.081195426,0.935286537,0.994789016,0.167841058,1.902121408,0.167841058
PFS,PPP3CA,1.061003091,0.800624227,0.605438097,1.406062323,0.143665061,0.412172402,0.680213064,0.988058847,0.894372804,0.017628704,0.894372804
PFS,PPP3CB,0.768855841,0.513452887,0.637849051,1.151301938,0.205996241,-1.276002852,0.201954511,0.988058847,0.45003034,0.570575447,0.45003034
PFS,PPP3CC,0.969916031,0.741412131,0.527432912,1.268845043,0.137070299,-0.222847526,0.823654178,0.988058847,0.972291722,0.001206462,0.972291722
PFS,PPP3R1,0.725558915,0.529566069,0.464522809,0.994088878,0.160658228,-1.996866307,0.045839708,0.988058847,0.930974049,0.00750292,0.930974049
PFS,PPP3R2,0.884068477,0.651656133,0.547714257,1.19937039,0.155624034,-0.791784881,0.428486119,0.988058847,0.619164902,0.247043041,0.619164902
PFS,PRAME,0.836829321,0.626613369,0.490955051,1.11756842,0.147599864,-1.206878797,0.227478824,0.988058847,0.583333321,0.300876714,0.583333321
PFS,PRC1,0.831837723,0.610445927,0.523076255,1.133522181,0.157884361,-1.166156676,0.243551106,0.988058847,0.099809322,2.708587649,0.099809322
PFS,PRDM1,0.905849499,0.668234337,0.559723086,1.227957423,0.155224414,-0.637026742,0.524107425,0.988058847,0.41326343,0.66939267,0.41326343
PFS,PRDX5,0.89974582,0.671402538,0.534345868,1.205748406,0.149361641,-0.707296585,0.479382188,0.988058847,0.506844175,0.44057683,0.506844175
PFS,PRF1,0.838393729,0.620436429,0.512482291,1.13291872,0.153607254,-1.147520316,0.251166642,0.988058847,0.797576372,0.065784548,0.797576372
PFS,PRG2,0.856329976,0.628090625,0.539417693,1.167508318,0.158151542,-0.980701732,0.326739849,0.988058847,0.91773389,0.010668543,0.91773389
PFS,PRKAA2,0.830671487,0.612403165,0.514330266,1.126733431,0.155535288,-1.192789671,0.232951756,0.988058847,0.728387253,0.120597593,0.728387253
PFS,PRKACA,0.940191594,0.720599225,0.506102391,1.226701616,0.135717063,-0.454413026,0.649531578,0.988058847,0.623099145,0.241535699,0.623099145
PFS,PRKACB,0.801334682,0.588459396,0.502758244,1.09121764,0.157538998,-1.405852465,0.159767939,0.988058847,0.95862142,0.002691911,0.95862142
PFS,PRKACG,0.893797362,0.643586874,0.597696557,1.241283431,0.167565357,-0.670044194,0.502829618,0.988058847,0.591815872,0.287517364,0.591815872
PFS,PRKAR1B,0.922154293,0.638844123,0.692260774,1.331104896,0.187274906,-0.432747375,0.665198309,0.988058847,0.859665876,0.031258066,0.859665876
PFS,PRKAR2A,0.788354989,0.584541958,0.478689824,1.063231782,0.152615008,-1.55821371,0.119182596,0.988058847,0.962597939,0.00219902,0.962597939
PFS,PRKAR2B,0.874946114,0.673385567,0.46345303,1.136838596,0.133596449,-0.999974027,0.317323077,0.988058847,0.654337119,0.200475737,0.654337119
PFS,PRKCA,0.780714587,0.59335261,0.433886937,1.027239547,0.140013182,-1.768016682,0.077058115,0.988058847,0.407146107,0.687118825,0.407146107
PFS,PRKCB,0.922107937,0.675798449,0.58239184,1.25819029,0.158557712,-0.511441502,0.609041941,0.988058847,0.808629451,0.058658179,0.808629451
PFS,PRKCD,0.959367303,0.72981939,0.531294846,1.261114236,0.139531603,-0.297289434,0.766245547,0.988058847,0.732959479,0.116411588,0.732959479
PFS,PRKCE,0.882393043,0.659076694,0.522299447,1.181376141,0.148879101,-0.840397978,0.400685282,0.988058847,0.839296246,0.041125304,0.839296246
PFS,PRKCG,0.954046503,0.698843581,0.603600565,1.302444145,0.158822038,-0.296198587,0.767078428,0.988058847,0.184375202,1.762000377,0.184375202
PFS,PRKDC,1.093229615,0.79657938,0.703774533,1.500353913,0.161515599,0.551874029,0.581034663,0.988058847,0.257952743,1.27971118,0.257952743
PFS,PRKX,0.953913877,0.68052883,0.656595542,1.337124372,0.172300719,-0.273834537,0.784211781,0.988058847,0.2857387,1.139591321,0.2857387
PFS,PRL,1.031802775,0.748908783,0.672648809,1.421557592,0.163495671,0.191488488,0.848142899,0.988058847,0.321833246,0.981481804,0.321833246
PFS,PRLR,0.955066044,0.705890423,0.586308931,1.292199355,0.154247976,-0.298057619,0.765659187,0.988058847,0.970695365,0.001349547,0.970695365
PFS,PRM1,1.068039389,0.737257112,0.80997535,1.547232462,0.189107151,0.348081077,0.727779295,0.988058847,0.115147804,2.482108369,0.115147804
PFS,PRMT8,1.158636034,0.837378502,0.76576447,1.603142972,0.16567783,0.888733763,0.374146181,0.988058847,0.936071418,0.006433406,0.936071418
PFS,PROM1,0.907935388,0.676659144,0.541600707,1.218259851,0.150005588,-0.643856423,0.519668542,0.988058847,0.259456908,1.271652459,0.259456908
PFS,PRR5,0.859014583,0.646156013,0.495837622,1.141993635,0.145280689,-1.046039783,0.295542665,0.988058847,0.885316594,0.020803118,0.885316594
PFS,PRUNE1,1.014615882,0.728626166,0.684231944,1.41285811,0.168934013,0.085892111,0.931552183,0.993870577,0.261139697,1.26270497,0.261139697
PFS,PSAT1,1.022173744,0.776145931,0.570043129,1.346189061,0.140485337,0.156112241,0.87594455,0.988058847,0.446323537,0.579971386,0.446323537
PFS,PSEN1,1.180951583,0.889402256,0.678669594,1.56807185,0.144658885,1.149743,0.250249738,0.988058847,0.594450219,0.283447862,0.594450219
PFS,PSEN2,1.026428416,0.777285522,0.578143419,1.355428941,0.141856049,0.183885135,0.854103566,0.988058847,0.584908579,0.29836605,0.584908579
PFS,PSMB10,0.990107576,0.733668119,0.602512352,1.33618047,0.152939967,-0.065003802,0.948170973,0.996085748,0.201784237,1.629413155,0.201784237
PFS,PSMB2,0.797036333,0.600995301,0.456029464,1.057024765,0.144039968,-1.574944905,0.115269162,0.988058847,0.54626262,0.364055276,0.54626262
PFS,PSMB5,0.845423836,0.630408718,0.503365996,1.133774713,0.149732198,-1.121450147,0.262096301,0.988058847,0.975868986,0.000914963,0.975868986
PFS,PSMB7,0.878752119,0.67219646,0.476582703,1.148779163,0.136712821,-0.945430163,0.344439309,0.988058847,0.886674753,0.020309976,0.886674753
PFS,PSMB8,0.817594083,0.599406163,0.515797726,1.115203889,0.158383801,-1.271527112,0.203541189,0.988058847,0.906786488,0.013710732,0.906786488
PFS,PSMB9,0.854526203,0.629878974,0.529415212,1.159294186,0.155625039,-1.010172354,0.312412722,0.988058847,0.839294555,0.041126181,0.839294555
PFS,PSMC4,0.93968242,0.676110945,0.629892245,1.30600319,0.167954507,-0.370417637,0.711071335,0.988058847,0.278629534,1.173762306,0.278629534
PFS,PSMD7,0.919119093,0.691227725,0.530916405,1.22214413,0.145383475,-0.580118032,0.561835024,0.988058847,0.347881018,0.88117149,0.347881018
PFS,PSPH,1.078121927,0.802783125,0.645113391,1.447896516,0.150457486,0.499945687,0.617113322,0.988058847,0.35238366,0.864854826,0.35238366
PFS,PTCD2,0.782982207,0.574333616,0.49309674,1.067430356,0.158114911,-1.547262718,0.121799908,0.988058847,0.45062185,0.569087242,0.45062185
PFS,PTCH1,1.00906666,0.748845163,0.6108692,1.359714364,0.152170575,0.059313733,0.952702223,0.996085748,0.747723764,0.10345371,0.747723764
PFS,PTCRA,1.089309176,0.777554328,0.748505573,1.526059901,0.172016158,0.497300446,0.618977197,0.988058847,0.650193877,0.205655783,0.650193877
PFS,PTEN,0.905171321,0.695880906,0.481526196,1.177407102,0.134158433,-0.742637237,0.457701338,0.988058847,0.25110041,1.317170941,0.25110041
PFS,PTGDR2,0.880812496,0.654684064,0.530361817,1.18504588,0.15137625,-0.838377928,0.401818482,0.988058847,0.833014191,0.044452389,0.833014191
PFS,PTGER4,1.001393135,0.743290679,0.605829173,1.349119852,0.152074352,0.009154506,0.992695863,0.999856866,0.871234365,0.026273422,0.871234365
PFS,PTGS2,0.878292655,0.662194907,0.502715877,1.164910784,0.144094446,-0.900627502,0.367786407,0.988058847,0.699175176,0.149331338,0.699175176
PFS,PTPN11,0.979881428,0.734309624,0.57326906,1.307578685,0.147196991,-0.13807148,0.890183925,0.988058847,0.736289348,0.113414874,0.736289348
PFS,PTPN5,0.824432219,0.60520931,0.517854187,1.123063497,0.157717472,-1.224089798,0.220918354,0.988058847,0.81673234,0.053707975,0.81673234
PFS,PTPRC,0.862163185,0.640277547,0.52066486,1.160942407,0.151810347,-0.976947356,0.328595215,0.988058847,0.547538407,0.36174553,0.547538407
PFS,PTPRR,0.862699589,0.631525653,0.546970546,1.178496199,0.159149846,-0.927985497,0.353415093,0.988058847,0.65197487,0.203419371,0.65197487
PFS,PTTG1,0.903801673,0.692319991,0.487564274,1.179884265,0.136003359,-0.743697305,0.45705962,0.988058847,0.609090459,0.261501524,0.609090459
PFS,PTTG2,0.763210507,0.555957913,0.491765781,1.047723694,0.161656691,-1.671575672,0.094608025,0.988058847,0.634144163,0.226482759,0.634144163
PFS,PUM1,1.174663302,0.859736583,0.745213003,1.604949587,0.159243125,1.010916829,0.312056239,0.988058847,0.788122438,0.072226307,0.788122438
PFS,PURA,0.848747306,0.632689598,0.505897145,1.138586744,0.14989131,-1.094084601,0.273917876,0.988058847,0.256814942,1.28584574,0.256814942
PFS,PVR,0.996719658,0.742073708,0.596674811,1.338748519,0.150523669,-0.021828687,0.982584611,0.999856866,0.258680059,1.275807279,0.258680059
PFS,PVRIG,1.386417678,1.005327215,0.906641297,1.911968512,0.163987776,1.9923632,0.046331222,0.988058847,0.152290437,2.049157562,0.152290437
PFS,PYCARD,0.893736793,0.674015512,0.511069167,1.185084678,0.143960907,-0.780378258,0.435168261,0.988058847,0.948638222,0.004149545,0.948638222
PFS,PYCR1,0.975957471,0.74926759,0.521964473,1.271232063,0.134861064,-0.180454373,0.856795871,0.988058847,0.953245137,0.003437724,0.953245137
PFS,PYCR2,1.063135188,0.797716574,0.619148095,1.416864668,0.146545643,0.417769277,0.676115816,0.988058847,0.851274717,0.035153335,0.851274717
PFS,PYCR3,1.138893012,0.860861259,0.645859226,1.506720485,0.142797867,0.91077515,0.362413858,0.988058847,0.179539109,1.801434988,0.179539109
PFS,RAB7A,0.843664767,0.61819243,0.533180839,1.151373269,0.158653648,-1.071516865,0.283937092,0.988058847,0.275350009,1.189898608,0.275350009
PFS,RAC1,0.963140137,0.704941087,0.610968768,1.315909855,0.159229807,-0.235862599,0.813539291,0.988058847,0.058129303,3.589969712,0.058129303
PFS,RAC2,0.846973105,0.627182657,0.516604456,1.143787113,0.153284002,-1.083520365,0.278577517,0.988058847,0.363101464,0.827137826,0.363101464
PFS,RAC3,0.9356583,0.712902495,0.515114604,1.228017099,0.138729941,-0.479384138,0.631665376,0.988058847,0.797808316,0.065630538,0.797808316
PFS,RAD21,0.956618956,0.719522121,0.552321787,1.271843908,0.145317913,-0.305193842,0.760218522,0.988058847,0.126804364,2.331196659,0.126804364
PFS,RAD50,0.791072905,0.580978908,0.496162331,1.077141239,0.157490485,-1.488122583,0.136718569,0.988058847,0.710663338,0.137615292,0.710663338
PFS,RAD51,0.93759931,0.710289183,0.527365122,1.237654305,0.141661019,-0.45483646,0.649226898,0.988058847,0.554576028,0.349182913,0.554576028
PFS,RAD51C,0.757490688,0.569558861,0.437873699,1.007432561,0.145486913,-1.909065419,0.056253653,0.988058847,0.685149984,0.16438615,0.685149984
PFS,RAD52,1.020576715,0.750688882,0.6368058,1.387494681,0.156702808,0.129977722,0.896584053,0.988058847,0.811208409,0.057057632,0.811208409
PFS,RAF1,0.964634278,0.721544602,0.5680767,1.289621302,0.14814295,-0.243050624,0.807966181,0.988058847,0.875523845,0.02453797,0.875523845
PFS,RAG1,0.923119593,0.681779285,0.5681117,1.249890985,0.154621626,-0.517369303,0.604898384,0.988058847,0.459019523,0.548284431,0.459019523
PFS,RANBP2,1.083851733,0.785825632,0.709079257,1.494904889,0.164054785,0.490818454,0.623554857,0.988058847,0.032282417,4.583436176,0.032282417
PFS,RASA4,1.505501482,1.067976331,1.054294216,2.122270547,0.175187135,2.335365857,0.019524316,0.988058847,0.83505048,0.043359149,0.83505048
PFS,RASAL1,0.799875374,0.582374188,0.516233247,1.098607435,0.161912545,-1.37913555,0.167852965,0.988058847,0.400921082,0.70556196,0.400921082
PFS,RASGRF1,0.885636337,0.658169389,0.533547721,1.19171711,0.151453846,-0.80188698,0.422618338,0.988058847,0.774676108,0.081946944,0.774676108
PFS,RASGRF2,0.998023578,0.743685207,0.595659792,1.339344999,0.150083914,-0.013181808,0.989482744,0.999856866,0.772082975,0.083897907,0.772082975
PFS,RASGRP1,0.976713872,0.717934773,0.610834949,1.328769722,0.157051369,-0.150024375,0.880745385,0.988058847,0.743208642,0.107326508,0.743208642
PFS,RB1,1.163222956,0.858720308,0.716982086,1.575702394,0.154853139,0.976373899,0.328879211,0.988058847,0.991853098,0.000104261,0.991853098
PFS,RBL2,1.147413631,0.858214224,0.675852683,1.534066907,0.148172072,0.928045285,0.35338408,0.988058847,0.677822049,0.172587875,0.677822049
PFS,RBP4,0.965764273,0.699136333,0.634939134,1.334075467,0.164836711,-0.211333377,0.83262714,0.988058847,0.742853769,0.107634235,0.742853769
PFS,RBX1,0.849206645,0.61488086,0.557951105,1.172831964,0.164734675,-0.992218084,0.321091152,0.988058847,0.990339888,0.00014659,0.990339888
PFS,REL,0.961805291,0.699873479,0.621893163,1.321766642,0.162203213,-0.240089257,0.810261063,0.988058847,0.774728985,0.081907419,0.774728985
PFS,RELA,1.05689786,0.781235086,0.64859456,1.429829646,0.154195302,0.358882988,0.719682627,0.988058847,0.98187455,0.000516146,0.98187455
PFS,RELB,0.999108055,0.736410043,0.619107736,1.355517778,0.155653803,-0.005732871,0.995425856,0.999856866,0.616915924,0.250226092,0.616915924
PFS,RELN,1.179975845,0.886636924,0.683727399,1.570364324,0.145825985,1.134872965,0.256428549,0.988058847,0.698951238,0.149565176,0.698951238
PFS,REN,1.12231467,0.810864915,0.742526031,1.553390946,0.165843367,0.695796427,0.486556327,0.988058847,0.79739266,0.065906669,0.79739266
PFS,REPS1,1.02795225,0.756068689,0.641536905,1.397605594,0.156733373,0.175895639,0.860375931,0.988058847,0.653731351,0.201228136,0.653731351
PFS,RET,1.262322262,0.882503278,0.923107569,1.805610847,0.182628797,1.275555078,0.202112842,0.988058847,0.536220089,0.382590511,0.536220089
PFS,RFC3,0.927759971,0.692279004,0.551061555,1.243340559,0.149382331,-0.501948465,0.615703772,0.988058847,0.163301873,1.943381247,0.163301873
PFS,RFC4,0.877379122,0.67241674,0.472400273,1.144817013,0.13574785,-0.963669672,0.335211564,0.988058847,0.506926028,0.440407107,0.506926028
PFS,RGMB,0.92384542,0.697833045,0.525225058,1.223058103,0.143147977,-0.553347083,0.580025767,0.988058847,0.899046878,0.016094847,0.899046878
PFS,RHOA,0.854907808,0.647945368,0.48003146,1.127976828,0.141424666,-1.108446259,0.267669136,0.988058847,0.59982969,0.275252841,0.59982969
PFS,RHOB,0.995296624,0.707213518,0.693516734,1.400730252,0.174344112,-0.027041189,0.978426882,0.999856866,0.022215019,5.228865381,0.022215019
PFS,RICTOR,1.048010128,0.776711472,0.637359607,1.414071078,0.152849535,0.306793541,0.759000525,0.988058847,0.432211766,0.616872762,0.432211766
PFS,RIMKLA,1.042282283,0.779031074,0.615460614,1.394491688,0.148531891,0.278814274,0.78038736,0.988058847,0.914471244,0.011534871,0.914471244
PFS,RIMKLB,0.975713948,0.738572638,0.550424081,1.28899672,0.142068937,-0.173055575,0.862607744,0.988058847,0.796030169,0.06681614,0.796030169
PFS,RIN1,1.109162048,0.801893327,0.732276378,1.534169705,0.165505341,0.625990786,0.531320985,0.988058847,0.535707717,0.383553228,0.535707717
PFS,RIPK1,1.010099479,0.732441648,0.660571653,1.3930133,0.163993025,0.061275897,0.951139486,0.996085748,0.316302482,1.004174596,0.316302482
PFS,RIPK2,0.94379424,0.701920084,0.567095558,1.269015642,0.151068397,-0.382919949,0.701779119,0.988058847,0.975937774,0.000909752,0.975937774
PFS,RIPK3,0.857406257,0.649461569,0.482469131,1.1319307,0.141721067,-1.08553676,0.277683992,0.988058847,0.388907154,0.742356178,0.388907154
PFS,RNF43,1.018423388,0.730958083,0.687982651,1.418940733,0.169214792,0.107884976,0.914086935,0.991220215,0.804454469,0.061299003,0.804454469
PFS,RNLS,0.904665355,0.655964099,0.591694738,1.247658837,0.164012729,-0.610868298,0.541286774,0.988058847,0.83852103,0.041528579,0.83852103
PFS,ROBO4,0.920641619,0.669342792,0.596945573,1.266288365,0.162643047,-0.508379804,0.611187013,0.988058847,0.922334614,0.009504954,0.922334614
PFS,ROCK1,1.259665441,0.918083399,0.810253073,1.728336472,0.161387254,1.430386577,0.152606099,0.988058847,0.504824211,0.444780249,0.504824211
PFS,ROPN1,0.997933633,0.744706176,0.592561554,1.337267729,0.149337963,-0.013851165,0.988948723,0.999856866,0.7618466,0.091843405,0.7618466
PFS,ROR2,0.865314423,0.653479725,0.492338609,1.145818334,0.143258463,-1.009799636,0.312591295,0.988058847,0.910424786,0.01265687,0.910424786
PFS,RORA,1.026249446,0.756246967,0.636403808,1.392650775,0.15576721,0.166343364,0.867886742,0.988058847,0.099205,2.71827781,0.099205
PFS,RORC,1.291173994,0.916644376,0.90208743,1.818731806,0.174792789,1.462027574,0.143733654,0.988058847,0.838893598,0.041334509,0.838893598
PFS,RPA3,0.971290844,0.716293459,0.600772741,1.3170662,0.155378371,-0.187473487,0.851289409,0.988058847,0.288499279,1.12661145,0.288499279
PFS,RPL23,0.987846238,0.740106643,0.578406302,1.318512945,0.147315344,-0.083007126,0.933845873,0.993870577,0.405407024,0.692229663,0.405407024
PFS,RPL7A,1.001136252,0.761323458,0.555165327,1.316488785,0.139713064,0.008128137,0.993514757,0.999856866,0.747985694,0.103231453,0.747985694
PFS,RPLP0,0.936369554,0.688470893,0.585058535,1.273529428,0.156909608,-0.418999565,0.67521645,0.988058847,0.704906579,0.143417846,0.704906579
PFS,RPS27A,0.931207066,0.690599672,0.565043264,1.255642936,0.152513698,-0.467325986,0.640266667,0.988058847,0.55364127,0.350834234,0.55364127
PFS,RPS6,1.002837012,0.771931329,0.530881544,1.302812873,0.133519127,0.021217896,0.983071839,0.999856866,0.487754946,0.481475034,0.487754946
PFS,RPS6KA5,1.189971971,0.914496431,0.633933113,1.548429544,0.134345054,1.294649475,0.195441177,0.988058847,0.692788094,0.156083661,0.692788094
PFS,RPS6KA6,0.793521674,0.546445331,0.605868746,1.152314077,0.190333388,-1.215101706,0.224327303,0.988058847,0.459532967,0.547031982,0.459532967
PFS,RPS6KB1,1.003841019,0.741838732,0.616538429,1.358377161,0.154317663,0.024842659,0.980180465,0.999856866,0.423510323,0.640553817,0.423510323
PFS,RPTOR,1.004745822,0.750320379,0.595123775,1.345444154,0.148977017,0.031780717,0.974646925,0.999856866,0.27629805,1.185209207,0.27629805
PFS,RRAD,1.036853017,0.780887184,0.595834321,1.376721505,0.144653051,0.250186087,0.802443444,0.988058847,0.638850584,0.220248572,0.638850584
PFS,RRAS2,0.914586657,0.665422069,0.591627843,1.257049912,0.162273743,-0.550200266,0.582182021,0.988058847,0.921319156,0.009755944,0.921319156
PFS,RRM2,0.948092833,0.722126622,0.522641253,1.244767874,0.138906595,-0.383731649,0.701177353,0.988058847,0.381977964,0.764326417,0.381977964
PFS,RSAD2,0.895597419,0.672850915,0.519232975,1.19208389,0.145904324,-0.755730012,0.449811086,0.988058847,0.730832206,0.118348881,0.730832206
PFS,RUNX1,1.059511284,0.767065511,0.696387276,1.463452787,0.164794262,0.35078739,0.725747858,0.988058847,0.856401241,0.032745476,0.856401241
PFS,RUNX1T1,1.159819446,0.857205931,0.712056599,1.56926253,0.154258671,0.961141065,0.336481244,0.988058847,0.04528097,4.008144033,0.04528097
PFS,RUNX3,0.758388644,0.576051855,0.422388355,0.99844021,0.14030783,-1.971089577,0.048713631,0.988058847,0.451767624,0.566213205,0.451767624
PFS,RXRG,0.911029099,0.686113353,0.523561427,1.20967478,0.144661835,-0.64412594,0.51949377,0.988058847,0.155658418,2.015905142,0.155658418
PFS,RYBP,0.826512188,0.603619572,0.528090579,1.131710151,0.160345044,-1.188316209,0.234708854,0.988058847,0.73074084,0.118432488,0.73074084
PFS,S100A12,0.920906871,0.67874209,0.570730246,1.249472336,0.155675155,-0.52928398,0.596608467,0.988058847,0.537677886,0.379860534,0.537677886
PFS,S100A7,0.977264919,0.708986657,0.638072153,1.34705881,0.163738246,-0.140452879,0.88830218,0.988058847,0.535702903,0.383562281,0.535702903
PFS,S100A8,0.806796775,0.600461245,0.483573806,1.084035051,0.15070364,-1.424540705,0.154290011,0.988058847,0.529735892,0.394898161,0.529735892
PFS,S100A9,0.833042805,0.627184435,0.479284854,1.106469289,0.14482122,-1.261350034,0.207182762,0.988058847,0.69689321,0.151724049,0.69689321
PFS,S100B,0.852538604,0.630684381,0.521749535,1.152433916,0.153784939,-1.037401895,0.299548596,0.988058847,0.39274571,0.730424243,0.39274571
PFS,SAA1,0.981234521,0.72414635,0.605448399,1.329594749,0.155012022,-0.12220849,0.902733903,0.988383526,0.118809869,2.432940174,0.118809869
PFS,SAMD9,0.877701774,0.651804644,0.530083841,1.181888486,0.151820126,-0.859230009,0.39021363,0.988058847,0.924883843,0.008889405,0.924883843
PFS,SAMSN1,0.877167663,0.65701421,0.514076303,1.171090513,0.147447865,-0.888837066,0.374090652,0.988058847,0.909823377,0.012828128,0.909823377
PFS,SBNO2,1.203841464,0.908177204,0.687584354,1.595761558,0.143795206,1.290151938,0.19699791,0.988058847,0.623341793,0.241198554,0.623341793
PFS,SDHA,0.991060354,0.765439872,0.517744688,1.28318456,0.131800774,-0.068131957,0.945680591,0.995460902,0.797255167,0.065998145,0.797255167
PFS,SELE,0.921838232,0.677380649,0.577136625,1.254517274,0.157215328,-0.517669146,0.604689129,0.988058847,0.325256774,0.967690755,0.325256774
PFS,SELENOK,0.873258661,0.643073187,0.542764917,1.185838104,0.156111676,-0.868118779,0.385329312,0.988058847,0.85075657,0.035401621,0.85075657
PFS,SELL,0.824186979,0.599405015,0.533859071,1.133264087,0.162482526,-1.190022477,0.234037558,0.988058847,0.625759692,0.237854952,0.625759692
PFS,SELP,1.050648724,0.763219373,0.683104949,1.446324321,0.163073191,0.302979329,0.761905615,0.988058847,0.323966348,0.972866394,0.323966348
PFS,SELPLG,0.879447071,0.646007534,0.551234155,1.197241688,0.157391778,-0.816191923,0.414390376,0.988058847,0.961443762,0.002336939,0.961443762
PFS,SEMG1,0.929950928,0.682438777,0.584793916,1.267232692,0.157890147,-0.459961952,0.645543531,0.988058847,0.446774367,0.578822161,0.446774367
PFS,SERINC1,0.956001834,0.716442692,0.559220409,1.275663101,0.147176975,-0.305723419,0.759815241,0.988058847,0.620967887,0.244509547,0.620967887
PFS,SERINC2,1.08560697,0.778740102,0.734656332,1.513396434,0.16950167,0.484592568,0.627965387,0.988058847,0.125793297,2.343664874,0.125793297
PFS,SERINC3,1.111570524,0.825297953,0.671845018,1.497142971,0.151933763,0.696184305,0.486313415,0.988058847,0.955180787,0.003158679,0.955180787
PFS,SERINC5,0.916943321,0.661002484,0.610982226,1.27198471,0.166986774,-0.519260396,0.603579167,0.988058847,0.604637453,0.268058021,0.604637453
PFS,SERPINA1,1.01767141,0.738548266,0.663736657,1.402284923,0.163567245,0.107094095,0.914714332,0.991276324,0.377080123,0.780199533,0.377080123
PFS,SERPINB2,1.021738643,0.758577586,0.617616326,1.376193912,0.151949693,0.141531897,0.887449763,0.988058847,0.629331996,0.232967707,0.629331996
PFS,SERPINB5,1.032861385,0.762709157,0.635992602,1.39870176,0.154702586,0.209000993,0.834447463,0.988058847,0.989152514,0.000184844,0.989152514
PFS,SERPING1,0.905671612,0.6767025,0.535412233,1.212114733,0.148699184,-0.666301555,0.505218372,0.988058847,0.343009564,0.899150616,0.343009564
PFS,SERPINH1,0.859882387,0.633264955,0.534331187,1.167596143,0.156077722,-0.967208236,0.333439946,0.988058847,0.099096517,2.72002414,0.099096517
PFS,SETBP1,1.127921676,0.838135798,0.679765369,1.517901167,0.151508833,0.794519448,0.426893092,0.988058847,0.907006338,0.013645838,0.907006338
PFS,SETD2,1.020370039,0.785406641,0.54021879,1.325625431,0.133532569,0.151014432,0.879964331,0.988058847,0.467730633,0.527332175,0.467730633
PFS,SF3A1,1.009165939,0.702378661,0.747574119,1.44995278,0.184904828,0.049345313,0.960644109,0.999856866,0.426953258,0.631096875,0.426953258
PFS,SF3B1,1.086732768,0.807292573,0.655607183,1.462899756,0.151658331,0.548441576,0.583388736,0.988058847,0.139098228,2.187906883,0.139098228
PFS,SFN,1.031586916,0.792265323,0.550935666,1.343200989,0.134674542,0.230914552,0.817381186,0.988058847,0.981315402,0.000548488,0.981315402
PFS,SFRP1,0.928950954,0.691795548,0.55561039,1.247405939,0.150393315,-0.490043959,0.624102793,0.988058847,0.83787434,0.041866562,0.83787434
PFS,SFRP2,1.099873147,0.79476378,0.727350046,1.522113826,0.165771001,0.574255155,0.565795151,0.988058847,0.268630716,1.223725719,0.268630716
PFS,SFRP4,0.887667947,0.673767178,0.495708583,1.169475762,0.140672545,-0.847056118,0.396963843,0.988058847,0.872353004,0.025814977,0.872353004
PFS,SFXN1,0.930590306,0.695699873,0.549087356,1.244787229,0.148421488,-0.484674811,0.627907037,0.988058847,0.670056554,0.181535979,0.670056554
PFS,SGK1,0.833457664,0.622571762,0.493205922,1.115777684,0.148841514,-1.223935218,0.220976667,0.988058847,0.768594721,0.086561618,0.768594721
PFS,SGK2,1.029120223,0.752869036,0.653867571,1.406736607,0.15947654,0.179990643,0.857159914,0.988058847,0.4027249,0.700174993,0.4027249
PFS,SH2B2,0.972434063,0.723698307,0.582962216,1.306660523,0.150731173,-0.18544941,0.852876557,0.988058847,0.30265004,1.062480856,0.30265004
PFS,SH2D1A,0.871004878,0.651891607,0.511874714,1.163766321,0.147844184,-0.934143622,0.350229813,0.988058847,0.972214664,0.001213184,0.972214664
PFS,SH2D1B,0.973610968,0.705571142,0.637905454,1.343476596,0.164290877,-0.162781238,0.870690681,0.988058847,0.841638486,0.039919282,0.841638486
PFS,SHC1,0.919377782,0.705533607,0.492503592,1.198037198,0.135075294,-0.622305971,0.533740695,0.988058847,0.831372372,0.045344202,0.831372372
PFS,SHC2,1.106487496,0.812156084,0.695330721,1.507486804,0.157785204,0.641318564,0.52131573,0.988058847,0.250272827,1.321780106,0.250272827
PFS,SHC3,0.857838745,0.629941095,0.538243228,1.168184323,0.157548723,-0.973280754,0.330413785,0.988058847,0.464743343,0.534446718,0.464743343
PFS,SHC4,0.886652636,0.656595061,0.540722654,1.197317714,0.153260881,-0.784949097,0.432483414,0.988058847,0.806767042,0.059828605,0.806767042
PFS,SIGIRR,1.083114579,0.8035057,0.656517785,1.460023485,0.152355739,0.5240417,0.600249536,0.988058847,0.160670071,1.96790819,0.160670071
PFS,SIGLEC1,0.977549559,0.732857221,0.571084548,1.303941769,0.146991525,-0.154473452,0.877236442,0.988058847,0.801832375,0.06298914,0.801832375
PFS,SIGLEC5,0.920633004,0.677482539,0.573568343,1.251050883,0.15647109,-0.528492497,0.597157553,0.988058847,0.885904038,0.020589078,0.885904038
PFS,SIGLEC8,0.858508233,0.646541785,0.493425349,1.139967134,0.144675333,-1.054492196,0.291657632,0.988058847,0.819105736,0.052301547,0.819105736
PFS,SIN3A,0.931660186,0.678650873,0.600343582,1.278994455,0.161666912,-0.43785792,0.661489281,0.988058847,0.46234484,0.540212096,0.46234484
PFS,SIRPA,0.925402952,0.692797501,0.543307743,1.236105244,0.147702467,-0.524879601,0.599666891,0.988058847,0.443788814,0.586466369,0.443788814
PFS,SIRPB2,0.980877381,0.712992642,0.636418812,1.349411454,0.16274603,-0.118637736,0.905562367,0.988696635,0.60440726,0.268399749,0.60440726
PFS,SIRT4,0.932221425,0.685034348,0.583568879,1.268603227,0.157197473,-0.446476083,0.655253385,0.988058847,0.650780885,0.204917042,0.650780885
PFS,SIX1,0.937224638,0.728509409,0.477226593,1.205736002,0.128534226,-0.504397046,0.613982394,0.988058847,0.839962008,0.040780602,0.839962008
PFS,SKP1,0.911889939,0.675594966,0.555236084,1.230831049,0.153026061,-0.602746856,0.546677106,0.988058847,0.890273041,0.019032609,0.890273041
PFS,SKP2,1.075890304,0.824528056,0.579353761,1.403881817,0.135764034,0.538791506,0.590030725,0.988058847,0.43257995,0.615886657,0.43257995
PFS,SLAMF1,0.937191585,0.679405227,0.613384452,1.29278968,0.164120351,-0.395243802,0.69266297,0.988058847,0.624097584,0.240150296,0.624097584
PFS,SLAMF6,0.927106485,0.676857829,0.593019532,1.269877361,0.160516817,-0.471519752,0.637269618,0.988058847,0.844214622,0.038614365,0.844214622
PFS,SLAMF7,0.964879886,0.724025907,0.561830282,1.285856189,0.146521288,-0.244003153,0.807228378,0.988058847,0.491311119,0.473653615,0.491311119
PFS,SLC11A1,0.945811675,0.695489775,0.590740097,1.286229872,0.156853476,-0.355183745,0.722451942,0.988058847,0.74856429,0.102741428,0.74856429
PFS,SLC16A1,0.962774882,0.700180753,0.623670938,1.323851691,0.162493341,-0.233459791,0.815404389,0.988058847,0.548886682,0.359315416,0.548886682
PFS,SLC16A2,0.931720603,0.675345788,0.610074655,1.285420443,0.164190848,-0.430732238,0.666663075,0.988058847,0.909466718,0.012930242,0.909466718
PFS,SLC1A5,1.226574665,0.921713021,0.71055795,1.632270971,0.145791873,1.400801397,0.161273471,0.988058847,0.359814748,0.838539712,0.359814748
PFS,SLC25A1,1.305084323,0.929801434,0.902036016,1.831837451,0.172988832,1.539218748,0.123750902,0.988058847,0.642047582,0.216074224,0.642047582
PFS,SLC2A1,1.105548091,0.852094152,0.582297314,1.434391467,0.132859315,0.75524416,0.450102497,0.988058847,0.881696379,0.022147124,0.881696379
PFS,SLC39A6,1.194057419,0.878394448,0.744763715,1.623158163,0.156644017,1.132230305,0.257537623,0.988058847,0.249481303,1.326205967,0.249481303
PFS,SLC7A5,0.93158749,0.690571431,0.566149035,1.256720466,0.152742956,-0.463950493,0.642683216,0.988058847,0.68780189,0.161475268,0.68780189
PFS,SMAD2,1.168640831,0.880635948,0.670199438,1.550835387,0.144366099,1.079487439,0.28037049,0.988058847,0.671482293,0.179873131,0.671482293
PFS,SMAD3,0.927660649,0.691519924,0.552918958,1.244438882,0.14988746,-0.500971145,0.61639143,0.988058847,0.290953181,1.1152055,0.290953181
PFS,SMAD4,1.352017947,1.008858447,0.803043446,1.811901893,0.149379689,2.019004413,0.043486761,0.988058847,0.960279477,0.002480326,0.960279477
PFS,SMAD5,1.070953309,0.804339352,0.621602309,1.425941661,0.146065549,0.469304335,0.638852117,0.988058847,0.701515762,0.146899841,0.701515762
PFS,SMAD9,1.260901592,0.912590073,0.829564343,1.742154415,0.164949716,1.405440517,0.159890326,0.988058847,0.303658557,1.058057876,0.303658557
PFS,SMAP1,0.753113616,0.571288865,0.42151907,0.992807935,0.140982757,-2.011162109,0.044308337,0.988058847,0.953716537,0.003368675,0.953716537
PFS,SMARCA4,1.02283017,0.767962858,0.594318593,1.362281451,0.146220733,0.154379349,0.877310636,0.988058847,0.204467931,1.610169829,0.204467931
PFS,SMARCB1,1.173919159,0.827520842,0.837798173,1.665319014,0.17840575,0.898781903,0.368768841,0.988058847,0.189496369,1.721528839,0.189496369
PFS,SMC1A,0.870523207,0.642405199,0.537240694,1.179645893,0.155041197,-0.894348486,0.371135465,0.988058847,0.938050776,0.0060404,0.938050776
PFS,SMC1B,0.841944669,0.627958346,0.50089173,1.128850076,0.14961523,-1.149889485,0.250189392,0.988058847,0.646006066,0.210972715,0.646006066
PFS,SMC3,0.745942697,0.551418343,0.457671242,1.009089585,0.154163557,-1.901269675,0.057266699,0.988058847,0.233818641,1.417479925,0.233818641
PFS,SMO,0.970625232,0.712650207,0.609335436,1.321985642,0.157630308,-0.18914412,0.849979863,0.988058847,0.780680616,0.077524482,0.780680616
PFS,SMPD3,1.25767349,0.934869813,0.757069091,1.691938904,0.151335217,1.514938706,0.129787927,0.988058847,0.418736706,0.653858016,0.418736706
PFS,SNAI1,1.157677672,0.839955049,0.755627471,1.59558252,0.163688158,0.894481274,0.371064445,0.988058847,0.264426447,1.245433514,0.264426447
PFS,SNAI2,0.88388057,0.673666753,0.48602364,1.159690394,0.138567033,-0.890784223,0.373044941,0.988058847,0.624200329,0.240008011,0.624200329
PFS,SOCS1,1.300152598,0.896817936,0.98806495,1.884882885,0.189485139,1.385236024,0.165980309,0.988058847,0.214809129,1.538715315,0.214809129
PFS,SOCS2,0.920049237,0.684063372,0.553381334,1.237444706,0.151215342,-0.551055805,0.58159542,0.988058847,0.527479016,0.399245796,0.527479016
PFS,SOCS3,0.810652097,0.596046813,0.506478707,1.10252552,0.156900726,-1.33789245,0.180931499,0.988058847,0.749953499,0.101570123,0.749953499
PFS,SOD1,0.915777082,0.686697766,0.53457847,1.221276237,0.146879593,-0.599009724,0.5491664,0.988058847,0.945797479,0.004621977,0.945797479
PFS,SOD2,0.902475534,0.665844437,0.557357326,1.223201764,0.155148522,-0.661390109,0.508362167,0.988058847,0.66136511,0.191869587,0.66136511
PFS,SOS1,0.885638049,0.62074414,0.642827599,1.263571739,0.181324434,-0.669776998,0.502999959,0.988058847,0.437609903,0.602541672,0.437609903
PFS,SOS2,1.119571709,0.8265368,0.689960481,1.516497281,0.154827869,0.729495343,0.465698715,0.988058847,0.86047789,0.030893638,0.86047789
PFS,SOST,0.91381978,0.671475596,0.572153504,1.2436291,0.157225186,-0.573202717,0.566507445,0.988058847,0.868631612,0.027356127,0.868631612
PFS,SOX10,0.9069355,0.677848566,0.535596503,1.213445069,0.148547334,-0.657594741,0.510798575,0.988058847,0.564903662,0.331284573,0.564903662
PFS,SOX11,0.766517463,0.579434376,0.434570047,1.014004423,0.14276031,-1.862547082,0.062526015,0.988058847,0.77304427,0.08317177,0.77304427
PFS,SOX17,0.902731138,0.669997555,0.546310628,1.216308182,0.152120501,-0.672693766,0.501142135,0.988058847,0.465223811,0.533297502,0.465223811
PFS,SOX2,1.042389094,0.777779504,0.619242426,1.397021929,0.149404528,0.27787166,0.78111088,0.988058847,0.626767332,0.236470056,0.626767332
PFS,SOX9,1.199164347,0.847535957,0.849141475,1.696677432,0.177068024,1.025735379,0.305016333,0.988058847,0.199698372,1.644578965,0.199698372
PFS,SP1,0.869785724,0.649348577,0.515707037,1.165055615,0.149123769,-0.935520831,0.349519953,0.988058847,0.448722041,0.573877907,0.448722041
PFS,SPA17,0.853401725,0.633069556,0.517348275,1.15041783,0.152375297,-1.040358181,0.298173523,0.988058847,0.223947975,1.4788919,0.223947975
PFS,SPACA3,0.884882623,0.653867871,0.543648157,1.197516028,0.154364932,-0.792280155,0.428197341,0.988058847,0.971248715,0.00129904,0.971248715
PFS,SPANXB1,0.867707947,0.632333528,0.558362596,1.190696124,0.161451029,-0.878904822,0.379452884,0.988058847,0.935411519,0.006567201,0.935411519
PFS,SPIB,0.918847109,0.674341344,0.577665549,1.252006893,0.157851531,-0.536171785,0.591839832,0.988058847,0.768125325,0.086923511,0.768125325
PFS,SPINK5,0.820459024,0.60808879,0.498909103,1.106997893,0.1528309,-1.294838347,0.195376001,0.988058847,0.716618995,0.131755286,0.716618995
PFS,SPN,0.956651169,0.708340817,0.583666415,1.292007232,0.153326012,-0.289034184,0.772555219,0.988058847,0.853199308,0.034239025,0.853199308
PFS,SPOP,0.943872508,0.686548393,0.611095474,1.297643867,0.162408284,-0.355672602,0.722085766,0.988058847,0.778018104,0.079469143,0.778018104
PFS,SPP1,0.935581992,0.704372898,0.538312143,1.242685041,0.144829644,-0.459757339,0.645690408,0.988058847,0.593555877,0.28482525,0.593555877
PFS,SPRED1,0.871714393,0.675801555,0.448620219,1.124421773,0.129881144,-1.05706984,0.290479714,0.988058847,0.422930143,0.642158803,0.422930143
PFS,SPRY1,1.023449724,0.749294707,0.648618992,1.3979137,0.159085529,0.145701516,0.884157024,0.988058847,0.601117662,0.273313497,0.601117662
PFS,SPRY2,0.892661351,0.656208921,0.558106005,1.214314927,0.157007001,-0.723203393,0.469554934,0.988058847,0.179169965,1.804495452,0.179169965
PFS,SPRY4,0.989813865,0.732309688,0.605555292,1.337864981,0.153734159,-0.066597879,0.946901834,0.995460902,0.578797952,0.308181966,0.578797952
PFS,SRD5A2,0.875574628,0.648577265,0.533442165,1.18201943,0.153114674,-0.867812907,0.385496763,0.988058847,0.691788706,0.157155812,0.691788706
PFS,SREBF1,0.79387399,0.575855285,0.518579251,1.094434536,0.163813397,-1.409106568,0.158803659,0.988058847,0.292005483,1.11035182,0.292005483
PFS,SRP54,1.068850841,0.802058403,0.622329292,1.424387695,0.146511847,0.454462164,0.649496219,0.988058847,0.501129608,0.452543388,0.501129608
PFS,SRR,0.83459847,0.609360935,0.533729417,1.143090352,0.160482527,-1.126630711,0.259898649,0.988058847,0.680321692,0.169763934,0.680321692
PFS,SRSF2,0.930733284,0.684597123,0.580766719,1.265363842,0.156708099,-0.458065199,0.6469056,0.988058847,0.672564764,0.178616662,0.672564764
PFS,SSX1,1.073578302,0.775820566,0.709794046,1.485614612,0.165733296,0.428382697,0.66837252,0.988058847,0.834060782,0.043888722,0.834060782
PFS,SSX4,0.856681484,0.629381064,0.536690187,1.166071251,0.157313751,-0.983315779,0.325452047,0.988058847,0.960522708,0.002450018,0.960522708
PFS,ST6GAL1,0.945505141,0.70866322,0.552838642,1.261501862,0.147114396,-0.380900542,0.70327705,0.988058847,0.968068707,0.001602451,0.968068707
PFS,STAG2,1.010314382,0.728462091,0.672757222,1.401219314,0.166881252,0.061490143,0.950968864,0.996085748,0.034020777,4.493659481,0.034020777
PFS,STAT1,0.845838422,0.623741801,0.5232755,1.147017301,0.15540686,-1.077345794,0.281325811,0.988058847,0.940853305,0.005505256,0.940853305
PFS,STAT2,0.932474094,0.697990182,0.547740717,1.245730898,0.147776355,-0.473106195,0.636137417,0.988058847,0.507367575,0.439492356,0.507367575
PFS,STAT3,1.050511047,0.779250711,0.636947495,1.416198207,0.152400354,0.323337552,0.746439618,0.988058847,0.256617942,1.28691129,0.256617942
PFS,STAT4,0.899536557,0.668174241,0.542836253,1.211010494,0.151702132,-0.697917579,0.48522874,0.988058847,0.645435593,0.211703358,0.645435593
PFS,STAT5B,0.851652973,0.611580487,0.57438408,1.185964567,0.168948292,-0.950445498,0.341885935,0.988058847,0.760810388,0.092669574,0.760810388
PFS,STAT6,0.936678138,0.677366028,0.617895172,1.2952612,0.165374433,-0.39556029,0.692429437,0.988058847,0.667977229,0.183977335,0.667977229
PFS,STC1,0.914629465,0.667722367,0.585114289,1.252836656,0.160536908,-0.555861289,0.578305684,0.988058847,0.682656378,0.167150932,0.682656378
PFS,STING1,0.984841215,0.728497498,0.602889667,1.331387165,0.153827436,-0.099298631,0.920901166,0.993870577,0.282109775,1.156898113,0.282109775
PFS,STK11,1.205614853,0.896679755,0.724308302,1.620988056,0.151046748,1.237959042,0.215731248,0.988058847,0.306103992,1.047411518,0.306103992
PFS,STK11IP,1.242646823,0.885112798,0.859490975,1.744603773,0.173107174,1.254966126,0.209491057,0.988058847,0.35857414,0.842880864,0.35857414
PFS,STMN1,1.003418773,0.759010344,0.567518657,1.326529001,0.142427523,0.023962657,0.980882395,0.999856866,0.557997787,0.343182798,0.557997787
PFS,SUV39H2,1.070766827,0.805098853,0.619001547,1.424100399,0.145495155,0.469947281,0.638392683,0.988058847,0.842897259,0.039278847,0.842897259
PFS,SYCP1,0.870737111,0.642619621,0.537212259,1.17983188,0.15499628,-0.893022544,0.3718451,0.988058847,0.498607354,0.457899352,0.498607354
PFS,SYK,0.88051679,0.66105491,0.511782333,1.172837243,0.146263958,-0.86997702,0.384312963,0.988058847,0.026486624,4.923967531,0.026486624
PFS,SYT17,0.850523042,0.62881973,0.521572678,1.150392409,0.154087977,-1.050722964,0.293385846,0.988058847,0.210871647,1.565431954,0.210871647
PFS,TAB1,0.849395964,0.620502643,0.542221662,1.162724304,0.160204782,-1.018882277,0.308258859,0.988058847,0.58529621,0.297750332,0.58529621
PFS,TACSTD2,1.039558938,0.759398335,0.663679298,1.423077633,0.160219959,0.242145393,0.808667506,0.988058847,0.211678244,1.559911053,0.211678244
PFS,TAF3,0.860384029,0.614175761,0.5911155,1.205291261,0.171991779,-0.874323441,0.381942137,0.988058847,0.897827756,0.016488077,0.897827756
PFS,TAL1,0.894758114,0.662138484,0.546962182,1.209100666,0.153614401,-0.723902579,0.469125547,0.988058847,0.749342858,0.102084071,0.749342858
PFS,TANK,1.045281347,0.781270582,0.617237334,1.398507916,0.148533246,0.298156012,0.765584093,0.988058847,0.407589997,0.685819433,0.407589997
PFS,TAP1,0.865301522,0.637815571,0.536107989,1.173923559,0.155629829,-0.929624178,0.352565704,0.988058847,0.965498195,0.001871002,0.965498195
PFS,TAP2,0.797841671,0.576714834,0.527039214,1.103754047,0.165596027,-1.363831687,0.172620545,0.988058847,0.99032884,0.000146926,0.99032884
PFS,TAPBP,1.175895622,0.878380151,0.695802181,1.574182332,0.148832273,1.088675769,0.276296891,0.988058847,0.278849581,1.172688173,0.278849581
PFS,TAPBPL,1.124412333,0.815756293,0.734097633,1.549853927,0.163727579,0.716192894,0.47387225,0.988058847,0.708420933,0.139859294,0.708420933
PFS,TARP.TRGC1.2,0.894762413,0.656710414,0.562395845,1.219106259,0.157816712,-0.704596202,0.481061563,0.988058847,0.593105028,0.285521236,0.593105028
PFS,TBC1D10B,1.188016954,0.86209064,0.775073966,1.637164606,0.163615432,1.052990474,0.292345358,0.988058847,0.049760234,3.849519857,0.049760234
PFS,TBK1,0.931301744,0.693329293,0.55762454,1.250953834,0.150552907,-0.472737119,0.636400741,0.988058847,0.241294223,1.373016847,0.241294223
PFS,TBL1XR1,0.792236987,0.582026125,0.496343756,1.078369882,0.15732189,-1.480370635,0.138774362,0.988058847,0.356855852,0.848927739,0.356855852
PFS,TBP,1.102001266,0.798959862,0.721024867,1.519984729,0.164070581,0.591988272,0.553858442,0.988058847,0.870611864,0.026530331,0.870611864
PFS,TBX21,0.853302251,0.633773275,0.515099295,1.14887257,0.151748984,-1.045420217,0.295828797,0.988058847,0.830878773,0.04561413,0.830878773
PFS,TBXAS1,0.855301233,0.639843288,0.503468228,1.143311516,0.148079477,-1.055524745,0.291185398,0.988058847,0.691812076,0.157130693,0.691812076
PFS,TCF3,1.126160681,0.855632559,0.626589999,1.482222558,0.140170162,0.847642742,0.396636963,0.988058847,0.555099897,0.348259755,0.555099897
PFS,TCF7,0.858406634,0.642633806,0.503994247,1.146628052,0.147708258,-1.033641324,0.301303873,0.988058847,0.563986921,0.332847922,0.563986921
PFS,TCF7L1,0.943418297,0.70773799,0.549843341,1.257581331,0.146653619,-0.397163833,0.691246651,0.988058847,0.739292758,0.110749228,0.739292758
PFS,TCL1A,1.001815667,0.738314327,0.62104522,1.359359548,0.155716967,0.011649472,0.990705277,0.999856866,0.960065892,0.002507095,0.960065892
PFS,TCL1B,0.967342385,0.712526883,0.600758712,1.313285594,0.15599004,-0.2128519,0.831442481,0.988058847,0.748030609,0.103193368,0.748030609
PFS,TDO2,0.870959628,0.643622932,0.534971918,1.17859485,0.154330682,-0.895218323,0.370670392,0.988058847,0.635496722,0.224680235,0.635496722
PFS,TECR,1.269833683,0.966860742,0.700884688,1.667745429,0.139077422,1.717647122,0.085861,0.988058847,0.490465821,0.475504193,0.490465821
PFS,TERT,1.051259171,0.764713145,0.680463849,1.445176995,0.162371935,0.307865127,0.758184962,0.988058847,0.150266277,2.069545699,0.150266277
PFS,TET2,0.93545003,0.699995571,0.550107709,1.25010328,0.147938291,-0.451049889,0.651953593,0.988058847,0.558391981,0.342496058,0.558391981
PFS,TFDP1,0.881915132,0.672698781,0.483501175,1.156199956,0.138164874,-0.909489117,0.363092,0.988058847,0.810320295,0.057606168,0.810320295
PFS,TFE3,0.775219021,0.570499911,0.482899956,1.053399867,0.15644807,-1.627438941,0.103643907,0.988058847,0.223424812,1.482237246,0.223424812
PFS,TFEB,1.144195714,0.822732751,0.76852982,1.59126257,0.168281569,0.800455795,0.423446765,0.988058847,0.171373176,1.870890047,0.171373176
PFS,TFRC,0.907457647,0.649433462,0.618563076,1.267996537,0.170690131,-0.56891622,0.569412997,0.988058847,0.287330548,1.132087319,0.287330548
PFS,TGFB1,0.96688603,0.735418062,0.535788949,1.27120701,0.139615576,-0.241195507,0.809403593,0.988058847,0.213972647,1.544342108,0.213972647
PFS,TGFB2,1.21400861,0.885342673,0.779342596,1.664685269,0.161078619,1.2039325,0.228615669,0.988058847,0.859894199,0.031155373,0.859894199
PFS,TGFB3,1.110400213,0.83545219,0.640381674,1.475833863,0.145157085,0.721428807,0.470645728,0.988058847,0.628755692,0.233751909,0.628755692
PFS,TGFBR1,0.933053396,0.716959496,0.497319199,1.214278695,0.134412206,-0.515524973,0.606186223,0.988058847,0.703796049,0.144552972,0.703796049
PFS,TGFBR2,0.944346235,0.707907226,0.551847979,1.259755204,0.147033225,-0.389452151,0.6969417,0.988058847,0.438629662,0.599864679,0.438629662
PFS,THBD,0.961771427,0.707545631,0.599796592,1.307342223,0.156622621,-0.248868635,0.803462398,0.988058847,0.368553328,0.808536369,0.368553328
PFS,THBS1,0.916119682,0.697288052,0.50633973,1.203627782,0.139261954,-0.629089739,0.529290308,0.988058847,0.317497812,0.999226221,0.317497812
PFS,THBS4,0.886171085,0.657585344,0.536631038,1.194216382,0.152214773,-0.793912753,0.427246225,0.988058847,0.872353234,0.025814883,0.872353234
PFS,THEM4,0.956543942,0.685786091,0.648414653,1.334200744,0.169779125,-0.261684413,0.793564759,0.988058847,0.504397599,0.445671689,0.504397599
PFS,THY1,0.751362812,0.540928794,0.502731816,1.04366061,0.167656647,-1.705071911,0.088181014,0.988058847,0.075424052,3.160846769,0.075424052
PFS,TIAM1,1.049699072,0.797587788,0.583912979,1.381500768,0.140138747,0.346110739,0.729259493,0.988058847,0.949293904,0.004044134,0.949293904
PFS,TICAM1,0.88842202,0.662409686,0.529139446,1.191549131,0.149779616,-0.789883193,0.429595987,0.988058847,0.518910097,0.416059018,0.518910097
PFS,TICAM2,0.847909859,0.630420912,0.510009418,1.14043033,0.151220443,-1.090996325,0.275274499,0.988058847,0.692635876,0.156246687,0.692635876
PFS,TIE1,1.16237765,0.810840107,0.855483239,1.666323346,0.183754399,0.818851718,0.41287102,0.988058847,0.20152955,1.631255018,0.20152955
PFS,TIGIT,0.881366658,0.654306235,0.53291642,1.187222656,0.151991687,-0.830845146,0.406061115,0.988058847,0.639372429,0.21956387,0.639372429
PFS,TIRAP,0.917265782,0.684182596,0.545571742,1.229754338,0.149580521,-0.577334598,0.563713446,0.988058847,0.525925674,0.402257525,0.525925674
PFS,TLK2,0.950246657,0.702774684,0.582087632,1.284862316,0.153923877,-0.331551483,0.74022796,0.988058847,0.395000452,0.723493228,0.395000452
PFS,TLR1,0.87485924,0.641116698,0.552704478,1.193821176,0.158600623,-0.842949235,0.399256836,0.988058847,0.655263489,0.1993284,0.655263489
PFS,TLR2,0.863774758,0.628887222,0.557504879,1.186392101,0.161921391,-0.90440948,0.365778313,0.988058847,0.917636813,0.010693827,0.917636813
PFS,TLR3,0.885154749,0.655757583,0.539042066,1.194799649,0.153049397,-0.797081164,0.425403895,0.988058847,0.573096712,0.317528522,0.573096712
PFS,TLR4,0.891643612,0.660673446,0.542687059,1.203360505,0.152965478,-0.749768939,0.453393879,0.988058847,0.488084628,0.480745945,0.488084628
PFS,TLR5,0.949236115,0.691942421,0.610260151,1.302202573,0.161306446,-0.322973502,0.74671531,0.988058847,0.952737463,0.003512872,0.952737463
PFS,TLR7,0.844928616,0.622461452,0.52444389,1.146905343,0.155906152,-1.080798491,0.27978676,0.988058847,0.911602161,0.012324972,0.911602161
PFS,TLX1,0.812073385,0.609626387,0.472123347,1.081749734,0.146300863,-1.422852634,0.15477888,0.988058847,0.732284892,0.117023996,0.732284892
PFS,TMEFF2,0.947335964,0.682198555,0.633320838,1.315519393,0.167519938,-0.322955482,0.746728957,0.988058847,0.630043061,0.232002369,0.630043061
PFS,TMEM140,0.947813342,0.704279936,0.571278383,1.275558319,0.151524046,-0.353724009,0.723545728,0.988058847,0.70923508,0.139042178,0.70923508
PFS,TMEM163,0.971468793,0.732735553,0.555248373,1.287983927,0.143892584,-0.201164874,0.840569656,0.988058847,0.332902339,0.937574736,0.332902339
PFS,TMEM45B,0.902622967,0.64795295,0.609434983,1.257387933,0.16912905,-0.605752508,0.544679111,0.988058847,0.675708988,0.174996408,0.675708988
PFS,TMPRSS2,0.925858323,0.680675611,0.578681446,1.259357056,0.156959707,-0.49078873,0.623575882,0.988058847,0.386038312,0.751384284,0.386038312
PFS,TMUB2,0.885697232,0.629849216,0.615622823,1.245472039,0.173929072,-0.69787132,0.485257672,0.988058847,0.309346671,1.033463098,0.309346671
PFS,TNC,0.862342364,0.654532312,0.48159854,1.136130852,0.140681877,-1.052750472,0.29245537,0.988058847,0.944205993,0.004897831,0.944205993
PFS,TNF,1.11449729,0.79734724,0.760448594,1.557795834,0.170854391,0.634478525,0.525768577,0.988058847,0.609210299,0.261326492,0.609210299
PFS,TNFAIP3,0.934422784,0.710219274,0.519184055,1.229403329,0.139979734,-0.484543597,0.628000132,0.988058847,0.683207585,0.166537466,0.683207585
PFS,TNFAIP6,0.865711013,0.652281273,0.496694773,1.148976046,0.144428817,-0.998444298,0.318063962,0.988058847,0.447387865,0.577261161,0.447387865
PFS,TNFRSF10A,0.879661788,0.64000501,0.569055622,1.209060632,0.162279256,-0.790105773,0.429465999,0.988058847,0.696859167,0.15175991,0.696859167
PFS,TNFRSF10B,0.901629405,0.67631254,0.525699157,1.202011697,0.146710997,-0.705820998,0.480299462,0.988058847,0.989487529,0.000173602,0.989487529
PFS,TNFRSF10C,0.882157804,0.655497848,0.531695053,1.187192901,0.151521119,-0.827503938,0.407951491,0.988058847,0.635606718,0.224534033,0.635606718
PFS,TNFRSF11A,1.134853182,0.849951715,0.665301117,1.515252833,0.147492008,0.857695878,0.391060417,0.988058847,0.726675798,0.122185801,0.726675798
PFS,TNFRSF11B,0.958940855,0.699542675,0.614984081,1.314526756,0.16092265,-0.260534361,0.794451614,0.988058847,0.243263378,1.361582676,0.243263378
PFS,TNFRSF12A,1.184539064,0.85761348,0.778476469,1.636089949,0.164776239,1.027780004,0.304053324,0.988058847,0.885506657,0.020733743,0.885506657
PFS,TNFRSF13B,0.958384038,0.697926728,0.61811395,1.316040678,0.161806264,-0.262701242,0.792780859,0.988058847,0.904893329,0.014276,0.904893329
PFS,TNFRSF13C,0.917523184,0.685216194,0.54337239,1.228588584,0.148953476,-0.577881313,0.563344253,0.988058847,0.723690823,0.124983762,0.723690823
PFS,TNFRSF14,1.045479589,0.789592953,0.594699507,1.38429246,0.143223771,0.310533068,0.756155617,0.988058847,0.450107485,0.570381181,0.450107485
PFS,TNFRSF17,0.923622271,0.692226487,0.540141987,1.232368474,0.147140456,-0.539974463,0.589214644,0.988058847,0.906467231,0.013805246,0.906467231
PFS,TNFRSF18,0.917035141,0.675905465,0.568282507,1.244187972,0.155662335,-0.556393333,0.577941996,0.988058847,0.939635681,0.005734695,0.939635681
PFS,TNFRSF1A,0.95332513,0.707862721,0.576042726,1.283905447,0.151893522,-0.314689319,0.752997555,0.988058847,0.670862658,0.180594705,0.670862658
PFS,TNFRSF1B,0.968257209,0.725704219,0.566174754,1.291878973,0.147122725,-0.219255833,0.826450765,0.988058847,0.278827949,1.172793719,0.278827949
PFS,TNFRSF25,0.932584693,0.719587276,0.489041945,1.208629221,0.132289242,-0.527596252,0.597779595,0.988058847,0.241143842,1.37389472,0.241143842
PFS,TNFRSF4,0.914855786,0.673087551,0.570377891,1.243465442,0.156579933,-0.56832849,0.569811937,0.988058847,0.943937859,0.004945098,0.943937859
PFS,TNFRSF8,0.966069723,0.704638821,0.619856342,1.324495163,0.160998187,-0.21440782,0.830229044,0.988058847,0.948302811,0.004203995,0.948302811
PFS,TNFRSF9,0.90753621,0.676374171,0.541327521,1.217701692,0.149996142,-0.646828721,0.517742802,0.988058847,0.703671485,0.144680615,0.703671485
PFS,TNFSF10,0.83422944,0.617334495,0.509993986,1.127328481,0.153623978,-1.179808057,0.238076564,0.988058847,0.609139848,0.26142938,0.609139848
PFS,TNFSF12,1.067156373,0.766522709,0.719177207,1.485699916,0.16882375,0.3850022,0.700235785,0.988058847,0.536203009,0.382622576,0.536203009
PFS,TNFSF13,0.959840947,0.69037,0.644124029,1.334494029,0.168135694,-0.243777439,0.807403194,0.988058847,0.905355662,0.014136886,0.905355662
PFS,TNFSF13B,0.82910349,0.625639628,0.473096076,1.098735705,0.143661034,-1.304531148,0.192052547,0.988058847,0.728623277,0.12037948,0.728623277
PFS,TNFSF14,0.895873071,0.660895424,0.553500273,1.214395697,0.155208527,-0.708443927,0.478669622,0.988058847,0.790986551,0.070240763,0.790986551
PFS,TNFSF15,0.954105591,0.703450247,0.590624896,1.294075143,0.155501427,-0.302125402,0.762556469,0.988058847,0.645281802,0.21190059,0.645281802
PFS,TNFSF18,0.88063173,0.644728284,0.558122999,1.202851283,0.159089945,-0.799018155,0.424279885,0.988058847,0.554042671,0.350124485,0.554042671
PFS,TNFSF4,0.959571964,0.708163634,0.592070254,1.300233888,0.155009035,-0.266229412,0.790062532,0.988058847,0.798441612,0.065211011,0.798441612
PFS,TNFSF8,0.940377212,0.688432133,0.596094341,1.284526474,0.159117384,-0.386344933,0.699241227,0.988058847,0.723763211,0.124915488,0.723763211
PFS,TNFSF9,0.928514389,0.691443487,0.555424819,1.246868306,0.1504132,-0.493104341,0.621938864,0.988058847,0.807697681,0.059242217,0.807697681
PFS,TNKS,1.013848315,0.773031257,0.556654182,1.329685439,0.138364327,0.099399199,0.920821319,0.993870577,0.775027636,0.08168438,0.775027636
PFS,TNN,0.987890608,0.71427341,0.652049119,1.36632253,0.165465364,-0.073630566,0.941304349,0.99504364,0.889408918,0.019335508,0.889408918
PFS,TNR,0.942884961,0.697442904,0.577259362,1.274702266,0.153841414,-0.382283252,0.702251276,0.988058847,0.489723726,0.477133224,0.489723726
PFS,TOLLIP,0.835852829,0.621893098,0.501531415,1.123424513,0.150862132,-1.188520415,0.234628442,0.988058847,0.340292357,0.909329603,0.340292357
PFS,TOP2A,0.908385385,0.704685831,0.466281387,1.170967218,0.12955169,-0.741685094,0.458278153,0.988058847,0.448207691,0.57518036,0.448207691
PFS,TOX,1.111835976,0.836607101,0.641003163,1.477610263,0.145111551,0.73055991,0.465048007,0.988058847,0.607333938,0.264075526,0.607333938
PFS,TP53,0.945885331,0.732817351,0.488085862,1.220903214,0.130219156,-0.427233086,0.669209565,0.988058847,0.753873045,0.098305178,0.753873045
PFS,TP73,0.988243844,0.724701324,0.622924054,1.347625378,0.158252842,-0.074727288,0.940431696,0.99504364,0.50018942,0.454534504,0.50018942
PFS,TPI1,1.302037361,0.917450267,0.930389718,1.847839985,0.178619172,1.477614278,0.139511051,0.988058847,0.828696679,0.046817459,0.828696679
PFS,TPM1,0.891317968,0.666258191,0.526143991,1.192402182,0.148484341,-0.774856445,0.438424491,0.988058847,0.729829384,0.119268348,0.729829384
PFS,TPM4,0.956688682,0.721280994,0.547646433,1.268927427,0.144109405,-0.307247443,0.758655037,0.988058847,0.142996353,2.145415121,0.142996353
PFS,TPO,0.910812984,0.675076471,0.553792149,1.22886862,0.152814856,-0.611312877,0.540992467,0.988058847,0.393313996,0.728671963,0.393313996
PFS,TPR,1.122784799,0.8275803,0.695710799,1.5232911,0.155646311,0.744071777,0.456833053,0.988058847,0.754367906,0.097897128,0.754367906
PFS,TPSAB1.B2,1.353495937,1.003187744,0.822942272,1.826130016,0.152813091,1.980791219,0.047614692,0.988058847,0.641449381,0.216851604,0.641449381
PFS,TPTE,0.966638107,0.707587017,0.612942059,1.320529076,0.159168011,-0.213177864,0.831188233,0.988058847,0.611911696,0.257400501,0.611911696
PFS,TRAC,0.870811442,0.649823577,0.517127877,1.166951454,0.149352011,-0.926199844,0.354342134,0.988058847,0.511364858,0.431273222,0.511364858
PFS,TRAF1,0.890144383,0.658467087,0.544868718,1.203335805,0.153813612,-0.756575442,0.449304259,0.988058847,0.841853831,0.039809337,0.841853831
PFS,TRAF2,0.89814343,0.675023415,0.519989385,1.1950128,0.145707983,-0.737265726,0.460960771,0.988058847,0.880210303,0.022711281,0.880210303
PFS,TRAF3,0.90651129,0.694977532,0.487453094,1.182430626,0.135575944,-0.723961728,0.469089232,0.988058847,0.532026311,0.390519779,0.532026311
PFS,TRAF6,0.91325729,0.676340644,0.556823272,1.233163916,0.153227707,-0.592175088,0.55373335,0.988058847,0.255547215,1.29272043,0.255547215
PFS,TRAF7,0.99950475,0.748883914,0.58511422,1.333998134,0.14728634,-0.003363334,0.997316453,0.999856866,0.41317848,0.669636179,0.41317848
PFS,TRAT1,0.903212853,0.675536782,0.532085778,1.20762256,0.148191823,-0.686927482,0.492128428,0.988058847,0.828485235,0.046934933,0.828485235
PFS,TRBC1.2,0.883352176,0.636980391,0.588035446,1.225015837,0.166832193,-0.743449543,0.457209559,0.988058847,0.651430345,0.204101574,0.651430345
PFS,TRDC,0.86871727,0.643365818,0.529636654,1.173002472,0.153219262,-0.918536977,0.35833781,0.988058847,0.87861334,0.023325625,0.87861334
PFS,TREM1,0.936518991,0.663707781,0.657759055,1.321466835,0.175680696,-0.373322056,0.708908763,0.988058847,0.457894778,0.551035793,0.457894778
PFS,TREM2,0.955789064,0.696510762,0.61507376,1.311584522,0.161459089,-0.280058773,0.779432414,0.988058847,0.50848454,0.437184452,0.50848454
PFS,TRIM21,0.838983523,0.613462668,0.533947579,1.147410247,0.159733372,-1.099107905,0.271721002,0.988058847,0.82355008,0.049720649,0.82355008
PFS,TSC1,1.021748111,0.750852976,0.639524683,1.390377659,0.157176568,0.13688424,0.891122296,0.988058847,0.753159019,0.098895587,0.753159019
PFS,TSHR,1.012528689,0.744072994,0.633768099,1.377841093,0.157179926,0.079214026,0.936862388,0.99504364,0.734604933,0.114925318,0.734604933
PFS,TSLP,0.885175089,0.65327671,0.546115411,1.19939212,0.154995029,-0.786927256,0.431324451,0.988058847,0.737889203,0.111990551,0.737889203
PFS,TSPAN7,0.927279316,0.666481691,0.623646665,1.290128356,0.168493995,-0.448089841,0.65408836,0.988058847,0.844109467,0.038667189,0.844109467
PFS,TTC30A,0.955129362,0.708276281,0.579741011,1.288017292,0.152560223,-0.300920445,0.76347516,0.988058847,0.337358559,0.920443467,0.337358559
PFS,TTK,0.908225294,0.689521028,0.506777781,1.196298809,0.140561396,-0.684845289,0.493441553,0.988058847,0.269862657,1.217444991,0.269862657
PFS,TTPA,1.036948605,0.769032304,0.629169573,1.398201877,0.152505185,0.237909073,0.811951619,0.988058847,0.395930111,0.720652041,0.395930111
PFS,TTR,1.030146045,0.759399768,0.638020826,1.397420594,0.155578125,0.190904625,0.848600316,0.988058847,0.357255159,0.847518966,0.357255159
PFS,TUBB,0.897719882,0.684177404,0.493734907,1.177912311,0.138594811,-0.778508182,0.436269485,0.988058847,0.687427079,0.161884847,0.687427079
PFS,TWF1,0.995160008,0.725951434,0.638249248,1.364200682,0.160931742,-0.030147829,0.975949156,0.999856866,0.727535503,0.12138655,0.727535503
PFS,TWIST1,0.930430241,0.706968793,0.51755546,1.224524253,0.140135524,-0.514560289,0.606860321,0.988058847,0.755209474,0.097205333,0.755209474
PFS,TXK,0.846855418,0.619730704,0.537488222,1.157218926,0.159311573,-1.0433975,0.296764231,0.988058847,0.739313381,0.110731046,0.739313381
PFS,TXN2,0.924710779,0.686739695,0.558404619,1.245144313,0.151801615,-0.515635233,0.606109198,0.988058847,0.495324192,0.464940151,0.495324192
PFS,TXNIP,0.979197707,0.726049361,0.594560779,1.32061014,0.152612787,-0.137745398,0.890441639,0.988058847,0.998450093,3.77E-06,0.998450093
PFS,TYK2,1.157082966,0.86417113,0.685106488,1.549277618,0.148924479,0.979705644,0.327231439,0.988058847,0.864390205,0.029168654,0.864390205
PFS,TYMP,0.952604923,0.723235539,0.531481757,1.254717295,0.140546107,-0.34547398,0.729738068,0.988058847,0.929743889,0.007773432,0.929743889
PFS,TYMS,1.040654302,0.776593552,0.617908595,1.394502147,0.149333262,0.266850472,0.789584292,0.988058847,0.441834692,0.591512883,0.441834692
PFS,U2AF1,0.986194454,0.729879555,0.602640988,1.332520543,0.153560997,-0.090529036,0.927866821,0.993870577,0.464692049,0.534569519,0.464692049
PFS,UBA7,0.939062386,0.698801905,0.563126774,1.261928679,0.150775531,-0.416999778,0.67667857,0.988058847,0.687417853,0.161894937,0.687417853
PFS,UBB,0.890408665,0.669249194,0.515403097,1.184652291,0.145678214,-0.796788645,0.425573791,0.988058847,0.804869111,0.061033969,0.804869111
PFS,UBC,0.959354425,0.691672745,0.638957844,1.330630589,0.166915134,-0.248597558,0.803672098,0.988058847,0.311517237,1.02423212,0.311517237
PFS,UBE2C,0.905502221,0.699245834,0.473352174,1.172598008,0.131883727,-0.752674731,0.451645398,0.988058847,0.297318562,1.086182642,0.297318562
PFS,UBE2T,0.855664946,0.655901336,0.460367924,1.11626926,0.135649689,-1.149109878,0.250510676,0.988058847,0.558130848,0.342950884,0.558130848
PFS,ULBP2,0.919854124,0.695730508,0.520446732,1.21617724,0.142478492,-0.586335393,0.557650151,0.988058847,0.797664639,0.065725917,0.797664639
PFS,UQCR10,0.936393005,0.678338578,0.614278248,1.292616826,0.164487066,-0.399545176,0.689491544,0.988058847,0.478229001,0.5028992,0.478229001
PFS,UQCR11,0.902216875,0.656222767,0.584202482,1.240425249,0.162428808,-0.633510468,0.526400347,0.988058847,0.838314424,0.041636404,0.838314424
PFS,UQCRQ,0.874808436,0.66388732,0.488853177,1.152740498,0.140764064,-0.950173951,0.342023872,0.988058847,0.678008673,0.172376096,0.678008673
PFS,USP9Y,0.87345937,0.653513252,0.513917198,1.167430451,0.148012313,-0.914070338,0.360679887,0.988058847,0.692021207,0.156906004,0.692021207
PFS,UTY,0.93241702,0.689805523,0.570551881,1.260357404,0.153763261,-0.455083471,0.649049189,0.988058847,0.987375572,0.000250368,0.987375572
PFS,VCAM1,0.845600492,0.634909563,0.491298377,1.126207941,0.146209037,-1.147044436,0.251363256,0.988058847,0.886034649,0.020541643,0.886034649
PFS,VCAN,0.908721771,0.668490098,0.566794102,1.2352842,0.156644399,-0.611042051,0.541171742,0.988058847,0.318301376,0.995913375,0.318301376
PFS,VEGFA,1.349176614,1.006705506,0.80144745,1.808152955,0.1493963,2.004698184,0.044995323,0.988058847,0.449837646,0.571060911,0.449837646
PFS,VEGFB,0.90079551,0.655965357,0.581039834,1.23700519,0.161824553,-0.645618999,0.51852613,0.988058847,0.87684701,0.024014898,0.87684701
PFS,VEGFC,0.928229202,0.699573574,0.532047348,1.231620922,0.144292303,-0.516150832,0.605749068,0.988058847,0.982428348,0.000485082,0.982428348
PFS,VEGFD,0.859384219,0.639212205,0.516180684,1.155392889,0.151012785,-1.0034857,0.315626573,0.988058847,0.604896853,0.267673265,0.604896853
PFS,VHL,0.952348368,0.7114607,0.563335522,1.274796222,0.148783713,-0.328156744,0.742793152,0.988058847,0.994450411,4.84E-05,0.994450411
PFS,VSIR,0.955236939,0.710508097,0.57375258,1.284260677,0.151012504,-0.303258764,0.761692669,0.988058847,0.200400535,1.639453002,0.200400535
PFS,VTCN1,1.024181534,0.747396151,0.656073499,1.40346965,0.160744638,0.1486444,0.881834236,0.988058847,0.539227994,0.376972462,0.539227994
PFS,WDR76,0.880598311,0.648915887,0.546082417,1.194998304,0.155767388,-0.816305042,0.414325691,0.988058847,0.331632886,0.942511103,0.331632886
PFS,WEE1,0.855274019,0.65381277,0.464999343,1.118812113,0.137043784,-1.140754925,0.253971923,0.988058847,0.573411229,0.317008117,0.573411229
PFS,WIF1,0.880237233,0.644278796,0.558333477,1.202612273,0.159217165,-0.801193919,0.423019391,0.988058847,0.443402423,0.587461501,0.443402423
PFS,WIPF1,0.931530801,0.710392053,0.511116027,1.221508081,0.138274097,-0.512937888,0.607994769,0.988058847,0.207952444,1.585624096,0.207952444
PFS,WNT10A,0.971064213,0.715536553,0.602307659,1.317844212,0.155798736,-0.188465473,0.850511779,0.988058847,0.746460331,0.104529485,0.746460331
PFS,WNT10B,0.923401461,0.694186399,0.534115191,1.22830159,0.145575931,-0.547420076,0.584090166,0.988058847,0.760401215,0.09299692,0.760401215
PFS,WNT11,1.046191,0.770678071,0.649520128,1.420198199,0.155941891,0.289569077,0.772145926,0.988058847,0.082958195,3.0059722,0.082958195
PFS,WNT16,0.870395867,0.645529139,0.528064616,1.173593754,0.152491464,-0.910261779,0.36268447,0.988058847,0.823877561,0.049533188,0.823877561
PFS,WNT2,0.822429573,0.609855365,0.499244335,1.1090997,0.152574758,-1.281289435,0.200092022,0.988058847,0.778169758,0.07935768,0.778169758
PFS,WNT2B,0.95670754,0.703143119,0.598568143,1.301711262,0.157113749,-0.281691041,0.778180425,0.988058847,0.866690164,0.028178369,0.866690164
PFS,WNT3,0.943483368,0.685458762,0.613176422,1.298635184,0.1630083,-0.356893132,0.721171811,0.988058847,0.788286885,0.072111502,0.788286885
PFS,WNT3A,1.01813118,0.737960114,0.666710791,1.404670905,0.164204177,0.109429438,0.912861886,0.990515544,0.749142234,0.102253238,0.749142234
PFS,WNT4,0.902129012,0.6644516,0.560373134,1.224824734,0.156020979,-0.660153148,0.509155555,0.988058847,0.717420709,0.130977471,0.717420709
PFS,WNT5A,0.863262202,0.662539795,0.462255478,1.124795273,0.135021791,-1.088985764,0.276160164,0.988058847,0.892602186,0.018228309,0.892602186
PFS,WNT5B,0.917118889,0.674121948,0.573585619,1.247707567,0.157057012,-0.550871078,0.581722055,0.988058847,0.579144762,0.307619305,0.579144762
PFS,WNT6,1.06522389,0.772683485,0.695837529,1.468521014,0.163814632,0.385710369,0.699711182,0.988058847,0.627527533,0.235428547,0.627527533
PFS,WNT7A,1.086748719,0.790494471,0.703535938,1.494030409,0.162394325,0.512274134,0.608459165,0.988058847,0.62871569,0.233806402,0.62871569
PFS,WNT7B,1.026437274,0.758040815,0.631822972,1.389863787,0.15465177,0.16872648,0.866011789,0.988058847,0.886941163,0.020213952,0.886941163
PFS,WRN,1.041429452,0.740368454,0.724544452,1.464912906,0.174085622,0.233185497,0.815617367,0.988058847,0.703787904,0.144561317,0.703787904
PFS,WT1,0.916794637,0.681730837,0.551178635,1.232909473,0.151150014,-0.574738833,0.56546794,0.988058847,0.572293333,0.31886036,0.572293333
PFS,XCL1.2,0.869848283,0.643062781,0.53355023,1.176613011,0.154123471,-0.90470627,0.365621019,0.988058847,0.666458692,0.185772474,0.666458692
PFS,XCR1,1.206101319,0.864478242,0.818248196,1.682726437,0.169912434,1.102880486,0.27007907,0.988058847,0.950494693,0.003854617,0.950494693
PFS,XPA,1.128743778,0.858587879,0.625316738,1.483904617,0.139579888,0.867641571,0.385590581,0.988058847,0.070506422,3.271190928,0.070506422
PFS,XRCC4,0.881353263,0.671560559,0.48512377,1.156684329,0.138703737,-0.910550475,0.362532275,0.988058847,0.63154898,0.229966081,0.63154898
PFS,YAP1,1.024192944,0.786011487,0.548537948,1.334549435,0.135047789,0.177010897,0.85949983,0.988058847,0.980579783,0.000592535,0.980579783
PFS,YTHDF2,1.189849441,0.912086172,0.640115513,1.552201684,0.135639016,1.281539667,0.200004176,0.988058847,0.642618971,0.215333273,0.642618971
PFS,ZAP70,0.88534548,0.656192479,0.538329927,1.194522406,0.152821065,-0.796862252,0.425531036,0.988058847,0.885566045,0.020712091,0.885566045
PFS,ZBTB16,0.765895393,0.56477419,0.473863488,1.038637678,0.155421024,-1.716046345,0.08615356,0.988058847,0.992649524,8.49E-05,0.992649524
PFS,ZBTB20,1.142814046,0.849484279,0.687947284,1.537431563,0.151339274,0.882082217,0.377732348,0.988058847,0.010469639,6.553188155,0.010469639
PFS,ZBTB32,0.959924276,0.712757624,0.580044564,1.292802188,0.151897168,-0.269266883,0.787724315,0.988058847,0.834399246,0.043707238,0.834399246
PFS,ZC3H12A,0.95819222,0.71753713,0.562023595,1.279560725,0.147565828,-0.289408965,0.772268435,0.988058847,0.369939164,0.803868833,0.369939164
PFS,ZEB1,0.922037292,0.674697797,0.585351917,1.260049715,0.159350268,-0.509378559,0.610486902,0.988058847,0.069310893,3.299264942,0.069310893
PFS,ZEB2,1.045467223,0.815120547,0.525787517,1.340908064,0.126983535,0.350154758,0.726222558,0.988058847,0.964751623,0.001952904,0.964751623
PFS,ZIC2,1.239949547,0.904171781,0.796251646,1.700423427,0.161128779,1.334775153,0.181949948,0.988058847,0.395613323,0.721619116,0.395613323
PFS,ZNF205,1.091408175,0.798745159,0.692558783,1.491303942,0.159279508,0.549152661,0.582900689,0.988058847,0.830768147,0.045674741,0.830768147