Class,Biological Process,Gene
Adaptive Immunity,B cells,ADA 
Adaptive Immunity,B cells,AICDA 
Adaptive Immunity,B cells,BLK 
Adaptive Immunity,B cells,CD19 
Adaptive Immunity,B cells,CD1D 
Adaptive Immunity,B cells,CD22 
Adaptive Immunity,B cells,CD24 
Adaptive Immunity,B cells,CD27 
Adaptive Immunity,B cells,CD274 
Adaptive Immunity,B cells,CD37 
Adaptive Immunity,B cells,CD38 
Adaptive Immunity,B cells,CD3E 
Adaptive Immunity,B cells,CD40 
Adaptive Immunity,B cells,CD5 
Adaptive Immunity,B cells,CD70 
Adaptive Immunity,B cells,CD79A 
Adaptive Immunity,B cells,CD79B 
Adaptive Immunity,B cells,CD80 
Adaptive Immunity,B cells,CD86 
Adaptive Immunity,B cells,CR2 
Adaptive Immunity,B cells,CTLA4 
Adaptive Immunity,B cells,CXCR5 
Adaptive Immunity,B cells,FAM30A 
Adaptive Immunity,B cells,FAS 
Adaptive Immunity,B cells,FCER2 
Adaptive Immunity,B cells,FCRL2 
Adaptive Immunity,B cells,IGLL1 
Adaptive Immunity,B cells,IL11 
Adaptive Immunity,B cells,IRF4 
Adaptive Immunity,B cells,MS4A1 
Adaptive Immunity,B cells,PNOC 
Adaptive Immunity,B cells,PTPRC 
Adaptive Immunity,B cells,RAG1 
Adaptive Immunity,B cells,SOCS1 
Adaptive Immunity,B cells,SPIB 
Adaptive Immunity,B cells,TNFRSF14 
Adaptive Immunity,B cells,TNFSF18
Adaptive Immunity,BCR Signaling,AKT1 
Adaptive Immunity,BCR Signaling,AKT2 
Adaptive Immunity,BCR Signaling,AKT3 
Adaptive Immunity,BCR Signaling,BCL10 
Adaptive Immunity,BCR Signaling,BLK 
Adaptive Immunity,BCR Signaling,BLNK 
Adaptive Immunity,BCR Signaling,BTK 
Adaptive Immunity,BCR Signaling,CARD11 
Adaptive Immunity,BCR Signaling,CD19 
Adaptive Immunity,BCR Signaling,CD22 
Adaptive Immunity,BCR Signaling,CD79A 
Adaptive Immunity,BCR Signaling,CD79B 
Adaptive Immunity,BCR Signaling,CD81 
Adaptive Immunity,BCR Signaling,CHUK 
Adaptive Immunity,BCR Signaling,CR2 
Adaptive Immunity,BCR Signaling,CUL1 
Adaptive Immunity,BCR Signaling,FOS 
Adaptive Immunity,BCR Signaling,FYN 
Adaptive Immunity,BCR Signaling,GRB2 
Adaptive Immunity,BCR Signaling,GSK3B 
Adaptive Immunity,BCR Signaling,HRAS 
Adaptive Immunity,BCR Signaling,IFITM1 
Adaptive Immunity,BCR Signaling,IKBKB 
Adaptive Immunity,BCR Signaling,IKBKG 
Adaptive Immunity,BCR Signaling,INPP5D 
Adaptive Immunity,BCR Signaling,JUN 
Adaptive Immunity,BCR Signaling,KRAS 
Adaptive Immunity,BCR Signaling,LILRA1 
Adaptive Immunity,BCR Signaling,LILRA3 
Adaptive Immunity,BCR Signaling,LILRA4 
Adaptive Immunity,BCR Signaling,LILRA5 
Adaptive Immunity,BCR Signaling,LILRB1 
Adaptive Immunity,BCR Signaling,LILRB2 
Adaptive Immunity,BCR Signaling,LILRB3 
Adaptive Immunity,BCR Signaling,LILRB4 
Adaptive Immunity,BCR Signaling,LYN 
Adaptive Immunity,BCR Signaling,MAP2K1 
Adaptive Immunity,BCR Signaling,MAP2K2 
Adaptive Immunity,BCR Signaling,MAP3K7 
Adaptive Immunity,BCR Signaling,MAPK1 
Adaptive Immunity,BCR Signaling,MAPK3 
Adaptive Immunity,BCR Signaling,NFATC1 
Adaptive Immunity,BCR Signaling,NFATC2 
Adaptive Immunity,BCR Signaling,NFATC3 
Adaptive Immunity,BCR Signaling,NFKB1 
Adaptive Immunity,BCR Signaling,NFKBIA 
Adaptive Immunity,BCR Signaling,NFKBIE 
Adaptive Immunity,BCR Signaling,NRAS 
Adaptive Immunity,BCR Signaling,PIK3CA 
Adaptive Immunity,BCR Signaling,PIK3CB 
Adaptive Immunity,BCR Signaling,PIK3CD 
Adaptive Immunity,BCR Signaling,PIK3R1 
Adaptive Immunity,BCR Signaling,PIK3R2 
Adaptive Immunity,BCR Signaling,PIK3R3 
Adaptive Immunity,BCR Signaling,PLCG2 
Adaptive Immunity,BCR Signaling,PPP3CA 
Adaptive Immunity,BCR Signaling,PPP3CB 
Adaptive Immunity,BCR Signaling,PPP3CC 
Adaptive Immunity,BCR Signaling,PPP3R1 
Adaptive Immunity,BCR Signaling,PPP3R2 
Adaptive Immunity,BCR Signaling,PRKCB 
Adaptive Immunity,BCR Signaling,PSMB10 
Adaptive Immunity,BCR Signaling,PSMB2 
Adaptive Immunity,BCR Signaling,PSMB5 
Adaptive Immunity,BCR Signaling,PSMB7 
Adaptive Immunity,BCR Signaling,PSMB8 
Adaptive Immunity,BCR Signaling,PSMB9 
Adaptive Immunity,BCR Signaling,PSMC4 
Adaptive Immunity,BCR Signaling,PSMD7 
Adaptive Immunity,BCR Signaling,RAC1 
Adaptive Immunity,BCR Signaling,RAC2 
Adaptive Immunity,BCR Signaling,RAC3 
Adaptive Immunity,BCR Signaling,RAF1 
Adaptive Immunity,BCR Signaling,RASGRP1 
Adaptive Immunity,BCR Signaling,REL 
Adaptive Immunity,BCR Signaling,RELA 
Adaptive Immunity,BCR Signaling,RPS27A 
Adaptive Immunity,BCR Signaling,SKP1 
Adaptive Immunity,BCR Signaling,SOS1 
Adaptive Immunity,BCR Signaling,SOS2 
Adaptive Immunity,BCR Signaling,SYK 
Adaptive Immunity,BCR Signaling,UBB 
Adaptive Immunity,BCR Signaling,UBC
Adaptive Immunity,Cancer Antigens,BAGE 
Adaptive Immunity,Cancer Antigens,CT45A1 
Adaptive Immunity,Cancer Antigens,CTAG1B 
Adaptive Immunity,Cancer Antigens,CTAGE1 
Adaptive Immunity,Cancer Antigens,CTCFL 
Adaptive Immunity,Cancer Antigens,GAGE1 
Adaptive Immunity,Cancer Antigens,MAGEA1 
Adaptive Immunity,Cancer Antigens,MAGEA12 
Adaptive Immunity,Cancer Antigens,MAGEA3/6
Adaptive Immunity,Cancer Antigens,MAGEA4 
Adaptive Immunity,Cancer Antigens,MAGEB2 
Adaptive Immunity,Cancer Antigens,MAGEC1 
Adaptive Immunity,Cancer Antigens,MAGEC2 
Adaptive Immunity,Cancer Antigens,MLANA 
Adaptive Immunity,Cancer Antigens,OTOA 
Adaptive Immunity,Cancer Antigens,PASD1 
Adaptive Immunity,Cancer Antigens,PRAME 
Adaptive Immunity,Cancer Antigens,PRM1
Adaptive Immunity,MHC Class I Antigen Presentation,ATG7 
Adaptive Immunity,MHC Class I Antigen Presentation,B2M 
Adaptive Immunity,MHC Class I Antigen Presentation,BTK 
Adaptive Immunity,MHC Class I Antigen Presentation,CD14 
Adaptive Immunity,MHC Class I Antigen Presentation,CD207 
Adaptive Immunity,MHC Class I Antigen Presentation,CD36 
Adaptive Immunity,MHC Class I Antigen Presentation,CDC20 
Adaptive Immunity,MHC Class I Antigen Presentation,CHUK 
Adaptive Immunity,MHC Class I Antigen Presentation,CTSL 
Adaptive Immunity,MHC Class I Antigen Presentation,CTSS 
Adaptive Immunity,MHC Class I Antigen Presentation,CUL1 
Adaptive Immunity,MHC Class I Antigen Presentation,CYBB 
Adaptive Immunity,MHC Class I Antigen Presentation,DTX3L 
Adaptive Immunity,MHC Class I Antigen Presentation,ELOB 
Adaptive Immunity,MHC Class I Antigen Presentation,FBXW7 
Adaptive Immunity,MHC Class I Antigen Presentation,FCGR1A 
Adaptive Immunity,MHC Class I Antigen Presentation,HERC6 
Adaptive Immunity,MHC Class I Antigen Presentation,HLA-A 
Adaptive Immunity,MHC Class I Antigen Presentation,HLA-B 
Adaptive Immunity,MHC Class I Antigen Presentation,HLA-C 
Adaptive Immunity,MHC Class I Antigen Presentation,HLA-E 
Adaptive Immunity,MHC Class I Antigen Presentation,HLA-F 
Adaptive Immunity,MHC Class I Antigen Presentation,HLA-G 
Adaptive Immunity,MHC Class I Antigen Presentation,IKBKB 
Adaptive Immunity,MHC Class I Antigen Presentation,IKBKG 
Adaptive Immunity,MHC Class I Antigen Presentation,ITCH 
Adaptive Immunity,MHC Class I Antigen Presentation,ITGAV 
Adaptive Immunity,MHC Class I Antigen Presentation,KBTBD8 
Adaptive Immunity,MHC Class I Antigen Presentation,KEAP1 
Adaptive Immunity,MHC Class I Antigen Presentation,LY96 
Adaptive Immunity,MHC Class I Antigen Presentation,MR1 
Adaptive Immunity,MHC Class I Antigen Presentation,MRC1 
Adaptive Immunity,MHC Class I Antigen Presentation,MYD88 
Adaptive Immunity,MHC Class I Antigen Presentation,NCF4 
Adaptive Immunity,MHC Class I Antigen Presentation,PSMB10 
Adaptive Immunity,MHC Class I Antigen Presentation,PSMB2 
Adaptive Immunity,MHC Class I Antigen Presentation,PSMB5 
Adaptive Immunity,MHC Class I Antigen Presentation,PSMB7 
Adaptive Immunity,MHC Class I Antigen Presentation,PSMB8 
Adaptive Immunity,MHC Class I Antigen Presentation,PSMB9 
Adaptive Immunity,MHC Class I Antigen Presentation,PSMC4 
Adaptive Immunity,MHC Class I Antigen Presentation,PSMD7 
Adaptive Immunity,MHC Class I Antigen Presentation,RBX1 
Adaptive Immunity,MHC Class I Antigen Presentation,RPS27A 
Adaptive Immunity,MHC Class I Antigen Presentation,SKP1 
Adaptive Immunity,MHC Class I Antigen Presentation,SKP2 
Adaptive Immunity,MHC Class I Antigen Presentation,SOCS1 
Adaptive Immunity,MHC Class I Antigen Presentation,SOCS3 
Adaptive Immunity,MHC Class I Antigen Presentation,TAP1 
Adaptive Immunity,MHC Class I Antigen Presentation,TAP2 
Adaptive Immunity,MHC Class I Antigen Presentation,TAPBP 
Adaptive Immunity,MHC Class I Antigen Presentation,TAPBPL 
Adaptive Immunity,MHC Class I Antigen Presentation,TIRAP 
Adaptive Immunity,MHC Class I Antigen Presentation,TLR1 
Adaptive Immunity,MHC Class I Antigen Presentation,TLR2 
Adaptive Immunity,MHC Class I Antigen Presentation,TLR4 
Adaptive Immunity,MHC Class I Antigen Presentation,TLR6 
Adaptive Immunity,MHC Class I Antigen Presentation,TRAF7 
Adaptive Immunity,MHC Class I Antigen Presentation,TRIM21 
Adaptive Immunity,MHC Class I Antigen Presentation,UBA7 
Adaptive Immunity,MHC Class I Antigen Presentation,UBB 
Adaptive Immunity,MHC Class I Antigen Presentation,UBC 
Adaptive Immunity,MHC Class I Antigen Presentation,UBE2C 
Adaptive Immunity,MHC Class I Antigen Presentation,VHL 
Adaptive Immunity,MHC Class I Antigen Presentation,ZBTB16
Adaptive Immunity,MHC Class II Antigen Presentation,CD74 
Adaptive Immunity,MHC Class II Antigen Presentation,CTSH 
Adaptive Immunity,MHC Class II Antigen Presentation,CTSL 
Adaptive Immunity,MHC Class II Antigen Presentation,CTSS 
Adaptive Immunity,MHC Class II Antigen Presentation,HLA-DMA 
Adaptive Immunity,MHC Class II Antigen Presentation,HLA-DMB 
Adaptive Immunity,MHC Class II Antigen Presentation,HLA-DOA 
Adaptive Immunity,MHC Class II Antigen Presentation,HLA-DOB 
Adaptive Immunity,MHC Class II Antigen Presentation,HLA-DPA1 
Adaptive Immunity,MHC Class II Antigen Presentation,HLA-DPB1 
Adaptive Immunity,MHC Class II Antigen Presentation,HLA-DQA1 
Adaptive Immunity,MHC Class II Antigen Presentation,HLA-DQA2 
Adaptive Immunity,MHC Class II Antigen Presentation,HLA-DQB1 
Adaptive Immunity,MHC Class II Antigen Presentation,HLA-DRA 
Adaptive Immunity,MHC Class II Antigen Presentation,HLA-DRB 
Adaptive Immunity,MHC Class II Antigen Presentation,HLA-DRB3 
Adaptive Immunity,MHC Class II Antigen Presentation,HLA-DRB4 
Adaptive Immunity,MHC Class II Antigen Presentation,HLA-DRB5 
Adaptive Immunity,MHC Class II Antigen Presentation,KIF2C 
Adaptive Immunity,MHC Class II Antigen Presentation,LAG3 
Adaptive Immunity,MHC Class II Antigen Presentation,RAB7A
Adaptive Immunity,T cells,ADA 
Adaptive Immunity,T cells,AICDA 
Adaptive Immunity,T cells,AIRE 
Adaptive Immunity,T cells,BLVRA 
Adaptive Immunity,T cells,CCR1 
Adaptive Immunity,T cells,CCR4 
Adaptive Immunity,T cells,CCR5 
Adaptive Immunity,T cells,CD1C 
Adaptive Immunity,T cells,CD1D 
Adaptive Immunity,T cells,CD1E 
Adaptive Immunity,T cells,CD2 
Adaptive Immunity,T cells,CD247 
Adaptive Immunity,T cells,CD27 
Adaptive Immunity,T cells,CD274 
Adaptive Immunity,T cells,CD276 
Adaptive Immunity,T cells,CD38 
Adaptive Immunity,T cells,CD3E 
Adaptive Immunity,T cells,CD3G 
Adaptive Immunity,T cells,CD4 
Adaptive Immunity,T cells,CD44 
Adaptive Immunity,T cells,CD47 
Adaptive Immunity,T cells,CD5 
Adaptive Immunity,T cells,CD69 
Adaptive Immunity,T cells,CD7 
Adaptive Immunity,T cells,CD70 
Adaptive Immunity,T cells,CD80 
Adaptive Immunity,T cells,CD86 
Adaptive Immunity,T cells,CD8A 
Adaptive Immunity,T cells,CD8B 
Adaptive Immunity,T cells,CTAG1B 
Adaptive Immunity,T cells,CTLA4 
Adaptive Immunity,T cells,CXCL10 
Adaptive Immunity,T cells,CXCL11 
Adaptive Immunity,T cells,CXCL9 
Adaptive Immunity,T cells,CXCR3 
Adaptive Immunity,T cells,CXCR5 
Adaptive Immunity,T cells,DPP4 
Adaptive Immunity,T cells,EGR1 
Adaptive Immunity,T cells,EOMES 
Adaptive Immunity,T cells,F2RL1 
Adaptive Immunity,T cells,FAS 
Adaptive Immunity,T cells,FOXP3 
Adaptive Immunity,T cells,GIMAP6 
Adaptive Immunity,T cells,GZMB 
Adaptive Immunity,T cells,HAVCR2 
Adaptive Immunity,T cells,ICOS 
Adaptive Immunity,T cells,IDO1 
Adaptive Immunity,T cells,IFNG 
Adaptive Immunity,T cells,IL11 
Adaptive Immunity,T cells,IL12A 
Adaptive Immunity,T cells,IL12B 
Adaptive Immunity,T cells,IL12RB1 
Adaptive Immunity,T cells,IL12RB2 
Adaptive Immunity,T cells,IL13 
Adaptive Immunity,T cells,IL13RA1 
Adaptive Immunity,T cells,IL13RA2 
Adaptive Immunity,T cells,IL18 
Adaptive Immunity,T cells,IL18R1 
Adaptive Immunity,T cells,IL18RAP 
Adaptive Immunity,T cells,IL2 
Adaptive Immunity,T cells,IL2RA 
Adaptive Immunity,T cells,IL3 
Adaptive Immunity,T cells,IL4 
Adaptive Immunity,T cells,IL4R 
Adaptive Immunity,T cells,IL5 
Adaptive Immunity,T cells,IL7R 
Adaptive Immunity,T cells,IRF1 
Adaptive Immunity,T cells,IRF4 
Adaptive Immunity,T cells,ITGA1 
Adaptive Immunity,T cells,LAG3 
Adaptive Immunity,T cells,LCK 
Adaptive Immunity,T cells,LCP1 
Adaptive Immunity,T cells,LILRB1 
Adaptive Immunity,T cells,LY6E 
Adaptive Immunity,T cells,MAF 
Adaptive Immunity,T cells,MLANA 
Adaptive Immunity,T cells,PDCD1 
Adaptive Immunity,T cells,PDCD1LG2 
Adaptive Immunity,T cells,PTPRC 
Adaptive Immunity,T cells,RAG1 
Adaptive Immunity,T cells,SOCS1 
Adaptive Immunity,T cells,STAT4 
Adaptive Immunity,T cells,STAT6 
Adaptive Immunity,T cells,TAL1 
Adaptive Immunity,T cells,TBX21 
Adaptive Immunity,T cells,TFEB 
Adaptive Immunity,T cells,TIGIT 
Adaptive Immunity,T cells,TNFRSF14 
Adaptive Immunity,T cells,TNFRSF18 
Adaptive Immunity,T cells,TNFSF14 
Adaptive Immunity,T cells,TNFSF18 
Adaptive Immunity,T cells,TP53 
Adaptive Immunity,T cells,VSIR
Adaptive Immunity,T-cell Checkpoints,ADORA2A 
Adaptive Immunity,T-cell Checkpoints,CD27 
Adaptive Immunity,T-cell Checkpoints,CD274 
Adaptive Immunity,T-cell Checkpoints,CD276 
Adaptive Immunity,T-cell Checkpoints,CD28 
Adaptive Immunity,T-cell Checkpoints,CD40 
Adaptive Immunity,T-cell Checkpoints,CD40LG 
Adaptive Immunity,T-cell Checkpoints,CD70 
Adaptive Immunity,T-cell Checkpoints,CD80 
Adaptive Immunity,T-cell Checkpoints,CD86 
Adaptive Immunity,T-cell Checkpoints,CMTM4 
Adaptive Immunity,T-cell Checkpoints,CTLA4 
Adaptive Immunity,T-cell Checkpoints,HAVCR2 
Adaptive Immunity,T-cell Checkpoints,ICOS 
Adaptive Immunity,T-cell Checkpoints,ICOSLG 
Adaptive Immunity,T-cell Checkpoints,LAG3 
Adaptive Immunity,T-cell Checkpoints,PDCD1 
Adaptive Immunity,T-cell Checkpoints,PDCD1LG2 
Adaptive Immunity,T-cell Checkpoints,PVRIG 
Adaptive Immunity,T-cell Checkpoints,TIGIT 
Adaptive Immunity,T-cell Checkpoints,TNFRSF18 
Adaptive Immunity,T-cell Checkpoints,TNFRSF4 
Adaptive Immunity,T-cell Checkpoints,TNFRSF9 
Adaptive Immunity,T-cell Checkpoints,TNFSF18 
Adaptive Immunity,T-cell Checkpoints,TNFSF4 
Adaptive Immunity,T-cell Checkpoints,TNFSF9 
Adaptive Immunity,T-cell Checkpoints,VSIR
Adaptive Immunity,TCR Signaling,AKT1 
Adaptive Immunity,TCR Signaling,AKT2 
Adaptive Immunity,TCR Signaling,AKT3 
Adaptive Immunity,TCR Signaling,BCL10 
Adaptive Immunity,TCR Signaling,CARD11 
Adaptive Immunity,TCR Signaling,CD247 
Adaptive Immunity,TCR Signaling,CD28 
Adaptive Immunity,TCR Signaling,CD3D 
Adaptive Immunity,TCR Signaling,CD3E 
Adaptive Immunity,TCR Signaling,CD3G 
Adaptive Immunity,TCR Signaling,CD4 
Adaptive Immunity,TCR Signaling,CD40LG 
Adaptive Immunity,TCR Signaling,CD8A 
Adaptive Immunity,TCR Signaling,CD8B 
Adaptive Immunity,TCR Signaling,CDK4 
Adaptive Immunity,TCR Signaling,CHUK 
Adaptive Immunity,TCR Signaling,CSF2 
Adaptive Immunity,TCR Signaling,CTLA4 
Adaptive Immunity,TCR Signaling,CUL1 
Adaptive Immunity,TCR Signaling,FOS 
Adaptive Immunity,TCR Signaling,FYN 
Adaptive Immunity,TCR Signaling,GRB2 
Adaptive Immunity,TCR Signaling,GSK3B 
Adaptive Immunity,TCR Signaling,HLA-DPA1 
Adaptive Immunity,TCR Signaling,HLA-DPB1 
Adaptive Immunity,TCR Signaling,HLA-DQA1 
Adaptive Immunity,TCR Signaling,HLA-DQA2 
Adaptive Immunity,TCR Signaling,HLA-DQB1 
Adaptive Immunity,TCR Signaling,HLA-DRA 
Adaptive Immunity,TCR Signaling,HLA-DRB 
Adaptive Immunity,TCR Signaling,HLA-DRB3 
Adaptive Immunity,TCR Signaling,HLA-DRB4 
Adaptive Immunity,TCR Signaling,HLA-DRB5 
Adaptive Immunity,TCR Signaling,HRAS 
Adaptive Immunity,TCR Signaling,ICOS 
Adaptive Immunity,TCR Signaling,IFNG 
Adaptive Immunity,TCR Signaling,IKBKB 
Adaptive Immunity,TCR Signaling,IKBKG 
Adaptive Immunity,TCR Signaling,IL10 
Adaptive Immunity,TCR Signaling,IL2 
Adaptive Immunity,TCR Signaling,IL4 
Adaptive Immunity,TCR Signaling,IL5 
Adaptive Immunity,TCR Signaling,INPP5D 
Adaptive Immunity,TCR Signaling,ITK 
Adaptive Immunity,TCR Signaling,JUN 
Adaptive Immunity,TCR Signaling,KRAS 
Adaptive Immunity,TCR Signaling,LAT 
Adaptive Immunity,TCR Signaling,LCK 
Adaptive Immunity,TCR Signaling,MAP2K1 
Adaptive Immunity,TCR Signaling,MAP2K2 
Adaptive Immunity,TCR Signaling,MAP3K14 
Adaptive Immunity,TCR Signaling,MAP3K7 
Adaptive Immunity,TCR Signaling,MAP3K8 
Adaptive Immunity,TCR Signaling,MAPK1 
Adaptive Immunity,TCR Signaling,MAPK10 
Adaptive Immunity,TCR Signaling,MAPK11 
Adaptive Immunity,TCR Signaling,MAPK12 
Adaptive Immunity,TCR Signaling,MAPK14 
Adaptive Immunity,TCR Signaling,MAPK3 
Adaptive Immunity,TCR Signaling,MAPK8 
Adaptive Immunity,TCR Signaling,MAPK9 
Adaptive Immunity,TCR Signaling,NFATC1 
Adaptive Immunity,TCR Signaling,NFATC2 
Adaptive Immunity,TCR Signaling,NFATC3 
Adaptive Immunity,TCR Signaling,NFKB1 
Adaptive Immunity,TCR Signaling,NFKBIA 
Adaptive Immunity,TCR Signaling,NFKBIE 
Adaptive Immunity,TCR Signaling,NRAS 
Adaptive Immunity,TCR Signaling,PAK3 
Adaptive Immunity,TCR Signaling,PAK5 
Adaptive Immunity,TCR Signaling,PDCD1 
Adaptive Immunity,TCR Signaling,PIK3CA 
Adaptive Immunity,TCR Signaling,PIK3CB 
Adaptive Immunity,TCR Signaling,PIK3CD 
Adaptive Immunity,TCR Signaling,PIK3R1 
Adaptive Immunity,TCR Signaling,PIK3R2 
Adaptive Immunity,TCR Signaling,PIK3R3 
Adaptive Immunity,TCR Signaling,PLCG2 
Adaptive Immunity,TCR Signaling,PPP3CA 
Adaptive Immunity,TCR Signaling,PPP3CB 
Adaptive Immunity,TCR Signaling,PPP3CC 
Adaptive Immunity,TCR Signaling,PPP3R1 
Adaptive Immunity,TCR Signaling,PPP3R2 
Adaptive Immunity,TCR Signaling,PSMB10 
Adaptive Immunity,TCR Signaling,PSMB2 
Adaptive Immunity,TCR Signaling,PSMB5 
Adaptive Immunity,TCR Signaling,PSMB7 
Adaptive Immunity,TCR Signaling,PSMB8 
Adaptive Immunity,TCR Signaling,PSMB9 
Adaptive Immunity,TCR Signaling,PSMC4 
Adaptive Immunity,TCR Signaling,PSMD7 
Adaptive Immunity,TCR Signaling,PTEN 
Adaptive Immunity,TCR Signaling,PTPRC 
Adaptive Immunity,TCR Signaling,RAF1 
Adaptive Immunity,TCR Signaling,RASGRP1 
Adaptive Immunity,TCR Signaling,RELA 
Adaptive Immunity,TCR Signaling,RHOA 
Adaptive Immunity,TCR Signaling,RIPK2 
Adaptive Immunity,TCR Signaling,RPS27A 
Adaptive Immunity,TCR Signaling,SKP1 
Adaptive Immunity,TCR Signaling,SOS1 
Adaptive Immunity,TCR Signaling,SOS2 
Adaptive Immunity,TCR Signaling,TNF 
Adaptive Immunity,TCR Signaling,TRAC 
Adaptive Immunity,TCR Signaling,TRAF6 
Adaptive Immunity,TCR Signaling,TRAT1 
Adaptive Immunity,TCR Signaling,TRBC1/2 
Adaptive Immunity,TCR Signaling,TRDC 
Adaptive Immunity,TCR Signaling,UBB 
Adaptive Immunity,TCR Signaling,UBC 
Adaptive Immunity,TCR Signaling,ZAP70
Adaptive Immunity,Th1 Differentiation,BCL6 
Adaptive Immunity,Th1 Differentiation,DLL1 
Adaptive Immunity,Th1 Differentiation,DLL3 
Adaptive Immunity,Th1 Differentiation,DLL4 
Adaptive Immunity,Th1 Differentiation,GATA3 
Adaptive Immunity,Th1 Differentiation,IFNG 
Adaptive Immunity,Th1 Differentiation,IFNGR1 
Adaptive Immunity,Th1 Differentiation,IFNGR2 
Adaptive Immunity,Th1 Differentiation,IL12A 
Adaptive Immunity,Th1 Differentiation,IL12B 
Adaptive Immunity,Th1 Differentiation,IL12RB1 
Adaptive Immunity,Th1 Differentiation,IL12RB2 
Adaptive Immunity,Th1 Differentiation,IL2 
Adaptive Immunity,Th1 Differentiation,JAK1 
Adaptive Immunity,Th1 Differentiation,JAK2 
Adaptive Immunity,Th1 Differentiation,MAML2 
Adaptive Immunity,Th1 Differentiation,NFKB1 
Adaptive Immunity,Th1 Differentiation,NOTCH3 
Adaptive Immunity,Th1 Differentiation,RELA 
Adaptive Immunity,Th1 Differentiation,STAT1 
Adaptive Immunity,Th1 Differentiation,STAT4 
Adaptive Immunity,Th1 Differentiation,TBX21 
Adaptive Immunity,Th1 Differentiation,TYK2
Adaptive Immunity,Th17 Differentiation,FOXP3 
Adaptive Immunity,Th17 Differentiation,HIF1A 
Adaptive Immunity,Th17 Differentiation,IL12B 
Adaptive Immunity,Th17 Differentiation,IL12RB1 
Adaptive Immunity,Th17 Differentiation,IL17A 
Adaptive Immunity,Th17 Differentiation,IL17F 
Adaptive Immunity,Th17 Differentiation,IL1B 
Adaptive Immunity,Th17 Differentiation,IL1R1 
Adaptive Immunity,Th17 Differentiation,IL1RAP 
Adaptive Immunity,Th17 Differentiation,IL21 
Adaptive Immunity,Th17 Differentiation,IL21R 
Adaptive Immunity,Th17 Differentiation,IL22 
Adaptive Immunity,Th17 Differentiation,IL23A 
Adaptive Immunity,Th17 Differentiation,IL23R 
Adaptive Immunity,Th17 Differentiation,IL2RG 
Adaptive Immunity,Th17 Differentiation,IL4 
Adaptive Immunity,Th17 Differentiation,IL6 
Adaptive Immunity,Th17 Differentiation,IL6R 
Adaptive Immunity,Th17 Differentiation,IL6ST 
Adaptive Immunity,Th17 Differentiation,IRF4 
Adaptive Immunity,Th17 Differentiation,IRF8 
Adaptive Immunity,Th17 Differentiation,JAK1 
Adaptive Immunity,Th17 Differentiation,JAK2 
Adaptive Immunity,Th17 Differentiation,JAK3 
Adaptive Immunity,Th17 Differentiation,MAPK11 
Adaptive Immunity,Th17 Differentiation,MAPK12 
Adaptive Immunity,Th17 Differentiation,MAPK14 
Adaptive Immunity,Th17 Differentiation,MTOR 
Adaptive Immunity,Th17 Differentiation,RORA 
Adaptive Immunity,Th17 Differentiation,RORC 
Adaptive Immunity,Th17 Differentiation,SMAD2 
Adaptive Immunity,Th17 Differentiation,SMAD3 
Adaptive Immunity,Th17 Differentiation,SMAD4 
Adaptive Immunity,Th17 Differentiation,STAT3 
Adaptive Immunity,Th17 Differentiation,TBX21 
Adaptive Immunity,Th17 Differentiation,TGFB1 
Adaptive Immunity,Th17 Differentiation,TGFBR1 
Adaptive Immunity,Th17 Differentiation,TGFBR2 
Adaptive Immunity,Th17 Differentiation,TNF 
Adaptive Immunity,Th17 Differentiation,TYK2
Adaptive Immunity,Th2 Differentiation,GATA3 
Adaptive Immunity,Th2 Differentiation,IL13 
Adaptive Immunity,Th2 Differentiation,IL2 
Adaptive Immunity,Th2 Differentiation,IL2RA 
Adaptive Immunity,Th2 Differentiation,IL2RB 
Adaptive Immunity,Th2 Differentiation,IL2RG 
Adaptive Immunity,Th2 Differentiation,IL4 
Adaptive Immunity,Th2 Differentiation,IL4R 
Adaptive Immunity,Th2 Differentiation,IL5 
Adaptive Immunity,Th2 Differentiation,IL6 
Adaptive Immunity,Th2 Differentiation,JAG1 
Adaptive Immunity,Th2 Differentiation,JAG2 
Adaptive Immunity,Th2 Differentiation,JAK3 
Adaptive Immunity,Th2 Differentiation,MAF 
Adaptive Immunity,Th2 Differentiation,NOTCH1 
Adaptive Immunity,Th2 Differentiation,NOTCH2 
Adaptive Immunity,Th2 Differentiation,RUNX3 
Adaptive Immunity,Th2 Differentiation,STAT5B 
Adaptive Immunity,Th2 Differentiation,STAT6 
Adaptive Immunity,Th2 Differentiation,TBX21
Adaptive Immunity,Th9 Differentiation,GATA3 
Adaptive Immunity,Th9 Differentiation,IL4 
Adaptive Immunity,Th9 Differentiation,IL9 
Adaptive Immunity,Th9 Differentiation,IRF4 
Adaptive Immunity,Th9 Differentiation,RELA 
Adaptive Immunity,Th9 Differentiation,SMAD2 
Adaptive Immunity,Th9 Differentiation,SMAD3 
Adaptive Immunity,Th9 Differentiation,STAT6 
Adaptive Immunity,Th9 Differentiation,TGFB1 
Adaptive Immunity,Th9 Differentiation,TGFBR1 
Adaptive Immunity,Th9 Differentiation,TGFBR2
Adaptive Immunity,Treg Differentiation,FOXP3 
Adaptive Immunity,Treg Differentiation,IL10 
Adaptive Immunity,Treg Differentiation,IL10RA 
Adaptive Immunity,Treg Differentiation,IRF4 
Adaptive Immunity,Treg Differentiation,JAK1 
Adaptive Immunity,Treg Differentiation,SMAD2 
Adaptive Immunity,Treg Differentiation,SMAD3 
Adaptive Immunity,Treg Differentiation,SMAD4 
Adaptive Immunity,Treg Differentiation,STAT3 
Adaptive Immunity,Treg Differentiation,TGFB1 
Adaptive Immunity,Treg Differentiation,TGFBR1 
Adaptive Immunity,Treg Differentiation,TGFBR2 
Adaptive Immunity,Treg Differentiation,TYK2
Cell Function,Apoptosis,ACTB 
Cell Function,Apoptosis,AKT1 
Cell Function,Apoptosis,AKT2 
Cell Function,Apoptosis,AKT3 
Cell Function,Apoptosis,APC 
Cell Function,Apoptosis,ATM 
Cell Function,Apoptosis,BAD 
Cell Function,Apoptosis,BAX 
Cell Function,Apoptosis,BBC3 
Cell Function,Apoptosis,BCL2 
Cell Function,Apoptosis,BCL2A1 
Cell Function,Apoptosis,BCL2L1 
Cell Function,Apoptosis,BCL6B 
Cell Function,Apoptosis,BID 
Cell Function,Apoptosis,BIRC3 
Cell Function,Apoptosis,BIRC5 
Cell Function,Apoptosis,BIRC7 
Cell Function,Apoptosis,BNIP3L 
Cell Function,Apoptosis,C1QBP 
Cell Function,Apoptosis,CAPN2 
Cell Function,Apoptosis,CASP10 
Cell Function,Apoptosis,CASP12 
Cell Function,Apoptosis,CASP3 
Cell Function,Apoptosis,CASP7 
Cell Function,Apoptosis,CASP8 
Cell Function,Apoptosis,CASP9 
Cell Function,Apoptosis,CD14 
Cell Function,Apoptosis,CDH1 
Cell Function,Apoptosis,CDKN2A 
Cell Function,Apoptosis,CHUK 
Cell Function,Apoptosis,CSF2RB 
Cell Function,Apoptosis,CTNNB1 
Cell Function,Apoptosis,CTSH 
Cell Function,Apoptosis,CTSL 
Cell Function,Apoptosis,CTSS 
Cell Function,Apoptosis,CTSW 
Cell Function,Apoptosis,DAXX 
Cell Function,Apoptosis,DDIT3 
Cell Function,Apoptosis,DSP 
Cell Function,Apoptosis,E2F1 
Cell Function,Apoptosis,ENDOG 
Cell Function,Apoptosis,FADD 
Cell Function,Apoptosis,FAS 
Cell Function,Apoptosis,FASLG 
Cell Function,Apoptosis,FOS 
Cell Function,Apoptosis,GADD45A 
Cell Function,Apoptosis,GADD45B 
Cell Function,Apoptosis,GADD45G 
Cell Function,Apoptosis,GIMAP4 
Cell Function,Apoptosis,GZMB 
Cell Function,Apoptosis,HMGB1 
Cell Function,Apoptosis,HRAS 
Cell Function,Apoptosis,IKBKB 
Cell Function,Apoptosis,IKBKG 
Cell Function,Apoptosis,IL3 
Cell Function,Apoptosis,IL3RA 
Cell Function,Apoptosis,ITPK1 
Cell Function,Apoptosis,JUN 
Cell Function,Apoptosis,KRAS 
Cell Function,Apoptosis,LY96 
Cell Function,Apoptosis,MAP2K1 
Cell Function,Apoptosis,MAP2K2 
Cell Function,Apoptosis,MAP3K14 
Cell Function,Apoptosis,MAP3K5 
Cell Function,Apoptosis,MAPK1 
Cell Function,Apoptosis,MAPK10 
Cell Function,Apoptosis,MAPK3 
Cell Function,Apoptosis,MAPK8 
Cell Function,Apoptosis,MAPK9 
Cell Function,Apoptosis,MAPT 
Cell Function,Apoptosis,MCL1 
Cell Function,Apoptosis,NFKB1 
Cell Function,Apoptosis,NFKBIA 
Cell Function,Apoptosis,NGF 
Cell Function,Apoptosis,NRAS 
Cell Function,Apoptosis,NTRK1 
Cell Function,Apoptosis,PARP4 
Cell Function,Apoptosis,PIK3CA 
Cell Function,Apoptosis,PIK3CB 
Cell Function,Apoptosis,PIK3CD 
Cell Function,Apoptosis,PIK3R1 
Cell Function,Apoptosis,PIK3R2 
Cell Function,Apoptosis,PIK3R3 
Cell Function,Apoptosis,PMAIP1 
Cell Function,Apoptosis,PNMA1 
Cell Function,Apoptosis,PPP3CC 
Cell Function,Apoptosis,PPP3R1 
Cell Function,Apoptosis,PRF1 
Cell Function,Apoptosis,PRKCD 
Cell Function,Apoptosis,PSMB10 
Cell Function,Apoptosis,PSMB2 
Cell Function,Apoptosis,PSMB5 
Cell Function,Apoptosis,PSMB7 
Cell Function,Apoptosis,PSMB8 
Cell Function,Apoptosis,PSMB9 
Cell Function,Apoptosis,PSMC4 
Cell Function,Apoptosis,PSMD7 
Cell Function,Apoptosis,RAF1 
Cell Function,Apoptosis,RELA 
Cell Function,Apoptosis,RIPK1 
Cell Function,Apoptosis,ROCK1 
Cell Function,Apoptosis,RPS27A 
Cell Function,Apoptosis,SFN 
Cell Function,Apoptosis,STAT3 
Cell Function,Apoptosis,TFDP1 
Cell Function,Apoptosis,TICAM1 
Cell Function,Apoptosis,TICAM2 
Cell Function,Apoptosis,TLR4 
Cell Function,Apoptosis,TNF 
Cell Function,Apoptosis,TNFRSF10A 
Cell Function,Apoptosis,TNFRSF10B 
Cell Function,Apoptosis,TNFRSF10C 
Cell Function,Apoptosis,TNFRSF10D 
Cell Function,Apoptosis,TNFRSF1A 
Cell Function,Apoptosis,TNFSF10 
Cell Function,Apoptosis,TP53 
Cell Function,Apoptosis,TP73 
Cell Function,Apoptosis,TRAF1 
Cell Function,Apoptosis,TRAF2 
Cell Function,Apoptosis,UBB 
Cell Function,Apoptosis,UBC
Cell Function,Autophagy,AKT1 
Cell Function,Autophagy,AKT2 
Cell Function,Autophagy,AKT3 
Cell Function,Autophagy,ATG10 
Cell Function,Autophagy,ATG12 
Cell Function,Autophagy,ATG16L1 
Cell Function,Autophagy,ATG5 
Cell Function,Autophagy,ATG7 
Cell Function,Autophagy,ATM 
Cell Function,Autophagy,BAD 
Cell Function,Autophagy,BCL2 
Cell Function,Autophagy,BCL2L1 
Cell Function,Autophagy,BNIP3 
Cell Function,Autophagy,CTSL 
Cell Function,Autophagy,DDIT4 
Cell Function,Autophagy,DEPTOR 
Cell Function,Autophagy,HDAC6 
Cell Function,Autophagy,HIF1A 
Cell Function,Autophagy,HMGB1 
Cell Function,Autophagy,HRAS 
Cell Function,Autophagy,IGF1R 
Cell Function,Autophagy,IRGM 
Cell Function,Autophagy,IRS1 
Cell Function,Autophagy,KRAS 
Cell Function,Autophagy,LAMP1 
Cell Function,Autophagy,LAMP2 
Cell Function,Autophagy,MAP2K1 
Cell Function,Autophagy,MAP2K2 
Cell Function,Autophagy,MAP3K7 
Cell Function,Autophagy,MAPK1 
Cell Function,Autophagy,MAPK10 
Cell Function,Autophagy,MAPK3 
Cell Function,Autophagy,MAPK8 
Cell Function,Autophagy,MAPK9 
Cell Function,Autophagy,MTOR 
Cell Function,Autophagy,NRAS 
Cell Function,Autophagy,PIK3CA 
Cell Function,Autophagy,PIK3CB 
Cell Function,Autophagy,PIK3CD 
Cell Function,Autophagy,PIK3R1 
Cell Function,Autophagy,PIK3R2 
Cell Function,Autophagy,PIK3R3 
Cell Function,Autophagy,PPP2CB 
Cell Function,Autophagy,PRKAA2 
Cell Function,Autophagy,PRKACA 
Cell Function,Autophagy,PRKACB 
Cell Function,Autophagy,PRKACG 
Cell Function,Autophagy,PRKCD 
Cell Function,Autophagy,PTEN 
Cell Function,Autophagy,RAB7A 
Cell Function,Autophagy,RAF1 
Cell Function,Autophagy,RPS27A 
Cell Function,Autophagy,RPS6KB1 
Cell Function,Autophagy,RPTOR 
Cell Function,Autophagy,RRAS2 
Cell Function,Autophagy,STK11 
Cell Function,Autophagy,TANK 
Cell Function,Autophagy,TBK1 
Cell Function,Autophagy,TRAF6 
Cell Function,Autophagy,TSC1 
Cell Function,Autophagy,UBB 
Cell Function,Autophagy,UBC
Cell Function,Cell Adhesion & Motility,ACTB 
Cell Function,Cell Adhesion & Motility,AKT1 
Cell Function,Cell Adhesion & Motility,AKT2 
Cell Function,Cell Adhesion & Motility,AKT3 
Cell Function,Cell Adhesion & Motility,BAD 
Cell Function,Cell Adhesion & Motility,BCL2 
Cell Function,Cell Adhesion & Motility,BIRC3 
Cell Function,Cell Adhesion & Motility,BRAF 
Cell Function,Cell Adhesion & Motility,CAPN2 
Cell Function,Cell Adhesion & Motility,CCND1 
Cell Function,Cell Adhesion & Motility,CCND2 
Cell Function,Cell Adhesion & Motility,CCND3 
Cell Function,Cell Adhesion & Motility,CD9 
Cell Function,Cell Adhesion & Motility,CDH1 
Cell Function,Cell Adhesion & Motility,CDH11 
Cell Function,Cell Adhesion & Motility,CDH2 
Cell Function,Cell Adhesion & Motility,CDH3 
Cell Function,Cell Adhesion & Motility,CDH5 
Cell Function,Cell Adhesion & Motility,CHAD 
Cell Function,Cell Adhesion & Motility,CLECL1 
Cell Function,Cell Adhesion & Motility,COL17A1 
Cell Function,Cell Adhesion & Motility,COL1A1 
Cell Function,Cell Adhesion & Motility,COL1A2 
Cell Function,Cell Adhesion & Motility,COL2A1 
Cell Function,Cell Adhesion & Motility,COL4A3 
Cell Function,Cell Adhesion & Motility,COL4A4 
Cell Function,Cell Adhesion & Motility,COL4A5 
Cell Function,Cell Adhesion & Motility,COL4A6 
Cell Function,Cell Adhesion & Motility,COL6A3 
Cell Function,Cell Adhesion & Motility,COL6A6 
Cell Function,Cell Adhesion & Motility,COMP 
Cell Function,Cell Adhesion & Motility,CTNNB1 
Cell Function,Cell Adhesion & Motility,DSC3 
Cell Function,Cell Adhesion & Motility,DST 
Cell Function,Cell Adhesion & Motility,EGF 
Cell Function,Cell Adhesion & Motility,EGFR 
Cell Function,Cell Adhesion & Motility,ELK1 
Cell Function,Cell Adhesion & Motility,ERBB2 
Cell Function,Cell Adhesion & Motility,FLG 
Cell Function,Cell Adhesion & Motility,FLNA 
Cell Function,Cell Adhesion & Motility,FLNB 
Cell Function,Cell Adhesion & Motility,FLNC 
Cell Function,Cell Adhesion & Motility,FLT1 
Cell Function,Cell Adhesion & Motility,FN1 
Cell Function,Cell Adhesion & Motility,FYN 
Cell Function,Cell Adhesion & Motility,GRB2 
Cell Function,Cell Adhesion & Motility,GSK3B 
Cell Function,Cell Adhesion & Motility,HGF 
Cell Function,Cell Adhesion & Motility,HRAS 
Cell Function,Cell Adhesion & Motility,IBSP 
Cell Function,Cell Adhesion & Motility,IGF1 
Cell Function,Cell Adhesion & Motility,IGF1R 
Cell Function,Cell Adhesion & Motility,ITGA1 
Cell Function,Cell Adhesion & Motility,ITGA2 
Cell Function,Cell Adhesion & Motility,ITGA2B 
Cell Function,Cell Adhesion & Motility,ITGA3 
Cell Function,Cell Adhesion & Motility,ITGA4 
Cell Function,Cell Adhesion & Motility,ITGA5 
Cell Function,Cell Adhesion & Motility,ITGA6 
Cell Function,Cell Adhesion & Motility,ITGA7 
Cell Function,Cell Adhesion & Motility,ITGA8 
Cell Function,Cell Adhesion & Motility,ITGA9 
Cell Function,Cell Adhesion & Motility,ITGAE 
Cell Function,Cell Adhesion & Motility,ITGAV 
Cell Function,Cell Adhesion & Motility,ITGB1 
Cell Function,Cell Adhesion & Motility,ITGB3 
Cell Function,Cell Adhesion & Motility,ITGB4 
Cell Function,Cell Adhesion & Motility,ITGB6 
Cell Function,Cell Adhesion & Motility,ITGB7 
Cell Function,Cell Adhesion & Motility,ITGB8 
Cell Function,Cell Adhesion & Motility,JUN 
Cell Function,Cell Adhesion & Motility,JUP 
Cell Function,Cell Adhesion & Motility,KDR 
Cell Function,Cell Adhesion & Motility,KRT14 
Cell Function,Cell Adhesion & Motility,KRT5 
Cell Function,Cell Adhesion & Motility,LAMA1 
Cell Function,Cell Adhesion & Motility,LAMA3 
Cell Function,Cell Adhesion & Motility,LAMA5 
Cell Function,Cell Adhesion & Motility,LAMB3 
Cell Function,Cell Adhesion & Motility,LAMB4 
Cell Function,Cell Adhesion & Motility,LAMC2 
Cell Function,Cell Adhesion & Motility,LAMC3 
Cell Function,Cell Adhesion & Motility,MAP2K1 
Cell Function,Cell Adhesion & Motility,MAPK1 
Cell Function,Cell Adhesion & Motility,MAPK10 
Cell Function,Cell Adhesion & Motility,MAPK3 
Cell Function,Cell Adhesion & Motility,MAPK8 
Cell Function,Cell Adhesion & Motility,MAPK9 
Cell Function,Cell Adhesion & Motility,MET 
Cell Function,Cell Adhesion & Motility,NECTIN1 
Cell Function,Cell Adhesion & Motility,NECTIN2 
Cell Function,Cell Adhesion & Motility,PAK3 
Cell Function,Cell Adhesion & Motility,PAK5 
Cell Function,Cell Adhesion & Motility,PDGFA 
Cell Function,Cell Adhesion & Motility,PDGFB 
Cell Function,Cell Adhesion & Motility,PDGFC 
Cell Function,Cell Adhesion & Motility,PDGFD 
Cell Function,Cell Adhesion & Motility,PDGFRA 
Cell Function,Cell Adhesion & Motility,PDGFRB 
Cell Function,Cell Adhesion & Motility,PDPN 
Cell Function,Cell Adhesion & Motility,PGF 
Cell Function,Cell Adhesion & Motility,PIK3CA 
Cell Function,Cell Adhesion & Motility,PIK3CB 
Cell Function,Cell Adhesion & Motility,PIK3CD 
Cell Function,Cell Adhesion & Motility,PIK3R1 
Cell Function,Cell Adhesion & Motility,PIK3R2 
Cell Function,Cell Adhesion & Motility,PIK3R3 
Cell Function,Cell Adhesion & Motility,PKP3 
Cell Function,Cell Adhesion & Motility,PPL 
Cell Function,Cell Adhesion & Motility,PRKCA 
Cell Function,Cell Adhesion & Motility,PRKCB 
Cell Function,Cell Adhesion & Motility,PRKCG 
Cell Function,Cell Adhesion & Motility,PTEN 
Cell Function,Cell Adhesion & Motility,PVR 
Cell Function,Cell Adhesion & Motility,RAC1 
Cell Function,Cell Adhesion & Motility,RAC2 
Cell Function,Cell Adhesion & Motility,RAC3 
Cell Function,Cell Adhesion & Motility,RAF1 
Cell Function,Cell Adhesion & Motility,RASGRF1 
Cell Function,Cell Adhesion & Motility,RELN 
Cell Function,Cell Adhesion & Motility,RHOA 
Cell Function,Cell Adhesion & Motility,ROCK1 
Cell Function,Cell Adhesion & Motility,SHC1 
Cell Function,Cell Adhesion & Motility,SHC2 
Cell Function,Cell Adhesion & Motility,SHC3 
Cell Function,Cell Adhesion & Motility,SHC4 
Cell Function,Cell Adhesion & Motility,SOS1 
Cell Function,Cell Adhesion & Motility,SOS2 
Cell Function,Cell Adhesion & Motility,SPINK5 
Cell Function,Cell Adhesion & Motility,SPP1 
Cell Function,Cell Adhesion & Motility,THBS1 
Cell Function,Cell Adhesion & Motility,THBS4 
Cell Function,Cell Adhesion & Motility,TNC 
Cell Function,Cell Adhesion & Motility,TNN 
Cell Function,Cell Adhesion & Motility,TNR 
Cell Function,Cell Adhesion & Motility,VEGFA 
Cell Function,Cell Adhesion & Motility,VEGFB 
Cell Function,Cell Adhesion & Motility,VEGFC 
Cell Function,Cell Adhesion & Motility,VEGFD
Cell Function,Cell Cycle,ABL1 
Cell Function,Cell Cycle,ACTR3B 
Cell Function,Cell Cycle,AKT1 
Cell Function,Cell Cycle,AKT2 
Cell Function,Cell Cycle,AKT3 
Cell Function,Cell Cycle,ANLN 
Cell Function,Cell Cycle,ATM 
Cell Function,Cell Cycle,ATR 
Cell Function,Cell Cycle,AURKA 
Cell Function,Cell Cycle,AURKB 
Cell Function,Cell Cycle,BIRC5 
Cell Function,Cell Cycle,BLM 
Cell Function,Cell Cycle,BRCA1 
Cell Function,Cell Cycle,BRCA2 
Cell Function,Cell Cycle,BRIP1 
Cell Function,Cell Cycle,CCNA1 
Cell Function,Cell Cycle,CCNA2 
Cell Function,Cell Cycle,CCNB1 
Cell Function,Cell Cycle,CCNB3 
Cell Function,Cell Cycle,CCND1 
Cell Function,Cell Cycle,CCND2 
Cell Function,Cell Cycle,CCND3 
Cell Function,Cell Cycle,CCNE1 
Cell Function,Cell Cycle,CCNE2 
Cell Function,Cell Cycle,CDC14A 
Cell Function,Cell Cycle,CDC14B 
Cell Function,Cell Cycle,CDC20 
Cell Function,Cell Cycle,CDC25A 
Cell Function,Cell Cycle,CDC25B 
Cell Function,Cell Cycle,CDC25C 
Cell Function,Cell Cycle,CDC6 
Cell Function,Cell Cycle,CDC7 
Cell Function,Cell Cycle,CDK1 
Cell Function,Cell Cycle,CDK2 
Cell Function,Cell Cycle,CDK4 
Cell Function,Cell Cycle,CDK6 
Cell Function,Cell Cycle,CDKN1A 
Cell Function,Cell Cycle,CDKN1B 
Cell Function,Cell Cycle,CDKN1C 
Cell Function,Cell Cycle,CDKN2A 
Cell Function,Cell Cycle,CDKN2B 
Cell Function,Cell Cycle,CDKN2C 
Cell Function,Cell Cycle,CDKN2D 
Cell Function,Cell Cycle,CENPF 
Cell Function,Cell Cycle,CEP55 
Cell Function,Cell Cycle,CHEK1 
Cell Function,Cell Cycle,CHEK2 
Cell Function,Cell Cycle,CREBBP 
Cell Function,Cell Cycle,CUL1 
Cell Function,Cell Cycle,E2F1 
Cell Function,Cell Cycle,E2F3 
Cell Function,Cell Cycle,E2F4 
Cell Function,Cell Cycle,E2F5 
Cell Function,Cell Cycle,EP300 
Cell Function,Cell Cycle,EXO1 
Cell Function,Cell Cycle,FEN1 
Cell Function,Cell Cycle,FOXM1 
Cell Function,Cell Cycle,GADD45A 
Cell Function,Cell Cycle,GADD45B 
Cell Function,Cell Cycle,GADD45G 
Cell Function,Cell Cycle,GPR160 
Cell Function,Cell Cycle,GSK3B 
Cell Function,Cell Cycle,H2AX 
Cell Function,Cell Cycle,H3-3A 
Cell Function,Cell Cycle,HDAC1 
Cell Function,Cell Cycle,HDAC2 
Cell Function,Cell Cycle,HSPA2 
Cell Function,Cell Cycle,JAK2 
Cell Function,Cell Cycle,KIF2C 
Cell Function,Cell Cycle,LYN 
Cell Function,Cell Cycle,MAD2L2 
Cell Function,Cell Cycle,MAPK1 
Cell Function,Cell Cycle,MCM2 
Cell Function,Cell Cycle,MCM4 
Cell Function,Cell Cycle,MCM5 
Cell Function,Cell Cycle,MCM7 
Cell Function,Cell Cycle,MDC1 
Cell Function,Cell Cycle,MDM2 
Cell Function,Cell Cycle,MDM4 
Cell Function,Cell Cycle,MKI67 
Cell Function,Cell Cycle,MLH1 
Cell Function,Cell Cycle,MLPH 
Cell Function,Cell Cycle,MNAT1 
Cell Function,Cell Cycle,MRE11 
Cell Function,Cell Cycle,MST1R 
Cell Function,Cell Cycle,MYBL2 
Cell Function,Cell Cycle,MYC 
Cell Function,Cell Cycle,NBN 
Cell Function,Cell Cycle,NDC1 
Cell Function,Cell Cycle,NDC80 
Cell Function,Cell Cycle,NPM1 
Cell Function,Cell Cycle,NSD2 
Cell Function,Cell Cycle,NUF2 
Cell Function,Cell Cycle,NUP107 
Cell Function,Cell Cycle,ORC6 
Cell Function,Cell Cycle,PBK 
Cell Function,Cell Cycle,PCNA 
Cell Function,Cell Cycle,PIAS4 
Cell Function,Cell Cycle,PKMYT1 
Cell Function,Cell Cycle,PLCE1 
Cell Function,Cell Cycle,PLK1 
Cell Function,Cell Cycle,POLD1 
Cell Function,Cell Cycle,POLD4 
Cell Function,Cell Cycle,POLE2 
Cell Function,Cell Cycle,PPP2CB 
Cell Function,Cell Cycle,PPP2R1A 
Cell Function,Cell Cycle,PRC1 
Cell Function,Cell Cycle,PRKACA 
Cell Function,Cell Cycle,PRKAR2B 
Cell Function,Cell Cycle,PRKCA 
Cell Function,Cell Cycle,PRKCB 
Cell Function,Cell Cycle,PRKDC 
Cell Function,Cell Cycle,PSMB10 
Cell Function,Cell Cycle,PSMB2 
Cell Function,Cell Cycle,PSMB5 
Cell Function,Cell Cycle,PSMB7 
Cell Function,Cell Cycle,PSMB8 
Cell Function,Cell Cycle,PSMB9 
Cell Function,Cell Cycle,PSMC4 
Cell Function,Cell Cycle,PSMD7 
Cell Function,Cell Cycle,PTTG1 
Cell Function,Cell Cycle,PTTG2 
Cell Function,Cell Cycle,RAD21 
Cell Function,Cell Cycle,RAD50 
Cell Function,Cell Cycle,RAD51 
Cell Function,Cell Cycle,RAD51C 
Cell Function,Cell Cycle,RANBP2 
Cell Function,Cell Cycle,RB1 
Cell Function,Cell Cycle,RBL2 
Cell Function,Cell Cycle,RBX1 
Cell Function,Cell Cycle,RFC3 
Cell Function,Cell Cycle,RFC4 
Cell Function,Cell Cycle,RPA3 
Cell Function,Cell Cycle,RPS27A 
Cell Function,Cell Cycle,RRM2 
Cell Function,Cell Cycle,SFN 
Cell Function,Cell Cycle,SKP1 
Cell Function,Cell Cycle,SKP2 
Cell Function,Cell Cycle,SLC39A6 
Cell Function,Cell Cycle,SMAD2 
Cell Function,Cell Cycle,SMAD3 
Cell Function,Cell Cycle,SMAD4 
Cell Function,Cell Cycle,SMC1A 
Cell Function,Cell Cycle,SMC1B 
Cell Function,Cell Cycle,SMC3 
Cell Function,Cell Cycle,SPO11 
Cell Function,Cell Cycle,STAG2 
Cell Function,Cell Cycle,SYCP1 
Cell Function,Cell Cycle,TERT 
Cell Function,Cell Cycle,TFDP1 
Cell Function,Cell Cycle,TGFB1 
Cell Function,Cell Cycle,TGFB2 
Cell Function,Cell Cycle,TGFB3 
Cell Function,Cell Cycle,TMEM45B 
Cell Function,Cell Cycle,TOP2A 
Cell Function,Cell Cycle,TP53 
Cell Function,Cell Cycle,TPR 
Cell Function,Cell Cycle,TTK 
Cell Function,Cell Cycle,TUBB 
Cell Function,Cell Cycle,TWF1 
Cell Function,Cell Cycle,TYMS 
Cell Function,Cell Cycle,UBB 
Cell Function,Cell Cycle,UBC 
Cell Function,Cell Cycle,UBE2C 
Cell Function,Cell Cycle,WDR76 
Cell Function,Cell Cycle,WEE1 
Cell Function,Cell Cycle,WRN
Cell Function,Cilium Assembly,BBS1 
Cell Function,Cilium Assembly,CDK1 
Cell Function,Cilium Assembly,HDAC6 
Cell Function,Cilium Assembly,PLK1 
Cell Function,Cilium Assembly,PPP2R1A 
Cell Function,Cilium Assembly,PRKACA 
Cell Function,Cilium Assembly,PRKAR2B 
Cell Function,Cilium Assembly,SMO 
Cell Function,Cilium Assembly,TTC30A 
Cell Function,Cilium Assembly,TUBB
Cell Function,Differentiation,ABL1 
Cell Function,Differentiation,ACTB 
Cell Function,Differentiation,ACVR1B 
Cell Function,Differentiation,ACVR1C 
Cell Function,Differentiation,ACVR2A 
Cell Function,Differentiation,AKT1 
Cell Function,Differentiation,AKT2 
Cell Function,Differentiation,AKT3 
Cell Function,Differentiation,ALCAM 
Cell Function,Differentiation,ANGPTL4 
Cell Function,Differentiation,APH1B 
Cell Function,Differentiation,ASCL1 
Cell Function,Differentiation,CACNA1C 
Cell Function,Differentiation,CACNA1D 
Cell Function,Differentiation,CACNA1G 
Cell Function,Differentiation,CACNA1H 
Cell Function,Differentiation,CACNB2 
Cell Function,Differentiation,CACNB3 
Cell Function,Differentiation,CACNB4 
Cell Function,Differentiation,CACNG4 
Cell Function,Differentiation,CCND3 
Cell Function,Differentiation,CD24 
Cell Function,Differentiation,CD36 
Cell Function,Differentiation,CDH2 
Cell Function,Differentiation,CDK2 
Cell Function,Differentiation,CDK4 
Cell Function,Differentiation,CDKN1A 
Cell Function,Differentiation,CEBPA 
Cell Function,Differentiation,CEBPB 
Cell Function,Differentiation,CEBPE 
Cell Function,Differentiation,COL2A1 
Cell Function,Differentiation,COL3A1 
Cell Function,Differentiation,COL4A3 
Cell Function,Differentiation,COL4A4 
Cell Function,Differentiation,COL4A5 
Cell Function,Differentiation,COL5A1 
Cell Function,Differentiation,COL5A2 
Cell Function,Differentiation,COL6A3 
Cell Function,Differentiation,COL6A6 
Cell Function,Differentiation,CREB1 
Cell Function,Differentiation,CREBBP 
Cell Function,Differentiation,CSF3R 
Cell Function,Differentiation,CTNNB1 
Cell Function,Differentiation,CXCL12 
Cell Function,Differentiation,CXCR4 
Cell Function,Differentiation,DMBT1 
Cell Function,Differentiation,DSC3 
Cell Function,Differentiation,DSP 
Cell Function,Differentiation,E2F1 
Cell Function,Differentiation,EFNA1 
Cell Function,Differentiation,EFNA2 
Cell Function,Differentiation,EFNA3 
Cell Function,Differentiation,EFNA5 
Cell Function,Differentiation,EGFR 
Cell Function,Differentiation,EGR2 
Cell Function,Differentiation,ELOB 
Cell Function,Differentiation,EP300 
Cell Function,Differentiation,EPHA2 
Cell Function,Differentiation,ERBB2 
Cell Function,Differentiation,EZH2 
Cell Function,Differentiation,FEZ1 
Cell Function,Differentiation,FGF10 
Cell Function,Differentiation,FGF2 
Cell Function,Differentiation,FLG 
Cell Function,Differentiation,FOXA2 
Cell Function,Differentiation,FOXC1 
Cell Function,Differentiation,FOXJ1 
Cell Function,Differentiation,FOXL2 
Cell Function,Differentiation,FYN 
Cell Function,Differentiation,GATA2 
Cell Function,Differentiation,GRB7 
Cell Function,Differentiation,GRIN1 
Cell Function,Differentiation,GRIN2A 
Cell Function,Differentiation,GRIN2B 
Cell Function,Differentiation,GSK3B 
Cell Function,Differentiation,H2AX 
Cell Function,Differentiation,H3-3A 
Cell Function,Differentiation,HDAC2 
Cell Function,Differentiation,HDAC3 
Cell Function,Differentiation,HES1 
Cell Function,Differentiation,HNF1A 
Cell Function,Differentiation,HRAS 
Cell Function,Differentiation,IL6R 
Cell Function,Differentiation,ITGA1 
Cell Function,Differentiation,ITGA2 
Cell Function,Differentiation,ITGA2B 
Cell Function,Differentiation,ITGA5 
Cell Function,Differentiation,ITGA9 
Cell Function,Differentiation,ITGAV 
Cell Function,Differentiation,ITGB1 
Cell Function,Differentiation,ITGB3 
Cell Function,Differentiation,JUN 
Cell Function,Differentiation,JUP 
Cell Function,Differentiation,KAT2B 
Cell Function,Differentiation,KDM6A 
Cell Function,Differentiation,KLF4 
Cell Function,Differentiation,KMT2C 
Cell Function,Differentiation,KMT2D 
Cell Function,Differentiation,KRT1 
Cell Function,Differentiation,KRT10 
Cell Function,Differentiation,KRT14 
Cell Function,Differentiation,KRT17 
Cell Function,Differentiation,KRT18 
Cell Function,Differentiation,KRT19 
Cell Function,Differentiation,KRT5 
Cell Function,Differentiation,KRT6A/B/C 
Cell Function,Differentiation,KRT7 
Cell Function,Differentiation,L1CAM 
Cell Function,Differentiation,LAMA1 
Cell Function,Differentiation,LEF1 
Cell Function,Differentiation,LEFTY1 
Cell Function,Differentiation,LEFTY2 
Cell Function,Differentiation,LEP 
Cell Function,Differentiation,LRRN3 
Cell Function,Differentiation,LYN 
Cell Function,Differentiation,MAML2 
Cell Function,Differentiation,MAP2K1 
Cell Function,Differentiation,MAP2K2 
Cell Function,Differentiation,MAP2K6 
Cell Function,Differentiation,MAPK1 
Cell Function,Differentiation,MAPK11 
Cell Function,Differentiation,MAPK12 
Cell Function,Differentiation,MAPK14 
Cell Function,Differentiation,MAPK3 
Cell Function,Differentiation,MAPK8 
Cell Function,Differentiation,MED12 
Cell Function,Differentiation,MEF2C 
Cell Function,Differentiation,MET 
Cell Function,Differentiation,MIA 
Cell Function,Differentiation,MMP9 
Cell Function,Differentiation,MNX1 
Cell Function,Differentiation,MPPED1 
Cell Function,Differentiation,MYB 
Cell Function,Differentiation,MYC 
Cell Function,Differentiation,NANOG 
Cell Function,Differentiation,NCAM1 
Cell Function,Differentiation,NCOR1 
Cell Function,Differentiation,NFKB1 
Cell Function,Differentiation,NKX2-1 
Cell Function,Differentiation,NODAL 
Cell Function,Differentiation,NOTCH1 
Cell Function,Differentiation,NRAS 
Cell Function,Differentiation,NRP1 
Cell Function,Differentiation,PAK3 
Cell Function,Differentiation,PAK5 
Cell Function,Differentiation,PBX1 
Cell Function,Differentiation,PCK1 
Cell Function,Differentiation,PIK3CA 
Cell Function,Differentiation,PIK3CB 
Cell Function,Differentiation,PIK3CD 
Cell Function,Differentiation,PIK3R1 
Cell Function,Differentiation,PIK3R2 
Cell Function,Differentiation,PIK3R3 
Cell Function,Differentiation,PKP3 
Cell Function,Differentiation,POLR2A 
Cell Function,Differentiation,POLR2D 
Cell Function,Differentiation,POLR2H 
Cell Function,Differentiation,POLR2J 
Cell Function,Differentiation,POU5F1 
Cell Function,Differentiation,PPARG 
Cell Function,Differentiation,PPARGC1A 
Cell Function,Differentiation,PPL 
Cell Function,Differentiation,PPP3CB 
Cell Function,Differentiation,PRKACA 
Cell Function,Differentiation,PRKACB 
Cell Function,Differentiation,PRKACG 
Cell Function,Differentiation,PRKAR2A 
Cell Function,Differentiation,PRKCA 
Cell Function,Differentiation,PRKX 
Cell Function,Differentiation,PSEN1 
Cell Function,Differentiation,PSEN2 
Cell Function,Differentiation,PSMB10 
Cell Function,Differentiation,PSMB2 
Cell Function,Differentiation,PSMB5 
Cell Function,Differentiation,PSMB7 
Cell Function,Differentiation,PSMB8 
Cell Function,Differentiation,PSMB9 
Cell Function,Differentiation,PSMC4 
Cell Function,Differentiation,PSMD7 
Cell Function,Differentiation,PTPN11 
Cell Function,Differentiation,PTPRC 
Cell Function,Differentiation,RAC1 
Cell Function,Differentiation,RBX1 
Cell Function,Differentiation,RELA 
Cell Function,Differentiation,RELN 
Cell Function,Differentiation,RET 
Cell Function,Differentiation,RGMB 
Cell Function,Differentiation,RHOA 
Cell Function,Differentiation,RHOB 
Cell Function,Differentiation,ROCK1 
Cell Function,Differentiation,RPL23 
Cell Function,Differentiation,RPL7A 
Cell Function,Differentiation,RPLP0 
Cell Function,Differentiation,RPS27A 
Cell Function,Differentiation,RPS6 
Cell Function,Differentiation,RPS6KA5 
Cell Function,Differentiation,RPS6KA6 
Cell Function,Differentiation,RUNX1 
Cell Function,Differentiation,SHC1 
Cell Function,Differentiation,SHC3 
Cell Function,Differentiation,SMAD2 
Cell Function,Differentiation,SMAD3 
Cell Function,Differentiation,SMAD4 
Cell Function,Differentiation,SMARCA4 
Cell Function,Differentiation,SOS1 
Cell Function,Differentiation,SOS2 
Cell Function,Differentiation,SOX10 
Cell Function,Differentiation,SOX11 
Cell Function,Differentiation,SOX2 
Cell Function,Differentiation,SPINK5 
Cell Function,Differentiation,SPRY4 
Cell Function,Differentiation,STAT3 
Cell Function,Differentiation,TAL1 
Cell Function,Differentiation,TBL1XR1 
Cell Function,Differentiation,TCF3 
Cell Function,Differentiation,TFDP1 
Cell Function,Differentiation,TGFB1 
Cell Function,Differentiation,TIAM1 
Cell Function,Differentiation,TMEFF2 
Cell Function,Differentiation,TNF 
Cell Function,Differentiation,TREM2 
Cell Function,Differentiation,UBB 
Cell Function,Differentiation,UBC 
Cell Function,Differentiation,WNT10B 
Cell Function,Differentiation,ZIC2
Cell Function,DNA Damage Repair,ABL1 
Cell Function,DNA Damage Repair,ACTB 
Cell Function,DNA Damage Repair,ALKBH2 
Cell Function,DNA Damage Repair,ALKBH3 
Cell Function,DNA Damage Repair,ATM 
Cell Function,DNA Damage Repair,ATR 
Cell Function,DNA Damage Repair,ATRX 
Cell Function,DNA Damage Repair,BAP1 
Cell Function,DNA Damage Repair,BLM 
Cell Function,DNA Damage Repair,BRCA1 
Cell Function,DNA Damage Repair,BRCA2 
Cell Function,DNA Damage Repair,BRIP1 
Cell Function,DNA Damage Repair,CCNA1 
Cell Function,DNA Damage Repair,CCNA2 
Cell Function,DNA Damage Repair,CCNO 
Cell Function,DNA Damage Repair,CDK2 
Cell Function,DNA Damage Repair,CDKN2D 
Cell Function,DNA Damage Repair,CHEK1 
Cell Function,DNA Damage Repair,CHEK2 
Cell Function,DNA Damage Repair,DDB2 
Cell Function,DNA Damage Repair,EP300 
Cell Function,DNA Damage Repair,ERCC2 
Cell Function,DNA Damage Repair,ERCC3 
Cell Function,DNA Damage Repair,ERCC6 
Cell Function,DNA Damage Repair,EXO1 
Cell Function,DNA Damage Repair,EYA1 
Cell Function,DNA Damage Repair,FAAP24 
Cell Function,DNA Damage Repair,FANCA 
Cell Function,DNA Damage Repair,FANCB 
Cell Function,DNA Damage Repair,FANCC 
Cell Function,DNA Damage Repair,FANCE 
Cell Function,DNA Damage Repair,FANCF 
Cell Function,DNA Damage Repair,FANCG 
Cell Function,DNA Damage Repair,FANCL 
Cell Function,DNA Damage Repair,FEN1 
Cell Function,DNA Damage Repair,GADD45A 
Cell Function,DNA Damage Repair,GADD45G 
Cell Function,DNA Damage Repair,GTF2H3 
Cell Function,DNA Damage Repair,H2AX 
Cell Function,DNA Damage Repair,HMGB1 
Cell Function,DNA Damage Repair,ISG15 
Cell Function,DNA Damage Repair,LIG4 
Cell Function,DNA Damage Repair,MAD2L2 
Cell Function,DNA Damage Repair,MAPK8 
Cell Function,DNA Damage Repair,MDC1 
Cell Function,DNA Damage Repair,MGMT 
Cell Function,DNA Damage Repair,MLH1 
Cell Function,DNA Damage Repair,MNAT1 
Cell Function,DNA Damage Repair,MRE11 
Cell Function,DNA Damage Repair,MSH2 
Cell Function,DNA Damage Repair,MSH6 
Cell Function,DNA Damage Repair,MUTYH 
Cell Function,DNA Damage Repair,NBN 
Cell Function,DNA Damage Repair,NEIL1 
Cell Function,DNA Damage Repair,NSD2 
Cell Function,DNA Damage Repair,NTHL1 
Cell Function,DNA Damage Repair,PCNA 
Cell Function,DNA Damage Repair,PIAS4 
Cell Function,DNA Damage Repair,PMS2 
Cell Function,DNA Damage Repair,POLB 
Cell Function,DNA Damage Repair,POLD1 
Cell Function,DNA Damage Repair,POLD4 
Cell Function,DNA Damage Repair,POLE2 
Cell Function,DNA Damage Repair,POLR2A 
Cell Function,DNA Damage Repair,POLR2D 
Cell Function,DNA Damage Repair,POLR2H 
Cell Function,DNA Damage Repair,POLR2J 
Cell Function,DNA Damage Repair,PRKCG 
Cell Function,DNA Damage Repair,PRKDC 
Cell Function,DNA Damage Repair,RAD21 
Cell Function,DNA Damage Repair,RAD50 
Cell Function,DNA Damage Repair,RAD51 
Cell Function,DNA Damage Repair,RAD51C 
Cell Function,DNA Damage Repair,RAD52 
Cell Function,DNA Damage Repair,RBX1 
Cell Function,DNA Damage Repair,RFC3 
Cell Function,DNA Damage Repair,RFC4 
Cell Function,DNA Damage Repair,RPA3 
Cell Function,DNA Damage Repair,RPS27A 
Cell Function,DNA Damage Repair,SMC1A 
Cell Function,DNA Damage Repair,SOD1 
Cell Function,DNA Damage Repair,TP53 
Cell Function,DNA Damage Repair,TP73 
Cell Function,DNA Damage Repair,UBA7 
Cell Function,DNA Damage Repair,UBB 
Cell Function,DNA Damage Repair,UBC 
Cell Function,DNA Damage Repair,UBE2T 
Cell Function,DNA Damage Repair,WRN 
Cell Function,DNA Damage Repair,XPA 
Cell Function,DNA Damage Repair,XRCC4
Cell Function,EMT,AKT1 
Cell Function,EMT,AR 
Cell Function,EMT,AURKA 
Cell Function,EMT,BMI1 
Cell Function,EMT,BMP2 
Cell Function,EMT,BMP4 
Cell Function,EMT,BMP7 
Cell Function,EMT,CCL18 
Cell Function,EMT,CCL2 
Cell Function,EMT,CCL20 
Cell Function,EMT,CCL21 
Cell Function,EMT,CCL5 
Cell Function,EMT,CCR7 
Cell Function,EMT,CD274 
Cell Function,EMT,CD44 
Cell Function,EMT,CDH1 
Cell Function,EMT,CDH2 
Cell Function,EMT,CTNNB1 
Cell Function,EMT,CXCL12 
Cell Function,EMT,CXCL8 
Cell Function,EMT,CXCR4 
Cell Function,EMT,DNMT1 
Cell Function,EMT,EGF 
Cell Function,EMT,EGFR 
Cell Function,EMT,EGR1 
Cell Function,EMT,EPCAM 
Cell Function,EMT,ERBB2 
Cell Function,EMT,ESR1 
Cell Function,EMT,EZH2 
Cell Function,EMT,FGFR1 
Cell Function,EMT,FN1 
Cell Function,EMT,FOXA1 
Cell Function,EMT,FOXM1 
Cell Function,EMT,GLI1 
Cell Function,EMT,GSK3B 
Cell Function,EMT,HDAC1 
Cell Function,EMT,HGF 
Cell Function,EMT,HIF1A 
Cell Function,EMT,HMGA2 
Cell Function,EMT,HMGB1 
Cell Function,EMT,ID1 
Cell Function,EMT,IGF1 
Cell Function,EMT,IGF1R 
Cell Function,EMT,IL17A 
Cell Function,EMT,IL1B 
Cell Function,EMT,IL6 
Cell Function,EMT,ITGB1 
Cell Function,EMT,JAK2 
Cell Function,EMT,JUN 
Cell Function,EMT,KLF4 
Cell Function,EMT,KRAS 
Cell Function,EMT,L1CAM 
Cell Function,EMT,LCN2 
Cell Function,EMT,LEF1 
Cell Function,EMT,LOXL2 
Cell Function,EMT,MAPK1 
Cell Function,EMT,MAPK3 
Cell Function,EMT,MCAM 
Cell Function,EMT,MET 
Cell Function,EMT,MMP9 
Cell Function,EMT,MTOR 
Cell Function,EMT,MUC1 
Cell Function,EMT,MYC 
Cell Function,EMT,NANOG 
Cell Function,EMT,NFKB1 
Cell Function,EMT,NOTCH1 
Cell Function,EMT,NTRK2 
Cell Function,EMT,PIK3CA 
Cell Function,EMT,POU5F1 
Cell Function,EMT,PPARG 
Cell Function,EMT,PROM1 
Cell Function,EMT,PTEN 
Cell Function,EMT,PTGS2 
Cell Function,EMT,RAC1 
Cell Function,EMT,RELA 
Cell Function,EMT,RHOA 
Cell Function,EMT,ROCK1 
Cell Function,EMT,SMAD2 
Cell Function,EMT,SMAD3 
Cell Function,EMT,SMAD4 
Cell Function,EMT,SNAI1 
Cell Function,EMT,SNAI2 
Cell Function,EMT,SOX2 
Cell Function,EMT,SP1 
Cell Function,EMT,STAT3 
Cell Function,EMT,STK11 
Cell Function,EMT,TCF3 
Cell Function,EMT,TGFB1 
Cell Function,EMT,TGFB2 
Cell Function,EMT,TLR4 
Cell Function,EMT,TNF 
Cell Function,EMT,TP53 
Cell Function,EMT,TWIST1 
Cell Function,EMT,TWIST2 
Cell Function,EMT,VEGFA 
Cell Function,EMT,WNT5A 
Cell Function,EMT,ZEB1 
Cell Function,EMT,ZEB2
Cell Function,Endocytosis,ACTB 
Cell Function,Endocytosis,APOB 
Cell Function,Endocytosis,AREG 
Cell Function,Endocytosis,CBL 
Cell Function,Endocytosis,CBLC 
Cell Function,Endocytosis,CCR5 
Cell Function,Endocytosis,CD3D 
Cell Function,Endocytosis,CD3G 
Cell Function,Endocytosis,CD4 
Cell Function,Endocytosis,CXCR1 
Cell Function,Endocytosis,CXCR2 
Cell Function,Endocytosis,CXCR4 
Cell Function,Endocytosis,DAB2 
Cell Function,Endocytosis,EGF 
Cell Function,Endocytosis,EGFR 
Cell Function,Endocytosis,FGFR2 
Cell Function,Endocytosis,FGFR3 
Cell Function,Endocytosis,FGFR4 
Cell Function,Endocytosis,FZD4 
Cell Function,Endocytosis,HLA-A 
Cell Function,Endocytosis,HLA-B 
Cell Function,Endocytosis,HLA-C 
Cell Function,Endocytosis,HLA-E 
Cell Function,Endocytosis,HLA-F 
Cell Function,Endocytosis,HLA-G 
Cell Function,Endocytosis,HRAS 
Cell Function,Endocytosis,HSPA1A 
Cell Function,Endocytosis,HSPA2 
Cell Function,Endocytosis,HSPA6 
Cell Function,Endocytosis,IGF1R 
Cell Function,Endocytosis,IGF2R 
Cell Function,Endocytosis,IL2RA 
Cell Function,Endocytosis,IL2RB 
Cell Function,Endocytosis,IL2RG 
Cell Function,Endocytosis,IL7R 
Cell Function,Endocytosis,ITCH 
Cell Function,Endocytosis,LRP2 
Cell Function,Endocytosis,MDM2 
Cell Function,Endocytosis,PDGFRA 
Cell Function,Endocytosis,PLD1 
Cell Function,Endocytosis,PML 
Cell Function,Endocytosis,RAB7A 
Cell Function,Endocytosis,REPS1 
Cell Function,Endocytosis,RHOA 
Cell Function,Endocytosis,RPS27A 
Cell Function,Endocytosis,SMAD2 
Cell Function,Endocytosis,SMAD3 
Cell Function,Endocytosis,SMAP1 
Cell Function,Endocytosis,SYT17 
Cell Function,Endocytosis,TFRC 
Cell Function,Endocytosis,TGFBR1 
Cell Function,Endocytosis,TGFBR2 
Cell Function,Endocytosis,TRAF6 
Cell Function,Endocytosis,UBB 
Cell Function,Endocytosis,UBC 
Cell Function,Endocytosis,WIPF1 
Cell Function,Endocytosis,WNT5A
Cell Function,Epigenetic Modification,ACTB 
Cell Function,Epigenetic Modification,ARID1A 
Cell Function,Epigenetic Modification,ARID1B 
Cell Function,Epigenetic Modification,ARID2 
Cell Function,Epigenetic Modification,ARNT2 
Cell Function,Epigenetic Modification,ASXL1 
Cell Function,Epigenetic Modification,ATF1 
Cell Function,Epigenetic Modification,ATF2 
Cell Function,Epigenetic Modification,ATF3 
Cell Function,Epigenetic Modification,ATM 
Cell Function,Epigenetic Modification,BAIAP3 
Cell Function,Epigenetic Modification,BAX 
Cell Function,Epigenetic Modification,BCL2A1 
Cell Function,Epigenetic Modification,BCL2L1 
Cell Function,Epigenetic Modification,BCL6 
Cell Function,Epigenetic Modification,BIRC3 
Cell Function,Epigenetic Modification,BMI1 
Cell Function,Epigenetic Modification,BRD2 
Cell Function,Epigenetic Modification,BRD3 
Cell Function,Epigenetic Modification,BRD4 
Cell Function,Epigenetic Modification,BRD7 
Cell Function,Epigenetic Modification,CCNA1 
Cell Function,Epigenetic Modification,CCNA2 
Cell Function,Epigenetic Modification,CCND1 
Cell Function,Epigenetic Modification,CCND2 
Cell Function,Epigenetic Modification,CD14 
Cell Function,Epigenetic Modification,CD40 
Cell Function,Epigenetic Modification,CD86 
Cell Function,Epigenetic Modification,CDK4 
Cell Function,Epigenetic Modification,CDKN1A 
Cell Function,Epigenetic Modification,CDKN1B 
Cell Function,Epigenetic Modification,CDKN2C 
Cell Function,Epigenetic Modification,CEBPA 
Cell Function,Epigenetic Modification,CEBPB 
Cell Function,Epigenetic Modification,CEBPE 
Cell Function,Epigenetic Modification,CREBBP 
Cell Function,Epigenetic Modification,CSF1R 
Cell Function,Epigenetic Modification,CSF2 
Cell Function,Epigenetic Modification,CXCL8 
Cell Function,Epigenetic Modification,DDB2 
Cell Function,Epigenetic Modification,DDIT3 
Cell Function,Epigenetic Modification,DNMT3A 
Cell Function,Epigenetic Modification,DUSP6 
Cell Function,Epigenetic Modification,EGR2 
Cell Function,Epigenetic Modification,ELANE 
Cell Function,Epigenetic Modification,EP300 
Cell Function,Epigenetic Modification,EPM2AIP1 
Cell Function,Epigenetic Modification,ERG 
Cell Function,Epigenetic Modification,ETV1 
Cell Function,Epigenetic Modification,ETV4 
Cell Function,Epigenetic Modification,ETV7 
Cell Function,Epigenetic Modification,EWSR1 
Cell Function,Epigenetic Modification,EYA1 
Cell Function,Epigenetic Modification,EZH2 
Cell Function,Epigenetic Modification,FAM124B 
Cell Function,Epigenetic Modification,FCGR1A 
Cell Function,Epigenetic Modification,FLT1 
Cell Function,Epigenetic Modification,FLT3 
Cell Function,Epigenetic Modification,FUT8 
Cell Function,Epigenetic Modification,GADD45A 
Cell Function,Epigenetic Modification,GADD45B 
Cell Function,Epigenetic Modification,GADD45G 
Cell Function,Epigenetic Modification,GATA1 
Cell Function,Epigenetic Modification,GATA2 
Cell Function,Epigenetic Modification,GRIA3 
Cell Function,Epigenetic Modification,GZMB 
Cell Function,Epigenetic Modification,H2AX 
Cell Function,Epigenetic Modification,H3-3A 
Cell Function,Epigenetic Modification,H3-5 
Cell Function,Epigenetic Modification,H3C10 
Cell Function,Epigenetic Modification,H3C2 
Cell Function,Epigenetic Modification,H3C8 
Cell Function,Epigenetic Modification,HDAC1 
Cell Function,Epigenetic Modification,HDAC10 
Cell Function,Epigenetic Modification,HDAC2 
Cell Function,Epigenetic Modification,HDAC3 
Cell Function,Epigenetic Modification,HELLS 
Cell Function,Epigenetic Modification,HHEX 
Cell Function,Epigenetic Modification,HMGA2 
Cell Function,Epigenetic Modification,HOXA10 
Cell Function,Epigenetic Modification,HOXA11 
Cell Function,Epigenetic Modification,HOXA9 
Cell Function,Epigenetic Modification,HPGD 
Cell Function,Epigenetic Modification,ID2 
Cell Function,Epigenetic Modification,IGF1 
Cell Function,Epigenetic Modification,IGF1R 
Cell Function,Epigenetic Modification,IGFBP3 
Cell Function,Epigenetic Modification,IL1R2 
Cell Function,Epigenetic Modification,IL2RB 
Cell Function,Epigenetic Modification,IL3 
Cell Function,Epigenetic Modification,IL6 
Cell Function,Epigenetic Modification,ITGAM 
Cell Function,Epigenetic Modification,ITGB7 
Cell Function,Epigenetic Modification,JADE1 
Cell Function,Epigenetic Modification,JAK2 
Cell Function,Epigenetic Modification,JUP 
Cell Function,Epigenetic Modification,KAT2B 
Cell Function,Epigenetic Modification,KDM5C 
Cell Function,Epigenetic Modification,KDM6A 
Cell Function,Epigenetic Modification,KMT2C 
Cell Function,Epigenetic Modification,KMT2D 
Cell Function,Epigenetic Modification,LCOR 
Cell Function,Epigenetic Modification,MAF 
Cell Function,Epigenetic Modification,MDM2 
Cell Function,Epigenetic Modification,MECOM 
Cell Function,Epigenetic Modification,MEF2C 
Cell Function,Epigenetic Modification,MEN1 
Cell Function,Epigenetic Modification,MET 
Cell Function,Epigenetic Modification,MLF1 
Cell Function,Epigenetic Modification,MLLT3 
Cell Function,Epigenetic Modification,MMP3 
Cell Function,Epigenetic Modification,MMP9 
Cell Function,Epigenetic Modification,MPO 
Cell Function,Epigenetic Modification,MYC 
Cell Function,Epigenetic Modification,MYCN 
Cell Function,Epigenetic Modification,NCOR1 
Cell Function,Epigenetic Modification,NFKB1 
Cell Function,Epigenetic Modification,NFKB2 
Cell Function,Epigenetic Modification,NFKBIZ 
Cell Function,Epigenetic Modification,NGFR 
Cell Function,Epigenetic Modification,NR4A3 
Cell Function,Epigenetic Modification,NSD1 
Cell Function,Epigenetic Modification,NSD2 
Cell Function,Epigenetic Modification,NSD3 
Cell Function,Epigenetic Modification,NTRK1 
Cell Function,Epigenetic Modification,NUPR1 
Cell Function,Epigenetic Modification,PAX3 
Cell Function,Epigenetic Modification,PAX5 
Cell Function,Epigenetic Modification,PAX8 
Cell Function,Epigenetic Modification,PBRM1 
Cell Function,Epigenetic Modification,PBX1 
Cell Function,Epigenetic Modification,PBX3 
Cell Function,Epigenetic Modification,PDGFA 
Cell Function,Epigenetic Modification,PLAT 
Cell Function,Epigenetic Modification,PLAU 
Cell Function,Epigenetic Modification,PML 
Cell Function,Epigenetic Modification,PPARG 
Cell Function,Epigenetic Modification,PROM1 
Cell Function,Epigenetic Modification,PTCRA 
Cell Function,Epigenetic Modification,REL 
Cell Function,Epigenetic Modification,RELA 
Cell Function,Epigenetic Modification,RUNX1 
Cell Function,Epigenetic Modification,RUNX1T1 
Cell Function,Epigenetic Modification,RXRG 
Cell Function,Epigenetic Modification,SETD2 
Cell Function,Epigenetic Modification,SIN3A 
Cell Function,Epigenetic Modification,SIX1 
Cell Function,Epigenetic Modification,SMARCA4 
Cell Function,Epigenetic Modification,SMARCB1 
Cell Function,Epigenetic Modification,SP1 
Cell Function,Epigenetic Modification,SSX1 
Cell Function,Epigenetic Modification,SUV39H2 
Cell Function,Epigenetic Modification,TBL1XR1 
Cell Function,Epigenetic Modification,TCF3 
Cell Function,Epigenetic Modification,TFE3 
Cell Function,Epigenetic Modification,TGFBR2 
Cell Function,Epigenetic Modification,TLX1 
Cell Function,Epigenetic Modification,TMPRSS2 
Cell Function,Epigenetic Modification,TP53 
Cell Function,Epigenetic Modification,TRAF1 
Cell Function,Epigenetic Modification,TSPAN7 
Cell Function,Epigenetic Modification,UTY 
Cell Function,Epigenetic Modification,WNT16 
Cell Function,Epigenetic Modification,WT1 
Cell Function,Epigenetic Modification,ZBTB16 
Cell Function,Epigenetic Modification,ZEB1
Cell Function,Immortality & Stemness,BLM 
Cell Function,Immortality & Stemness,BMI1 
Cell Function,Immortality & Stemness,CD34 
Cell Function,Immortality & Stemness,CD44 
Cell Function,Immortality & Stemness,CTNNB1 
Cell Function,Immortality & Stemness,EZH2 
Cell Function,Immortality & Stemness,FEN1 
Cell Function,Immortality & Stemness,FGF2 
Cell Function,Immortality & Stemness,H2AX 
Cell Function,Immortality & Stemness,HIF1A 
Cell Function,Immortality & Stemness,KLF4 
Cell Function,Immortality & Stemness,LGR5 
Cell Function,Immortality & Stemness,MYC 
Cell Function,Immortality & Stemness,NANOG 
Cell Function,Immortality & Stemness,PBX1 
Cell Function,Immortality & Stemness,PCNA 
Cell Function,Immortality & Stemness,POLD1 
Cell Function,Immortality & Stemness,POLD4 
Cell Function,Immortality & Stemness,POU2AF1 
Cell Function,Immortality & Stemness,POU2F2 
Cell Function,Immortality & Stemness,POU5F1 
Cell Function,Immortality & Stemness,PROM1 
Cell Function,Immortality & Stemness,RFC3 
Cell Function,Immortality & Stemness,RFC4 
Cell Function,Immortality & Stemness,RPA3 
Cell Function,Immortality & Stemness,SMAD2 
Cell Function,Immortality & Stemness,SMAD4 
Cell Function,Immortality & Stemness,SOX2 
Cell Function,Immortality & Stemness,STAT3 
Cell Function,Immortality & Stemness,TERT 
Cell Function,Immortality & Stemness,TLX1 
Cell Function,Immortality & Stemness,TWIST1 
Cell Function,Immortality & Stemness,WRN
Cell Function,Ion Transport,ADA 
Cell Function,Ion Transport,APOA1 
Cell Function,Ion Transport,ATOX1 
Cell Function,Ion Transport,ATP11C 
Cell Function,Ion Transport,ATP2A2 
Cell Function,Ion Transport,ATP5F1D 
Cell Function,Ion Transport,BCL2 
Cell Function,Ion Transport,CACNA1C 
Cell Function,Ion Transport,CACNA1D 
Cell Function,Ion Transport,CACNA1E 
Cell Function,Ion Transport,CACNA1G 
Cell Function,Ion Transport,CACNA1H 
Cell Function,Ion Transport,CACNB2 
Cell Function,Ion Transport,CACNB4 
Cell Function,Ion Transport,CACNG4 
Cell Function,Ion Transport,CD4 
Cell Function,Ion Transport,CDK2 
Cell Function,Ion Transport,COX6A1 
Cell Function,Ion Transport,GRIA3 
Cell Function,Ion Transport,GRIN1 
Cell Function,Ion Transport,HSPA2 
Cell Function,Ion Transport,MS4A1 
Cell Function,Ion Transport,MYC 
Cell Function,Ion Transport,NFKBIE 
Cell Function,Ion Transport,NTRK2 
Cell Function,Ion Transport,PIK3CG 
Cell Function,Ion Transport,PLA2G2A 
Cell Function,Ion Transport,PPARGC1A 
Cell Function,Ion Transport,PPP3CA 
Cell Function,Ion Transport,PSEN1 
Cell Function,Ion Transport,RHOA 
Cell Function,Ion Transport,RRAD 
Cell Function,Ion Transport,SLC11A1 
Cell Function,Ion Transport,SLC16A1 
Cell Function,Ion Transport,SYK 
Cell Function,Ion Transport,TGFB1 
Cell Function,Ion Transport,TMEM163
Cell Function,Lysosome,CD164 
Cell Function,Lysosome,CD63 
Cell Function,Lysosome,CD68 
Cell Function,Lysosome,CTSG 
Cell Function,Lysosome,CTSH 
Cell Function,Lysosome,CTSL 
Cell Function,Lysosome,CTSS 
Cell Function,Lysosome,CTSW 
Cell Function,Lysosome,GUSB 
Cell Function,Lysosome,IGF2R 
Cell Function,Lysosome,LAMP1 
Cell Function,Lysosome,LAMP2 
Cell Function,Lysosome,LAMP3 
Cell Function,Lysosome,SLC11A1
Cell Function,Oxidative Stress,ABL1 
Cell Function,Oxidative Stress,ADA 
Cell Function,Oxidative Stress,AKT1 
Cell Function,Oxidative Stress,ANXA1 
Cell Function,Oxidative Stress,APOA4 
Cell Function,Oxidative Stress,APOE 
Cell Function,Oxidative Stress,APP 
Cell Function,Oxidative Stress,AREG 
Cell Function,Oxidative Stress,ARG1 
Cell Function,Oxidative Stress,ARNT 
Cell Function,Oxidative Stress,ATG7 
Cell Function,Oxidative Stress,ATOX1 
Cell Function,Oxidative Stress,ATP2A2 
Cell Function,Oxidative Stress,AXL 
Cell Function,Oxidative Stress,BAD 
Cell Function,Oxidative Stress,BCL2 
Cell Function,Oxidative Stress,BMP7 
Cell Function,Oxidative Stress,BNIP3 
Cell Function,Oxidative Stress,BTK 
Cell Function,Oxidative Stress,CAPN2 
Cell Function,Oxidative Stress,CASP3 
Cell Function,Oxidative Stress,CCL19 
Cell Function,Oxidative Stress,CCNA2 
Cell Function,Oxidative Stress,CCR7 
Cell Function,Oxidative Stress,CD36 
Cell Function,Oxidative Stress,CD38 
Cell Function,Oxidative Stress,CDK1 
Cell Function,Oxidative Stress,CDK2 
Cell Function,Oxidative Stress,CHUK 
Cell Function,Oxidative Stress,COL1A1 
Cell Function,Oxidative Stress,CTNNB1 
Cell Function,Oxidative Stress,CYBB 
Cell Function,Oxidative Stress,DUOX1 
Cell Function,Oxidative Stress,DUSP1 
Cell Function,Oxidative Stress,EDN1 
Cell Function,Oxidative Stress,EGFR 
Cell Function,Oxidative Stress,ENDOG 
Cell Function,Oxidative Stress,ERCC2 
Cell Function,Oxidative Stress,ERCC3 
Cell Function,Oxidative Stress,ERCC6 
Cell Function,Oxidative Stress,ERO1A 
Cell Function,Oxidative Stress,ETS1 
Cell Function,Oxidative Stress,EZH2 
Cell Function,Oxidative Stress,FANCC 
Cell Function,Oxidative Stress,FBXW7 
Cell Function,Oxidative Stress,FCAR 
Cell Function,Oxidative Stress,FGF8 
Cell Function,Oxidative Stress,FOS 
Cell Function,Oxidative Stress,FOSL1 
Cell Function,Oxidative Stress,FUT8 
Cell Function,Oxidative Stress,FYN 
Cell Function,Oxidative Stress,FZD1 
Cell Function,Oxidative Stress,G6PD 
Cell Function,Oxidative Stress,GPX1 
Cell Function,Oxidative Stress,GPX4 
Cell Function,Oxidative Stress,HDAC2 
Cell Function,Oxidative Stress,HDAC6 
Cell Function,Oxidative Stress,HGF 
Cell Function,Oxidative Stress,HIF1A 
Cell Function,Oxidative Stress,HNF1A 
Cell Function,Oxidative Stress,HSPA1A 
Cell Function,Oxidative Stress,HSPB1 
Cell Function,Oxidative Stress,IDH1 
Cell Function,Oxidative Stress,IL10 
Cell Function,Oxidative Stress,IL18RAP 
Cell Function,Oxidative Stress,IL6 
Cell Function,Oxidative Stress,JAK2 
Cell Function,Oxidative Stress,JUN 
Cell Function,Oxidative Stress,KEAP1 
Cell Function,Oxidative Stress,KLF4 
Cell Function,Oxidative Stress,KRT1 
Cell Function,Oxidative Stress,LCN2 
Cell Function,Oxidative Stress,LDHA 
Cell Function,Oxidative Stress,MAP3K5 
Cell Function,Oxidative Stress,MAPK1 
Cell Function,Oxidative Stress,MAPK3 
Cell Function,Oxidative Stress,MAPK8 
Cell Function,Oxidative Stress,MAPK9 
Cell Function,Oxidative Stress,MAPT 
Cell Function,Oxidative Stress,MBL2 
Cell Function,Oxidative Stress,MCL1 
Cell Function,Oxidative Stress,MDM2 
Cell Function,Oxidative Stress,MELK 
Cell Function,Oxidative Stress,MET 
Cell Function,Oxidative Stress,MGMT 
Cell Function,Oxidative Stress,MICB 
Cell Function,Oxidative Stress,MMP3 
Cell Function,Oxidative Stress,MMP9 
Cell Function,Oxidative Stress,MPO 
Cell Function,Oxidative Stress,MSRB2 
Cell Function,Oxidative Stress,MTF1 
Cell Function,Oxidative Stress,MYB 
Cell Function,Oxidative Stress,NCF4 
Cell Function,Oxidative Stress,NDUFA12 
Cell Function,Oxidative Stress,NDUFA6 
Cell Function,Oxidative Stress,NDUFB4 
Cell Function,Oxidative Stress,NDUFS8 
Cell Function,Oxidative Stress,NEIL1 
Cell Function,Oxidative Stress,NFE2L2 
Cell Function,Oxidative Stress,NOS3 
Cell Function,Oxidative Stress,NOX1 
Cell Function,Oxidative Stress,NR4A3 
Cell Function,Oxidative Stress,PCNA 
Cell Function,Oxidative Stress,PDGFD 
Cell Function,Oxidative Stress,PDGFRA 
Cell Function,Oxidative Stress,PDGFRB 
Cell Function,Oxidative Stress,PDK1 
Cell Function,Oxidative Stress,PML 
Cell Function,Oxidative Stress,PPARGC1A 
Cell Function,Oxidative Stress,PPARGC1B 
Cell Function,Oxidative Stress,PPP2CB 
Cell Function,Oxidative Stress,PRDX5 
Cell Function,Oxidative Stress,PRKAA2 
Cell Function,Oxidative Stress,PRKCD 
Cell Function,Oxidative Stress,PSEN1 
Cell Function,Oxidative Stress,PSMB5 
Cell Function,Oxidative Stress,PTGS2 
Cell Function,Oxidative Stress,PYCR1 
Cell Function,Oxidative Stress,PYCR2 
Cell Function,Oxidative Stress,RAD52 
Cell Function,Oxidative Stress,RELA 
Cell Function,Oxidative Stress,RHOB 
Cell Function,Oxidative Stress,RIPK1 
Cell Function,Oxidative Stress,RIPK3 
Cell Function,Oxidative Stress,S100A7 
Cell Function,Oxidative Stress,SELENOK 
Cell Function,Oxidative Stress,SGK2 
Cell Function,Oxidative Stress,SIN3A 
Cell Function,Oxidative Stress,SIRPA 
Cell Function,Oxidative Stress,SMPD3 
Cell Function,Oxidative Stress,SNCA 
Cell Function,Oxidative Stress,SOD1 
Cell Function,Oxidative Stress,SOD2 
Cell Function,Oxidative Stress,SP1 
Cell Function,Oxidative Stress,STAT1 
Cell Function,Oxidative Stress,STAT6 
Cell Function,Oxidative Stress,TLR4 
Cell Function,Oxidative Stress,TLR6 
Cell Function,Oxidative Stress,TNF 
Cell Function,Oxidative Stress,TNFAIP3 
Cell Function,Oxidative Stress,TP53 
Cell Function,Oxidative Stress,TPM1 
Cell Function,Oxidative Stress,TPO 
Cell Function,Oxidative Stress,TRAF2 
Cell Function,Oxidative Stress,TSC1 
Cell Function,Oxidative Stress,TXN2 
Cell Function,Oxidative Stress,TXNIP 
Cell Function,Oxidative Stress,WNT16 
Cell Function,Oxidative Stress,WRN 
Cell Function,Oxidative Stress,XPA 
Cell Function,Oxidative Stress,ZC3H12A
Cell Function,Phagocytosis,ABL1 
Cell Function,Phagocytosis,ACTB 
Cell Function,Phagocytosis,AKT1 
Cell Function,Phagocytosis,AKT2 
Cell Function,Phagocytosis,AKT3 
Cell Function,Phagocytosis,BTK 
Cell Function,Phagocytosis,C1R 
Cell Function,Phagocytosis,C3 
Cell Function,Phagocytosis,CD14 
Cell Function,Phagocytosis,CD209 
Cell Function,Phagocytosis,CD36 
Cell Function,Phagocytosis,CD3G 
Cell Function,Phagocytosis,CLEC7A 
Cell Function,Phagocytosis,COLEC12 
Cell Function,Phagocytosis,COMP 
Cell Function,Phagocytosis,CTSL 
Cell Function,Phagocytosis,CTSS 
Cell Function,Phagocytosis,CYBB 
Cell Function,Phagocytosis,CYFIP2 
Cell Function,Phagocytosis,ELMO1 
Cell Function,Phagocytosis,FCAR 
Cell Function,Phagocytosis,FCGR1A 
Cell Function,Phagocytosis,FCGR3A/B 
Cell Function,Phagocytosis,FGCR2A/B 
Cell Function,Phagocytosis,FYN 
Cell Function,Phagocytosis,HCK 
Cell Function,Phagocytosis,HLA-A 
Cell Function,Phagocytosis,HLA-B 
Cell Function,Phagocytosis,HLA-C 
Cell Function,Phagocytosis,HLA-DMA 
Cell Function,Phagocytosis,HLA-DMB 
Cell Function,Phagocytosis,HLA-DOA 
Cell Function,Phagocytosis,HLA-DOB 
Cell Function,Phagocytosis,HLA-DPA1 
Cell Function,Phagocytosis,HLA-DPB1 
Cell Function,Phagocytosis,HLA-DQA1 
Cell Function,Phagocytosis,HLA-DQA2 
Cell Function,Phagocytosis,HLA-DQB1 
Cell Function,Phagocytosis,HLA-DRA 
Cell Function,Phagocytosis,HLA-DRB 
Cell Function,Phagocytosis,HLA-DRB3 
Cell Function,Phagocytosis,HLA-DRB4 
Cell Function,Phagocytosis,HLA-DRB5 
Cell Function,Phagocytosis,HLA-E 
Cell Function,Phagocytosis,HLA-F 
Cell Function,Phagocytosis,HLA-G 
Cell Function,Phagocytosis,INPP5D 
Cell Function,Phagocytosis,ITGA2 
Cell Function,Phagocytosis,ITGA5 
Cell Function,Phagocytosis,ITGAM 
Cell Function,Phagocytosis,ITGAV 
Cell Function,Phagocytosis,ITGB1 
Cell Function,Phagocytosis,ITGB2 
Cell Function,Phagocytosis,ITGB3 
Cell Function,Phagocytosis,LAMP1 
Cell Function,Phagocytosis,LAMP2 
Cell Function,Phagocytosis,LAT 
Cell Function,Phagocytosis,LYN 
Cell Function,Phagocytosis,MAP2K1 
Cell Function,Phagocytosis,MAPK1 
Cell Function,Phagocytosis,MAPK3 
Cell Function,Phagocytosis,MARCO 
Cell Function,Phagocytosis,MBL2 
Cell Function,Phagocytosis,MPO 
Cell Function,Phagocytosis,MRC1 
Cell Function,Phagocytosis,MSR1 
Cell Function,Phagocytosis,NCF4 
Cell Function,Phagocytosis,NF2 
Cell Function,Phagocytosis,NOS1 
Cell Function,Phagocytosis,OLR1 
Cell Function,Phagocytosis,PIK3CA 
Cell Function,Phagocytosis,PIK3CB 
Cell Function,Phagocytosis,PIK3CD 
Cell Function,Phagocytosis,PIK3R1 
Cell Function,Phagocytosis,PIK3R2 
Cell Function,Phagocytosis,PIK3R3 
Cell Function,Phagocytosis,PLA2G4A 
Cell Function,Phagocytosis,PLA2G4C 
Cell Function,Phagocytosis,PLA2G4E 
Cell Function,Phagocytosis,PLA2G4F 
Cell Function,Phagocytosis,PLA2G6 
Cell Function,Phagocytosis,PLCG2 
Cell Function,Phagocytosis,PLD1 
Cell Function,Phagocytosis,PRKCA 
Cell Function,Phagocytosis,PRKCB 
Cell Function,Phagocytosis,PRKCD 
Cell Function,Phagocytosis,PRKCE 
Cell Function,Phagocytosis,PRKCG 
Cell Function,Phagocytosis,PTPRC 
Cell Function,Phagocytosis,RAB7A 
Cell Function,Phagocytosis,RAC1 
Cell Function,Phagocytosis,RAC2 
Cell Function,Phagocytosis,RAF1 
Cell Function,Phagocytosis,RPS6KB1 
Cell Function,Phagocytosis,SYK 
Cell Function,Phagocytosis,TAP1 
Cell Function,Phagocytosis,TAP2 
Cell Function,Phagocytosis,TFRC 
Cell Function,Phagocytosis,THBS1 
Cell Function,Phagocytosis,THBS4 
Cell Function,Phagocytosis,TLR2 
Cell Function,Phagocytosis,TLR4 
Cell Function,Phagocytosis,TLR6 
Cell Function,Phagocytosis,TUBB 
Cell Function,Phagocytosis,WIPF1
Cell Function,Proteotoxic Stress,BAG1 
Cell Function,Proteotoxic Stress,BAX 
Cell Function,Proteotoxic Stress,BCL2 
Cell Function,Proteotoxic Stress,CAPN2 
Cell Function,Proteotoxic Stress,CASP12 
Cell Function,Proteotoxic Stress,CUL1 
Cell Function,Proteotoxic Stress,DDIT3 
Cell Function,Proteotoxic Stress,EIF2AK2 
Cell Function,Proteotoxic Stress,ERO1A 
Cell Function,Proteotoxic Stress,HSP90B1 
Cell Function,Proteotoxic Stress,HSPA1A 
Cell Function,Proteotoxic Stress,HSPA2 
Cell Function,Proteotoxic Stress,HSPA6 
Cell Function,Proteotoxic Stress,MAP3K5 
Cell Function,Proteotoxic Stress,MAPK10 
Cell Function,Proteotoxic Stress,MAPK8 
Cell Function,Proteotoxic Stress,MAPK9 
Cell Function,Proteotoxic Stress,NFE2L2 
Cell Function,Proteotoxic Stress,RBX1 
Cell Function,Proteotoxic Stress,SKP1 
Cell Function,Proteotoxic Stress,TRAF2 
Cell Function,Proteotoxic Stress,USP9Y
Cell Function,RNA Processing,ANP32B 
Cell Function,RNA Processing,API5 
Cell Function,RNA Processing,ATP11C 
Cell Function,RNA Processing,BCOR 
Cell Function,RNA Processing,CD3EAP 
Cell Function,RNA Processing,CNOT2 
Cell Function,RNA Processing,CPSF7 
Cell Function,RNA Processing,DACH2 
Cell Function,RNA Processing,EIF5AL1 
Cell Function,RNA Processing,FUBP1 
Cell Function,RNA Processing,GTF3C1 
Cell Function,RNA Processing,HMGN5 
Cell Function,RNA Processing,ILF3 
Cell Function,RNA Processing,MBNL1 
Cell Function,RNA Processing,MBNL3 
Cell Function,RNA Processing,MED12 
Cell Function,RNA Processing,MRM2 
Cell Function,RNA Processing,MTF2 
Cell Function,RNA Processing,NASP 
Cell Function,RNA Processing,PHF6 
Cell Function,RNA Processing,PRMT8 
Cell Function,RNA Processing,PTCD2 
Cell Function,RNA Processing,PURA 
Cell Function,RNA Processing,RPL7A 
Cell Function,RNA Processing,RYBP 
Cell Function,RNA Processing,SETBP1 
Cell Function,RNA Processing,SF3B1 
Cell Function,RNA Processing,SRP54 
Cell Function,RNA Processing,SRSF2 
Cell Function,RNA Processing,TAF3 
Cell Function,RNA Processing,U2AF1 
Cell Function,RNA Processing,YTHDF2 
Cell Function,RNA Processing,ZBTB20 
Cell Function,RNA Processing,ZBTB32 
Cell Function,RNA Processing,ZNF205
Cell Function,Senescence,AKT1 
Cell Function,Senescence,AKT2 
Cell Function,Senescence,AKT3 
Cell Function,Senescence,ATM 
Cell Function,Senescence,ATR 
Cell Function,Senescence,BMI1 
Cell Function,Senescence,CACNA1D 
Cell Function,Senescence,CALML3 
Cell Function,Senescence,CALML5 
Cell Function,Senescence,CALML6 
Cell Function,Senescence,CAPN2 
Cell Function,Senescence,CCNA1 
Cell Function,Senescence,CCNA2 
Cell Function,Senescence,CCNB1 
Cell Function,Senescence,CCNB3 
Cell Function,Senescence,CCND1 
Cell Function,Senescence,CCND2 
Cell Function,Senescence,CCND3 
Cell Function,Senescence,CCNE1 
Cell Function,Senescence,CCNE2 
Cell Function,Senescence,CDC25A 
Cell Function,Senescence,CDK1 
Cell Function,Senescence,CDK2 
Cell Function,Senescence,CDK4 
Cell Function,Senescence,CDK6 
Cell Function,Senescence,CDKN1A 
Cell Function,Senescence,CDKN1B 
Cell Function,Senescence,CDKN2A 
Cell Function,Senescence,CDKN2B 
Cell Function,Senescence,CDKN2C 
Cell Function,Senescence,CDKN2D 
Cell Function,Senescence,CEBPB 
Cell Function,Senescence,CHEK1 
Cell Function,Senescence,CHEK2 
Cell Function,Senescence,CXCL8 
Cell Function,Senescence,E2F1 
Cell Function,Senescence,E2F3 
Cell Function,Senescence,E2F4 
Cell Function,Senescence,E2F5 
Cell Function,Senescence,EIF4EBP1 
Cell Function,Senescence,ETS1 
Cell Function,Senescence,ETS2 
Cell Function,Senescence,EZH2 
Cell Function,Senescence,FOS 
Cell Function,Senescence,FOXM1 
Cell Function,Senescence,GADD45A 
Cell Function,Senescence,GADD45B 
Cell Function,Senescence,GADD45G 
Cell Function,Senescence,H2AX 
Cell Function,Senescence,H3-3A 
Cell Function,Senescence,HLA-A 
Cell Function,Senescence,HLA-B 
Cell Function,Senescence,HLA-C 
Cell Function,Senescence,HLA-E 
Cell Function,Senescence,HLA-F 
Cell Function,Senescence,HLA-G 
Cell Function,Senescence,HMGA1 
Cell Function,Senescence,HMGA2 
Cell Function,Senescence,HRAS 
Cell Function,Senescence,ID1 
Cell Function,Senescence,IFNB1 
Cell Function,Senescence,IGFBP3 
Cell Function,Senescence,IL1A 
Cell Function,Senescence,IL6 
Cell Function,Senescence,JUN 
Cell Function,Senescence,KIR Family 
Cell Function,Senescence,KRAS 
Cell Function,Senescence,MAP2K1 
Cell Function,Senescence,MAP2K2 
Cell Function,Senescence,MAP2K4 
Cell Function,Senescence,MAP2K6 
Cell Function,Senescence,MAP3K5 
Cell Function,Senescence,MAPK1 
Cell Function,Senescence,MAPK10 
Cell Function,Senescence,MAPK11 
Cell Function,Senescence,MAPK12 
Cell Function,Senescence,MAPK14 
Cell Function,Senescence,MAPK3 
Cell Function,Senescence,MAPK8 
Cell Function,Senescence,MAPK9 
Cell Function,Senescence,MAPKAPK2 
Cell Function,Senescence,MDM2 
Cell Function,Senescence,MDM4 
Cell Function,Senescence,MRE11 
Cell Function,Senescence,MTOR 
Cell Function,Senescence,MYBL2 
Cell Function,Senescence,MYC 
Cell Function,Senescence,NBN 
Cell Function,Senescence,NFATC1 
Cell Function,Senescence,NFATC2 
Cell Function,Senescence,NFATC3 
Cell Function,Senescence,NFATC4 
Cell Function,Senescence,NFKB1 
Cell Function,Senescence,NRAS 
Cell Function,Senescence,PIK3CA 
Cell Function,Senescence,PIK3CB 
Cell Function,Senescence,PIK3CD 
Cell Function,Senescence,PIK3R1 
Cell Function,Senescence,PIK3R2 
Cell Function,Senescence,PIK3R3 
Cell Function,Senescence,PPP3CA 
Cell Function,Senescence,PPP3CB 
Cell Function,Senescence,PPP3CC 
Cell Function,Senescence,PPP3R1 
Cell Function,Senescence,PPP3R2 
Cell Function,Senescence,PTEN 
Cell Function,Senescence,RAD50 
Cell Function,Senescence,RAF1 
Cell Function,Senescence,RB1 
Cell Function,Senescence,RBL2 
Cell Function,Senescence,RELA 
Cell Function,Senescence,RPS27A 
Cell Function,Senescence,RRAS2 
Cell Function,Senescence,SMAD2 
Cell Function,Senescence,SMAD3 
Cell Function,Senescence,SP1 
Cell Function,Senescence,STAT3 
Cell Function,Senescence,TFDP1 
Cell Function,Senescence,TGFB1 
Cell Function,Senescence,TGFB2 
Cell Function,Senescence,TGFB3 
Cell Function,Senescence,TGFBR1 
Cell Function,Senescence,TGFBR2 
Cell Function,Senescence,TP53 
Cell Function,Senescence,TSC1 
Cell Function,Senescence,UBB 
Cell Function,Senescence,UBC 
Cell Function,Senescence,UBE2C
Immune Response,Chemokine Signaling,AKT1 
Immune Response,Chemokine Signaling,AKT2 
Immune Response,Chemokine Signaling,AKT3 
Immune Response,Chemokine Signaling,BAD 
Immune Response,Chemokine Signaling,BRAF 
Immune Response,Chemokine Signaling,CCL1 
Immune Response,Chemokine Signaling,CCL11 
Immune Response,Chemokine Signaling,CCL13 
Immune Response,Chemokine Signaling,CCL14 
Immune Response,Chemokine Signaling,CCL15 
Immune Response,Chemokine Signaling,CCL16 
Immune Response,Chemokine Signaling,CCL17 
Immune Response,Chemokine Signaling,CCL18 
Immune Response,Chemokine Signaling,CCL19 
Immune Response,Chemokine Signaling,CCL2 
Immune Response,Chemokine Signaling,CCL20 
Immune Response,Chemokine Signaling,CCL21 
Immune Response,Chemokine Signaling,CCL22 
Immune Response,Chemokine Signaling,CCL23 
Immune Response,Chemokine Signaling,CCL24 
Immune Response,Chemokine Signaling,CCL25 
Immune Response,Chemokine Signaling,CCL26 
Immune Response,Chemokine Signaling,CCL27 
Immune Response,Chemokine Signaling,CCL28 
Immune Response,Chemokine Signaling,CCL3/L1
Immune Response,Chemokine Signaling,CCL4 
Immune Response,Chemokine Signaling,CCL5 
Immune Response,Chemokine Signaling,CCL7 
Immune Response,Chemokine Signaling,CCL8 
Immune Response,Chemokine Signaling,CCR1 
Immune Response,Chemokine Signaling,CCR2 
Immune Response,Chemokine Signaling,CCR3 
Immune Response,Chemokine Signaling,CCR4 
Immune Response,Chemokine Signaling,CCR5 
Immune Response,Chemokine Signaling,CCR6 
Immune Response,Chemokine Signaling,CCR7 
Immune Response,Chemokine Signaling,CCR9 
Immune Response,Chemokine Signaling,CCRL2 
Immune Response,Chemokine Signaling,CHUK 
Immune Response,Chemokine Signaling,CMKLR1 
Immune Response,Chemokine Signaling,CX3CL1 
Immune Response,Chemokine Signaling,CX3CR1 
Immune Response,Chemokine Signaling,CXCL1 
Immune Response,Chemokine Signaling,CXCL10 
Immune Response,Chemokine Signaling,CXCL11 
Immune Response,Chemokine Signaling,CXCL12 
Immune Response,Chemokine Signaling,CXCL13 
Immune Response,Chemokine Signaling,CXCL14 
Immune Response,Chemokine Signaling,CXCL16 
Immune Response,Chemokine Signaling,CXCL2 
Immune Response,Chemokine Signaling,CXCL3 
Immune Response,Chemokine Signaling,CXCL5 
Immune Response,Chemokine Signaling,CXCL6 
Immune Response,Chemokine Signaling,CXCL8 
Immune Response,Chemokine Signaling,CXCL9 
Immune Response,Chemokine Signaling,CXCR1 
Immune Response,Chemokine Signaling,CXCR2 
Immune Response,Chemokine Signaling,CXCR3 
Immune Response,Chemokine Signaling,CXCR4 
Immune Response,Chemokine Signaling,CXCR5 
Immune Response,Chemokine Signaling,CXCR6 
Immune Response,Chemokine Signaling,ELMO1 
Immune Response,Chemokine Signaling,GNG12 
Immune Response,Chemokine Signaling,GNG4 
Immune Response,Chemokine Signaling,GNG7 
Immune Response,Chemokine Signaling,GNGT1 
Immune Response,Chemokine Signaling,GRB2 
Immune Response,Chemokine Signaling,GSK3B 
Immune Response,Chemokine Signaling,HCK 
Immune Response,Chemokine Signaling,HRAS 
Immune Response,Chemokine Signaling,IKBKB 
Immune Response,Chemokine Signaling,IKBKG 
Immune Response,Chemokine Signaling,ITK 
Immune Response,Chemokine Signaling,JAK2 
Immune Response,Chemokine Signaling,JAK3 
Immune Response,Chemokine Signaling,KRAS 
Immune Response,Chemokine Signaling,LYN 
Immune Response,Chemokine Signaling,MAP2K1 
Immune Response,Chemokine Signaling,MAPK1 
Immune Response,Chemokine Signaling,MAPK3 
Immune Response,Chemokine Signaling,NFKB1 
Immune Response,Chemokine Signaling,NFKBIA 
Immune Response,Chemokine Signaling,NRAS 
Immune Response,Chemokine Signaling,PF4 
Immune Response,Chemokine Signaling,PIK3CA 
Immune Response,Chemokine Signaling,PIK3CB 
Immune Response,Chemokine Signaling,PIK3CD 
Immune Response,Chemokine Signaling,PIK3CG 
Immune Response,Chemokine Signaling,PIK3R1 
Immune Response,Chemokine Signaling,PIK3R2 
Immune Response,Chemokine Signaling,PIK3R3 
Immune Response,Chemokine Signaling,PIK3R5 
Immune Response,Chemokine Signaling,PLCB1 
Immune Response,Chemokine Signaling,PLCB4 
Immune Response,Chemokine Signaling,PPBP 
Immune Response,Chemokine Signaling,PRKACA 
Immune Response,Chemokine Signaling,PRKACB 
Immune Response,Chemokine Signaling,PRKACG 
Immune Response,Chemokine Signaling,PRKCB 
Immune Response,Chemokine Signaling,PRKCD 
Immune Response,Chemokine Signaling,RAC1 
Immune Response,Chemokine Signaling,RAC2 
Immune Response,Chemokine Signaling,RAC3 
Immune Response,Chemokine Signaling,RAF1 
Immune Response,Chemokine Signaling,RASGRP2 
Immune Response,Chemokine Signaling,RELA 
Immune Response,Chemokine Signaling,RHOA 
Immune Response,Chemokine Signaling,ROCK1 
Immune Response,Chemokine Signaling,SHC1 
Immune Response,Chemokine Signaling,SHC2 
Immune Response,Chemokine Signaling,SHC3 
Immune Response,Chemokine Signaling,SHC4 
Immune Response,Chemokine Signaling,SOS1 
Immune Response,Chemokine Signaling,SOS2 
Immune Response,Chemokine Signaling,STAT1 
Immune Response,Chemokine Signaling,STAT2 
Immune Response,Chemokine Signaling,STAT3 
Immune Response,Chemokine Signaling,STAT5B 
Immune Response,Chemokine Signaling,TIAM1 
Immune Response,Chemokine Signaling,XCL1/2
Immune Response,Chemokine Signaling,XCR1
Immune Response,Cytotoxicity,GZMA 
Immune Response,Cytotoxicity,GZMB 
Immune Response,Cytotoxicity,GZMH 
Immune Response,Cytotoxicity,GZMK 
Immune Response,Cytotoxicity,GZMM 
Immune Response,Cytotoxicity,PRF1
Immune Response,IL-1 Signaling,APP 
Immune Response,IL-1 Signaling,CASP1 
Immune Response,IL-1 Signaling,CHUK 
Immune Response,IL-1 Signaling,CTSG 
Immune Response,IL-1 Signaling,CUL1 
Immune Response,IL-1 Signaling,HMGB1 
Immune Response,IL-1 Signaling,IKBKB 
Immune Response,IL-1 Signaling,IKBKG 
Immune Response,IL-1 Signaling,IL13 
Immune Response,IL-1 Signaling,IL18 
Immune Response,IL-1 Signaling,IL18R1 
Immune Response,IL-1 Signaling,IL18RAP 
Immune Response,IL-1 Signaling,IL1A 
Immune Response,IL-1 Signaling,IL1B 
Immune Response,IL-1 Signaling,IL1R1 
Immune Response,IL-1 Signaling,IL1R2 
Immune Response,IL-1 Signaling,IL1RL1 
Immune Response,IL-1 Signaling,IL1RL2 
Immune Response,IL-1 Signaling,IL1RN 
Immune Response,IL-1 Signaling,IL33 
Immune Response,IL-1 Signaling,IL4 
Immune Response,IL-1 Signaling,IRAK1 
Immune Response,IL-1 Signaling,IRAK2 
Immune Response,IL-1 Signaling,IRAK3 
Immune Response,IL-1 Signaling,IRAK4 
Immune Response,IL-1 Signaling,MAP2K1 
Immune Response,IL-1 Signaling,MAP2K4 
Immune Response,IL-1 Signaling,MAP2K6 
Immune Response,IL-1 Signaling,MAP3K7 
Immune Response,IL-1 Signaling,MAP3K8 
Immune Response,IL-1 Signaling,MAPK8 
Immune Response,IL-1 Signaling,MYD88 
Immune Response,IL-1 Signaling,NFKB1 
Immune Response,IL-1 Signaling,NFKB2 
Immune Response,IL-1 Signaling,NFKBIA 
Immune Response,IL-1 Signaling,NOD1 
Immune Response,IL-1 Signaling,NOD2 
Immune Response,IL-1 Signaling,PSMB10 
Immune Response,IL-1 Signaling,PSMB2 
Immune Response,IL-1 Signaling,PSMB5 
Immune Response,IL-1 Signaling,PSMB7 
Immune Response,IL-1 Signaling,PSMB8 
Immune Response,IL-1 Signaling,PSMB9 
Immune Response,IL-1 Signaling,PSMC4 
Immune Response,IL-1 Signaling,PSMD7 
Immune Response,IL-1 Signaling,PTPN11 
Immune Response,IL-1 Signaling,PTPN5 
Immune Response,IL-1 Signaling,RBX1 
Immune Response,IL-1 Signaling,RELA 
Immune Response,IL-1 Signaling,RIPK2 
Immune Response,IL-1 Signaling,RPS27A 
Immune Response,IL-1 Signaling,S100A12 
Immune Response,IL-1 Signaling,S100B 
Immune Response,IL-1 Signaling,SAA1 
Immune Response,IL-1 Signaling,SIGIRR 
Immune Response,IL-1 Signaling,SKP1 
Immune Response,IL-1 Signaling,SMAD3 
Immune Response,IL-1 Signaling,STAT3 
Immune Response,IL-1 Signaling,TAB1 
Immune Response,IL-1 Signaling,TBK1 
Immune Response,IL-1 Signaling,TOLLIP 
Immune Response,IL-1 Signaling,TRAF6 
Immune Response,IL-1 Signaling,UBB 
Immune Response,IL-1 Signaling,UBC
Immune Response,IL-17 Signaling,ATF1 
Immune Response,IL-17 Signaling,ATF2 
Immune Response,IL-17 Signaling,CHUK 
Immune Response,IL-17 Signaling,CKLF 
Immune Response,IL-17 Signaling,CREB1 
Immune Response,IL-17 Signaling,CUL1 
Immune Response,IL-17 Signaling,DUSP4 
Immune Response,IL-17 Signaling,DUSP6 
Immune Response,IL-17 Signaling,ELK1 
Immune Response,IL-17 Signaling,FOS 
Immune Response,IL-17 Signaling,IKBKB 
Immune Response,IL-17 Signaling,IKBKG 
Immune Response,IL-17 Signaling,IL17A 
Immune Response,IL-17 Signaling,IL17B 
Immune Response,IL-17 Signaling,IL17F 
Immune Response,IL-17 Signaling,IL17RA 
Immune Response,IL-17 Signaling,IL17RB 
Immune Response,IL-17 Signaling,IL1RAPL2 
Immune Response,IL-17 Signaling,IL25 
Immune Response,IL-17 Signaling,IRAK1 
Immune Response,IL-17 Signaling,IRAK2 
Immune Response,IL-17 Signaling,JUN 
Immune Response,IL-17 Signaling,MAP2K1 
Immune Response,IL-17 Signaling,MAP2K4 
Immune Response,IL-17 Signaling,MAP2K6 
Immune Response,IL-17 Signaling,MAP3K7 
Immune Response,IL-17 Signaling,MAP3K8 
Immune Response,IL-17 Signaling,MAPK1 
Immune Response,IL-17 Signaling,MAPK10 
Immune Response,IL-17 Signaling,MAPK11 
Immune Response,IL-17 Signaling,MAPK14 
Immune Response,IL-17 Signaling,MAPK3 
Immune Response,IL-17 Signaling,MAPK8 
Immune Response,IL-17 Signaling,MAPK9 
Immune Response,IL-17 Signaling,MAPKAPK2 
Immune Response,IL-17 Signaling,MEF2C 
Immune Response,IL-17 Signaling,NFKB1 
Immune Response,IL-17 Signaling,NOD1 
Immune Response,IL-17 Signaling,NOD2 
Immune Response,IL-17 Signaling,PPP2CB 
Immune Response,IL-17 Signaling,PPP2R1A 
Immune Response,IL-17 Signaling,RIPK2 
Immune Response,IL-17 Signaling,RPS27A 
Immune Response,IL-17 Signaling,RPS6KA5 
Immune Response,IL-17 Signaling,SKP1 
Immune Response,IL-17 Signaling,TAB1 
Immune Response,IL-17 Signaling,TRAF6 
Immune Response,IL-17 Signaling,UBB 
Immune Response,IL-17 Signaling,UBC
Immune Response,IL-2 Signaling,CSF2 
Immune Response,IL-2 Signaling,CSF2RB 
Immune Response,IL-2 Signaling,GRB2 
Immune Response,IL-2 Signaling,HAVCR2 
Immune Response,IL-2 Signaling,IL15 
Immune Response,IL-2 Signaling,IL15RA 
Immune Response,IL-2 Signaling,IL2 
Immune Response,IL-2 Signaling,IL21 
Immune Response,IL-2 Signaling,IL21R 
Immune Response,IL-2 Signaling,IL2RA 
Immune Response,IL-2 Signaling,IL2RB 
Immune Response,IL-2 Signaling,IL2RG 
Immune Response,IL-2 Signaling,IL3 
Immune Response,IL-2 Signaling,IL3RA 
Immune Response,IL-2 Signaling,IL5 
Immune Response,IL-2 Signaling,IL5RA 
Immune Response,IL-2 Signaling,IL9 
Immune Response,IL-2 Signaling,INPP5D 
Immune Response,IL-2 Signaling,JAK1 
Immune Response,IL-2 Signaling,JAK2 
Immune Response,IL-2 Signaling,JAK3 
Immune Response,IL-2 Signaling,LCK 
Immune Response,IL-2 Signaling,LGALS9 
Immune Response,IL-2 Signaling,PIK3CA 
Immune Response,IL-2 Signaling,PIK3CB 
Immune Response,IL-2 Signaling,PIK3CD 
Immune Response,IL-2 Signaling,PIK3R1 
Immune Response,IL-2 Signaling,PIK3R2 
Immune Response,IL-2 Signaling,PIK3R3 
Immune Response,IL-2 Signaling,SHC1 
Immune Response,IL-2 Signaling,SOS1 
Immune Response,IL-2 Signaling,SOS2 
Immune Response,IL-2 Signaling,STAT1 
Immune Response,IL-2 Signaling,STAT3 
Immune Response,IL-2 Signaling,STAT4 
Immune Response,IL-2 Signaling,STAT5B 
Immune Response,IL-2 Signaling,SYK
Immune Response,IL-6 Signaling,CBL 
Immune Response,IL-6 Signaling,CLCF1 
Immune Response,IL-6 Signaling,CNTFR 
Immune Response,IL-6 Signaling,IL11 
Immune Response,IL-6 Signaling,IL11RA 
Immune Response,IL-6 Signaling,IL6 
Immune Response,IL-6 Signaling,IL6R 
Immune Response,IL-6 Signaling,IL6ST 
Immune Response,IL-6 Signaling,JAK1 
Immune Response,IL-6 Signaling,JAK2 
Immune Response,IL-6 Signaling,LIF 
Immune Response,IL-6 Signaling,LIFR 
Immune Response,IL-6 Signaling,OSM 
Immune Response,IL-6 Signaling,PTPN11 
Immune Response,IL-6 Signaling,SOCS3 
Immune Response,IL-6 Signaling,STAT1 
Immune Response,IL-6 Signaling,STAT3 
Immune Response,IL-6 Signaling,TYK2
Immune Response,Immune Exhaustion,BATF 
Immune Response,Immune Exhaustion,CASP3 
Immune Response,Immune Exhaustion,CCL3/L1 
Immune Response,Immune Exhaustion,CD160 
Immune Response,Immune Exhaustion,CD244 
Immune Response,Immune Exhaustion,CD86 
Immune Response,Immune Exhaustion,CTLA4 
Immune Response,Immune Exhaustion,EOMES 
Immune Response,Immune Exhaustion,FASLG 
Immune Response,Immune Exhaustion,HAVCR2 
Immune Response,Immune Exhaustion,IRF4 
Immune Response,Immune Exhaustion,KLRG1 
Immune Response,Immune Exhaustion,LAG3 
Immune Response,Immune Exhaustion,LILRB4 
Immune Response,Immune Exhaustion,PBX3 
Immune Response,Immune Exhaustion,PDCD1 
Immune Response,Immune Exhaustion,TIGIT 
Immune Response,Immune Exhaustion,TNFRSF9 
Immune Response,Immune Exhaustion,TNFSF9 
Immune Response,Immune Exhaustion,TOX
Immune Response,Interferon Response Genes,DDX58 
Immune Response,Interferon Response Genes,EIF2AK2 
Immune Response,Interferon Response Genes,FLNA 
Immune Response,Interferon Response Genes,FLNB 
Immune Response,Interferon Response Genes,IFIT1 
Immune Response,Interferon Response Genes,IRF3 
Immune Response,Interferon Response Genes,ISG15 
Immune Response,Interferon Response Genes,JAK1 
Immune Response,Interferon Response Genes,MAPK3 
Immune Response,Interferon Response Genes,MX1 
Immune Response,Interferon Response Genes,NDC1 
Immune Response,Interferon Response Genes,NUP107 
Immune Response,Interferon Response Genes,OAS1 
Immune Response,Interferon Response Genes,OAS2 
Immune Response,Interferon Response Genes,OAS3 
Immune Response,Interferon Response Genes,OASL 
Immune Response,Interferon Response Genes,PARP12 
Immune Response,Interferon Response Genes,PIN1 
Immune Response,Interferon Response Genes,RANBP2 
Immune Response,Interferon Response Genes,RPS27A 
Immune Response,Interferon Response Genes,STAT1 
Immune Response,Interferon Response Genes,TPR 
Immune Response,Interferon Response Genes,UBA7 
Immune Response,Interferon Response Genes,UBB 
Immune Response,Interferon Response Genes,UBC
Immune Response,Lmyphocyte Trafficking,ACTB 
Immune Response,Lmyphocyte Trafficking,AFDN 
Immune Response,Lmyphocyte Trafficking,ALCAM 
Immune Response,Lmyphocyte Trafficking,CD2 
Immune Response,Lmyphocyte Trafficking,CD22 
Immune Response,Lmyphocyte Trafficking,CD274 
Immune Response,Lmyphocyte Trafficking,CD276 
Immune Response,Lmyphocyte Trafficking,CD28 
Immune Response,Lmyphocyte Trafficking,CD34 
Immune Response,Lmyphocyte Trafficking,CD4 
Immune Response,Lmyphocyte Trafficking,CD40 
Immune Response,Lmyphocyte Trafficking,CD40LG 
Immune Response,Lmyphocyte Trafficking,CD58 
Immune Response,Lmyphocyte Trafficking,CD6 
Immune Response,Lmyphocyte Trafficking,CD80 
Immune Response,Lmyphocyte Trafficking,CD86 
Immune Response,Lmyphocyte Trafficking,CD8A 
Immune Response,Lmyphocyte Trafficking,CD8B 
Immune Response,Lmyphocyte Trafficking,CD99 
Immune Response,Lmyphocyte Trafficking,CDH1 
Immune Response,Lmyphocyte Trafficking,CDH2 
Immune Response,Lmyphocyte Trafficking,CDH3 
Immune Response,Lmyphocyte Trafficking,CDH5 
Immune Response,Lmyphocyte Trafficking,CTLA4 
Immune Response,Lmyphocyte Trafficking,CTNNB1 
Immune Response,Lmyphocyte Trafficking,CXCL12 
Immune Response,Lmyphocyte Trafficking,CXCR4 
Immune Response,Lmyphocyte Trafficking,CYBB 
Immune Response,Lmyphocyte Trafficking,FPR3 
Immune Response,Lmyphocyte Trafficking,HLA-A 
Immune Response,Lmyphocyte Trafficking,HLA-B 
Immune Response,Lmyphocyte Trafficking,HLA-C 
Immune Response,Lmyphocyte Trafficking,HLA-DMA 
Immune Response,Lmyphocyte Trafficking,HLA-DMB 
Immune Response,Lmyphocyte Trafficking,HLA-DOA 
Immune Response,Lmyphocyte Trafficking,HLA-DOB 
Immune Response,Lmyphocyte Trafficking,HLA-DPA1 
Immune Response,Lmyphocyte Trafficking,HLA-DPB1 
Immune Response,Lmyphocyte Trafficking,HLA-DQA1 
Immune Response,Lmyphocyte Trafficking,HLA-DQA2 
Immune Response,Lmyphocyte Trafficking,HLA-DQB1 
Immune Response,Lmyphocyte Trafficking,HLA-DRA 
Immune Response,Lmyphocyte Trafficking,HLA-DRB 
Immune Response,Lmyphocyte Trafficking,HLA-DRB3 
Immune Response,Lmyphocyte Trafficking,HLA-DRB4 
Immune Response,Lmyphocyte Trafficking,HLA-DRB5 
Immune Response,Lmyphocyte Trafficking,HLA-E 
Immune Response,Lmyphocyte Trafficking,HLA-F 
Immune Response,Lmyphocyte Trafficking,HLA-G 
Immune Response,Lmyphocyte Trafficking,ICAM1 
Immune Response,Lmyphocyte Trafficking,ICAM2 
Immune Response,Lmyphocyte Trafficking,ICAM3 
Immune Response,Lmyphocyte Trafficking,ICOS 
Immune Response,Lmyphocyte Trafficking,ICOSLG 
Immune Response,Lmyphocyte Trafficking,ITGA4 
Immune Response,Lmyphocyte Trafficking,ITGA6 
Immune Response,Lmyphocyte Trafficking,ITGA8 
Immune Response,Lmyphocyte Trafficking,ITGA9 
Immune Response,Lmyphocyte Trafficking,ITGAL 
Immune Response,Lmyphocyte Trafficking,ITGAM 
Immune Response,Lmyphocyte Trafficking,ITGAV 
Immune Response,Lmyphocyte Trafficking,ITGB1 
Immune Response,Lmyphocyte Trafficking,ITGB2 
Immune Response,Lmyphocyte Trafficking,ITGB7 
Immune Response,Lmyphocyte Trafficking,ITGB8 
Immune Response,Lmyphocyte Trafficking,ITK 
Immune Response,Lmyphocyte Trafficking,JAM3 
Immune Response,Lmyphocyte Trafficking,L1CAM 
Immune Response,Lmyphocyte Trafficking,MAPK11 
Immune Response,Lmyphocyte Trafficking,MAPK12 
Immune Response,Lmyphocyte Trafficking,MAPK14 
Immune Response,Lmyphocyte Trafficking,MMP9 
Immune Response,Lmyphocyte Trafficking,NCAM1 
Immune Response,Lmyphocyte Trafficking,NCF4 
Immune Response,Lmyphocyte Trafficking,NECTIN1 
Immune Response,Lmyphocyte Trafficking,NECTIN2 
Immune Response,Lmyphocyte Trafficking,PDCD1 
Immune Response,Lmyphocyte Trafficking,PDCD1LG2 
Immune Response,Lmyphocyte Trafficking,PECAM1 
Immune Response,Lmyphocyte Trafficking,PIK3CA 
Immune Response,Lmyphocyte Trafficking,PIK3CB 
Immune Response,Lmyphocyte Trafficking,PIK3CD 
Immune Response,Lmyphocyte Trafficking,PIK3R1 
Immune Response,Lmyphocyte Trafficking,PIK3R2 
Immune Response,Lmyphocyte Trafficking,PIK3R3 
Immune Response,Lmyphocyte Trafficking,PLCG2 
Immune Response,Lmyphocyte Trafficking,PRKCA 
Immune Response,Lmyphocyte Trafficking,PRKCB 
Immune Response,Lmyphocyte Trafficking,PRKCG 
Immune Response,Lmyphocyte Trafficking,PTPN11 
Immune Response,Lmyphocyte Trafficking,PTPRC 
Immune Response,Lmyphocyte Trafficking,PVR 
Immune Response,Lmyphocyte Trafficking,RAC1 
Immune Response,Lmyphocyte Trafficking,RAC2 
Immune Response,Lmyphocyte Trafficking,RHOA 
Immune Response,Lmyphocyte Trafficking,ROCK1 
Immune Response,Lmyphocyte Trafficking,SELE 
Immune Response,Lmyphocyte Trafficking,SELL 
Immune Response,Lmyphocyte Trafficking,SELP 
Immune Response,Lmyphocyte Trafficking,SELPLG 
Immune Response,Lmyphocyte Trafficking,SIGLEC1 
Immune Response,Lmyphocyte Trafficking,SPN 
Immune Response,Lmyphocyte Trafficking,THY1 
Immune Response,Lmyphocyte Trafficking,TIGIT 
Immune Response,Lmyphocyte Trafficking,TXK 
Immune Response,Lmyphocyte Trafficking,VCAM1 
Immune Response,Lmyphocyte Trafficking,VCAN 
Immune Response,Lmyphocyte Trafficking,VSIR 
Immune Response,Lmyphocyte Trafficking,VTCN1
Immune Response,Lymphocyte Regulation,B2M 
Immune Response,Lymphocyte Regulation,BTLA 
Immune Response,Lymphocyte Regulation,C3 
Immune Response,Lymphocyte Regulation,CD160 
Immune Response,Lymphocyte Regulation,CD19 
Immune Response,Lymphocyte Regulation,CD1A 
Immune Response,Lymphocyte Regulation,CD1B 
Immune Response,Lymphocyte Regulation,CD1C 
Immune Response,Lymphocyte Regulation,CD1D 
Immune Response,Lymphocyte Regulation,CD1E 
Immune Response,Lymphocyte Regulation,CD200 
Immune Response,Lymphocyte Regulation,CD22 
Immune Response,Lymphocyte Regulation,CD300A 
Immune Response,Lymphocyte Regulation,CD33 
Immune Response,Lymphocyte Regulation,CD3D 
Immune Response,Lymphocyte Regulation,CD3E 
Immune Response,Lymphocyte Regulation,CD3G 
Immune Response,Lymphocyte Regulation,CD40LG 
Immune Response,Lymphocyte Regulation,CD81 
Immune Response,Lymphocyte Regulation,CD84 
Immune Response,Lymphocyte Regulation,CD8A 
Immune Response,Lymphocyte Regulation,CD8B 
Immune Response,Lymphocyte Regulation,CD96 
Immune Response,Lymphocyte Regulation,CD99 
Immune Response,Lymphocyte Regulation,CDH1 
Immune Response,Lymphocyte Regulation,COL17A1 
Immune Response,Lymphocyte Regulation,COL1A1 
Immune Response,Lymphocyte Regulation,COL1A2 
Immune Response,Lymphocyte Regulation,COL2A1 
Immune Response,Lymphocyte Regulation,COL3A1 
Immune Response,Lymphocyte Regulation,COLEC12 
Immune Response,Lymphocyte Regulation,CR2 
Immune Response,Lymphocyte Regulation,CXADR 
Immune Response,Lymphocyte Regulation,FCGR1A 
Immune Response,Lymphocyte Regulation,FCGR3A/B 
Immune Response,Lymphocyte Regulation,FCGRT 
Immune Response,Lymphocyte Regulation,HLA-A 
Immune Response,Lymphocyte Regulation,HLA-B 
Immune Response,Lymphocyte Regulation,HLA-C 
Immune Response,Lymphocyte Regulation,HLA-E 
Immune Response,Lymphocyte Regulation,HLA-F 
Immune Response,Lymphocyte Regulation,HLA-G 
Immune Response,Lymphocyte Regulation,ICAM1 
Immune Response,Lymphocyte Regulation,ICAM2 
Immune Response,Lymphocyte Regulation,ICAM3 
Immune Response,Lymphocyte Regulation,ICAM4 
Immune Response,Lymphocyte Regulation,ICAM5 
Immune Response,Lymphocyte Regulation,IFITM1 
Immune Response,Lymphocyte Regulation,ITGA4 
Immune Response,Lymphocyte Regulation,ITGAL 
Immune Response,Lymphocyte Regulation,ITGB1 
Immune Response,Lymphocyte Regulation,ITGB2 
Immune Response,Lymphocyte Regulation,ITGB7 
Immune Response,Lymphocyte Regulation,JAML 
Immune Response,Lymphocyte Regulation,KIR Family 
Immune Response,Lymphocyte Regulation,KLRB1 
Immune Response,Lymphocyte Regulation,KLRC1 
Immune Response,Lymphocyte Regulation,KLRD1 
Immune Response,Lymphocyte Regulation,KLRF1 
Immune Response,Lymphocyte Regulation,KLRG1 
Immune Response,Lymphocyte Regulation,KLRK1 
Immune Response,Lymphocyte Regulation,LAIR1 
Immune Response,Lymphocyte Regulation,LAIR2 
Immune Response,Lymphocyte Regulation,LILRA1 
Immune Response,Lymphocyte Regulation,LILRA3 
Immune Response,Lymphocyte Regulation,LILRA4 
Immune Response,Lymphocyte Regulation,LILRA5 
Immune Response,Lymphocyte Regulation,LILRB1 
Immune Response,Lymphocyte Regulation,LILRB2 
Immune Response,Lymphocyte Regulation,LILRB3 
Immune Response,Lymphocyte Regulation,LILRB4 
Immune Response,Lymphocyte Regulation,LY9 
Immune Response,Lymphocyte Regulation,MICA 
Immune Response,Lymphocyte Regulation,MICB 
Immune Response,Lymphocyte Regulation,NCR1 
Immune Response,Lymphocyte Regulation,NECTIN2 
Immune Response,Lymphocyte Regulation,PVR 
Immune Response,Lymphocyte Regulation,SAMSN1 
Immune Response,Lymphocyte Regulation,SELL 
Immune Response,Lymphocyte Regulation,SH2D1A 
Immune Response,Lymphocyte Regulation,SH2D1B 
Immune Response,Lymphocyte Regulation,SIGLEC1 
Immune Response,Lymphocyte Regulation,SIGLEC5 
Immune Response,Lymphocyte Regulation,SIGLEC8 
Immune Response,Lymphocyte Regulation,SIRPB2 
Immune Response,Lymphocyte Regulation,SLAMF1 
Immune Response,Lymphocyte Regulation,SLAMF6 
Immune Response,Lymphocyte Regulation,SLAMF7 
Immune Response,Lymphocyte Regulation,TRAC 
Immune Response,Lymphocyte Regulation,TRBC1/2 
Immune Response,Lymphocyte Regulation,TREM1 
Immune Response,Lymphocyte Regulation,TREM2 
Immune Response,Lymphocyte Regulation,VCAM1
Immune Response,NF-kB Signaling,ATM 
Immune Response,NF-kB Signaling,BCL10 
Immune Response,NF-kB Signaling,BCL2 
Immune Response,NF-kB Signaling,BCL2A1 
Immune Response,NF-kB Signaling,BCL2L1 
Immune Response,NF-kB Signaling,BIRC3 
Immune Response,NF-kB Signaling,BLNK 
Immune Response,NF-kB Signaling,BTK 
Immune Response,NF-kB Signaling,CARD11 
Immune Response,NF-kB Signaling,CCL13 
Immune Response,NF-kB Signaling,CCL19 
Immune Response,NF-kB Signaling,CCL21 
Immune Response,NF-kB Signaling,CCL4 
Immune Response,NF-kB Signaling,CD14 
Immune Response,NF-kB Signaling,CD27 
Immune Response,NF-kB Signaling,CD40 
Immune Response,NF-kB Signaling,CD40LG 
Immune Response,NF-kB Signaling,CD70 
Immune Response,NF-kB Signaling,CHUK 
Immune Response,NF-kB Signaling,CUL1 
Immune Response,NF-kB Signaling,CXCL1 
Immune Response,NF-kB Signaling,CXCL12 
Immune Response,NF-kB Signaling,CXCL2 
Immune Response,NF-kB Signaling,CXCL3 
Immune Response,NF-kB Signaling,CXCL8 
Immune Response,NF-kB Signaling,CYLD 
Immune Response,NF-kB Signaling,DDX58 
Immune Response,NF-kB Signaling,FASLG 
Immune Response,NF-kB Signaling,GADD45A 
Immune Response,NF-kB Signaling,GADD45B 
Immune Response,NF-kB Signaling,GADD45G 
Immune Response,NF-kB Signaling,ICAM1 
Immune Response,NF-kB Signaling,IKBKB 
Immune Response,NF-kB Signaling,IKBKG 
Immune Response,NF-kB Signaling,IL1B 
Immune Response,NF-kB Signaling,IL1R1 
Immune Response,NF-kB Signaling,IRAK1 
Immune Response,NF-kB Signaling,IRAK4 
Immune Response,NF-kB Signaling,LAT 
Immune Response,NF-kB Signaling,LBP 
Immune Response,NF-kB Signaling,LCK 
Immune Response,NF-kB Signaling,LTA 
Immune Response,NF-kB Signaling,LTB 
Immune Response,NF-kB Signaling,LTBR 
Immune Response,NF-kB Signaling,LY96 
Immune Response,NF-kB Signaling,LYN 
Immune Response,NF-kB Signaling,MAP3K14 
Immune Response,NF-kB Signaling,MAP3K7 
Immune Response,NF-kB Signaling,MYD88 
Immune Response,NF-kB Signaling,NFKB1 
Immune Response,NF-kB Signaling,NFKB2 
Immune Response,NF-kB Signaling,NFKBIA 
Immune Response,NF-kB Signaling,NFKBIE 
Immune Response,NF-kB Signaling,NGF 
Immune Response,NF-kB Signaling,NGFR 
Immune Response,NF-kB Signaling,PIAS4 
Immune Response,NF-kB Signaling,PLAU 
Immune Response,NF-kB Signaling,PLCG2 
Immune Response,NF-kB Signaling,PRKCB 
Immune Response,NF-kB Signaling,PSMB10 
Immune Response,NF-kB Signaling,PSMB2 
Immune Response,NF-kB Signaling,PSMB5 
Immune Response,NF-kB Signaling,PSMB7 
Immune Response,NF-kB Signaling,PSMB8 
Immune Response,NF-kB Signaling,PSMB9 
Immune Response,NF-kB Signaling,PSMC4 
Immune Response,NF-kB Signaling,PSMD7 
Immune Response,NF-kB Signaling,PTGS2 
Immune Response,NF-kB Signaling,REL 
Immune Response,NF-kB Signaling,RELA 
Immune Response,NF-kB Signaling,RELB 
Immune Response,NF-kB Signaling,RIPK1 
Immune Response,NF-kB Signaling,RPS27A 
Immune Response,NF-kB Signaling,SKP1 
Immune Response,NF-kB Signaling,SYK 
Immune Response,NF-kB Signaling,TAB1 
Immune Response,NF-kB Signaling,TICAM1 
Immune Response,NF-kB Signaling,TICAM2 
Immune Response,NF-kB Signaling,TIRAP 
Immune Response,NF-kB Signaling,TLR4 
Immune Response,NF-kB Signaling,TNF 
Immune Response,NF-kB Signaling,TNFAIP3 
Immune Response,NF-kB Signaling,TNFRSF11A 
Immune Response,NF-kB Signaling,TNFRSF11B 
Immune Response,NF-kB Signaling,TNFRSF12A 
Immune Response,NF-kB Signaling,TNFRSF13B 
Immune Response,NF-kB Signaling,TNFRSF13C 
Immune Response,NF-kB Signaling,TNFRSF14 
Immune Response,NF-kB Signaling,TNFRSF17 
Immune Response,NF-kB Signaling,TNFRSF18 
Immune Response,NF-kB Signaling,TNFRSF1A 
Immune Response,NF-kB Signaling,TNFRSF1B 
Immune Response,NF-kB Signaling,TNFRSF25 
Immune Response,NF-kB Signaling,TNFRSF4 
Immune Response,NF-kB Signaling,TNFRSF8 
Immune Response,NF-kB Signaling,TNFRSF9 
Immune Response,NF-kB Signaling,TNFSF11 
Immune Response,NF-kB Signaling,TNFSF12 
Immune Response,NF-kB Signaling,TNFSF13 
Immune Response,NF-kB Signaling,TNFSF13B 
Immune Response,NF-kB Signaling,TNFSF14 
Immune Response,NF-kB Signaling,TNFSF15 
Immune Response,NF-kB Signaling,TNFSF18 
Immune Response,NF-kB Signaling,TNFSF4 
Immune Response,NF-kB Signaling,TNFSF8 
Immune Response,NF-kB Signaling,TNFSF9 
Immune Response,NF-kB Signaling,TRAF1 
Immune Response,NF-kB Signaling,TRAF2 
Immune Response,NF-kB Signaling,TRAF3 
Immune Response,NF-kB Signaling,TRAF6 
Immune Response,NF-kB Signaling,UBB 
Immune Response,NF-kB Signaling,UBC 
Immune Response,NF-kB Signaling,VCAM1 
Immune Response,NF-kB Signaling,ZAP70
Immune Response,Other Interleukin Signaling,AKT1 
Immune Response,Other Interleukin Signaling,ANXA1 
Immune Response,Other Interleukin Signaling,BATF 
Immune Response,Other Interleukin Signaling,BCL2 
Immune Response,Other Interleukin Signaling,BCL2L1 
Immune Response,Other Interleukin Signaling,BCL6 
Immune Response,Other Interleukin Signaling,BIRC5 
Immune Response,Other Interleukin Signaling,BLNK 
Immune Response,Other Interleukin Signaling,CASP3 
Immune Response,Other Interleukin Signaling,CBL 
Immune Response,Other Interleukin Signaling,CCL11 
Immune Response,Other Interleukin Signaling,CCL19 
Immune Response,Other Interleukin Signaling,CCL2 
Immune Response,Other Interleukin Signaling,CCL20 
Immune Response,Other Interleukin Signaling,CCL22 
Immune Response,Other Interleukin Signaling,CCL3/L1 
Immune Response,Other Interleukin Signaling,CCL4 
Immune Response,Other Interleukin Signaling,CCL5 
Immune Response,Other Interleukin Signaling,CCND1 
Immune Response,Other Interleukin Signaling,CCR1 
Immune Response,Other Interleukin Signaling,CCR2 
Immune Response,Other Interleukin Signaling,CCR5 
Immune Response,Other Interleukin Signaling,CD36 
Immune Response,Other Interleukin Signaling,CD4 
Immune Response,Other Interleukin Signaling,CD80 
Immune Response,Other Interleukin Signaling,CD86 
Immune Response,Other Interleukin Signaling,CDKN1A 
Immune Response,Other Interleukin Signaling,COL1A2 
Immune Response,Other Interleukin Signaling,CRLF2 
Immune Response,Other Interleukin Signaling,CSF1 
Immune Response,Other Interleukin Signaling,CSF1R 
Immune Response,Other Interleukin Signaling,CSF2 
Immune Response,Other Interleukin Signaling,CSF2RB 
Immune Response,Other Interleukin Signaling,CSF3 
Immune Response,Other Interleukin Signaling,CSF3R 
Immune Response,Other Interleukin Signaling,CXCL1 
Immune Response,Other Interleukin Signaling,CXCL10 
Immune Response,Other Interleukin Signaling,CXCL2 
Immune Response,Other Interleukin Signaling,CXCL8 
Immune Response,Other Interleukin Signaling,EBI3 
Immune Response,Other Interleukin Signaling,F13A1 
Immune Response,Other Interleukin Signaling,FASLG 
Immune Response,Other Interleukin Signaling,FCER2 
Immune Response,Other Interleukin Signaling,FGF2 
Immune Response,Other Interleukin Signaling,FN1 
Immune Response,Other Interleukin Signaling,FOS 
Immune Response,Other Interleukin Signaling,FPR1 
Immune Response,Other Interleukin Signaling,FYN 
Immune Response,Other Interleukin Signaling,GATA3 
Immune Response,Other Interleukin Signaling,HCK 
Immune Response,Other Interleukin Signaling,HGF 
Immune Response,Other Interleukin Signaling,HIF1A 
Immune Response,Other Interleukin Signaling,HSP90B1 
Immune Response,Other Interleukin Signaling,ICAM1 
Immune Response,Other Interleukin Signaling,IFNG 
Immune Response,Other Interleukin Signaling,IFNL1 
Immune Response,Other Interleukin Signaling,IFNL2 
Immune Response,Other Interleukin Signaling,IL10 
Immune Response,Other Interleukin Signaling,IL10RA 
Immune Response,Other Interleukin Signaling,IL12A 
Immune Response,Other Interleukin Signaling,IL12B 
Immune Response,Other Interleukin Signaling,IL12RB1 
Immune Response,Other Interleukin Signaling,IL12RB2 
Immune Response,Other Interleukin Signaling,IL13 
Immune Response,Other Interleukin Signaling,IL13RA1 
Immune Response,Other Interleukin Signaling,IL13RA2 
Immune Response,Other Interleukin Signaling,IL16 
Immune Response,Other Interleukin Signaling,IL17A 
Immune Response,Other Interleukin Signaling,IL17F 
Immune Response,Other Interleukin Signaling,IL18 
Immune Response,Other Interleukin Signaling,IL19 
Immune Response,Other Interleukin Signaling,IL1A 
Immune Response,Other Interleukin Signaling,IL1B 
Immune Response,Other Interleukin Signaling,IL1R1 
Immune Response,Other Interleukin Signaling,IL1R2 
Immune Response,Other Interleukin Signaling,IL1RN 
Immune Response,Other Interleukin Signaling,IL2 
Immune Response,Other Interleukin Signaling,IL20RA 
Immune Response,Other Interleukin Signaling,IL20RB 
Immune Response,Other Interleukin Signaling,IL22 
Immune Response,Other Interleukin Signaling,IL22RA1 
Immune Response,Other Interleukin Signaling,IL22RA2 
Immune Response,Other Interleukin Signaling,IL23A 
Immune Response,Other Interleukin Signaling,IL23R 
Immune Response,Other Interleukin Signaling,IL24 
Immune Response,Other Interleukin Signaling,IL26 
Immune Response,Other Interleukin Signaling,IL27 
Immune Response,Other Interleukin Signaling,IL2RA 
Immune Response,Other Interleukin Signaling,IL2RB 
Immune Response,Other Interleukin Signaling,IL2RG 
Immune Response,Other Interleukin Signaling,IL3 
Immune Response,Other Interleukin Signaling,IL32 
Immune Response,Other Interleukin Signaling,IL34 
Immune Response,Other Interleukin Signaling,IL3RA 
Immune Response,Other Interleukin Signaling,IL4 
Immune Response,Other Interleukin Signaling,IL4R 
Immune Response,Other Interleukin Signaling,IL5 
Immune Response,Other Interleukin Signaling,IL5RA 
Immune Response,Other Interleukin Signaling,IL6 
Immune Response,Other Interleukin Signaling,IL6R 
Immune Response,Other Interleukin Signaling,IL6ST 
Immune Response,Other Interleukin Signaling,IL7 
Immune Response,Other Interleukin Signaling,IL7R 
Immune Response,Other Interleukin Signaling,INPP5D 
Immune Response,Other Interleukin Signaling,IRF4 
Immune Response,Other Interleukin Signaling,IRS1 
Immune Response,Other Interleukin Signaling,ITGAM 
Immune Response,Other Interleukin Signaling,ITGAX 
Immune Response,Other Interleukin Signaling,ITGB1 
Immune Response,Other Interleukin Signaling,ITGB2 
Immune Response,Other Interleukin Signaling,JAK1 
Immune Response,Other Interleukin Signaling,JAK2 
Immune Response,Other Interleukin Signaling,JAK3 
Immune Response,Other Interleukin Signaling,JUNB 
Immune Response,Other Interleukin Signaling,LAMA5 
Immune Response,Other Interleukin Signaling,LBP 
Immune Response,Other Interleukin Signaling,LCN2 
Immune Response,Other Interleukin Signaling,LCP1 
Immune Response,Other Interleukin Signaling,LIF 
Immune Response,Other Interleukin Signaling,LYN 
Immune Response,Other Interleukin Signaling,MCL1 
Immune Response,Other Interleukin Signaling,MIF 
Immune Response,Other Interleukin Signaling,MMP1 
Immune Response,Other Interleukin Signaling,MMP3 
Immune Response,Other Interleukin Signaling,MMP9 
Immune Response,Other Interleukin Signaling,MUC1 
Immune Response,Other Interleukin Signaling,MYC 
Immune Response,Other Interleukin Signaling,NANOG 
Immune Response,Other Interleukin Signaling,NOS2 
Immune Response,Other Interleukin Signaling,OSM 
Immune Response,Other Interleukin Signaling,PIK3CA 
Immune Response,Other Interleukin Signaling,PIK3CB 
Immune Response,Other Interleukin Signaling,PIK3CD 
Immune Response,Other Interleukin Signaling,PIK3R1 
Immune Response,Other Interleukin Signaling,PIK3R2 
Immune Response,Other Interleukin Signaling,PIK3R3 
Immune Response,Other Interleukin Signaling,PIM1 
Immune Response,Other Interleukin Signaling,PRKACA 
Immune Response,Other Interleukin Signaling,PTGS2 
Immune Response,Other Interleukin Signaling,PTPN11 
Immune Response,Other Interleukin Signaling,RAG1 
Immune Response,Other Interleukin Signaling,RORA 
Immune Response,Other Interleukin Signaling,RORC 
Immune Response,Other Interleukin Signaling,RPLP0 
Immune Response,Other Interleukin Signaling,SAA1 
Immune Response,Other Interleukin Signaling,SERPINB2 
Immune Response,Other Interleukin Signaling,SHC1 
Immune Response,Other Interleukin Signaling,SMARCA4 
Immune Response,Other Interleukin Signaling,SOCS1 
Immune Response,Other Interleukin Signaling,SOCS2 
Immune Response,Other Interleukin Signaling,SOCS3 
Immune Response,Other Interleukin Signaling,SOD1 
Immune Response,Other Interleukin Signaling,SOD2 
Immune Response,Other Interleukin Signaling,SOS1 
Immune Response,Other Interleukin Signaling,SOX2 
Immune Response,Other Interleukin Signaling,STAT1 
Immune Response,Other Interleukin Signaling,STAT2 
Immune Response,Other Interleukin Signaling,STAT3 
Immune Response,Other Interleukin Signaling,STAT4 
Immune Response,Other Interleukin Signaling,STAT5B 
Immune Response,Other Interleukin Signaling,STAT6 
Immune Response,Other Interleukin Signaling,SYK 
Immune Response,Other Interleukin Signaling,TGFB1 
Immune Response,Other Interleukin Signaling,TNF 
Immune Response,Other Interleukin Signaling,TNFRSF1A 
Immune Response,Other Interleukin Signaling,TNFRSF1B 
Immune Response,Other Interleukin Signaling,TP53 
Immune Response,Other Interleukin Signaling,TSLP 
Immune Response,Other Interleukin Signaling,TWIST1 
Immune Response,Other Interleukin Signaling,TYK2 
Immune Response,Other Interleukin Signaling,VCAM1 
Immune Response,Other Interleukin Signaling,VEGFA 
Immune Response,Other Interleukin Signaling,ZEB1
Immune Response,Prostaglandin Inflammation,HPGD 
Immune Response,Prostaglandin Inflammation,PTGDR2 
Immune Response,Prostaglandin Inflammation,PTGER4 
Immune Response,Prostaglandin Inflammation,PTGS2
Immune Response,TNF Signaling,AKT1 
Immune Response,TNF Signaling,AKT2 
Immune Response,TNF Signaling,AKT3 
Immune Response,TNF Signaling,ATF2 
Immune Response,TNF Signaling,BIRC3 
Immune Response,TNF Signaling,CASP10 
Immune Response,TNF Signaling,CASP3 
Immune Response,TNF Signaling,CASP7 
Immune Response,TNF Signaling,CASP8 
Immune Response,TNF Signaling,CCL2 
Immune Response,TNF Signaling,CCL20 
Immune Response,TNF Signaling,CCL5 
Immune Response,TNF Signaling,CEBPB 
Immune Response,TNF Signaling,CHUK 
Immune Response,TNF Signaling,CREB1 
Immune Response,TNF Signaling,CREB3L1 
Immune Response,TNF Signaling,CREB3L3 
Immune Response,TNF Signaling,CREB3L4 
Immune Response,TNF Signaling,CREB5 
Immune Response,TNF Signaling,CSF1 
Immune Response,TNF Signaling,CSF2 
Immune Response,TNF Signaling,CX3CL1 
Immune Response,TNF Signaling,CXCL1 
Immune Response,TNF Signaling,CXCL10 
Immune Response,TNF Signaling,CXCL2 
Immune Response,TNF Signaling,CXCL3 
Immune Response,TNF Signaling,CXCL5 
Immune Response,TNF Signaling,CXCL6 
Immune Response,TNF Signaling,CYLD 
Immune Response,TNF Signaling,EDN1 
Immune Response,TNF Signaling,FADD 
Immune Response,TNF Signaling,FAS 
Immune Response,TNF Signaling,FOS 
Immune Response,TNF Signaling,ICAM1 
Immune Response,TNF Signaling,IFNB1 
Immune Response,TNF Signaling,IKBKB 
Immune Response,TNF Signaling,IKBKG 
Immune Response,TNF Signaling,IL15 
Immune Response,TNF Signaling,IL18R1 
Immune Response,TNF Signaling,IL1B 
Immune Response,TNF Signaling,IL6 
Immune Response,TNF Signaling,IRF1 
Immune Response,TNF Signaling,ITCH 
Immune Response,TNF Signaling,JAG1 
Immune Response,TNF Signaling,JUN 
Immune Response,TNF Signaling,JUNB 
Immune Response,TNF Signaling,LIF 
Immune Response,TNF Signaling,LTA 
Immune Response,TNF Signaling,MAP2K1 
Immune Response,TNF Signaling,MAP2K4 
Immune Response,TNF Signaling,MAP2K6 
Immune Response,TNF Signaling,MAP3K14 
Immune Response,TNF Signaling,MAP3K5 
Immune Response,TNF Signaling,MAP3K7 
Immune Response,TNF Signaling,MAP3K8 
Immune Response,TNF Signaling,MAPK1 
Immune Response,TNF Signaling,MAPK10 
Immune Response,TNF Signaling,MAPK11 
Immune Response,TNF Signaling,MAPK12 
Immune Response,TNF Signaling,MAPK14 
Immune Response,TNF Signaling,MAPK3 
Immune Response,TNF Signaling,MAPK8 
Immune Response,TNF Signaling,MAPK9 
Immune Response,TNF Signaling,MMP3 
Immune Response,TNF Signaling,MMP9 
Immune Response,TNF Signaling,NFKB1 
Immune Response,TNF Signaling,NFKBIA 
Immune Response,TNF Signaling,NOD2 
Immune Response,TNF Signaling,PIK3CA 
Immune Response,TNF Signaling,PIK3CB 
Immune Response,TNF Signaling,PIK3CD 
Immune Response,TNF Signaling,PIK3R1 
Immune Response,TNF Signaling,PIK3R2 
Immune Response,TNF Signaling,PIK3R3 
Immune Response,TNF Signaling,PTGS2 
Immune Response,TNF Signaling,RELA 
Immune Response,TNF Signaling,RIPK1 
Immune Response,TNF Signaling,RIPK3 
Immune Response,TNF Signaling,RPS27A 
Immune Response,TNF Signaling,RPS6KA5 
Immune Response,TNF Signaling,SELE 
Immune Response,TNF Signaling,SMPD3 
Immune Response,TNF Signaling,SOCS3 
Immune Response,TNF Signaling,TAB1 
Immune Response,TNF Signaling,TNF 
Immune Response,TNF Signaling,TNFAIP3 
Immune Response,TNF Signaling,TNFRSF1A 
Immune Response,TNF Signaling,TNFRSF1B 
Immune Response,TNF Signaling,TRAF1 
Immune Response,TNF Signaling,TRAF2 
Immune Response,TNF Signaling,TRAF3 
Immune Response,TNF Signaling,UBB 
Immune Response,TNF Signaling,UBC 
Immune Response,TNF Signaling,VCAM1 
Immune Response,TNF Signaling,VEGFC 
Immune Response,TNF Signaling,VEGFD
Immune Response,Type I Interferon Signaling,BST2 
Immune Response,Type I Interferon Signaling,EGR1 
Immune Response,Type I Interferon Signaling,GBP2 
Immune Response,Type I Interferon Signaling,HLA-A 
Immune Response,Type I Interferon Signaling,HLA-B 
Immune Response,Type I Interferon Signaling,HLA-C 
Immune Response,Type I Interferon Signaling,HLA-E 
Immune Response,Type I Interferon Signaling,HLA-F 
Immune Response,Type I Interferon Signaling,HLA-G 
Immune Response,Type I Interferon Signaling,IFI27 
Immune Response,Type I Interferon Signaling,IFI35 
Immune Response,Type I Interferon Signaling,IFI6 
Immune Response,Type I Interferon Signaling,IFIT1 
Immune Response,Type I Interferon Signaling,IFIT2 
Immune Response,Type I Interferon Signaling,IFIT3 
Immune Response,Type I Interferon Signaling,IFITM1 
Immune Response,Type I Interferon Signaling,IFITM2 
Immune Response,Type I Interferon Signaling,IFNA1 
Immune Response,Type I Interferon Signaling,IFNA2 
Immune Response,Type I Interferon Signaling,IFNA7/17 
Immune Response,Type I Interferon Signaling,IFNA8 
Immune Response,Type I Interferon Signaling,IFNAR1 
Immune Response,Type I Interferon Signaling,IFNB1 
Immune Response,Type I Interferon Signaling,IRF1 
Immune Response,Type I Interferon Signaling,IRF2 
Immune Response,Type I Interferon Signaling,IRF3 
Immune Response,Type I Interferon Signaling,IRF4 
Immune Response,Type I Interferon Signaling,IRF5 
Immune Response,Type I Interferon Signaling,IRF7 
Immune Response,Type I Interferon Signaling,IRF8 
Immune Response,Type I Interferon Signaling,IRF9 
Immune Response,Type I Interferon Signaling,ISG15 
Immune Response,Type I Interferon Signaling,ISG20 
Immune Response,Type I Interferon Signaling,JAK1 
Immune Response,Type I Interferon Signaling,MX1 
Immune Response,Type I Interferon Signaling,OAS1 
Immune Response,Type I Interferon Signaling,OAS2 
Immune Response,Type I Interferon Signaling,OAS3 
Immune Response,Type I Interferon Signaling,OASL 
Immune Response,Type I Interferon Signaling,PRDM1 
Immune Response,Type I Interferon Signaling,PSMB8 
Immune Response,Type I Interferon Signaling,PTPN11 
Immune Response,Type I Interferon Signaling,RSAD2 
Immune Response,Type I Interferon Signaling,SOCS1 
Immune Response,Type I Interferon Signaling,SOCS3 
Immune Response,Type I Interferon Signaling,STAT2 
Immune Response,Type I Interferon Signaling,TYK2
Immune Response,Type II Interferon Signaling,B2M 
Immune Response,Type II Interferon Signaling,CAMK2B 
Immune Response,Type II Interferon Signaling,CD44 
Immune Response,Type II Interferon Signaling,FCGR1A 
Immune Response,Type II Interferon Signaling,GBP1 
Immune Response,Type II Interferon Signaling,GBP2 
Immune Response,Type II Interferon Signaling,GBP4 
Immune Response,Type II Interferon Signaling,HLA-A 
Immune Response,Type II Interferon Signaling,HLA-B 
Immune Response,Type II Interferon Signaling,HLA-C 
Immune Response,Type II Interferon Signaling,HLA-DPA1 
Immune Response,Type II Interferon Signaling,HLA-DPB1 
Immune Response,Type II Interferon Signaling,HLA-DQA1 
Immune Response,Type II Interferon Signaling,HLA-DQA2 
Immune Response,Type II Interferon Signaling,HLA-DQB1 
Immune Response,Type II Interferon Signaling,HLA-DRA 
Immune Response,Type II Interferon Signaling,HLA-DRB 
Immune Response,Type II Interferon Signaling,HLA-DRB3 
Immune Response,Type II Interferon Signaling,HLA-DRB4 
Immune Response,Type II Interferon Signaling,HLA-DRB5 
Immune Response,Type II Interferon Signaling,HLA-E 
Immune Response,Type II Interferon Signaling,HLA-F 
Immune Response,Type II Interferon Signaling,HLA-G 
Immune Response,Type II Interferon Signaling,ICAM1 
Immune Response,Type II Interferon Signaling,IFNG 
Immune Response,Type II Interferon Signaling,IFNGR1 
Immune Response,Type II Interferon Signaling,IFNGR2 
Immune Response,Type II Interferon Signaling,IRF1 
Immune Response,Type II Interferon Signaling,IRF2 
Immune Response,Type II Interferon Signaling,IRF3 
Immune Response,Type II Interferon Signaling,IRF4 
Immune Response,Type II Interferon Signaling,IRF5 
Immune Response,Type II Interferon Signaling,IRF7 
Immune Response,Type II Interferon Signaling,IRF8 
Immune Response,Type II Interferon Signaling,IRF9 
Immune Response,Type II Interferon Signaling,JAK1 
Immune Response,Type II Interferon Signaling,JAK2 
Immune Response,Type II Interferon Signaling,NCAM1 
Immune Response,Type II Interferon Signaling,OAS1 
Immune Response,Type II Interferon Signaling,OAS2 
Immune Response,Type II Interferon Signaling,OAS3 
Immune Response,Type II Interferon Signaling,OASL 
Immune Response,Type II Interferon Signaling,PML 
Immune Response,Type II Interferon Signaling,PRKCD 
Immune Response,Type II Interferon Signaling,PTPN11 
Immune Response,Type II Interferon Signaling,SOCS1 
Immune Response,Type II Interferon Signaling,SOCS3 
Immune Response,Type II Interferon Signaling,TRIM21 
Immune Response,Type II Interferon Signaling,VCAM1
Immune Response,Type III Interferon Signaling,IFNL1 
Immune Response,Type III Interferon Signaling,IFNL2 
Immune Response,Type III Interferon Signaling,IRF9 
Immune Response,Type III Interferon Signaling,JAK1 
Immune Response,Type III Interferon Signaling,STAT1 
Immune Response,Type III Interferon Signaling,STAT2 
Immune Response,Type III Interferon Signaling,TYK2
Innate Immunity,Complement System,A2M 
Innate Immunity,Complement System,C1QA 
Innate Immunity,Complement System,C1QB 
Innate Immunity,Complement System,C1R 
Innate Immunity,Complement System,C1S 
Innate Immunity,Complement System,C2 
Innate Immunity,Complement System,C3 
Innate Immunity,Complement System,C3AR1 
Innate Immunity,Complement System,C4B 
Innate Immunity,Complement System,C4BPA 
Innate Immunity,Complement System,C5 
Innate Immunity,Complement System,C5AR1 
Innate Immunity,Complement System,C6 
Innate Immunity,Complement System,C7 
Innate Immunity,Complement System,C8A 
Innate Immunity,Complement System,C8B 
Innate Immunity,Complement System,C8G 
Innate Immunity,Complement System,C9 
Innate Immunity,Complement System,CD19 
Innate Immunity,Complement System,CD46 
Innate Immunity,Complement System,CD55 
Innate Immunity,Complement System,CD59 
Innate Immunity,Complement System,CD81 
Innate Immunity,Complement System,CFB 
Innate Immunity,Complement System,CFD 
Innate Immunity,Complement System,CFI 
Innate Immunity,Complement System,CFP 
Innate Immunity,Complement System,CLU 
Innate Immunity,Complement System,CR1 
Innate Immunity,Complement System,CR2 
Innate Immunity,Complement System,CRP 
Innate Immunity,Complement System,ELANE 
Innate Immunity,Complement System,F12 
Innate Immunity,Complement System,F13A1 
Innate Immunity,Complement System,FCN1 
Innate Immunity,Complement System,GZMM 
Innate Immunity,Complement System,ITGAM 
Innate Immunity,Complement System,ITGAX 
Innate Immunity,Complement System,ITGB2 
Innate Immunity,Complement System,MASP1 
Innate Immunity,Complement System,MASP2 
Innate Immunity,Complement System,MBL2 
Innate Immunity,Complement System,PLAT 
Innate Immunity,Complement System,PLAU 
Innate Immunity,Complement System,PLAUR 
Innate Immunity,Complement System,SERPINA1 
Innate Immunity,Complement System,SERPINB2 
Innate Immunity,Complement System,SERPING1 
Innate Immunity,Complement System,THBD
Innate Immunity,Dendritic Cells,ADGRE1 
Innate Immunity,Dendritic Cells,BATF3 
Innate Immunity,Dendritic Cells,BST2 
Innate Immunity,Dendritic Cells,CD22 
Innate Immunity,Dendritic Cells,CD33 
Innate Immunity,Dendritic Cells,CD83 
Innate Immunity,Dendritic Cells,CLEC4C 
Innate Immunity,Dendritic Cells,CLEC5A 
Innate Immunity,Dendritic Cells,HSP90B1 
Innate Immunity,Dendritic Cells,IL3RA 
Innate Immunity,Dendritic Cells,ITGAX 
Innate Immunity,Dendritic Cells,LILRA3 
Innate Immunity,Dendritic Cells,LILRA4 
Innate Immunity,Dendritic Cells,SIGLEC5 
Innate Immunity,Dendritic Cells,SIGLEC8 
Innate Immunity,Dendritic Cells,TLR7 
Innate Immunity,Dendritic Cells,TLR9 
Innate Immunity,Dendritic Cells,TREM1 
Innate Immunity,Dendritic Cells,TREM2
Innate Immunity,DNA Sensing,CASP1 
Innate Immunity,DNA Sensing,CCL4 
Innate Immunity,DNA Sensing,CCL5 
Innate Immunity,DNA Sensing,CGAS 
Innate Immunity,DNA Sensing,CHUK 
Innate Immunity,DNA Sensing,CREBBP 
Innate Immunity,DNA Sensing,CTNNB1 
Innate Immunity,DNA Sensing,CXCL10 
Innate Immunity,DNA Sensing,DDX58 
Innate Immunity,DNA Sensing,DTX4 
Innate Immunity,DNA Sensing,EP300 
Innate Immunity,DNA Sensing,IFI16 
Innate Immunity,DNA Sensing,IFNA1 
Innate Immunity,DNA Sensing,IFNA2 
Innate Immunity,DNA Sensing,IFNA7/17 
Innate Immunity,DNA Sensing,IFNA8 
Innate Immunity,DNA Sensing,IFNB1 
Innate Immunity,DNA Sensing,IKBKB 
Innate Immunity,DNA Sensing,IKBKE 
Innate Immunity,DNA Sensing,IKBKG 
Innate Immunity,DNA Sensing,IL18 
Innate Immunity,DNA Sensing,IL1B 
Innate Immunity,DNA Sensing,IL33 
Innate Immunity,DNA Sensing,IL6 
Innate Immunity,DNA Sensing,IRF3 
Innate Immunity,DNA Sensing,IRF7 
Innate Immunity,DNA Sensing,MAVS 
Innate Immunity,DNA Sensing,MRE11 
Innate Immunity,DNA Sensing,MYD88 
Innate Immunity,DNA Sensing,NFKB1 
Innate Immunity,DNA Sensing,NFKB2 
Innate Immunity,DNA Sensing,NFKBIA 
Innate Immunity,DNA Sensing,POLR2H 
Innate Immunity,DNA Sensing,PRKDC 
Innate Immunity,DNA Sensing,PYCARD 
Innate Immunity,DNA Sensing,RELA 
Innate Immunity,DNA Sensing,RIPK1 
Innate Immunity,DNA Sensing,RIPK3 
Innate Immunity,DNA Sensing,RPS27A 
Innate Immunity,DNA Sensing,STAT6 
Innate Immunity,DNA Sensing,STING1 
Innate Immunity,DNA Sensing,TBK1 
Innate Immunity,DNA Sensing,TICAM1 
Innate Immunity,DNA Sensing,TLR3 
Innate Immunity,DNA Sensing,TRIM21 
Innate Immunity,DNA Sensing,UBB 
Innate Immunity,DNA Sensing,UBC
Innate Immunity,Glycan Sensing,BCL10 
Innate Immunity,Glycan Sensing,CARD11 
Innate Immunity,Glycan Sensing,CARD9 
Innate Immunity,Glycan Sensing,CASP8 
Innate Immunity,Glycan Sensing,CD209 
Innate Immunity,Glycan Sensing,CHUK 
Innate Immunity,Glycan Sensing,CLEC4A 
Innate Immunity,Glycan Sensing,CLEC4C 
Innate Immunity,Glycan Sensing,CLEC4E 
Innate Immunity,Glycan Sensing,CLEC6A 
Innate Immunity,Glycan Sensing,CLEC7A 
Innate Immunity,Glycan Sensing,CREBBP 
Innate Immunity,Glycan Sensing,CUL1 
Innate Immunity,Glycan Sensing,EP300 
Innate Immunity,Glycan Sensing,FCER1G 
Innate Immunity,Glycan Sensing,FYN 
Innate Immunity,Glycan Sensing,HRAS 
Innate Immunity,Glycan Sensing,ICAM2 
Innate Immunity,Glycan Sensing,ICAM3 
Innate Immunity,Glycan Sensing,IKBKB 
Innate Immunity,Glycan Sensing,IKBKG 
Innate Immunity,Glycan Sensing,IL1B 
Innate Immunity,Glycan Sensing,LYN 
Innate Immunity,Glycan Sensing,MAP3K14 
Innate Immunity,Glycan Sensing,MAP3K7 
Innate Immunity,Glycan Sensing,MUC1 
Innate Immunity,Glycan Sensing,MUC4 
Innate Immunity,Glycan Sensing,NFATC1 
Innate Immunity,Glycan Sensing,NFATC2 
Innate Immunity,Glycan Sensing,NFATC3 
Innate Immunity,Glycan Sensing,NFKB1 
Innate Immunity,Glycan Sensing,NFKB2 
Innate Immunity,Glycan Sensing,NFKBIA 
Innate Immunity,Glycan Sensing,NRAS 
Innate Immunity,Glycan Sensing,PAK3 
Innate Immunity,Glycan Sensing,PLCG2 
Innate Immunity,Glycan Sensing,PPP3CA 
Innate Immunity,Glycan Sensing,PPP3CB 
Innate Immunity,Glycan Sensing,PPP3R1 
Innate Immunity,Glycan Sensing,PRKACA 
Innate Immunity,Glycan Sensing,PRKACB 
Innate Immunity,Glycan Sensing,PRKACG 
Innate Immunity,Glycan Sensing,PRKCD 
Innate Immunity,Glycan Sensing,PSMB10 
Innate Immunity,Glycan Sensing,PSMB2 
Innate Immunity,Glycan Sensing,PSMB5 
Innate Immunity,Glycan Sensing,PSMB7 
Innate Immunity,Glycan Sensing,PSMB8 
Innate Immunity,Glycan Sensing,PSMB9 
Innate Immunity,Glycan Sensing,PSMC4 
Innate Immunity,Glycan Sensing,PSMD7 
Innate Immunity,Glycan Sensing,PYCARD 
Innate Immunity,Glycan Sensing,RAF1 
Innate Immunity,Glycan Sensing,RELA 
Innate Immunity,Glycan Sensing,RELB 
Innate Immunity,Glycan Sensing,RPS27A 
Innate Immunity,Glycan Sensing,RPS6KA5 
Innate Immunity,Glycan Sensing,SKP1 
Innate Immunity,Glycan Sensing,SYK 
Innate Immunity,Glycan Sensing,TAB1 
Innate Immunity,Glycan Sensing,TRAF6 
Innate Immunity,Glycan Sensing,UBB 
Innate Immunity,Glycan Sensing,UBC
Innate Immunity,Host Defense Peptides,ATOX1 
Innate Immunity,Host Defense Peptides,CAMP 
Innate Immunity,Host Defense Peptides,CCR2 
Innate Immunity,Host Defense Peptides,CCR6 
Innate Immunity,Host Defense Peptides,CD4 
Innate Immunity,Host Defense Peptides,CLU 
Innate Immunity,Host Defense Peptides,CTSG 
Innate Immunity,Host Defense Peptides,DEFB1 
Innate Immunity,Host Defense Peptides,DEFB134 
Innate Immunity,Host Defense Peptides,ELANE 
Innate Immunity,Host Defense Peptides,GNLY 
Innate Immunity,Host Defense Peptides,LCN2 
Innate Immunity,Host Defense Peptides,LTF 
Innate Immunity,Host Defense Peptides,LYZ 
Innate Immunity,Host Defense Peptides,PLA2G2A 
Innate Immunity,Host Defense Peptides,S100A7 
Innate Immunity,Host Defense Peptides,S100A8 
Innate Immunity,Host Defense Peptides,S100A9 
Innate Immunity,Host Defense Peptides,SEMG1 
Innate Immunity,Host Defense Peptides,SLC11A1 
Innate Immunity,Host Defense Peptides,TLR1 
Innate Immunity,Host Defense Peptides,TLR2
Innate Immunity,Inflammasomes,APP 
Innate Immunity,Inflammasomes,BCL2 
Innate Immunity,Inflammasomes,BCL2L1 
Innate Immunity,Inflammasomes,CASP1 
Innate Immunity,Inflammasomes,MEFV 
Innate Immunity,Inflammasomes,NFKB1 
Innate Immunity,Inflammasomes,NFKB2 
Innate Immunity,Inflammasomes,NLRP3 
Innate Immunity,Inflammasomes,PYCARD 
Innate Immunity,Inflammasomes,RELA 
Innate Immunity,Inflammasomes,TXNIP
Innate Immunity,Myeloid Inflammation,AKT1 
Innate Immunity,Myeloid Inflammation,AKT2 
Innate Immunity,Myeloid Inflammation,AKT3 
Innate Immunity,Myeloid Inflammation,BCL10 
Innate Immunity,Myeloid Inflammation,BTK 
Innate Immunity,Myeloid Inflammation,CARD11 
Innate Immunity,Myeloid Inflammation,CD163 
Innate Immunity,Myeloid Inflammation,CHUK 
Innate Immunity,Myeloid Inflammation,CIC 
Innate Immunity,Myeloid Inflammation,CSF2 
Innate Immunity,Myeloid Inflammation,CUL1 
Innate Immunity,Myeloid Inflammation,FCER1A 
Innate Immunity,Myeloid Inflammation,FCER1G 
Innate Immunity,Myeloid Inflammation,FOS 
Innate Immunity,Myeloid Inflammation,FYN 
Innate Immunity,Myeloid Inflammation,GMIP 
Innate Immunity,Myeloid Inflammation,GRB2 
Innate Immunity,Myeloid Inflammation,HRAS 
Innate Immunity,Myeloid Inflammation,IKBKB 
Innate Immunity,Myeloid Inflammation,IKBKG 
Innate Immunity,Myeloid Inflammation,IL13 
Innate Immunity,Myeloid Inflammation,IL3 
Innate Immunity,Myeloid Inflammation,IL4 
Innate Immunity,Myeloid Inflammation,IL5 
Innate Immunity,Myeloid Inflammation,INPP5D 
Innate Immunity,Myeloid Inflammation,ITK 
Innate Immunity,Myeloid Inflammation,JUN 
Innate Immunity,Myeloid Inflammation,KRAS 
Innate Immunity,Myeloid Inflammation,LAT 
Innate Immunity,Myeloid Inflammation,LYN 
Innate Immunity,Myeloid Inflammation,MAP2K1 
Innate Immunity,Myeloid Inflammation,MAP2K2 
Innate Immunity,Myeloid Inflammation,MAP2K4 
Innate Immunity,Myeloid Inflammation,MAP2K6 
Innate Immunity,Myeloid Inflammation,MAP3K1 
Innate Immunity,Myeloid Inflammation,MAP3K7 
Innate Immunity,Myeloid Inflammation,MAPK1 
Innate Immunity,Myeloid Inflammation,MAPK10 
Innate Immunity,Myeloid Inflammation,MAPK11 
Innate Immunity,Myeloid Inflammation,MAPK12 
Innate Immunity,Myeloid Inflammation,MAPK14 
Innate Immunity,Myeloid Inflammation,MAPK3 
Innate Immunity,Myeloid Inflammation,MAPK8 
Innate Immunity,Myeloid Inflammation,MAPK9 
Innate Immunity,Myeloid Inflammation,MS4A2 
Innate Immunity,Myeloid Inflammation,MS4A4A 
Innate Immunity,Myeloid Inflammation,MS4A6A 
Innate Immunity,Myeloid Inflammation,NFATC1 
Innate Immunity,Myeloid Inflammation,NFATC2 
Innate Immunity,Myeloid Inflammation,NFATC3 
Innate Immunity,Myeloid Inflammation,NFKB1 
Innate Immunity,Myeloid Inflammation,NFKBIA 
Innate Immunity,Myeloid Inflammation,NRAS 
Innate Immunity,Myeloid Inflammation,PIK3CA 
Innate Immunity,Myeloid Inflammation,PIK3CB 
Innate Immunity,Myeloid Inflammation,PIK3CD 
Innate Immunity,Myeloid Inflammation,PIK3R1 
Innate Immunity,Myeloid Inflammation,PIK3R2 
Innate Immunity,Myeloid Inflammation,PIK3R3 
Innate Immunity,Myeloid Inflammation,PLA2G4A 
Innate Immunity,Myeloid Inflammation,PLA2G4C 
Innate Immunity,Myeloid Inflammation,PLA2G4E 
Innate Immunity,Myeloid Inflammation,PLA2G4F 
Innate Immunity,Myeloid Inflammation,PLCG2 
Innate Immunity,Myeloid Inflammation,PPP3CA 
Innate Immunity,Myeloid Inflammation,PPP3CB 
Innate Immunity,Myeloid Inflammation,PPP3R1 
Innate Immunity,Myeloid Inflammation,PRKCA 
Innate Immunity,Myeloid Inflammation,PSMB10 
Innate Immunity,Myeloid Inflammation,PSMB2 
Innate Immunity,Myeloid Inflammation,PSMB5 
Innate Immunity,Myeloid Inflammation,PSMB7 
Innate Immunity,Myeloid Inflammation,PSMB8 
Innate Immunity,Myeloid Inflammation,PSMB9 
Innate Immunity,Myeloid Inflammation,PSMC4 
Innate Immunity,Myeloid Inflammation,PSMD7 
Innate Immunity,Myeloid Inflammation,RAC1 
Innate Immunity,Myeloid Inflammation,RAC2 
Innate Immunity,Myeloid Inflammation,RAC3 
Innate Immunity,Myeloid Inflammation,RAF1 
Innate Immunity,Myeloid Inflammation,RASGRP1 
Innate Immunity,Myeloid Inflammation,RASGRP2 
Innate Immunity,Myeloid Inflammation,RELA 
Innate Immunity,Myeloid Inflammation,RPS27A 
Innate Immunity,Myeloid Inflammation,SAMD9 
Innate Immunity,Myeloid Inflammation,SBNO2 
Innate Immunity,Myeloid Inflammation,SKP1 
Innate Immunity,Myeloid Inflammation,SOS1 
Innate Immunity,Myeloid Inflammation,SOS2 
Innate Immunity,Myeloid Inflammation,SYK 
Innate Immunity,Myeloid Inflammation,TAB1 
Innate Immunity,Myeloid Inflammation,TNF 
Innate Immunity,Myeloid Inflammation,TRAF6 
Innate Immunity,Myeloid Inflammation,TXK 
Innate Immunity,Myeloid Inflammation,UBB 
Innate Immunity,Myeloid Inflammation,UBC
Innate Immunity,Neutrophil Degranulation,ADGRE5 
Innate Immunity,Neutrophil Degranulation,ALDOA 
Innate Immunity,Neutrophil Degranulation,ALDOC 
Innate Immunity,Neutrophil Degranulation,ARG1 
Innate Immunity,Neutrophil Degranulation,ATG7 
Innate Immunity,Neutrophil Degranulation,B2M 
Innate Immunity,Neutrophil Degranulation,BST1 
Innate Immunity,Neutrophil Degranulation,BST2 
Innate Immunity,Neutrophil Degranulation,C3 
Innate Immunity,Neutrophil Degranulation,C3AR1 
Innate Immunity,Neutrophil Degranulation,C5AR1 
Innate Immunity,Neutrophil Degranulation,CALML5 
Innate Immunity,Neutrophil Degranulation,CAMP 
Innate Immunity,Neutrophil Degranulation,CD14 
Innate Immunity,Neutrophil Degranulation,CD300A 
Innate Immunity,Neutrophil Degranulation,CD33 
Innate Immunity,Neutrophil Degranulation,CD36 
Innate Immunity,Neutrophil Degranulation,CD44 
Innate Immunity,Neutrophil Degranulation,CD47 
Innate Immunity,Neutrophil Degranulation,CD53 
Innate Immunity,Neutrophil Degranulation,CD55 
Innate Immunity,Neutrophil Degranulation,CD58 
Innate Immunity,Neutrophil Degranulation,CD59 
Innate Immunity,Neutrophil Degranulation,CD63 
Innate Immunity,Neutrophil Degranulation,CD68 
Innate Immunity,Neutrophil Degranulation,CEACAM1 
Innate Immunity,Neutrophil Degranulation,CEACAM3 
Innate Immunity,Neutrophil Degranulation,CEACAM6 
Innate Immunity,Neutrophil Degranulation,CEACAM8 
Innate Immunity,Neutrophil Degranulation,CFD 
Innate Immunity,Neutrophil Degranulation,CFP 
Innate Immunity,Neutrophil Degranulation,CHIT1 
Innate Immunity,Neutrophil Degranulation,CLEC4C 
Innate Immunity,Neutrophil Degranulation,CLEC5A 
Innate Immunity,Neutrophil Degranulation,CMTM6 
Innate Immunity,Neutrophil Degranulation,CR1 
Innate Immunity,Neutrophil Degranulation,CTSG 
Innate Immunity,Neutrophil Degranulation,CTSH 
Innate Immunity,Neutrophil Degranulation,CTSS 
Innate Immunity,Neutrophil Degranulation,CXCL1 
Innate Immunity,Neutrophil Degranulation,CXCR1 
Innate Immunity,Neutrophil Degranulation,CXCR2 
Innate Immunity,Neutrophil Degranulation,CYBB 
Innate Immunity,Neutrophil Degranulation,DSP 
Innate Immunity,Neutrophil Degranulation,ELANE 
Innate Immunity,Neutrophil Degranulation,FCAR 
Innate Immunity,Neutrophil Degranulation,FCER1G 
Innate Immunity,Neutrophil Degranulation,FCN1 
Innate Immunity,Neutrophil Degranulation,FGCR2A/B 
Innate Immunity,Neutrophil Degranulation,FPR1 
Innate Immunity,Neutrophil Degranulation,FPR2 
Innate Immunity,Neutrophil Degranulation,GPI 
Innate Immunity,Neutrophil Degranulation,GUSB 
Innate Immunity,Neutrophil Degranulation,HLA-A 
Innate Immunity,Neutrophil Degranulation,HLA-B 
Innate Immunity,Neutrophil Degranulation,HLA-C 
Innate Immunity,Neutrophil Degranulation,HMGB1 
Innate Immunity,Neutrophil Degranulation,HSPA1A 
Innate Immunity,Neutrophil Degranulation,HSPA6 
Innate Immunity,Neutrophil Degranulation,IDH1 
Innate Immunity,Neutrophil Degranulation,IGF2R 
Innate Immunity,Neutrophil Degranulation,ITGAL 
Innate Immunity,Neutrophil Degranulation,ITGAM 
Innate Immunity,Neutrophil Degranulation,ITGAV 
Innate Immunity,Neutrophil Degranulation,ITGAX 
Innate Immunity,Neutrophil Degranulation,ITGB2 
Innate Immunity,Neutrophil Degranulation,JUP 
Innate Immunity,Neutrophil Degranulation,KRT1 
Innate Immunity,Neutrophil Degranulation,LAIR1 
Innate Immunity,Neutrophil Degranulation,LAMP1 
Innate Immunity,Neutrophil Degranulation,LAMP2 
Innate Immunity,Neutrophil Degranulation,LCN2 
Innate Immunity,Neutrophil Degranulation,LGALS3 
Innate Immunity,Neutrophil Degranulation,LILRA3 
Innate Immunity,Neutrophil Degranulation,LILRB2 
Innate Immunity,Neutrophil Degranulation,LILRB3 
Innate Immunity,Neutrophil Degranulation,LTF 
Innate Immunity,Neutrophil Degranulation,LYZ 
Innate Immunity,Neutrophil Degranulation,MAPK1 
Innate Immunity,Neutrophil Degranulation,MAPK14 
Innate Immunity,Neutrophil Degranulation,MIF 
Innate Immunity,Neutrophil Degranulation,MME 
Innate Immunity,Neutrophil Degranulation,MMP9 
Innate Immunity,Neutrophil Degranulation,MPO 
Innate Immunity,Neutrophil Degranulation,NFAM1 
Innate Immunity,Neutrophil Degranulation,NFKB1 
Innate Immunity,Neutrophil Degranulation,NRAS 
Innate Immunity,Neutrophil Degranulation,OLR1 
Innate Immunity,Neutrophil Degranulation,PECAM1 
Innate Immunity,Neutrophil Degranulation,PGM2 
Innate Immunity,Neutrophil Degranulation,PKM 
Innate Immunity,Neutrophil Degranulation,PLAU 
Innate Immunity,Neutrophil Degranulation,PLAUR 
Innate Immunity,Neutrophil Degranulation,PLD1 
Innate Immunity,Neutrophil Degranulation,PPBP 
Innate Immunity,Neutrophil Degranulation,PRG2 
Innate Immunity,Neutrophil Degranulation,PRKCD 
Innate Immunity,Neutrophil Degranulation,PSEN1 
Innate Immunity,Neutrophil Degranulation,PSMB7 
Innate Immunity,Neutrophil Degranulation,PSMD7 
Innate Immunity,Neutrophil Degranulation,PTPRC 
Innate Immunity,Neutrophil Degranulation,PYCARD 
Innate Immunity,Neutrophil Degranulation,RAB7A 
Innate Immunity,Neutrophil Degranulation,RAC1 
Innate Immunity,Neutrophil Degranulation,RHOA 
Innate Immunity,Neutrophil Degranulation,ROCK1 
Innate Immunity,Neutrophil Degranulation,S100A12 
Innate Immunity,Neutrophil Degranulation,S100A7 
Innate Immunity,Neutrophil Degranulation,S100A8 
Innate Immunity,Neutrophil Degranulation,S100A9 
Innate Immunity,Neutrophil Degranulation,SELL 
Innate Immunity,Neutrophil Degranulation,SERPINA1 
Innate Immunity,Neutrophil Degranulation,SIGLEC5 
Innate Immunity,Neutrophil Degranulation,SIRPA 
Innate Immunity,Neutrophil Degranulation,SLC11A1 
Innate Immunity,Neutrophil Degranulation,STING1 
Innate Immunity,Neutrophil Degranulation,STK11IP 
Innate Immunity,Neutrophil Degranulation,TICAM2 
Innate Immunity,Neutrophil Degranulation,TLR2 
Innate Immunity,Neutrophil Degranulation,TNFAIP6 
Innate Immunity,Neutrophil Degranulation,TNFRSF1B 
Innate Immunity,Neutrophil Degranulation,TOLLIP 
Innate Immunity,Neutrophil Degranulation,TTR 
Innate Immunity,Neutrophil Degranulation,TUBB
Innate Immunity,NK Activity,B2M 
Innate Immunity,NK Activity,BID 
Innate Immunity,NK Activity,BRAF 
Innate Immunity,NK Activity,BTK 
Innate Immunity,NK Activity,CASP3 
Innate Immunity,NK Activity,CD244 
Innate Immunity,NK Activity,CD247 
Innate Immunity,NK Activity,CD48 
Innate Immunity,NK Activity,CLEC5A 
Innate Immunity,NK Activity,CSF2 
Innate Immunity,NK Activity,FAS 
Innate Immunity,NK Activity,FASLG 
Innate Immunity,NK Activity,FCER1G 
Innate Immunity,NK Activity,FCGR3A/B 
Innate Immunity,NK Activity,FYN 
Innate Immunity,NK Activity,GRB2 
Innate Immunity,NK Activity,GZMB 
Innate Immunity,NK Activity,HLA-A 
Innate Immunity,NK Activity,HLA-B 
Innate Immunity,NK Activity,HLA-C 
Innate Immunity,NK Activity,HLA-E 
Innate Immunity,NK Activity,HLA-G 
Innate Immunity,NK Activity,HRAS 
Innate Immunity,NK Activity,ICAM1 
Innate Immunity,NK Activity,ICAM2 
Innate Immunity,NK Activity,IFNA1 
Innate Immunity,NK Activity,IFNA2 
Innate Immunity,NK Activity,IFNA7/17 
Innate Immunity,NK Activity,IFNA8 
Innate Immunity,NK Activity,IFNAR1 
Innate Immunity,NK Activity,IFNAR2 
Innate Immunity,NK Activity,IFNB1 
Innate Immunity,NK Activity,IFNG 
Innate Immunity,NK Activity,IFNGR1 
Innate Immunity,NK Activity,IFNGR2 
Innate Immunity,NK Activity,ITGAL 
Innate Immunity,NK Activity,ITGB2 
Innate Immunity,NK Activity,KIR Family 
Innate Immunity,NK Activity,KIR3DL3 
Innate Immunity,NK Activity,KLRC1 
Innate Immunity,NK Activity,KLRD1 
Innate Immunity,NK Activity,KLRK1 
Innate Immunity,NK Activity,KRAS 
Innate Immunity,NK Activity,LAT 
Innate Immunity,NK Activity,LCK 
Innate Immunity,NK Activity,MAP2K1 
Innate Immunity,NK Activity,MAP2K2 
Innate Immunity,NK Activity,MAPK1 
Innate Immunity,NK Activity,MAPK3 
Innate Immunity,NK Activity,MICA 
Innate Immunity,NK Activity,MICB 
Innate Immunity,NK Activity,NCR1 
Innate Immunity,NK Activity,NFATC1 
Innate Immunity,NK Activity,NFATC2 
Innate Immunity,NK Activity,NKG7 
Innate Immunity,NK Activity,NRAS 
Innate Immunity,NK Activity,PIK3CA 
Innate Immunity,NK Activity,PIK3CB 
Innate Immunity,NK Activity,PIK3CD 
Innate Immunity,NK Activity,PIK3R1 
Innate Immunity,NK Activity,PIK3R2 
Innate Immunity,NK Activity,PIK3R3 
Innate Immunity,NK Activity,PLCG2 
Innate Immunity,NK Activity,PPP3CA 
Innate Immunity,NK Activity,PPP3CB 
Innate Immunity,NK Activity,PPP3CC 
Innate Immunity,NK Activity,PPP3R1 
Innate Immunity,NK Activity,PPP3R2 
Innate Immunity,NK Activity,PRF1 
Innate Immunity,NK Activity,PRKCA 
Innate Immunity,NK Activity,PRKCB 
Innate Immunity,NK Activity,PRKCG 
Innate Immunity,NK Activity,PTPN11 
Innate Immunity,NK Activity,RAC1 
Innate Immunity,NK Activity,RAC2 
Innate Immunity,NK Activity,RAC3 
Innate Immunity,NK Activity,RAF1 
Innate Immunity,NK Activity,SH2D1A 
Innate Immunity,NK Activity,SH2D1B 
Innate Immunity,NK Activity,SHC1 
Innate Immunity,NK Activity,SHC2 
Innate Immunity,NK Activity,SHC3 
Innate Immunity,NK Activity,SHC4 
Innate Immunity,NK Activity,SOS1 
Innate Immunity,NK Activity,SOS2 
Innate Immunity,NK Activity,SYK 
Innate Immunity,NK Activity,TNF 
Innate Immunity,NK Activity,TNFRSF10A 
Innate Immunity,NK Activity,TNFRSF10B 
Innate Immunity,NK Activity,TNFSF10 
Innate Immunity,NK Activity,TREM1 
Innate Immunity,NK Activity,TREM2 
Innate Immunity,NK Activity,ULBP2 
Innate Immunity,NK Activity,ZAP70
Innate Immunity,NLR Signaling,ATG12 
Innate Immunity,NLR Signaling,ATG16L1 
Innate Immunity,NLR Signaling,ATG5 
Innate Immunity,NLR Signaling,BCL2 
Innate Immunity,NLR Signaling,BCL2L1 
Innate Immunity,NLR Signaling,BIRC3 
Innate Immunity,NLR Signaling,CAMP 
Innate Immunity,NLR Signaling,CARD9 
Innate Immunity,NLR Signaling,CASP1 
Innate Immunity,NLR Signaling,CASP12 
Innate Immunity,NLR Signaling,CASP8 
Innate Immunity,NLR Signaling,CCL2 
Innate Immunity,NLR Signaling,CCL5 
Innate Immunity,NLR Signaling,CHUK 
Innate Immunity,NLR Signaling,CXCL1 
Innate Immunity,NLR Signaling,CXCL2 
Innate Immunity,NLR Signaling,CXCL3 
Innate Immunity,NLR Signaling,CXCL8 
Innate Immunity,NLR Signaling,CYBB 
Innate Immunity,NLR Signaling,FADD 
Innate Immunity,NLR Signaling,GBP1 
Innate Immunity,NLR Signaling,GBP2 
Innate Immunity,NLR Signaling,GBP4 
Innate Immunity,NLR Signaling,IFI16 
Innate Immunity,NLR Signaling,IFNA1 
Innate Immunity,NLR Signaling,IFNA2 
Innate Immunity,NLR Signaling,IFNA7/17 
Innate Immunity,NLR Signaling,IFNA8 
Innate Immunity,NLR Signaling,IFNAR1 
Innate Immunity,NLR Signaling,IFNAR2 
Innate Immunity,NLR Signaling,IFNB1 
Innate Immunity,NLR Signaling,IKBKB 
Innate Immunity,NLR Signaling,IKBKE 
Innate Immunity,NLR Signaling,IKBKG 
Innate Immunity,NLR Signaling,IL18 
Innate Immunity,NLR Signaling,IL1B 
Innate Immunity,NLR Signaling,IL6 
Innate Immunity,NLR Signaling,IRAK4 
Innate Immunity,NLR Signaling,IRF3 
Innate Immunity,NLR Signaling,IRF7 
Innate Immunity,NLR Signaling,IRF9 
Innate Immunity,NLR Signaling,JAK1 
Innate Immunity,NLR Signaling,JUN 
Innate Immunity,NLR Signaling,MAP3K7 
Innate Immunity,NLR Signaling,MAPK1 
Innate Immunity,NLR Signaling,MAPK10 
Innate Immunity,NLR Signaling,MAPK11 
Innate Immunity,NLR Signaling,MAPK12 
Innate Immunity,NLR Signaling,MAPK14 
Innate Immunity,NLR Signaling,MAPK3 
Innate Immunity,NLR Signaling,MAPK8 
Innate Immunity,NLR Signaling,MAPK9 
Innate Immunity,NLR Signaling,MAVS 
Innate Immunity,NLR Signaling,MEFV 
Innate Immunity,NLR Signaling,MYD88 
Innate Immunity,NLR Signaling,NFKB1 
Innate Immunity,NLR Signaling,NFKBIA 
Innate Immunity,NLR Signaling,NLRP3 
Innate Immunity,NLR Signaling,NOD1 
Innate Immunity,NLR Signaling,NOD2 
Innate Immunity,NLR Signaling,OAS1 
Innate Immunity,NLR Signaling,OAS2 
Innate Immunity,NLR Signaling,OAS3 
Innate Immunity,NLR Signaling,PLCB1 
Innate Immunity,NLR Signaling,PLCB4 
Innate Immunity,NLR Signaling,PRKCD 
Innate Immunity,NLR Signaling,PYCARD 
Innate Immunity,NLR Signaling,RELA 
Innate Immunity,NLR Signaling,RHOA 
Innate Immunity,NLR Signaling,RIPK1 
Innate Immunity,NLR Signaling,RIPK2 
Innate Immunity,NLR Signaling,RIPK3 
Innate Immunity,NLR Signaling,STAT1 
Innate Immunity,NLR Signaling,STAT2 
Innate Immunity,NLR Signaling,STING1 
Innate Immunity,NLR Signaling,TAB1 
Innate Immunity,NLR Signaling,TANK 
Innate Immunity,NLR Signaling,TBK1 
Innate Immunity,NLR Signaling,TICAM1 
Innate Immunity,NLR Signaling,TLR4 
Innate Immunity,NLR Signaling,TNF 
Innate Immunity,NLR Signaling,TNFAIP3 
Innate Immunity,NLR Signaling,TRAF2 
Innate Immunity,NLR Signaling,TRAF3 
Innate Immunity,NLR Signaling,TRAF6 
Innate Immunity,NLR Signaling,TXN2 
Innate Immunity,NLR Signaling,TXNIP 
Innate Immunity,NLR Signaling,TYK2
Innate Immunity,RAGE Signaling,APP 
Innate Immunity,RAGE Signaling,HMGB1 
Innate Immunity,RAGE Signaling,LGALS3 
Innate Immunity,RAGE Signaling,MAPK1 
Innate Immunity,RAGE Signaling,MAPK3 
Innate Immunity,RAGE Signaling,S100A12 
Innate Immunity,RAGE Signaling,S100B 
Innate Immunity,RAGE Signaling,SAA1
Innate Immunity,RNA Sensing,APP 
Innate Immunity,RNA Sensing,ATG12 
Innate Immunity,RNA Sensing,ATG5 
Innate Immunity,RNA Sensing,CASP10 
Innate Immunity,RNA Sensing,CASP8 
Innate Immunity,RNA Sensing,CHUK 
Innate Immunity,RNA Sensing,CREBBP 
Innate Immunity,RNA Sensing,CXCL10 
Innate Immunity,RNA Sensing,CXCL8 
Innate Immunity,RNA Sensing,CYLD 
Innate Immunity,RNA Sensing,DDX58 
Innate Immunity,RNA Sensing,EP300 
Innate Immunity,RNA Sensing,FADD 
Innate Immunity,RNA Sensing,HMGB1 
Innate Immunity,RNA Sensing,IFIH1 
Innate Immunity,RNA Sensing,IFNA1 
Innate Immunity,RNA Sensing,IFNA2 
Innate Immunity,RNA Sensing,IFNA7/17 
Innate Immunity,RNA Sensing,IFNA8 
Innate Immunity,RNA Sensing,IFNB1 
Innate Immunity,RNA Sensing,IKBKB 
Innate Immunity,RNA Sensing,IKBKE 
Innate Immunity,RNA Sensing,IKBKG 
Innate Immunity,RNA Sensing,IL12A 
Innate Immunity,RNA Sensing,IL12B 
Innate Immunity,RNA Sensing,IRF3 
Innate Immunity,RNA Sensing,IRF7 
Innate Immunity,RNA Sensing,ISG15 
Innate Immunity,RNA Sensing,ITCH 
Innate Immunity,RNA Sensing,MAP3K1 
Innate Immunity,RNA Sensing,MAP3K7 
Innate Immunity,RNA Sensing,MAPK10 
Innate Immunity,RNA Sensing,MAPK11 
Innate Immunity,RNA Sensing,MAPK12 
Innate Immunity,RNA Sensing,MAPK14 
Innate Immunity,RNA Sensing,MAPK8 
Innate Immunity,RNA Sensing,MAPK9 
Innate Immunity,RNA Sensing,MAVS 
Innate Immunity,RNA Sensing,NFKB1 
Innate Immunity,RNA Sensing,NFKB2 
Innate Immunity,RNA Sensing,NFKBIA 
Innate Immunity,RNA Sensing,NLRC5 
Innate Immunity,RNA Sensing,PIN1 
Innate Immunity,RNA Sensing,RELA 
Innate Immunity,RNA Sensing,RIPK1 
Innate Immunity,RNA Sensing,RPS27A 
Innate Immunity,RNA Sensing,S100A12 
Innate Immunity,RNA Sensing,S100B 
Innate Immunity,RNA Sensing,SAA1 
Innate Immunity,RNA Sensing,STING1 
Innate Immunity,RNA Sensing,TANK 
Innate Immunity,RNA Sensing,TBK1 
Innate Immunity,RNA Sensing,TNF 
Innate Immunity,RNA Sensing,TNFAIP3 
Innate Immunity,RNA Sensing,TRAF2 
Innate Immunity,RNA Sensing,TRAF3 
Innate Immunity,RNA Sensing,TRAF6 
Innate Immunity,RNA Sensing,UBA7 
Innate Immunity,RNA Sensing,UBB 
Innate Immunity,RNA Sensing,UBC
Innate Immunity,TLR Signaling,AKT1 
Innate Immunity,TLR Signaling,AKT2 
Innate Immunity,TLR Signaling,AKT3 
Innate Immunity,TLR Signaling,APOB 
Innate Immunity,TLR Signaling,APP 
Innate Immunity,TLR Signaling,ATF1 
Innate Immunity,TLR Signaling,ATF2 
Innate Immunity,TLR Signaling,BIRC3 
Innate Immunity,TLR Signaling,BTK 
Innate Immunity,TLR Signaling,CASP8 
Innate Immunity,TLR Signaling,CCL3/L1 
Innate Immunity,TLR Signaling,CCL4 
Innate Immunity,TLR Signaling,CCL5 
Innate Immunity,TLR Signaling,CD14 
Innate Immunity,TLR Signaling,CD180 
Innate Immunity,TLR Signaling,CD36 
Innate Immunity,TLR Signaling,CD40 
Innate Immunity,TLR Signaling,CD80 
Innate Immunity,TLR Signaling,CD86 
Innate Immunity,TLR Signaling,CHUK 
Innate Immunity,TLR Signaling,CREB1 
Innate Immunity,TLR Signaling,CTSL 
Innate Immunity,TLR Signaling,CTSS 
Innate Immunity,TLR Signaling,CUL1 
Innate Immunity,TLR Signaling,CXCL10 
Innate Immunity,TLR Signaling,CXCL11 
Innate Immunity,TLR Signaling,CXCL8 
Innate Immunity,TLR Signaling,CXCL9 
Innate Immunity,TLR Signaling,DUSP4 
Innate Immunity,TLR Signaling,DUSP6 
Innate Immunity,TLR Signaling,ECSIT 
Innate Immunity,TLR Signaling,ELK1 
Innate Immunity,TLR Signaling,FADD 
Innate Immunity,TLR Signaling,FOS 
Innate Immunity,TLR Signaling,HMGB1 
Innate Immunity,TLR Signaling,HSP90B1 
Innate Immunity,TLR Signaling,IFNA1 
Innate Immunity,TLR Signaling,IFNA2 
Innate Immunity,TLR Signaling,IFNA7/17 
Innate Immunity,TLR Signaling,IFNA8 
Innate Immunity,TLR Signaling,IFNAR1 
Innate Immunity,TLR Signaling,IFNAR2 
Innate Immunity,TLR Signaling,IFNB1 
Innate Immunity,TLR Signaling,IKBKB 
Innate Immunity,TLR Signaling,IKBKE 
Innate Immunity,TLR Signaling,IKBKG 
Innate Immunity,TLR Signaling,IL12A 
Innate Immunity,TLR Signaling,IL12B 
Innate Immunity,TLR Signaling,IL1B 
Innate Immunity,TLR Signaling,IL6 
Innate Immunity,TLR Signaling,IRAK1 
Innate Immunity,TLR Signaling,IRAK2 
Innate Immunity,TLR Signaling,IRAK3 
Innate Immunity,TLR Signaling,IRAK4 
Innate Immunity,TLR Signaling,IRF3 
Innate Immunity,TLR Signaling,IRF5 
Innate Immunity,TLR Signaling,IRF7 
Innate Immunity,TLR Signaling,ITGAM 
Innate Immunity,TLR Signaling,ITGB2 
Innate Immunity,TLR Signaling,JUN 
Innate Immunity,TLR Signaling,LBP 
Innate Immunity,TLR Signaling,LY86 
Innate Immunity,TLR Signaling,LY96 
Innate Immunity,TLR Signaling,MAP2K1 
Innate Immunity,TLR Signaling,MAP2K2 
Innate Immunity,TLR Signaling,MAP2K4 
Innate Immunity,TLR Signaling,MAP2K6 
Innate Immunity,TLR Signaling,MAP3K1 
Innate Immunity,TLR Signaling,MAP3K7 
Innate Immunity,TLR Signaling,MAP3K8 
Innate Immunity,TLR Signaling,MAPK1 
Innate Immunity,TLR Signaling,MAPK10 
Innate Immunity,TLR Signaling,MAPK11 
Innate Immunity,TLR Signaling,MAPK12 
Innate Immunity,TLR Signaling,MAPK14 
Innate Immunity,TLR Signaling,MAPK3 
Innate Immunity,TLR Signaling,MAPK8 
Innate Immunity,TLR Signaling,MAPK9 
Innate Immunity,TLR Signaling,MAPKAPK2 
Innate Immunity,TLR Signaling,MEF2C 
Innate Immunity,TLR Signaling,MYD88 
Innate Immunity,TLR Signaling,NFKB1 
Innate Immunity,TLR Signaling,NFKB2 
Innate Immunity,TLR Signaling,NFKBIA 
Innate Immunity,TLR Signaling,NOD1 
Innate Immunity,TLR Signaling,NOD2 
Innate Immunity,TLR Signaling,PIK3CA 
Innate Immunity,TLR Signaling,PIK3CB 
Innate Immunity,TLR Signaling,PIK3CD 
Innate Immunity,TLR Signaling,PIK3R1 
Innate Immunity,TLR Signaling,PIK3R2 
Innate Immunity,TLR Signaling,PIK3R3 
Innate Immunity,TLR Signaling,PLCG2 
Innate Immunity,TLR Signaling,PPP2CB 
Innate Immunity,TLR Signaling,PPP2R1A 
Innate Immunity,TLR Signaling,PTPN11 
Innate Immunity,TLR Signaling,RAC1 
Innate Immunity,TLR Signaling,RELA 
Innate Immunity,TLR Signaling,RIPK1 
Innate Immunity,TLR Signaling,RIPK2 
Innate Immunity,TLR Signaling,RIPK3 
Innate Immunity,TLR Signaling,RPS27A 
Innate Immunity,TLR Signaling,RPS6KA5 
Innate Immunity,TLR Signaling,S100A12 
Innate Immunity,TLR Signaling,S100A8 
Innate Immunity,TLR Signaling,S100A9 
Innate Immunity,TLR Signaling,S100B 
Innate Immunity,TLR Signaling,SAA1 
Innate Immunity,TLR Signaling,SIGIRR 
Innate Immunity,TLR Signaling,SKP1 
Innate Immunity,TLR Signaling,SOCS1 
Innate Immunity,TLR Signaling,SPP1 
Innate Immunity,TLR Signaling,STAT1 
Innate Immunity,TLR Signaling,TAB1 
Innate Immunity,TLR Signaling,TANK 
Innate Immunity,TLR Signaling,TBK1 
Innate Immunity,TLR Signaling,TICAM1 
Innate Immunity,TLR Signaling,TICAM2 
Innate Immunity,TLR Signaling,TIRAP 
Innate Immunity,TLR Signaling,TLR1 
Innate Immunity,TLR Signaling,TLR10 
Innate Immunity,TLR Signaling,TLR2 
Innate Immunity,TLR Signaling,TLR3 
Innate Immunity,TLR Signaling,TLR4 
Innate Immunity,TLR Signaling,TLR5 
Innate Immunity,TLR Signaling,TLR6 
Innate Immunity,TLR Signaling,TLR7 
Innate Immunity,TLR Signaling,TLR8 
Innate Immunity,TLR Signaling,TLR9 
Innate Immunity,TLR Signaling,TNF 
Innate Immunity,TLR Signaling,TOLLIP 
Innate Immunity,TLR Signaling,TRAF3 
Innate Immunity,TLR Signaling,TRAF6 
Innate Immunity,TLR Signaling,UBB 
Innate Immunity,TLR Signaling,UBC
Metabolism,Amino Acid Synthesis & Transport,ACSF3 
Metabolism,Amino Acid Synthesis & Transport,ADH1A/B/C 
Metabolism,Amino Acid Synthesis & Transport,ADH4 
Metabolism,Amino Acid Synthesis & Transport,ADH6 
Metabolism,Amino Acid Synthesis & Transport,ARG1 
Metabolism,Amino Acid Synthesis & Transport,ARG2 
Metabolism,Amino Acid Synthesis & Transport,ASL 
Metabolism,Amino Acid Synthesis & Transport,ASNS 
Metabolism,Amino Acid Synthesis & Transport,ASPA 
Metabolism,Amino Acid Synthesis & Transport,BCAT1 
Metabolism,Amino Acid Synthesis & Transport,DNMT1 
Metabolism,Amino Acid Synthesis & Transport,DNMT3A 
Metabolism,Amino Acid Synthesis & Transport,EHHADH 
Metabolism,Amino Acid Synthesis & Transport,EZH2 
Metabolism,Amino Acid Synthesis & Transport,FOLH1 
Metabolism,Amino Acid Synthesis & Transport,GLS 
Metabolism,Amino Acid Synthesis & Transport,GLUD1 
Metabolism,Amino Acid Synthesis & Transport,GLUL 
Metabolism,Amino Acid Synthesis & Transport,GOT1 
Metabolism,Amino Acid Synthesis & Transport,GOT2 
Metabolism,Amino Acid Synthesis & Transport,GPT 
Metabolism,Amino Acid Synthesis & Transport,HDC 
Metabolism,Amino Acid Synthesis & Transport,KMT2C 
Metabolism,Amino Acid Synthesis & Transport,KMT2D 
Metabolism,Amino Acid Synthesis & Transport,KYAT1 
Metabolism,Amino Acid Synthesis & Transport,LDHA 
Metabolism,Amino Acid Synthesis & Transport,LDHB 
Metabolism,Amino Acid Synthesis & Transport,MIF 
Metabolism,Amino Acid Synthesis & Transport,NAT8L 
Metabolism,Amino Acid Synthesis & Transport,NOS1 
Metabolism,Amino Acid Synthesis & Transport,NOS2 
Metabolism,Amino Acid Synthesis & Transport,NOS3 
Metabolism,Amino Acid Synthesis & Transport,NSD1 
Metabolism,Amino Acid Synthesis & Transport,NSD2 
Metabolism,Amino Acid Synthesis & Transport,NSD3 
Metabolism,Amino Acid Synthesis & Transport,OAT 
Metabolism,Amino Acid Synthesis & Transport,P4HA1 
Metabolism,Amino Acid Synthesis & Transport,P4HA2 
Metabolism,Amino Acid Synthesis & Transport,PHGDH 
Metabolism,Amino Acid Synthesis & Transport,PLOD2 
Metabolism,Amino Acid Synthesis & Transport,PSAT1 
Metabolism,Amino Acid Synthesis & Transport,PSPH 
Metabolism,Amino Acid Synthesis & Transport,PYCR1 
Metabolism,Amino Acid Synthesis & Transport,PYCR2 
Metabolism,Amino Acid Synthesis & Transport,PYCR3 
Metabolism,Amino Acid Synthesis & Transport,RIMKLA 
Metabolism,Amino Acid Synthesis & Transport,RIMKLB 
Metabolism,Amino Acid Synthesis & Transport,SETD2 
Metabolism,Amino Acid Synthesis & Transport,SFXN1 
Metabolism,Amino Acid Synthesis & Transport,SLC16A2 
Metabolism,Amino Acid Synthesis & Transport,SLC1A5 
Metabolism,Amino Acid Synthesis & Transport,SLC7A5 
Metabolism,Amino Acid Synthesis & Transport,SRR 
Metabolism,Amino Acid Synthesis & Transport,SUV39H2 
Metabolism,Amino Acid Synthesis & Transport,TPO
Metabolism,Arginine Metabolism,ACY1 
Metabolism,Arginine Metabolism,ARG1 
Metabolism,Arginine Metabolism,ARG2 
Metabolism,Arginine Metabolism,ASL 
Metabolism,Arginine Metabolism,GLS 
Metabolism,Arginine Metabolism,GLUD1 
Metabolism,Arginine Metabolism,GLUL 
Metabolism,Arginine Metabolism,GOT1 
Metabolism,Arginine Metabolism,GOT2 
Metabolism,Arginine Metabolism,GPT 
Metabolism,Arginine Metabolism,NOS1 
Metabolism,Arginine Metabolism,NOS2 
Metabolism,Arginine Metabolism,NOS3 
Metabolism,Arginine Metabolism,OTC
Metabolism,Fatty Acid Oxidation,ACOT12 
Metabolism,Fatty Acid Oxidation,ADH1A/B/C 
Metabolism,Fatty Acid Oxidation,ADH4 
Metabolism,Fatty Acid Oxidation,ADH6 
Metabolism,Fatty Acid Oxidation,CYP4A11/22
Metabolism,Fatty Acid Oxidation,EHHADH 
Metabolism,Fatty Acid Oxidation,MCAT 
Metabolism,Fatty Acid Oxidation,PRKAA2 
Metabolism,Fatty Acid Oxidation,THEM4
Metabolism,Fatty Acid Synthesis,ACSF3 
Metabolism,Fatty Acid Synthesis,HACD2 
Metabolism,Fatty Acid Synthesis,HSD17B8 
Metabolism,Fatty Acid Synthesis,MCAT 
Metabolism,Fatty Acid Synthesis,SLC25A1 
Metabolism,Fatty Acid Synthesis,TECR
Metabolism,Glutamine Metabolism,ASNS 
Metabolism,Glutamine Metabolism,ASPA 
Metabolism,Glutamine Metabolism,ASPG 
Metabolism,Glutamine Metabolism,DGLUCY 
Metabolism,Glutamine Metabolism,FOLH1 
Metabolism,Glutamine Metabolism,GADL1 
Metabolism,Glutamine Metabolism,GLS 
Metabolism,Glutamine Metabolism,GLUD1 
Metabolism,Glutamine Metabolism,GLUL 
Metabolism,Glutamine Metabolism,GPT 
Metabolism,Glutamine Metabolism,KYAT1 
Metabolism,Glutamine Metabolism,NAALAD2 
Metabolism,Glutamine Metabolism,NAT8L 
Metabolism,Glutamine Metabolism,OAT 
Metabolism,Glutamine Metabolism,PHGDH 
Metabolism,Glutamine Metabolism,PSAT1 
Metabolism,Glutamine Metabolism,PSPH 
Metabolism,Glutamine Metabolism,PYCR1 
Metabolism,Glutamine Metabolism,PYCR2 
Metabolism,Glutamine Metabolism,PYCR3 
Metabolism,Glutamine Metabolism,RIMKLA 
Metabolism,Glutamine Metabolism,RIMKLB 
Metabolism,Glutamine Metabolism,SERINC1 
Metabolism,Glutamine Metabolism,SERINC2 
Metabolism,Glutamine Metabolism,SERINC3 
Metabolism,Glutamine Metabolism,SERINC5 
Metabolism,Glutamine Metabolism,SRR
Metabolism,Glycolysis & Glucose Transport,ADH1A/B/C 
Metabolism,Glycolysis & Glucose Transport,ADH4 
Metabolism,Glycolysis & Glucose Transport,ADH6 
Metabolism,Glycolysis & Glucose Transport,ALDOA 
Metabolism,Glycolysis & Glucose Transport,ALDOC 
Metabolism,Glycolysis & Glucose Transport,ENO1 
Metabolism,Glycolysis & Glucose Transport,FBP1 
Metabolism,Glycolysis & Glucose Transport,GPI 
Metabolism,Glycolysis & Glucose Transport,HK1 
Metabolism,Glycolysis & Glucose Transport,HK2 
Metabolism,Glycolysis & Glucose Transport,LDHA 
Metabolism,Glycolysis & Glucose Transport,LDHB 
Metabolism,Glycolysis & Glucose Transport,NDC1 
Metabolism,Glycolysis & Glucose Transport,NUP107 
Metabolism,Glycolysis & Glucose Transport,PCK1 
Metabolism,Glycolysis & Glucose Transport,PCK2 
Metabolism,Glycolysis & Glucose Transport,PFKFB3 
Metabolism,Glycolysis & Glucose Transport,PFKM 
Metabolism,Glycolysis & Glucose Transport,PGM2 
Metabolism,Glycolysis & Glucose Transport,PKM 
Metabolism,Glycolysis & Glucose Transport,PPP2CB 
Metabolism,Glycolysis & Glucose Transport,PPP2R1A 
Metabolism,Glycolysis & Glucose Transport,PRKACA 
Metabolism,Glycolysis & Glucose Transport,PRKACB 
Metabolism,Glycolysis & Glucose Transport,PRKACG 
Metabolism,Glycolysis & Glucose Transport,RANBP2 
Metabolism,Glycolysis & Glucose Transport,RRAD 
Metabolism,Glycolysis & Glucose Transport,TPI1 
Metabolism,Glycolysis & Glucose Transport,TPR
Metabolism,Glycosylation,ANKRD28 
Metabolism,Glycosylation,AREG 
Metabolism,Glycosylation,CD55 
Metabolism,Glycosylation,CD59 
Metabolism,Glycosylation,CFP 
Metabolism,Glycosylation,FUT5 
Metabolism,Glycosylation,FUT8 
Metabolism,Glycosylation,RPS27A 
Metabolism,Glycosylation,SERPINA1 
Metabolism,Glycosylation,ST6GAL1 
Metabolism,Glycosylation,UBB 
Metabolism,Glycosylation,UBC
Metabolism,IDH1/2,ABL1 
Metabolism,IDH1/2,ASL 
Metabolism,IDH1/2,FH 
Metabolism,IDH1/2,IDH1 
Metabolism,IDH1/2,IDH2 
Metabolism,IDH1/2,KEAP1 
Metabolism,IDH1/2,NFE2L2 
Metabolism,IDH1/2,PDGFRA 
Metabolism,IDH1/2,SDHA 
Metabolism,IDH1/2,TET2
Metabolism,Lipid Metabolism,ACOT12 
Metabolism,Lipid Metabolism,ACSF3 
Metabolism,Lipid Metabolism,AKR1C4 
Metabolism,Lipid Metabolism,ANGPTL4 
Metabolism,Lipid Metabolism,APOA1 
Metabolism,Lipid Metabolism,APOA2 
Metabolism,Lipid Metabolism,APOL6 
Metabolism,Lipid Metabolism,ARNT 
Metabolism,Lipid Metabolism,ARNT2 
Metabolism,Lipid Metabolism,BLVRA 
Metabolism,Lipid Metabolism,CD36 
Metabolism,Lipid Metabolism,CES3 
Metabolism,Lipid Metabolism,CPA3 
Metabolism,Lipid Metabolism,CREBBP 
Metabolism,Lipid Metabolism,CYP19A1 
Metabolism,Lipid Metabolism,CYP4A11/22 
Metabolism,Lipid Metabolism,CYP8B1 
Metabolism,Lipid Metabolism,EHHADH 
Metabolism,Lipid Metabolism,EP300 
Metabolism,Lipid Metabolism,GPX1 
Metabolism,Lipid Metabolism,GPX4 
Metabolism,Lipid Metabolism,HACD2 
Metabolism,Lipid Metabolism,HDAC3 
Metabolism,Lipid Metabolism,HPGD 
Metabolism,Lipid Metabolism,HSD11B1 
Metabolism,Lipid Metabolism,HSD17B8 
Metabolism,Lipid Metabolism,INPP5D 
Metabolism,Lipid Metabolism,LRP2 
Metabolism,Lipid Metabolism,MAPKAPK2 
Metabolism,Lipid Metabolism,MCAT 
Metabolism,Lipid Metabolism,MED12 
Metabolism,Lipid Metabolism,MTF1 
Metabolism,Lipid Metabolism,NAT1 
Metabolism,Lipid Metabolism,NCOR1 
Metabolism,Lipid Metabolism,NPM2 
Metabolism,Lipid Metabolism,PALMD 
Metabolism,Lipid Metabolism,PIAS4 
Metabolism,Lipid Metabolism,PIK3CA 
Metabolism,Lipid Metabolism,PIK3CB 
Metabolism,Lipid Metabolism,PIK3CD 
Metabolism,Lipid Metabolism,PIK3CG 
Metabolism,Lipid Metabolism,PIK3R1 
Metabolism,Lipid Metabolism,PIK3R2 
Metabolism,Lipid Metabolism,PIK3R3 
Metabolism,Lipid Metabolism,PIK3R5 
Metabolism,Lipid Metabolism,PLA1A 
Metabolism,Lipid Metabolism,PLA2G10 
Metabolism,Lipid Metabolism,PLA2G1B 
Metabolism,Lipid Metabolism,PLA2G2A 
Metabolism,Lipid Metabolism,PLA2G3 
Metabolism,Lipid Metabolism,PLA2G4A 
Metabolism,Lipid Metabolism,PLA2G4C 
Metabolism,Lipid Metabolism,PLA2G4E 
Metabolism,Lipid Metabolism,PLA2G4F 
Metabolism,Lipid Metabolism,PLA2G5 
Metabolism,Lipid Metabolism,PLA2G6 
Metabolism,Lipid Metabolism,PLD1 
Metabolism,Lipid Metabolism,PPARG 
Metabolism,Lipid Metabolism,PPARGC1A 
Metabolism,Lipid Metabolism,PPARGC1B 
Metabolism,Lipid Metabolism,PRKAA2 
Metabolism,Lipid Metabolism,PRKACA 
Metabolism,Lipid Metabolism,PRKACB 
Metabolism,Lipid Metabolism,PRKACG 
Metabolism,Lipid Metabolism,PTEN 
Metabolism,Lipid Metabolism,PTGS2 
Metabolism,Lipid Metabolism,RIN1 
Metabolism,Lipid Metabolism,RORA 
Metabolism,Lipid Metabolism,SIN3A 
Metabolism,Lipid Metabolism,SLC25A1 
Metabolism,Lipid Metabolism,SMPD3 
Metabolism,Lipid Metabolism,SP1 
Metabolism,Lipid Metabolism,SRD5A2 
Metabolism,Lipid Metabolism,TBL1XR1 
Metabolism,Lipid Metabolism,TBXAS1 
Metabolism,Lipid Metabolism,TECR 
Metabolism,Lipid Metabolism,THEM4 
Metabolism,Lipid Metabolism,TPTE
Metabolism,Mitochondrial Metabolism,ATF2 
Metabolism,Mitochondrial Metabolism,ATP5F1D 
Metabolism,Mitochondrial Metabolism,ATP5ME 
Metabolism,Mitochondrial Metabolism,COX4I1 
Metabolism,Mitochondrial Metabolism,COX5B 
Metabolism,Mitochondrial Metabolism,COX6A1 
Metabolism,Mitochondrial Metabolism,COX6B1 
Metabolism,Mitochondrial Metabolism,CREB1 
Metabolism,Mitochondrial Metabolism,CREBBP 
Metabolism,Mitochondrial Metabolism,ECSIT 
Metabolism,Mitochondrial Metabolism,FH 
Metabolism,Mitochondrial Metabolism,GABPA 
Metabolism,Mitochondrial Metabolism,GLUD1 
Metabolism,Mitochondrial Metabolism,HDAC3 
Metabolism,Mitochondrial Metabolism,IDH2 
Metabolism,Mitochondrial Metabolism,LDHA 
Metabolism,Mitochondrial Metabolism,LDHB 
Metabolism,Mitochondrial Metabolism,MAPK11 
Metabolism,Mitochondrial Metabolism,MAPK12 
Metabolism,Mitochondrial Metabolism,MAPK14 
Metabolism,Mitochondrial Metabolism,ME2 
Metabolism,Mitochondrial Metabolism,MEF2C 
Metabolism,Mitochondrial Metabolism,NCOR1 
Metabolism,Mitochondrial Metabolism,NDUFA1 
Metabolism,Mitochondrial Metabolism,NDUFA11 
Metabolism,Mitochondrial Metabolism,NDUFA12 
Metabolism,Mitochondrial Metabolism,NDUFA13 
Metabolism,Mitochondrial Metabolism,NDUFA2 
Metabolism,Mitochondrial Metabolism,NDUFA3 
Metabolism,Mitochondrial Metabolism,NDUFA4L2 
Metabolism,Mitochondrial Metabolism,NDUFA6 
Metabolism,Mitochondrial Metabolism,NDUFA7 
Metabolism,Mitochondrial Metabolism,NDUFB1 
Metabolism,Mitochondrial Metabolism,NDUFB10 
Metabolism,Mitochondrial Metabolism,NDUFB11 
Metabolism,Mitochondrial Metabolism,NDUFB4 
Metabolism,Mitochondrial Metabolism,NDUFB7 
Metabolism,Mitochondrial Metabolism,NDUFB8 
Metabolism,Mitochondrial Metabolism,NDUFS7 
Metabolism,Mitochondrial Metabolism,NDUFS8 
Metabolism,Mitochondrial Metabolism,PDK1 
Metabolism,Mitochondrial Metabolism,PPARGC1A 
Metabolism,Mitochondrial Metabolism,PPARGC1B 
Metabolism,Mitochondrial Metabolism,PRKAA2 
Metabolism,Mitochondrial Metabolism,SDHA 
Metabolism,Mitochondrial Metabolism,SIRT4 
Metabolism,Mitochondrial Metabolism,SLC16A1 
Metabolism,Mitochondrial Metabolism,SOD2 
Metabolism,Mitochondrial Metabolism,TBL1XR1 
Metabolism,Mitochondrial Metabolism,UQCR10 
Metabolism,Mitochondrial Metabolism,UQCR11 
Metabolism,Mitochondrial Metabolism,UQCRQ
Metabolism,Nucleotide Synthesis,ADA 
Metabolism,Nucleotide Synthesis,ENTPD1 
Metabolism,Nucleotide Synthesis,HPRT1 
Metabolism,Nucleotide Synthesis,NT5E 
Metabolism,Nucleotide Synthesis,PGM2 
Metabolism,Nucleotide Synthesis,PKM 
Metabolism,Nucleotide Synthesis,PRUNE1 
Metabolism,Nucleotide Synthesis,RRM2 
Metabolism,Nucleotide Synthesis,TYMP 
Metabolism,Nucleotide Synthesis,TYMS
Metabolism,Pentose Phosphate,ALDOA 
Metabolism,Pentose Phosphate,ALDOC 
Metabolism,Pentose Phosphate,FBP1 
Metabolism,Pentose Phosphate,G6PD 
Metabolism,Pentose Phosphate,GPI 
Metabolism,Pentose Phosphate,PFKM 
Metabolism,Pentose Phosphate,PGM2
Metabolism,Tryptophan & Kynurenine Metabolism,EHHADH 
Metabolism,Tryptophan & Kynurenine Metabolism,IDO1 
Metabolism,Tryptophan & Kynurenine Metabolism,KYAT1 
Metabolism,Tryptophan & Kynurenine Metabolism,TDO2
Metabolism,Vitamin & Cofactor Metabolism,AKR1C4 
Metabolism,Vitamin & Cofactor Metabolism,AKT1 
Metabolism,Vitamin & Cofactor Metabolism,APOA1 
Metabolism,Vitamin & Cofactor Metabolism,APOA2 
Metabolism,Vitamin & Cofactor Metabolism,APOA4 
Metabolism,Vitamin & Cofactor Metabolism,APOB 
Metabolism,Vitamin & Cofactor Metabolism,APOC2 
Metabolism,Vitamin & Cofactor Metabolism,APOC3 
Metabolism,Vitamin & Cofactor Metabolism,APOE 
Metabolism,Vitamin & Cofactor Metabolism,APOM 
Metabolism,Vitamin & Cofactor Metabolism,BST1 
Metabolism,Vitamin & Cofactor Metabolism,CD38 
Metabolism,Vitamin & Cofactor Metabolism,CYP8B1 
Metabolism,Vitamin & Cofactor Metabolism,GPC4 
Metabolism,Vitamin & Cofactor Metabolism,IDH1 
Metabolism,Vitamin & Cofactor Metabolism,LRP1 
Metabolism,Vitamin & Cofactor Metabolism,LRP2 
Metabolism,Vitamin & Cofactor Metabolism,NOS3 
Metabolism,Vitamin & Cofactor Metabolism,NT5E 
Metabolism,Vitamin & Cofactor Metabolism,PARP4 
Metabolism,Vitamin & Cofactor Metabolism,PARP9 
Metabolism,Vitamin & Cofactor Metabolism,PC 
Metabolism,Vitamin & Cofactor Metabolism,PTGS2 
Metabolism,Vitamin & Cofactor Metabolism,RBP4 
Metabolism,Vitamin & Cofactor Metabolism,RNLS 
Metabolism,Vitamin & Cofactor Metabolism,SLC2A1 
Metabolism,Vitamin & Cofactor Metabolism,TTPA 
Metabolism,Vitamin & Cofactor Metabolism,TTR
Physiology & Disease,Angiotensin System,CMA1 
Physiology & Disease,Angiotensin System,CPA3 
Physiology & Disease,Angiotensin System,CTSG 
Physiology & Disease,Angiotensin System,MME 
Physiology & Disease,Angiotensin System,REN
Physiology & Disease,Circadian Clock,ATF2 
Physiology & Disease,Circadian Clock,CREB1 
Physiology & Disease,Circadian Clock,CREBBP 
Physiology & Disease,Circadian Clock,CUL1 
Physiology & Disease,Circadian Clock,EP300 
Physiology & Disease,Circadian Clock,HDAC3 
Physiology & Disease,Circadian Clock,HIF1A 
Physiology & Disease,Circadian Clock,MEF2C 
Physiology & Disease,Circadian Clock,NCOR1 
Physiology & Disease,Circadian Clock,NFIL3 
Physiology & Disease,Circadian Clock,NR3C1 
Physiology & Disease,Circadian Clock,PPARGC1A 
Physiology & Disease,Circadian Clock,PRKAA2 
Physiology & Disease,Circadian Clock,RBX1 
Physiology & Disease,Circadian Clock,RORA 
Physiology & Disease,Circadian Clock,RORC 
Physiology & Disease,Circadian Clock,RPS27A 
Physiology & Disease,Circadian Clock,SKP1 
Physiology & Disease,Circadian Clock,SREBF1 
Physiology & Disease,Circadian Clock,TBL1XR1 
Physiology & Disease,Circadian Clock,UBB 
Physiology & Disease,Circadian Clock,UBC
Physiology & Disease,Drug Resistance,ABCB1 
Physiology & Disease,Drug Resistance,TAP1 
Physiology & Disease,Drug Resistance,TAP2
Physiology & Disease,Glioma,AKT1 
Physiology & Disease,Glioma,AKT2 
Physiology & Disease,Glioma,AKT3 
Physiology & Disease,Glioma,AQP9 
Physiology & Disease,Glioma,BAX 
Physiology & Disease,Glioma,BRAF 
Physiology & Disease,Glioma,CALML3 
Physiology & Disease,Glioma,CALML5 
Physiology & Disease,Glioma,CALML6 
Physiology & Disease,Glioma,CAMK2B 
Physiology & Disease,Glioma,CCND1 
Physiology & Disease,Glioma,CDK4 
Physiology & Disease,Glioma,CDK6 
Physiology & Disease,Glioma,CDKN1A 
Physiology & Disease,Glioma,CDKN2A 
Physiology & Disease,Glioma,DDB2 
Physiology & Disease,Glioma,E2F1 
Physiology & Disease,Glioma,E2F3 
Physiology & Disease,Glioma,EGF 
Physiology & Disease,Glioma,EGFR 
Physiology & Disease,Glioma,GADD45A 
Physiology & Disease,Glioma,GADD45B 
Physiology & Disease,Glioma,GADD45G 
Physiology & Disease,Glioma,GRB2 
Physiology & Disease,Glioma,HRAS 
Physiology & Disease,Glioma,IGF1 
Physiology & Disease,Glioma,IGF1R 
Physiology & Disease,Glioma,KRAS 
Physiology & Disease,Glioma,MAP2K1 
Physiology & Disease,Glioma,MAP2K2 
Physiology & Disease,Glioma,MAPK1 
Physiology & Disease,Glioma,MAPK3 
Physiology & Disease,Glioma,MDM2 
Physiology & Disease,Glioma,MTOR 
Physiology & Disease,Glioma,NRAS 
Physiology & Disease,Glioma,PDGFA 
Physiology & Disease,Glioma,PDGFB 
Physiology & Disease,Glioma,PDGFRA 
Physiology & Disease,Glioma,PDGFRB 
Physiology & Disease,Glioma,PIK3CA 
Physiology & Disease,Glioma,PIK3CB 
Physiology & Disease,Glioma,PIK3CD 
Physiology & Disease,Glioma,PIK3R1 
Physiology & Disease,Glioma,PIK3R2 
Physiology & Disease,Glioma,PIK3R3 
Physiology & Disease,Glioma,PLCG2 
Physiology & Disease,Glioma,PRKCA 
Physiology & Disease,Glioma,PRKCB 
Physiology & Disease,Glioma,PRKCG 
Physiology & Disease,Glioma,PTEN 
Physiology & Disease,Glioma,RAF1 
Physiology & Disease,Glioma,RB1 
Physiology & Disease,Glioma,SHC1 
Physiology & Disease,Glioma,SHC2 
Physiology & Disease,Glioma,SHC3 
Physiology & Disease,Glioma,SHC4 
Physiology & Disease,Glioma,SOS1 
Physiology & Disease,Glioma,SOS2 
Physiology & Disease,Glioma,TMEM140 
Physiology & Disease,Glioma,TP53
Physiology & Disease,Leukemia,ABL1 
Physiology & Disease,Leukemia,AKT1 
Physiology & Disease,Leukemia,AKT2 
Physiology & Disease,Leukemia,AKT3 
Physiology & Disease,Leukemia,BAD 
Physiology & Disease,Leukemia,BAX 
Physiology & Disease,Leukemia,BCL2A1 
Physiology & Disease,Leukemia,BCL2L1 
Physiology & Disease,Leukemia,BRAF 
Physiology & Disease,Leukemia,CBL 
Physiology & Disease,Leukemia,CCNA1 
Physiology & Disease,Leukemia,CCNA2 
Physiology & Disease,Leukemia,CCND1 
Physiology & Disease,Leukemia,CD14 
Physiology & Disease,Leukemia,CDK4 
Physiology & Disease,Leukemia,CDK6 
Physiology & Disease,Leukemia,CDKN1A 
Physiology & Disease,Leukemia,CDKN1B 
Physiology & Disease,Leukemia,CDKN2A 
Physiology & Disease,Leukemia,CEBPA 
Physiology & Disease,Leukemia,CEBPE 
Physiology & Disease,Leukemia,CHUK 
Physiology & Disease,Leukemia,CSF1R 
Physiology & Disease,Leukemia,CSF2 
Physiology & Disease,Leukemia,DDB2 
Physiology & Disease,Leukemia,DDX43 
Physiology & Disease,Leukemia,DUSP6 
Physiology & Disease,Leukemia,E2F1 
Physiology & Disease,Leukemia,E2F3 
Physiology & Disease,Leukemia,EIF4EBP1 
Physiology & Disease,Leukemia,FCGR1A 
Physiology & Disease,Leukemia,FLT3 
Physiology & Disease,Leukemia,GADD45A 
Physiology & Disease,Leukemia,GADD45B 
Physiology & Disease,Leukemia,GADD45G 
Physiology & Disease,Leukemia,GRB2 
Physiology & Disease,Leukemia,HDAC1 
Physiology & Disease,Leukemia,HDAC2 
Physiology & Disease,Leukemia,HRAS 
Physiology & Disease,Leukemia,IKBKB 
Physiology & Disease,Leukemia,IKBKG 
Physiology & Disease,Leukemia,IL3 
Physiology & Disease,Leukemia,ITGAM 
Physiology & Disease,Leukemia,JUP 
Physiology & Disease,Leukemia,KIT 
Physiology & Disease,Leukemia,KRAS 
Physiology & Disease,Leukemia,LEF1 
Physiology & Disease,Leukemia,MAP2K1 
Physiology & Disease,Leukemia,MAP2K2 
Physiology & Disease,Leukemia,MAPK1 
Physiology & Disease,Leukemia,MAPK3 
Physiology & Disease,Leukemia,MDM2 
Physiology & Disease,Leukemia,MECOM 
Physiology & Disease,Leukemia,MPO 
Physiology & Disease,Leukemia,MTOR 
Physiology & Disease,Leukemia,MYC 
Physiology & Disease,Leukemia,NFKB1 
Physiology & Disease,Leukemia,NFKBIA 
Physiology & Disease,Leukemia,NRAS 
Physiology & Disease,Leukemia,PIK3CA 
Physiology & Disease,Leukemia,PIK3CB 
Physiology & Disease,Leukemia,PIK3CD 
Physiology & Disease,Leukemia,PIK3R1 
Physiology & Disease,Leukemia,PIK3R2 
Physiology & Disease,Leukemia,PIK3R3 
Physiology & Disease,Leukemia,PIM1 
Physiology & Disease,Leukemia,PML 
Physiology & Disease,Leukemia,PTPN11 
Physiology & Disease,Leukemia,RAF1 
Physiology & Disease,Leukemia,RB1 
Physiology & Disease,Leukemia,RELA 
Physiology & Disease,Leukemia,RPS6KB1 
Physiology & Disease,Leukemia,RUNX1 
Physiology & Disease,Leukemia,RUNX1T1 
Physiology & Disease,Leukemia,SHC1 
Physiology & Disease,Leukemia,SHC2 
Physiology & Disease,Leukemia,SHC3 
Physiology & Disease,Leukemia,SHC4 
Physiology & Disease,Leukemia,SMAD3 
Physiology & Disease,Leukemia,SMAD4 
Physiology & Disease,Leukemia,SOS1 
Physiology & Disease,Leukemia,SOS2 
Physiology & Disease,Leukemia,STAT3 
Physiology & Disease,Leukemia,STAT5B 
Physiology & Disease,Leukemia,TCF7 
Physiology & Disease,Leukemia,TCF7L1 
Physiology & Disease,Leukemia,TGFB1 
Physiology & Disease,Leukemia,TGFB2 
Physiology & Disease,Leukemia,TGFB3 
Physiology & Disease,Leukemia,TGFBR1 
Physiology & Disease,Leukemia,TGFBR2 
Physiology & Disease,Leukemia,TP53 
Physiology & Disease,Leukemia,ZBTB16
Physiology & Disease,Matrix Remodeling and Metastasis,A2M 
Physiology & Disease,Matrix Remodeling and Metastasis,ADM 
Physiology & Disease,Matrix Remodeling and Metastasis,ANKRD28 
Physiology & Disease,Matrix Remodeling and Metastasis,CAPN2 
Physiology & Disease,Matrix Remodeling and Metastasis,CASP3 
Physiology & Disease,Matrix Remodeling and Metastasis,CD44 
Physiology & Disease,Matrix Remodeling and Metastasis,CDH1 
Physiology & Disease,Matrix Remodeling and Metastasis,CLEC14A 
Physiology & Disease,Matrix Remodeling and Metastasis,CMA1 
Physiology & Disease,Matrix Remodeling and Metastasis,COL11A1 
Physiology & Disease,Matrix Remodeling and Metastasis,COL11A2 
Physiology & Disease,Matrix Remodeling and Metastasis,COL17A1 
Physiology & Disease,Matrix Remodeling and Metastasis,COL1A1 
Physiology & Disease,Matrix Remodeling and Metastasis,COL1A2 
Physiology & Disease,Matrix Remodeling and Metastasis,COL2A1 
Physiology & Disease,Matrix Remodeling and Metastasis,COL3A1 
Physiology & Disease,Matrix Remodeling and Metastasis,COL4A3 
Physiology & Disease,Matrix Remodeling and Metastasis,COL4A4 
Physiology & Disease,Matrix Remodeling and Metastasis,COL4A5 
Physiology & Disease,Matrix Remodeling and Metastasis,COL4A6 
Physiology & Disease,Matrix Remodeling and Metastasis,CST2 
Physiology & Disease,Matrix Remodeling and Metastasis,CTSG 
Physiology & Disease,Matrix Remodeling and Metastasis,CTSL 
Physiology & Disease,Matrix Remodeling and Metastasis,CTSS 
Physiology & Disease,Matrix Remodeling and Metastasis,DPP4 
Physiology & Disease,Matrix Remodeling and Metastasis,ELANE 
Physiology & Disease,Matrix Remodeling and Metastasis,FAP 
Physiology & Disease,Matrix Remodeling and Metastasis,GDF15 
Physiology & Disease,Matrix Remodeling and Metastasis,IER3 
Physiology & Disease,Matrix Remodeling and Metastasis,KRT7 
Physiology & Disease,Matrix Remodeling and Metastasis,LAMA3 
Physiology & Disease,Matrix Remodeling and Metastasis,LAMA5 
Physiology & Disease,Matrix Remodeling and Metastasis,LAMB3 
Physiology & Disease,Matrix Remodeling and Metastasis,LAMC2 
Physiology & Disease,Matrix Remodeling and Metastasis,LTK 
Physiology & Disease,Matrix Remodeling and Metastasis,MMP1 
Physiology & Disease,Matrix Remodeling and Metastasis,MMP11 
Physiology & Disease,Matrix Remodeling and Metastasis,MMP3 
Physiology & Disease,Matrix Remodeling and Metastasis,MMP7 
Physiology & Disease,Matrix Remodeling and Metastasis,MMP9 
Physiology & Disease,Matrix Remodeling and Metastasis,MMRN2 
Physiology & Disease,Matrix Remodeling and Metastasis,MYCT1 
Physiology & Disease,Matrix Remodeling and Metastasis,NID2 
Physiology & Disease,Matrix Remodeling and Metastasis,OLFML2B 
Physiology & Disease,Matrix Remodeling and Metastasis,PGPEP1 
Physiology & Disease,Matrix Remodeling and Metastasis,PSEN1 
Physiology & Disease,Matrix Remodeling and Metastasis,ROBO4 
Physiology & Disease,Matrix Remodeling and Metastasis,SERPINH1 
Physiology & Disease,Matrix Remodeling and Metastasis,SPP1 
Physiology & Disease,Matrix Remodeling and Metastasis,STC1 
Physiology & Disease,Matrix Remodeling and Metastasis,TIE1 
Physiology & Disease,Matrix Remodeling and Metastasis,TPSAB1/B2
Physiology & Disease,Melanoma,AKT1 
Physiology & Disease,Melanoma,AKT2 
Physiology & Disease,Melanoma,AKT3 
Physiology & Disease,Melanoma,AMBP 
Physiology & Disease,Melanoma,BAD 
Physiology & Disease,Melanoma,BAX 
Physiology & Disease,Melanoma,BRAF 
Physiology & Disease,Melanoma,CCND1 
Physiology & Disease,Melanoma,CDH1 
Physiology & Disease,Melanoma,CDK4 
Physiology & Disease,Melanoma,CDK6 
Physiology & Disease,Melanoma,CDKN1A 
Physiology & Disease,Melanoma,CDKN2A 
Physiology & Disease,Melanoma,DDB2 
Physiology & Disease,Melanoma,E2F1 
Physiology & Disease,Melanoma,E2F3 
Physiology & Disease,Melanoma,EGF 
Physiology & Disease,Melanoma,EGFR 
Physiology & Disease,Melanoma,FGF1 
Physiology & Disease,Melanoma,FGF10 
Physiology & Disease,Melanoma,FGF16 
Physiology & Disease,Melanoma,FGF17 
Physiology & Disease,Melanoma,FGF18 
Physiology & Disease,Melanoma,FGF19 
Physiology & Disease,Melanoma,FGF2 
Physiology & Disease,Melanoma,FGF20 
Physiology & Disease,Melanoma,FGF21 
Physiology & Disease,Melanoma,FGF22 
Physiology & Disease,Melanoma,FGF23 
Physiology & Disease,Melanoma,FGF3 
Physiology & Disease,Melanoma,FGF4 
Physiology & Disease,Melanoma,FGF5 
Physiology & Disease,Melanoma,FGF6 
Physiology & Disease,Melanoma,FGF7 
Physiology & Disease,Melanoma,FGF8 
Physiology & Disease,Melanoma,FGF9 
Physiology & Disease,Melanoma,FGFR1 
Physiology & Disease,Melanoma,GADD45A 
Physiology & Disease,Melanoma,GADD45B 
Physiology & Disease,Melanoma,GADD45G 
Physiology & Disease,Melanoma,HGF 
Physiology & Disease,Melanoma,HRAS 
Physiology & Disease,Melanoma,IGF1 
Physiology & Disease,Melanoma,IGF1R 
Physiology & Disease,Melanoma,KRAS 
Physiology & Disease,Melanoma,MAP2K1 
Physiology & Disease,Melanoma,MAP2K2 
Physiology & Disease,Melanoma,MAPK1 
Physiology & Disease,Melanoma,MAPK3 
Physiology & Disease,Melanoma,MDM2 
Physiology & Disease,Melanoma,MET 
Physiology & Disease,Melanoma,NRAS 
Physiology & Disease,Melanoma,PDGFA 
Physiology & Disease,Melanoma,PDGFB 
Physiology & Disease,Melanoma,PDGFC 
Physiology & Disease,Melanoma,PDGFD 
Physiology & Disease,Melanoma,PDGFRA 
Physiology & Disease,Melanoma,PDGFRB 
Physiology & Disease,Melanoma,PIK3CA 
Physiology & Disease,Melanoma,PIK3CB 
Physiology & Disease,Melanoma,PIK3CD 
Physiology & Disease,Melanoma,PIK3R1 
Physiology & Disease,Melanoma,PIK3R2 
Physiology & Disease,Melanoma,PIK3R3 
Physiology & Disease,Melanoma,PMCH 
Physiology & Disease,Melanoma,PMEL 
Physiology & Disease,Melanoma,PTEN 
Physiology & Disease,Melanoma,RAF1 
Physiology & Disease,Melanoma,RB1 
Physiology & Disease,Melanoma,TP53
Physiology & Disease,Neuroendocrine Function,ASCL1 
Physiology & Disease,Neuroendocrine Function,CEACAM6 
Physiology & Disease,Neuroendocrine Function,HES1 
Physiology & Disease,Neuroendocrine Function,MYC 
Physiology & Disease,Neuroendocrine Function,MYCN 
Physiology & Disease,Neuroendocrine Function,RET 
Physiology & Disease,Neuroendocrine Function,SOX2
Physiology & Disease,Prostate Cancer,AKAP1 
Physiology & Disease,Prostate Cancer,AKT1 
Physiology & Disease,Prostate Cancer,AKT2 
Physiology & Disease,Prostate Cancer,AKT3 
Physiology & Disease,Prostate Cancer,AR 
Physiology & Disease,Prostate Cancer,BAD 
Physiology & Disease,Prostate Cancer,BCL2 
Physiology & Disease,Prostate Cancer,BRAF 
Physiology & Disease,Prostate Cancer,CASP9 
Physiology & Disease,Prostate Cancer,CCND1 
Physiology & Disease,Prostate Cancer,CCNE1 
Physiology & Disease,Prostate Cancer,CCNE2 
Physiology & Disease,Prostate Cancer,CDK2 
Physiology & Disease,Prostate Cancer,CDKN1A 
Physiology & Disease,Prostate Cancer,CDKN1B 
Physiology & Disease,Prostate Cancer,CHUK 
Physiology & Disease,Prostate Cancer,CMTM4 
Physiology & Disease,Prostate Cancer,CREB1 
Physiology & Disease,Prostate Cancer,CREB3L1 
Physiology & Disease,Prostate Cancer,CREB3L3 
Physiology & Disease,Prostate Cancer,CREB3L4 
Physiology & Disease,Prostate Cancer,CREB5 
Physiology & Disease,Prostate Cancer,CREBBP 
Physiology & Disease,Prostate Cancer,CTNNB1 
Physiology & Disease,Prostate Cancer,DDX43 
Physiology & Disease,Prostate Cancer,DIPK2B 
Physiology & Disease,Prostate Cancer,E2F1 
Physiology & Disease,Prostate Cancer,E2F3 
Physiology & Disease,Prostate Cancer,EGF 
Physiology & Disease,Prostate Cancer,EGFR 
Physiology & Disease,Prostate Cancer,EP300 
Physiology & Disease,Prostate Cancer,ERBB2 
Physiology & Disease,Prostate Cancer,ERG 
Physiology & Disease,Prostate Cancer,FGFR1 
Physiology & Disease,Prostate Cancer,FGFR2 
Physiology & Disease,Prostate Cancer,GRB2 
Physiology & Disease,Prostate Cancer,GSK3B 
Physiology & Disease,Prostate Cancer,HRAS 
Physiology & Disease,Prostate Cancer,HSP90B1 
Physiology & Disease,Prostate Cancer,IGF1 
Physiology & Disease,Prostate Cancer,IGF1R 
Physiology & Disease,Prostate Cancer,IKBKB 
Physiology & Disease,Prostate Cancer,IKBKG 
Physiology & Disease,Prostate Cancer,IL1R2 
Physiology & Disease,Prostate Cancer,KRAS 
Physiology & Disease,Prostate Cancer,LEF1 
Physiology & Disease,Prostate Cancer,MAP2K1 
Physiology & Disease,Prostate Cancer,MAP2K2 
Physiology & Disease,Prostate Cancer,MAPK1 
Physiology & Disease,Prostate Cancer,MAPK3 
Physiology & Disease,Prostate Cancer,MDM2 
Physiology & Disease,Prostate Cancer,MMP3 
Physiology & Disease,Prostate Cancer,MMP9 
Physiology & Disease,Prostate Cancer,MTOR 
Physiology & Disease,Prostate Cancer,NFKB1 
Physiology & Disease,Prostate Cancer,NFKBIA 
Physiology & Disease,Prostate Cancer,NKX3-1 
Physiology & Disease,Prostate Cancer,NRAS 
Physiology & Disease,Prostate Cancer,PASD1 
Physiology & Disease,Prostate Cancer,PDGFA 
Physiology & Disease,Prostate Cancer,PDGFB 
Physiology & Disease,Prostate Cancer,PDGFC 
Physiology & Disease,Prostate Cancer,PDGFD 
Physiology & Disease,Prostate Cancer,PDGFRA 
Physiology & Disease,Prostate Cancer,PDGFRB 
Physiology & Disease,Prostate Cancer,PIK3CA 
Physiology & Disease,Prostate Cancer,PIK3CB 
Physiology & Disease,Prostate Cancer,PIK3CD 
Physiology & Disease,Prostate Cancer,PIK3R1 
Physiology & Disease,Prostate Cancer,PIK3R2 
Physiology & Disease,Prostate Cancer,PIK3R3 
Physiology & Disease,Prostate Cancer,PLAT 
Physiology & Disease,Prostate Cancer,PLAU 
Physiology & Disease,Prostate Cancer,PRM1 
Physiology & Disease,Prostate Cancer,PTEN 
Physiology & Disease,Prostate Cancer,RAF1 
Physiology & Disease,Prostate Cancer,RB1 
Physiology & Disease,Prostate Cancer,RELA 
Physiology & Disease,Prostate Cancer,ROPN1 
Physiology & Disease,Prostate Cancer,SOS1 
Physiology & Disease,Prostate Cancer,SOS2 
Physiology & Disease,Prostate Cancer,SPA17 
Physiology & Disease,Prostate Cancer,SPACA3 
Physiology & Disease,Prostate Cancer,SPANXB1 
Physiology & Disease,Prostate Cancer,SRD5A2 
Physiology & Disease,Prostate Cancer,SSX4 
Physiology & Disease,Prostate Cancer,TCF7 
Physiology & Disease,Prostate Cancer,TCF7L1 
Physiology & Disease,Prostate Cancer,TMPRSS2 
Physiology & Disease,Prostate Cancer,TP53 
Physiology & Disease,Prostate Cancer,TPTE 
Physiology & Disease,Prostate Cancer,ZEB1
Signaling Pathways,AMPK Signaling,AKT1 
Signaling Pathways,AMPK Signaling,AKT2 
Signaling Pathways,AMPK Signaling,AKT3 
Signaling Pathways,AMPK Signaling,CCNA1 
Signaling Pathways,AMPK Signaling,CCNA2 
Signaling Pathways,AMPK Signaling,CCND1 
Signaling Pathways,AMPK Signaling,CD36 
Signaling Pathways,AMPK Signaling,CREB1 
Signaling Pathways,AMPK Signaling,CREB3L1 
Signaling Pathways,AMPK Signaling,CREB3L3 
Signaling Pathways,AMPK Signaling,CREB3L4 
Signaling Pathways,AMPK Signaling,CREB5 
Signaling Pathways,AMPK Signaling,EIF4EBP1 
Signaling Pathways,AMPK Signaling,FBP1 
Signaling Pathways,AMPK Signaling,IGF1 
Signaling Pathways,AMPK Signaling,IGF1R 
Signaling Pathways,AMPK Signaling,IRS1 
Signaling Pathways,AMPK Signaling,LEP 
Signaling Pathways,AMPK Signaling,LEPR 
Signaling Pathways,AMPK Signaling,MAP3K7 
Signaling Pathways,AMPK Signaling,MTOR 
Signaling Pathways,AMPK Signaling,PCK1 
Signaling Pathways,AMPK Signaling,PCK2 
Signaling Pathways,AMPK Signaling,PFKFB3 
Signaling Pathways,AMPK Signaling,PFKM 
Signaling Pathways,AMPK Signaling,PIK3CA 
Signaling Pathways,AMPK Signaling,PIK3CB 
Signaling Pathways,AMPK Signaling,PIK3CD 
Signaling Pathways,AMPK Signaling,PIK3R1 
Signaling Pathways,AMPK Signaling,PIK3R2 
Signaling Pathways,AMPK Signaling,PIK3R3 
Signaling Pathways,AMPK Signaling,PPARG 
Signaling Pathways,AMPK Signaling,PPARGC1A 
Signaling Pathways,AMPK Signaling,PPP2CB 
Signaling Pathways,AMPK Signaling,PPP2R1A 
Signaling Pathways,AMPK Signaling,PPP2R2B 
Signaling Pathways,AMPK Signaling,PPP2R2C 
Signaling Pathways,AMPK Signaling,PPP2R3A 
Signaling Pathways,AMPK Signaling,PRKAA2 
Signaling Pathways,AMPK Signaling,RPS6KB1 
Signaling Pathways,AMPK Signaling,RPTOR 
Signaling Pathways,AMPK Signaling,SREBF1 
Signaling Pathways,AMPK Signaling,STK11 
Signaling Pathways,AMPK Signaling,TSC1
Signaling Pathways,Androgen Signaling,AR 
Signaling Pathways,Androgen Signaling,ARID1A 
Signaling Pathways,Androgen Signaling,B2M 
Signaling Pathways,Androgen Signaling,BRCA1 
Signaling Pathways,Androgen Signaling,CCNE1 
Signaling Pathways,Androgen Signaling,CDC14B 
Signaling Pathways,Androgen Signaling,CTNNB1 
Signaling Pathways,Androgen Signaling,DAB2 
Signaling Pathways,Androgen Signaling,DAXX 
Signaling Pathways,Androgen Signaling,EP300 
Signaling Pathways,Androgen Signaling,HDAC1 
Signaling Pathways,Androgen Signaling,HDAC6 
Signaling Pathways,Androgen Signaling,HPGD 
Signaling Pathways,Androgen Signaling,ID2 
Signaling Pathways,Androgen Signaling,ITGAV 
Signaling Pathways,Androgen Signaling,KLF4 
Signaling Pathways,Androgen Signaling,KRT19 
Signaling Pathways,Androgen Signaling,LIFR 
Signaling Pathways,Androgen Signaling,MAF 
Signaling Pathways,Androgen Signaling,MERTK 
Signaling Pathways,Androgen Signaling,NCOR1 
Signaling Pathways,Androgen Signaling,NKX3-1 
Signaling Pathways,Androgen Signaling,NODAL 
Signaling Pathways,Androgen Signaling,PPARGC1A 
Signaling Pathways,Androgen Signaling,RB1 
Signaling Pathways,Androgen Signaling,RHOA 
Signaling Pathways,Androgen Signaling,SFRP1 
Signaling Pathways,Androgen Signaling,SGK1 
Signaling Pathways,Androgen Signaling,SMARCA4 
Signaling Pathways,Androgen Signaling,TACSTD2 
Signaling Pathways,Androgen Signaling,TARP/TRGC1/2 
Signaling Pathways,Androgen Signaling,TMPRSS2
Signaling Pathways,EGFR Signaling,ADAM12 
Signaling Pathways,EGFR Signaling,AREG 
Signaling Pathways,EGFR Signaling,CBL 
Signaling Pathways,EGFR Signaling,EGF 
Signaling Pathways,EGFR Signaling,EGFR 
Signaling Pathways,EGFR Signaling,HRAS 
Signaling Pathways,EGFR Signaling,NRAS 
Signaling Pathways,EGFR Signaling,PIK3CA 
Signaling Pathways,EGFR Signaling,PIK3R1 
Signaling Pathways,EGFR Signaling,PTPN11 
Signaling Pathways,EGFR Signaling,RPS27A 
Signaling Pathways,EGFR Signaling,SHC1 
Signaling Pathways,EGFR Signaling,SOS1 
Signaling Pathways,EGFR Signaling,SPRY1 
Signaling Pathways,EGFR Signaling,SPRY2 
Signaling Pathways,EGFR Signaling,UBB 
Signaling Pathways,EGFR Signaling,UBC
Signaling Pathways,ERBB2 Signaling,AKT1 
Signaling Pathways,ERBB2 Signaling,AKT2 
Signaling Pathways,ERBB2 Signaling,AKT3 
Signaling Pathways,ERBB2 Signaling,EGF 
Signaling Pathways,ERBB2 Signaling,EGFR 
Signaling Pathways,ERBB2 Signaling,ERBB2 
Signaling Pathways,ERBB2 Signaling,FYN 
Signaling Pathways,ERBB2 Signaling,GRB7 
Signaling Pathways,ERBB2 Signaling,HRAS 
Signaling Pathways,ERBB2 Signaling,NRAS 
Signaling Pathways,ERBB2 Signaling,PIK3CA 
Signaling Pathways,ERBB2 Signaling,PIK3R1 
Signaling Pathways,ERBB2 Signaling,PRKCA 
Signaling Pathways,ERBB2 Signaling,PRKCD 
Signaling Pathways,ERBB2 Signaling,PRKCE 
Signaling Pathways,ERBB2 Signaling,RHOA 
Signaling Pathways,ERBB2 Signaling,RPS27A 
Signaling Pathways,ERBB2 Signaling,SHC1 
Signaling Pathways,ERBB2 Signaling,SOS1 
Signaling Pathways,ERBB2 Signaling,UBB 
Signaling Pathways,ERBB2 Signaling,UBC
Signaling Pathways,Estrogen Signaling,AKT1 
Signaling Pathways,Estrogen Signaling,AKT2 
Signaling Pathways,Estrogen Signaling,AKT3 
Signaling Pathways,Estrogen Signaling,ATF2 
Signaling Pathways,Estrogen Signaling,AXIN1 
Signaling Pathways,Estrogen Signaling,BCL2 
Signaling Pathways,Estrogen Signaling,CALML3 
Signaling Pathways,Estrogen Signaling,CALML5 
Signaling Pathways,Estrogen Signaling,CALML6 
Signaling Pathways,Estrogen Signaling,CCND1 
Signaling Pathways,Estrogen Signaling,CREB1 
Signaling Pathways,Estrogen Signaling,CREB3L1 
Signaling Pathways,Estrogen Signaling,CREB3L3 
Signaling Pathways,Estrogen Signaling,CREB3L4 
Signaling Pathways,Estrogen Signaling,CREB5 
Signaling Pathways,Estrogen Signaling,CREBBP 
Signaling Pathways,Estrogen Signaling,CXCL12 
Signaling Pathways,Estrogen Signaling,CXXC5 
Signaling Pathways,Estrogen Signaling,EGFR 
Signaling Pathways,Estrogen Signaling,EP300 
Signaling Pathways,Estrogen Signaling,ESR1 
Signaling Pathways,Estrogen Signaling,ESR2 
Signaling Pathways,Estrogen Signaling,FOS 
Signaling Pathways,Estrogen Signaling,FOXA1 
Signaling Pathways,Estrogen Signaling,GATA3 
Signaling Pathways,Estrogen Signaling,GNAQ 
Signaling Pathways,Estrogen Signaling,GNAS 
Signaling Pathways,Estrogen Signaling,GRB2 
Signaling Pathways,Estrogen Signaling,H2AX 
Signaling Pathways,Estrogen Signaling,H3-3A 
Signaling Pathways,Estrogen Signaling,HDAC1 
Signaling Pathways,Estrogen Signaling,HRAS 
Signaling Pathways,Estrogen Signaling,HSP90B1 
Signaling Pathways,Estrogen Signaling,HSPA1A 
Signaling Pathways,Estrogen Signaling,HSPA2 
Signaling Pathways,Estrogen Signaling,HSPA6 
Signaling Pathways,Estrogen Signaling,JUN 
Signaling Pathways,Estrogen Signaling,KAT2B 
Signaling Pathways,Estrogen Signaling,KRAS 
Signaling Pathways,Estrogen Signaling,KRT10 
Signaling Pathways,Estrogen Signaling,KRT14 
Signaling Pathways,Estrogen Signaling,KRT17 
Signaling Pathways,Estrogen Signaling,KRT18 
Signaling Pathways,Estrogen Signaling,KRT19 
Signaling Pathways,Estrogen Signaling,MAP2K1 
Signaling Pathways,Estrogen Signaling,MAP2K2 
Signaling Pathways,Estrogen Signaling,MAPK1 
Signaling Pathways,Estrogen Signaling,MAPK3 
Signaling Pathways,Estrogen Signaling,MMP9 
Signaling Pathways,Estrogen Signaling,MYB 
Signaling Pathways,Estrogen Signaling,MYC 
Signaling Pathways,Estrogen Signaling,NOS3 
Signaling Pathways,Estrogen Signaling,NRAS 
Signaling Pathways,Estrogen Signaling,PGR 
Signaling Pathways,Estrogen Signaling,PIK3CA 
Signaling Pathways,Estrogen Signaling,PIK3CB 
Signaling Pathways,Estrogen Signaling,PIK3CD 
Signaling Pathways,Estrogen Signaling,PIK3R1 
Signaling Pathways,Estrogen Signaling,PIK3R2 
Signaling Pathways,Estrogen Signaling,PIK3R3 
Signaling Pathways,Estrogen Signaling,PLCB1 
Signaling Pathways,Estrogen Signaling,PLCB4 
Signaling Pathways,Estrogen Signaling,POLR2A 
Signaling Pathways,Estrogen Signaling,POLR2D 
Signaling Pathways,Estrogen Signaling,POLR2H 
Signaling Pathways,Estrogen Signaling,POLR2J 
Signaling Pathways,Estrogen Signaling,PRKACA 
Signaling Pathways,Estrogen Signaling,PRKACB 
Signaling Pathways,Estrogen Signaling,PRKACG 
Signaling Pathways,Estrogen Signaling,PRKCD 
Signaling Pathways,Estrogen Signaling,RAD21 
Signaling Pathways,Estrogen Signaling,RAF1 
Signaling Pathways,Estrogen Signaling,RUNX1 
Signaling Pathways,Estrogen Signaling,SHC1 
Signaling Pathways,Estrogen Signaling,SHC2 
Signaling Pathways,Estrogen Signaling,SHC3 
Signaling Pathways,Estrogen Signaling,SHC4 
Signaling Pathways,Estrogen Signaling,SMC1A 
Signaling Pathways,Estrogen Signaling,SMC3 
Signaling Pathways,Estrogen Signaling,SOS1 
Signaling Pathways,Estrogen Signaling,SOS2 
Signaling Pathways,Estrogen Signaling,SP1 
Signaling Pathways,Estrogen Signaling,STAG2 
Signaling Pathways,Estrogen Signaling,TBP
Signaling Pathways,FGFR Signaling,BRAF 
Signaling Pathways,FGFR Signaling,CBL 
Signaling Pathways,FGFR Signaling,FGF1 
Signaling Pathways,FGFR Signaling,FGF10 
Signaling Pathways,FGFR Signaling,FGF11 
Signaling Pathways,FGFR Signaling,FGF12 
Signaling Pathways,FGFR Signaling,FGF13 
Signaling Pathways,FGFR Signaling,FGF14 
Signaling Pathways,FGFR Signaling,FGF16 
Signaling Pathways,FGFR Signaling,FGF18 
Signaling Pathways,FGFR Signaling,FGF19 
Signaling Pathways,FGFR Signaling,FGF2 
Signaling Pathways,FGFR Signaling,FGF20 
Signaling Pathways,FGFR Signaling,FGF22 
Signaling Pathways,FGFR Signaling,FGF23 
Signaling Pathways,FGFR Signaling,FGF3 
Signaling Pathways,FGFR Signaling,FGF4 
Signaling Pathways,FGFR Signaling,FGF6 
Signaling Pathways,FGFR Signaling,FGF7 
Signaling Pathways,FGFR Signaling,FGF9 
Signaling Pathways,FGFR Signaling,FGFR4 
Signaling Pathways,FGFR Signaling,HRAS 
Signaling Pathways,FGFR Signaling,MAPK1 
Signaling Pathways,FGFR Signaling,MAPK3 
Signaling Pathways,FGFR Signaling,NRAS 
Signaling Pathways,FGFR Signaling,PIK3CA 
Signaling Pathways,FGFR Signaling,PIK3R1 
Signaling Pathways,FGFR Signaling,POLR2A 
Signaling Pathways,FGFR Signaling,POLR2D 
Signaling Pathways,FGFR Signaling,POLR2H 
Signaling Pathways,FGFR Signaling,POLR2J 
Signaling Pathways,FGFR Signaling,PPP2CB 
Signaling Pathways,FGFR Signaling,PPP2R1A 
Signaling Pathways,FGFR Signaling,PTPN11 
Signaling Pathways,FGFR Signaling,RPS27A 
Signaling Pathways,FGFR Signaling,SOS1 
Signaling Pathways,FGFR Signaling,SPRED1 
Signaling Pathways,FGFR Signaling,SPRY2 
Signaling Pathways,FGFR Signaling,UBB 
Signaling Pathways,FGFR Signaling,UBC
Signaling Pathways,FoxO Signaling,AKT1 
Signaling Pathways,FoxO Signaling,AKT2 
Signaling Pathways,FoxO Signaling,AKT3 
Signaling Pathways,FoxO Signaling,ATG12 
Signaling Pathways,FoxO Signaling,ATM 
Signaling Pathways,FoxO Signaling,BCL6 
Signaling Pathways,FoxO Signaling,BNIP3 
Signaling Pathways,FoxO Signaling,BRAF 
Signaling Pathways,FoxO Signaling,CCNB1 
Signaling Pathways,FoxO Signaling,CCNB3 
Signaling Pathways,FoxO Signaling,CCND1 
Signaling Pathways,FoxO Signaling,CCND2 
Signaling Pathways,FoxO Signaling,CDK2 
Signaling Pathways,FoxO Signaling,CDKN1A 
Signaling Pathways,FoxO Signaling,CDKN1B 
Signaling Pathways,FoxO Signaling,CDKN2B 
Signaling Pathways,FoxO Signaling,CDKN2D 
Signaling Pathways,FoxO Signaling,CHUK 
Signaling Pathways,FoxO Signaling,CREBBP 
Signaling Pathways,FoxO Signaling,EGF 
Signaling Pathways,FoxO Signaling,EGFR 
Signaling Pathways,FoxO Signaling,EP300 
Signaling Pathways,FoxO Signaling,FASLG 
Signaling Pathways,FoxO Signaling,FOXO4 
Signaling Pathways,FoxO Signaling,GADD45A 
Signaling Pathways,FoxO Signaling,GADD45B 
Signaling Pathways,FoxO Signaling,GADD45G 
Signaling Pathways,FoxO Signaling,GRB2 
Signaling Pathways,FoxO Signaling,HRAS 
Signaling Pathways,FoxO Signaling,IGF1 
Signaling Pathways,FoxO Signaling,IGF1R 
Signaling Pathways,FoxO Signaling,IKBKB 
Signaling Pathways,FoxO Signaling,IL10 
Signaling Pathways,FoxO Signaling,IL6 
Signaling Pathways,FoxO Signaling,IL7R 
Signaling Pathways,FoxO Signaling,IRS1 
Signaling Pathways,FoxO Signaling,KRAS 
Signaling Pathways,FoxO Signaling,MAP2K1 
Signaling Pathways,FoxO Signaling,MAP2K2 
Signaling Pathways,FoxO Signaling,MAPK1 
Signaling Pathways,FoxO Signaling,MAPK10 
Signaling Pathways,FoxO Signaling,MAPK11 
Signaling Pathways,FoxO Signaling,MAPK12 
Signaling Pathways,FoxO Signaling,MAPK14 
Signaling Pathways,FoxO Signaling,MAPK3 
Signaling Pathways,FoxO Signaling,MAPK8 
Signaling Pathways,FoxO Signaling,MAPK9 
Signaling Pathways,FoxO Signaling,MDM2 
Signaling Pathways,FoxO Signaling,NRAS 
Signaling Pathways,FoxO Signaling,PCK1 
Signaling Pathways,FoxO Signaling,PCK2 
Signaling Pathways,FoxO Signaling,PIK3CA 
Signaling Pathways,FoxO Signaling,PIK3CB 
Signaling Pathways,FoxO Signaling,PIK3CD 
Signaling Pathways,FoxO Signaling,PIK3R1 
Signaling Pathways,FoxO Signaling,PIK3R2 
Signaling Pathways,FoxO Signaling,PIK3R3 
Signaling Pathways,FoxO Signaling,PLK1 
Signaling Pathways,FoxO Signaling,PRKAA2 
Signaling Pathways,FoxO Signaling,PTEN 
Signaling Pathways,FoxO Signaling,RAF1 
Signaling Pathways,FoxO Signaling,RAG1 
Signaling Pathways,FoxO Signaling,RBL2 
Signaling Pathways,FoxO Signaling,SGK1 
Signaling Pathways,FoxO Signaling,SGK2 
Signaling Pathways,FoxO Signaling,SKP2 
Signaling Pathways,FoxO Signaling,SMAD3 
Signaling Pathways,FoxO Signaling,SMAD4 
Signaling Pathways,FoxO Signaling,SOD2 
Signaling Pathways,FoxO Signaling,SOS1 
Signaling Pathways,FoxO Signaling,SOS2 
Signaling Pathways,FoxO Signaling,STAT3 
Signaling Pathways,FoxO Signaling,STK11 
Signaling Pathways,FoxO Signaling,TGFB1 
Signaling Pathways,FoxO Signaling,TGFB2 
Signaling Pathways,FoxO Signaling,TGFB3 
Signaling Pathways,FoxO Signaling,TGFBR1 
Signaling Pathways,FoxO Signaling,TGFBR2 
Signaling Pathways,FoxO Signaling,TNFSF10
Signaling Pathways,GPCR Signaling,ADGRE1 
Signaling Pathways,GPCR Signaling,ADGRE5 
Signaling Pathways,GPCR Signaling,ADM 
Signaling Pathways,GPCR Signaling,ADORA2A 
Signaling Pathways,GPCR Signaling,AKR1C4 
Signaling Pathways,GPCR Signaling,AKT1 
Signaling Pathways,GPCR Signaling,AKT2 
Signaling Pathways,GPCR Signaling,AKT3 
Signaling Pathways,GPCR Signaling,ANXA1 
Signaling Pathways,GPCR Signaling,APLNR 
Signaling Pathways,GPCR Signaling,APOA1 
Signaling Pathways,GPCR Signaling,APOA2 
Signaling Pathways,GPCR Signaling,APOA4 
Signaling Pathways,GPCR Signaling,APOB 
Signaling Pathways,GPCR Signaling,APOC2 
Signaling Pathways,GPCR Signaling,APOC3 
Signaling Pathways,GPCR Signaling,APOE 
Signaling Pathways,GPCR Signaling,APOM 
Signaling Pathways,GPCR Signaling,APP 
Signaling Pathways,GPCR Signaling,BTK 
Signaling Pathways,GPCR Signaling,C3 
Signaling Pathways,GPCR Signaling,C3AR1 
Signaling Pathways,GPCR Signaling,C5 
Signaling Pathways,GPCR Signaling,C5AR1 
Signaling Pathways,GPCR Signaling,CAMK2B 
Signaling Pathways,GPCR Signaling,CCL1 
Signaling Pathways,GPCR Signaling,CCL11 
Signaling Pathways,GPCR Signaling,CCL13 
Signaling Pathways,GPCR Signaling,CCL16 
Signaling Pathways,GPCR Signaling,CCL17 
Signaling Pathways,GPCR Signaling,CCL19 
Signaling Pathways,GPCR Signaling,CCL2 
Signaling Pathways,GPCR Signaling,CCL20 
Signaling Pathways,GPCR Signaling,CCL21 
Signaling Pathways,GPCR Signaling,CCL22 
Signaling Pathways,GPCR Signaling,CCL25 
Signaling Pathways,GPCR Signaling,CCL27 
Signaling Pathways,GPCR Signaling,CCL28 
Signaling Pathways,GPCR Signaling,CCL3/L1 
Signaling Pathways,GPCR Signaling,CCL4 
Signaling Pathways,GPCR Signaling,CCL5 
Signaling Pathways,GPCR Signaling,CCL7 
Signaling Pathways,GPCR Signaling,CCR1 
Signaling Pathways,GPCR Signaling,CCR2 
Signaling Pathways,GPCR Signaling,CCR3 
Signaling Pathways,GPCR Signaling,CCR4 
Signaling Pathways,GPCR Signaling,CCR5 
Signaling Pathways,GPCR Signaling,CCR6 
Signaling Pathways,GPCR Signaling,CCR7 
Signaling Pathways,GPCR Signaling,CCR9 
Signaling Pathways,GPCR Signaling,CCRL2 
Signaling Pathways,GPCR Signaling,CD55 
Signaling Pathways,GPCR Signaling,CMKLR1 
Signaling Pathways,GPCR Signaling,CREB1 
Signaling Pathways,GPCR Signaling,CX3CL1 
Signaling Pathways,GPCR Signaling,CX3CR1 
Signaling Pathways,GPCR Signaling,CXCL1 
Signaling Pathways,GPCR Signaling,CXCL10 
Signaling Pathways,GPCR Signaling,CXCL11 
Signaling Pathways,GPCR Signaling,CXCL12 
Signaling Pathways,GPCR Signaling,CXCL13 
Signaling Pathways,GPCR Signaling,CXCL16 
Signaling Pathways,GPCR Signaling,CXCL2 
Signaling Pathways,GPCR Signaling,CXCL3 
Signaling Pathways,GPCR Signaling,CXCL5 
Signaling Pathways,GPCR Signaling,CXCL6 
Signaling Pathways,GPCR Signaling,CXCL8 
Signaling Pathways,GPCR Signaling,CXCL9 
Signaling Pathways,GPCR Signaling,CXCR1 
Signaling Pathways,GPCR Signaling,CXCR2 
Signaling Pathways,GPCR Signaling,CXCR3 
Signaling Pathways,GPCR Signaling,CXCR4 
Signaling Pathways,GPCR Signaling,CXCR5 
Signaling Pathways,GPCR Signaling,CXCR6 
Signaling Pathways,GPCR Signaling,DOCK9 
Signaling Pathways,GPCR Signaling,EDN1 
Signaling Pathways,GPCR Signaling,EGFR 
Signaling Pathways,GPCR Signaling,ENG 
Signaling Pathways,GPCR Signaling,F2RL1 
Signaling Pathways,GPCR Signaling,FPR1 
Signaling Pathways,GPCR Signaling,FPR2 
Signaling Pathways,GPCR Signaling,FPR3 
Signaling Pathways,GPCR Signaling,FUT4 
Signaling Pathways,GPCR Signaling,FUT7 
Signaling Pathways,GPCR Signaling,FZD1 
Signaling Pathways,GPCR Signaling,FZD10 
Signaling Pathways,GPCR Signaling,FZD2 
Signaling Pathways,GPCR Signaling,FZD3 
Signaling Pathways,GPCR Signaling,FZD4 
Signaling Pathways,GPCR Signaling,FZD5 
Signaling Pathways,GPCR Signaling,FZD6 
Signaling Pathways,GPCR Signaling,FZD7 
Signaling Pathways,GPCR Signaling,FZD8 
Signaling Pathways,GPCR Signaling,FZD9 
Signaling Pathways,GPCR Signaling,GNA11 
Signaling Pathways,GPCR Signaling,GNAQ 
Signaling Pathways,GPCR Signaling,GNAS 
Signaling Pathways,GPCR Signaling,GNG12 
Signaling Pathways,GPCR Signaling,GNG4 
Signaling Pathways,GPCR Signaling,GNG7 
Signaling Pathways,GPCR Signaling,GNGT1 
Signaling Pathways,GPCR Signaling,GPC4 
Signaling Pathways,GPCR Signaling,GPSM3 
Signaling Pathways,GPCR Signaling,HRAS 
Signaling Pathways,GPCR Signaling,IHH 
Signaling Pathways,GPCR Signaling,LRP1 
Signaling Pathways,GPCR Signaling,LRP2 
Signaling Pathways,GPCR Signaling,MAPK1 
Signaling Pathways,GPCR Signaling,MAPK3 
Signaling Pathways,GPCR Signaling,MFGE8 
Signaling Pathways,GPCR Signaling,MMP3 
Signaling Pathways,GPCR Signaling,NRAS 
Signaling Pathways,GPCR Signaling,OPN3 
Signaling Pathways,GPCR Signaling,P2RY13 
Signaling Pathways,GPCR Signaling,PF4 
Signaling Pathways,GPCR Signaling,PIK3CA 
Signaling Pathways,GPCR Signaling,PIK3CG 
Signaling Pathways,GPCR Signaling,PIK3R1 
Signaling Pathways,GPCR Signaling,PIK3R2 
Signaling Pathways,GPCR Signaling,PIK3R3 
Signaling Pathways,GPCR Signaling,PIK3R5 
Signaling Pathways,GPCR Signaling,PLA2G4A 
Signaling Pathways,GPCR Signaling,PLCB1 
Signaling Pathways,GPCR Signaling,PLCB4 
Signaling Pathways,GPCR Signaling,PMCH 
Signaling Pathways,GPCR Signaling,PNOC 
Signaling Pathways,GPCR Signaling,PPBP 
Signaling Pathways,GPCR Signaling,PPP2CB 
Signaling Pathways,GPCR Signaling,PPP2R1A 
Signaling Pathways,GPCR Signaling,PPP3CA 
Signaling Pathways,GPCR Signaling,PPP3CB 
Signaling Pathways,GPCR Signaling,PPP3CC 
Signaling Pathways,GPCR Signaling,PPP3R1 
Signaling Pathways,GPCR Signaling,PRKACA 
Signaling Pathways,GPCR Signaling,PRKACB 
Signaling Pathways,GPCR Signaling,PRKACG 
Signaling Pathways,GPCR Signaling,PRKAR1B 
Signaling Pathways,GPCR Signaling,PRKAR2A 
Signaling Pathways,GPCR Signaling,PRKAR2B 
Signaling Pathways,GPCR Signaling,PRKCA 
Signaling Pathways,GPCR Signaling,PRKCB 
Signaling Pathways,GPCR Signaling,PRKCD 
Signaling Pathways,GPCR Signaling,PRKCE 
Signaling Pathways,GPCR Signaling,PRKCG 
Signaling Pathways,GPCR Signaling,PRKX 
Signaling Pathways,GPCR Signaling,PTCH1 
Signaling Pathways,GPCR Signaling,PTGDR2 
Signaling Pathways,GPCR Signaling,PTGER4 
Signaling Pathways,GPCR Signaling,RASGRF2 
Signaling Pathways,GPCR Signaling,RASGRP1 
Signaling Pathways,GPCR Signaling,RASGRP2 
Signaling Pathways,GPCR Signaling,RBP4 
Signaling Pathways,GPCR Signaling,RHOA 
Signaling Pathways,GPCR Signaling,RHOB 
Signaling Pathways,GPCR Signaling,ROCK1 
Signaling Pathways,GPCR Signaling,SAA1 
Signaling Pathways,GPCR Signaling,SMO 
Signaling Pathways,GPCR Signaling,SOS1 
Signaling Pathways,GPCR Signaling,SOS2 
Signaling Pathways,GPCR Signaling,TIAM1 
Signaling Pathways,GPCR Signaling,TSHR 
Signaling Pathways,GPCR Signaling,TTR 
Signaling Pathways,GPCR Signaling,WNT10A 
Signaling Pathways,GPCR Signaling,WNT10B 
Signaling Pathways,GPCR Signaling,WNT11 
Signaling Pathways,GPCR Signaling,WNT16 
Signaling Pathways,GPCR Signaling,WNT2 
Signaling Pathways,GPCR Signaling,WNT2B 
Signaling Pathways,GPCR Signaling,WNT3 
Signaling Pathways,GPCR Signaling,WNT3A 
Signaling Pathways,GPCR Signaling,WNT4 
Signaling Pathways,GPCR Signaling,WNT5A 
Signaling Pathways,GPCR Signaling,WNT6 
Signaling Pathways,GPCR Signaling,WNT7A 
Signaling Pathways,GPCR Signaling,WNT7B 
Signaling Pathways,GPCR Signaling,XCL1/2 
Signaling Pathways,GPCR Signaling,XCR1
Signaling Pathways,Hedgehog Signaling,BCL2 
Signaling Pathways,Hedgehog Signaling,CCND1 
Signaling Pathways,Hedgehog Signaling,CCND2 
Signaling Pathways,Hedgehog Signaling,CDK6 
Signaling Pathways,Hedgehog Signaling,CNTFR 
Signaling Pathways,Hedgehog Signaling,CUL1 
Signaling Pathways,Hedgehog Signaling,ETS2 
Signaling Pathways,Hedgehog Signaling,GAS1 
Signaling Pathways,Hedgehog Signaling,GLI1 
Signaling Pathways,Hedgehog Signaling,GLI3 
Signaling Pathways,Hedgehog Signaling,GNAS 
Signaling Pathways,Hedgehog Signaling,GSK3B 
Signaling Pathways,Hedgehog Signaling,HEY1 
Signaling Pathways,Hedgehog Signaling,HHIP 
Signaling Pathways,Hedgehog Signaling,IHH 
Signaling Pathways,Hedgehog Signaling,ITCH 
Signaling Pathways,Hedgehog Signaling,L1CAM 
Signaling Pathways,Hedgehog Signaling,LRP2 
Signaling Pathways,Hedgehog Signaling,NF1 
Signaling Pathways,Hedgehog Signaling,NRP1 
Signaling Pathways,Hedgehog Signaling,PML 
Signaling Pathways,Hedgehog Signaling,PRKACA 
Signaling Pathways,Hedgehog Signaling,PRKACB 
Signaling Pathways,Hedgehog Signaling,PRKACG 
Signaling Pathways,Hedgehog Signaling,PRKAR1B 
Signaling Pathways,Hedgehog Signaling,PRKAR2A 
Signaling Pathways,Hedgehog Signaling,PRKAR2B 
Signaling Pathways,Hedgehog Signaling,PSMB10 
Signaling Pathways,Hedgehog Signaling,PSMB2 
Signaling Pathways,Hedgehog Signaling,PSMB5 
Signaling Pathways,Hedgehog Signaling,PSMB7 
Signaling Pathways,Hedgehog Signaling,PSMB8 
Signaling Pathways,Hedgehog Signaling,PSMB9 
Signaling Pathways,Hedgehog Signaling,PSMC4 
Signaling Pathways,Hedgehog Signaling,PSMD7 
Signaling Pathways,Hedgehog Signaling,PTCH1 
Signaling Pathways,Hedgehog Signaling,RBX1 
Signaling Pathways,Hedgehog Signaling,RPS27A 
Signaling Pathways,Hedgehog Signaling,SKP1 
Signaling Pathways,Hedgehog Signaling,SMO 
Signaling Pathways,Hedgehog Signaling,SPOP 
Signaling Pathways,Hedgehog Signaling,THY1 
Signaling Pathways,Hedgehog Signaling,UBB 
Signaling Pathways,Hedgehog Signaling,UBC 
Signaling Pathways,Hedgehog Signaling,VEGFA
Signaling Pathways,HIF1 Signaling,AKT1 
Signaling Pathways,HIF1 Signaling,AKT2 
Signaling Pathways,HIF1 Signaling,AKT3 
Signaling Pathways,HIF1 Signaling,ALDOA 
Signaling Pathways,HIF1 Signaling,ALDOC 
Signaling Pathways,HIF1 Signaling,ANGPT1 
Signaling Pathways,HIF1 Signaling,ANGPT2 
Signaling Pathways,HIF1 Signaling,ARNT 
Signaling Pathways,HIF1 Signaling,BCL2 
Signaling Pathways,HIF1 Signaling,CAMK2B 
Signaling Pathways,HIF1 Signaling,CDKN1A 
Signaling Pathways,HIF1 Signaling,CDKN1B 
Signaling Pathways,HIF1 Signaling,CREBBP 
Signaling Pathways,HIF1 Signaling,CYBB 
Signaling Pathways,HIF1 Signaling,EDN1 
Signaling Pathways,HIF1 Signaling,EGF 
Signaling Pathways,HIF1 Signaling,EGFR 
Signaling Pathways,HIF1 Signaling,EIF4EBP1 
Signaling Pathways,HIF1 Signaling,ELOB 
Signaling Pathways,HIF1 Signaling,ENO1 
Signaling Pathways,HIF1 Signaling,EP300 
Signaling Pathways,HIF1 Signaling,EPO 
Signaling Pathways,HIF1 Signaling,ERBB2 
Signaling Pathways,HIF1 Signaling,FLT1 
Signaling Pathways,HIF1 Signaling,HIF1A 
Signaling Pathways,HIF1 Signaling,HK1 
Signaling Pathways,HIF1 Signaling,HK2 
Signaling Pathways,HIF1 Signaling,IFNG 
Signaling Pathways,HIF1 Signaling,IFNGR1 
Signaling Pathways,HIF1 Signaling,IFNGR2 
Signaling Pathways,HIF1 Signaling,IGF1 
Signaling Pathways,HIF1 Signaling,IGF1R 
Signaling Pathways,HIF1 Signaling,IL6 
Signaling Pathways,HIF1 Signaling,IL6R 
Signaling Pathways,HIF1 Signaling,LDHA 
Signaling Pathways,HIF1 Signaling,LDHB 
Signaling Pathways,HIF1 Signaling,LTBR 
Signaling Pathways,HIF1 Signaling,MAP2K1 
Signaling Pathways,HIF1 Signaling,MAP2K2 
Signaling Pathways,HIF1 Signaling,MAPK1 
Signaling Pathways,HIF1 Signaling,MAPK3 
Signaling Pathways,HIF1 Signaling,MTOR 
Signaling Pathways,HIF1 Signaling,NFKB1 
Signaling Pathways,HIF1 Signaling,NOS2 
Signaling Pathways,HIF1 Signaling,NOS3 
Signaling Pathways,HIF1 Signaling,PDK1 
Signaling Pathways,HIF1 Signaling,PFKFB3 
Signaling Pathways,HIF1 Signaling,PFKM 
Signaling Pathways,HIF1 Signaling,PIK3CA 
Signaling Pathways,HIF1 Signaling,PIK3CB 
Signaling Pathways,HIF1 Signaling,PIK3CD 
Signaling Pathways,HIF1 Signaling,PIK3R1 
Signaling Pathways,HIF1 Signaling,PIK3R2 
Signaling Pathways,HIF1 Signaling,PIK3R3 
Signaling Pathways,HIF1 Signaling,PLCG2 
Signaling Pathways,HIF1 Signaling,PRKCA 
Signaling Pathways,HIF1 Signaling,PRKCB 
Signaling Pathways,HIF1 Signaling,PRKCG 
Signaling Pathways,HIF1 Signaling,RBX1 
Signaling Pathways,HIF1 Signaling,RELA 
Signaling Pathways,HIF1 Signaling,RPS6 
Signaling Pathways,HIF1 Signaling,RPS6KB1 
Signaling Pathways,HIF1 Signaling,SLC2A1 
Signaling Pathways,HIF1 Signaling,STAT3 
Signaling Pathways,HIF1 Signaling,TFRC 
Signaling Pathways,HIF1 Signaling,TLR4 
Signaling Pathways,HIF1 Signaling,VEGFA 
Signaling Pathways,HIF1 Signaling,VHL
Signaling Pathways,Insulin Signaling,AKT1 
Signaling Pathways,Insulin Signaling,AKT2 
Signaling Pathways,Insulin Signaling,AKT3 
Signaling Pathways,Insulin Signaling,BAD 
Signaling Pathways,Insulin Signaling,BRAF 
Signaling Pathways,Insulin Signaling,CALML3 
Signaling Pathways,Insulin Signaling,CALML5 
Signaling Pathways,Insulin Signaling,CALML6 
Signaling Pathways,Insulin Signaling,CBL 
Signaling Pathways,Insulin Signaling,EIF4EBP1 
Signaling Pathways,Insulin Signaling,ELK1 
Signaling Pathways,Insulin Signaling,FBP1 
Signaling Pathways,Insulin Signaling,FGF1 
Signaling Pathways,Insulin Signaling,FGF10 
Signaling Pathways,Insulin Signaling,FGF16 
Signaling Pathways,Insulin Signaling,FGF18 
Signaling Pathways,Insulin Signaling,FGF19 
Signaling Pathways,Insulin Signaling,FGF2 
Signaling Pathways,Insulin Signaling,FGF20 
Signaling Pathways,Insulin Signaling,FGF22 
Signaling Pathways,Insulin Signaling,FGF23 
Signaling Pathways,Insulin Signaling,FGF3 
Signaling Pathways,Insulin Signaling,FGF4 
Signaling Pathways,Insulin Signaling,FGF6 
Signaling Pathways,Insulin Signaling,FGF7 
Signaling Pathways,Insulin Signaling,FGF9 
Signaling Pathways,Insulin Signaling,FGFR4 
Signaling Pathways,Insulin Signaling,FLT3 
Signaling Pathways,Insulin Signaling,FLT3LG 
Signaling Pathways,Insulin Signaling,GRB2 
Signaling Pathways,Insulin Signaling,GSK3B 
Signaling Pathways,Insulin Signaling,HK1 
Signaling Pathways,Insulin Signaling,HK2 
Signaling Pathways,Insulin Signaling,HRAS 
Signaling Pathways,Insulin Signaling,IKBKB 
Signaling Pathways,Insulin Signaling,IRS1 
Signaling Pathways,Insulin Signaling,KRAS 
Signaling Pathways,Insulin Signaling,MAP2K1 
Signaling Pathways,Insulin Signaling,MAP2K2 
Signaling Pathways,Insulin Signaling,MAPK1 
Signaling Pathways,Insulin Signaling,MAPK10 
Signaling Pathways,Insulin Signaling,MAPK3 
Signaling Pathways,Insulin Signaling,MAPK8 
Signaling Pathways,Insulin Signaling,MAPK9 
Signaling Pathways,Insulin Signaling,MTOR 
Signaling Pathways,Insulin Signaling,NRAS 
Signaling Pathways,Insulin Signaling,PCK1 
Signaling Pathways,Insulin Signaling,PCK2 
Signaling Pathways,Insulin Signaling,PIK3CA 
Signaling Pathways,Insulin Signaling,PIK3CB 
Signaling Pathways,Insulin Signaling,PIK3CD 
Signaling Pathways,Insulin Signaling,PIK3R1 
Signaling Pathways,Insulin Signaling,PIK3R2 
Signaling Pathways,Insulin Signaling,PIK3R3 
Signaling Pathways,Insulin Signaling,PPARGC1A 
Signaling Pathways,Insulin Signaling,PRKAA2 
Signaling Pathways,Insulin Signaling,PRKACA 
Signaling Pathways,Insulin Signaling,PRKACB 
Signaling Pathways,Insulin Signaling,PRKACG 
Signaling Pathways,Insulin Signaling,PRKAR1B 
Signaling Pathways,Insulin Signaling,PRKAR2A 
Signaling Pathways,Insulin Signaling,PRKAR2B 
Signaling Pathways,Insulin Signaling,PTPN11 
Signaling Pathways,Insulin Signaling,RAF1 
Signaling Pathways,Insulin Signaling,RPS6 
Signaling Pathways,Insulin Signaling,RPS6KB1 
Signaling Pathways,Insulin Signaling,RPTOR 
Signaling Pathways,Insulin Signaling,SH2B2 
Signaling Pathways,Insulin Signaling,SHC1 
Signaling Pathways,Insulin Signaling,SHC2 
Signaling Pathways,Insulin Signaling,SHC3 
Signaling Pathways,Insulin Signaling,SHC4 
Signaling Pathways,Insulin Signaling,SOCS1 
Signaling Pathways,Insulin Signaling,SOCS2 
Signaling Pathways,Insulin Signaling,SOCS3 
Signaling Pathways,Insulin Signaling,SOS1 
Signaling Pathways,Insulin Signaling,SOS2 
Signaling Pathways,Insulin Signaling,SREBF1 
Signaling Pathways,Insulin Signaling,THEM4 
Signaling Pathways,Insulin Signaling,TLR9 
Signaling Pathways,Insulin Signaling,TSC1
Signaling Pathways,JAK-STAT Signaling,AKT1 
Signaling Pathways,JAK-STAT Signaling,AKT2 
Signaling Pathways,JAK-STAT Signaling,AKT3 
Signaling Pathways,JAK-STAT Signaling,BCL2 
Signaling Pathways,JAK-STAT Signaling,BCL2L1 
Signaling Pathways,JAK-STAT Signaling,CCND1 
Signaling Pathways,JAK-STAT Signaling,CCND2 
Signaling Pathways,JAK-STAT Signaling,CCND3 
Signaling Pathways,JAK-STAT Signaling,CDKN1A 
Signaling Pathways,JAK-STAT Signaling,CNTFR 
Signaling Pathways,JAK-STAT Signaling,CREBBP 
Signaling Pathways,JAK-STAT Signaling,CRLF2 
Signaling Pathways,JAK-STAT Signaling,CSF2 
Signaling Pathways,JAK-STAT Signaling,CSF2RB 
Signaling Pathways,JAK-STAT Signaling,CSF3 
Signaling Pathways,JAK-STAT Signaling,CSF3R 
Signaling Pathways,JAK-STAT Signaling,EGF 
Signaling Pathways,JAK-STAT Signaling,EGFR 
Signaling Pathways,JAK-STAT Signaling,EP300 
Signaling Pathways,JAK-STAT Signaling,EPO 
Signaling Pathways,JAK-STAT Signaling,EPOR 
Signaling Pathways,JAK-STAT Signaling,GHR 
Signaling Pathways,JAK-STAT Signaling,GRB2 
Signaling Pathways,JAK-STAT Signaling,HRAS 
Signaling Pathways,JAK-STAT Signaling,IFNA1 
Signaling Pathways,JAK-STAT Signaling,IFNA2 
Signaling Pathways,JAK-STAT Signaling,IFNA7/17 
Signaling Pathways,JAK-STAT Signaling,IFNA8 
Signaling Pathways,JAK-STAT Signaling,IFNAR1 
Signaling Pathways,JAK-STAT Signaling,IFNAR2 
Signaling Pathways,JAK-STAT Signaling,IFNB1 
Signaling Pathways,JAK-STAT Signaling,IFNG 
Signaling Pathways,JAK-STAT Signaling,IFNGR1 
Signaling Pathways,JAK-STAT Signaling,IFNGR2 
Signaling Pathways,JAK-STAT Signaling,IFNL1 
Signaling Pathways,JAK-STAT Signaling,IFNL2 
Signaling Pathways,JAK-STAT Signaling,IL10 
Signaling Pathways,JAK-STAT Signaling,IL10RA 
Signaling Pathways,JAK-STAT Signaling,IL11 
Signaling Pathways,JAK-STAT Signaling,IL11RA 
Signaling Pathways,JAK-STAT Signaling,IL12A 
Signaling Pathways,JAK-STAT Signaling,IL12B 
Signaling Pathways,JAK-STAT Signaling,IL12RB1 
Signaling Pathways,JAK-STAT Signaling,IL12RB2 
Signaling Pathways,JAK-STAT Signaling,IL13 
Signaling Pathways,JAK-STAT Signaling,IL13RA1 
Signaling Pathways,JAK-STAT Signaling,IL13RA2 
Signaling Pathways,JAK-STAT Signaling,IL15 
Signaling Pathways,JAK-STAT Signaling,IL15RA 
Signaling Pathways,JAK-STAT Signaling,IL19 
Signaling Pathways,JAK-STAT Signaling,IL2 
Signaling Pathways,JAK-STAT Signaling,IL20RA 
Signaling Pathways,JAK-STAT Signaling,IL20RB 
Signaling Pathways,JAK-STAT Signaling,IL21 
Signaling Pathways,JAK-STAT Signaling,IL21R 
Signaling Pathways,JAK-STAT Signaling,IL22 
Signaling Pathways,JAK-STAT Signaling,IL22RA1 
Signaling Pathways,JAK-STAT Signaling,IL22RA2 
Signaling Pathways,JAK-STAT Signaling,IL23A 
Signaling Pathways,JAK-STAT Signaling,IL23R 
Signaling Pathways,JAK-STAT Signaling,IL24 
Signaling Pathways,JAK-STAT Signaling,IL2RA 
Signaling Pathways,JAK-STAT Signaling,IL2RB 
Signaling Pathways,JAK-STAT Signaling,IL2RG 
Signaling Pathways,JAK-STAT Signaling,IL3 
Signaling Pathways,JAK-STAT Signaling,IL3RA 
Signaling Pathways,JAK-STAT Signaling,IL4 
Signaling Pathways,JAK-STAT Signaling,IL4R 
Signaling Pathways,JAK-STAT Signaling,IL5 
Signaling Pathways,JAK-STAT Signaling,IL5RA 
Signaling Pathways,JAK-STAT Signaling,IL6 
Signaling Pathways,JAK-STAT Signaling,IL6R 
Signaling Pathways,JAK-STAT Signaling,IL6ST 
Signaling Pathways,JAK-STAT Signaling,IL7 
Signaling Pathways,JAK-STAT Signaling,IL7R 
Signaling Pathways,JAK-STAT Signaling,IL9 
Signaling Pathways,JAK-STAT Signaling,IRF9 
Signaling Pathways,JAK-STAT Signaling,JAK1 
Signaling Pathways,JAK-STAT Signaling,JAK2 
Signaling Pathways,JAK-STAT Signaling,JAK3 
Signaling Pathways,JAK-STAT Signaling,LEP 
Signaling Pathways,JAK-STAT Signaling,LEPR 
Signaling Pathways,JAK-STAT Signaling,LIF 
Signaling Pathways,JAK-STAT Signaling,LIFR 
Signaling Pathways,JAK-STAT Signaling,MCL1 
Signaling Pathways,JAK-STAT Signaling,MPL 
Signaling Pathways,JAK-STAT Signaling,MTOR 
Signaling Pathways,JAK-STAT Signaling,MYC 
Signaling Pathways,JAK-STAT Signaling,OSM 
Signaling Pathways,JAK-STAT Signaling,PDGFA 
Signaling Pathways,JAK-STAT Signaling,PDGFB 
Signaling Pathways,JAK-STAT Signaling,PDGFRA 
Signaling Pathways,JAK-STAT Signaling,PDGFRB 
Signaling Pathways,JAK-STAT Signaling,PIAS4 
Signaling Pathways,JAK-STAT Signaling,PIK3CA 
Signaling Pathways,JAK-STAT Signaling,PIK3CB 
Signaling Pathways,JAK-STAT Signaling,PIK3CD 
Signaling Pathways,JAK-STAT Signaling,PIK3R1 
Signaling Pathways,JAK-STAT Signaling,PIK3R2 
Signaling Pathways,JAK-STAT Signaling,PIK3R3 
Signaling Pathways,JAK-STAT Signaling,PIM1 
Signaling Pathways,JAK-STAT Signaling,PRL 
Signaling Pathways,JAK-STAT Signaling,PRLR 
Signaling Pathways,JAK-STAT Signaling,PTPN11 
Signaling Pathways,JAK-STAT Signaling,RAF1 
Signaling Pathways,JAK-STAT Signaling,SOCS1 
Signaling Pathways,JAK-STAT Signaling,SOCS2 
Signaling Pathways,JAK-STAT Signaling,SOCS3 
Signaling Pathways,JAK-STAT Signaling,SOS1 
Signaling Pathways,JAK-STAT Signaling,SOS2 
Signaling Pathways,JAK-STAT Signaling,STAT1 
Signaling Pathways,JAK-STAT Signaling,STAT2 
Signaling Pathways,JAK-STAT Signaling,STAT3 
Signaling Pathways,JAK-STAT Signaling,STAT4 
Signaling Pathways,JAK-STAT Signaling,STAT5B 
Signaling Pathways,JAK-STAT Signaling,STAT6 
Signaling Pathways,JAK-STAT Signaling,TSLP 
Signaling Pathways,JAK-STAT Signaling,TYK2
Signaling Pathways,MAPK Signaling,ACTB 
Signaling Pathways,MAPK Signaling,AKT1 
Signaling Pathways,MAPK Signaling,AKT2 
Signaling Pathways,MAPK Signaling,AKT3 
Signaling Pathways,MAPK Signaling,ALK 
Signaling Pathways,MAPK Signaling,ANGPT1 
Signaling Pathways,MAPK Signaling,ANGPT2 
Signaling Pathways,MAPK Signaling,AREG 
Signaling Pathways,MAPK Signaling,ATF2 
Signaling Pathways,MAPK Signaling,BDNF 
Signaling Pathways,MAPK Signaling,BRAF 
Signaling Pathways,MAPK Signaling,CACNA1C 
Signaling Pathways,MAPK Signaling,CACNA1D 
Signaling Pathways,MAPK Signaling,CACNA1E 
Signaling Pathways,MAPK Signaling,CACNA1G 
Signaling Pathways,MAPK Signaling,CACNA1H 
Signaling Pathways,MAPK Signaling,CACNA2D1 
Signaling Pathways,MAPK Signaling,CACNA2D2 
Signaling Pathways,MAPK Signaling,CACNA2D3 
Signaling Pathways,MAPK Signaling,CACNA2D4 
Signaling Pathways,MAPK Signaling,CACNB2 
Signaling Pathways,MAPK Signaling,CACNB3 
Signaling Pathways,MAPK Signaling,CACNB4 
Signaling Pathways,MAPK Signaling,CACNG1 
Signaling Pathways,MAPK Signaling,CACNG4 
Signaling Pathways,MAPK Signaling,CACNG6 
Signaling Pathways,MAPK Signaling,CAMK2B 
Signaling Pathways,MAPK Signaling,CASP3 
Signaling Pathways,MAPK Signaling,CCND3 
Signaling Pathways,MAPK Signaling,CD14 
Signaling Pathways,MAPK Signaling,CDC14A 
Signaling Pathways,MAPK Signaling,CDC14B 
Signaling Pathways,MAPK Signaling,CDC25B 
Signaling Pathways,MAPK Signaling,CDK1 
Signaling Pathways,MAPK Signaling,CHUK 
Signaling Pathways,MAPK Signaling,CSF1 
Signaling Pathways,MAPK Signaling,CSF1R 
Signaling Pathways,MAPK Signaling,CSF2 
Signaling Pathways,MAPK Signaling,CSF2RB 
Signaling Pathways,MAPK Signaling,DAXX 
Signaling Pathways,MAPK Signaling,DDIT3 
Signaling Pathways,MAPK Signaling,DUSP1 
Signaling Pathways,MAPK Signaling,DUSP10 
Signaling Pathways,MAPK Signaling,DUSP2 
Signaling Pathways,MAPK Signaling,DUSP4 
Signaling Pathways,MAPK Signaling,DUSP5 
Signaling Pathways,MAPK Signaling,DUSP6 
Signaling Pathways,MAPK Signaling,DUSP8 
Signaling Pathways,MAPK Signaling,ECSIT 
Signaling Pathways,MAPK Signaling,EFNA1 
Signaling Pathways,MAPK Signaling,EFNA2 
Signaling Pathways,MAPK Signaling,EFNA3 
Signaling Pathways,MAPK Signaling,EFNA5 
Signaling Pathways,MAPK Signaling,EGF 
Signaling Pathways,MAPK Signaling,EGFR 
Signaling Pathways,MAPK Signaling,ELK1 
Signaling Pathways,MAPK Signaling,EPHA2 
Signaling Pathways,MAPK Signaling,ERBB2 
Signaling Pathways,MAPK Signaling,ETV4 
Signaling Pathways,MAPK Signaling,FAS 
Signaling Pathways,MAPK Signaling,FASLG 
Signaling Pathways,MAPK Signaling,FGF1 
Signaling Pathways,MAPK Signaling,FGF10 
Signaling Pathways,MAPK Signaling,FGF16 
Signaling Pathways,MAPK Signaling,FGF17 
Signaling Pathways,MAPK Signaling,FGF18 
Signaling Pathways,MAPK Signaling,FGF19 
Signaling Pathways,MAPK Signaling,FGF2 
Signaling Pathways,MAPK Signaling,FGF20 
Signaling Pathways,MAPK Signaling,FGF21 
Signaling Pathways,MAPK Signaling,FGF22 
Signaling Pathways,MAPK Signaling,FGF23 
Signaling Pathways,MAPK Signaling,FGF3 
Signaling Pathways,MAPK Signaling,FGF4 
Signaling Pathways,MAPK Signaling,FGF5 
Signaling Pathways,MAPK Signaling,FGF6 
Signaling Pathways,MAPK Signaling,FGF7 
Signaling Pathways,MAPK Signaling,FGF8 
Signaling Pathways,MAPK Signaling,FGF9 
Signaling Pathways,MAPK Signaling,FGFR1 
Signaling Pathways,MAPK Signaling,FGFR2 
Signaling Pathways,MAPK Signaling,FGFR3 
Signaling Pathways,MAPK Signaling,FGFR4 
Signaling Pathways,MAPK Signaling,FLNA 
Signaling Pathways,MAPK Signaling,FLNB 
Signaling Pathways,MAPK Signaling,FLNC 
Signaling Pathways,MAPK Signaling,FLT1 
Signaling Pathways,MAPK Signaling,FLT3 
Signaling Pathways,MAPK Signaling,FLT3LG 
Signaling Pathways,MAPK Signaling,FN1 
Signaling Pathways,MAPK Signaling,FOS 
Signaling Pathways,MAPK Signaling,FYN 
Signaling Pathways,MAPK Signaling,GADD45A 
Signaling Pathways,MAPK Signaling,GADD45B 
Signaling Pathways,MAPK Signaling,GADD45G 
Signaling Pathways,MAPK Signaling,GNG12 
Signaling Pathways,MAPK Signaling,GRB2 
Signaling Pathways,MAPK Signaling,GRIN1 
Signaling Pathways,MAPK Signaling,GRIN2B 
Signaling Pathways,MAPK Signaling,HGF 
Signaling Pathways,MAPK Signaling,HRAS 
Signaling Pathways,MAPK Signaling,HSPA1A 
Signaling Pathways,MAPK Signaling,HSPA2 
Signaling Pathways,MAPK Signaling,HSPA6 
Signaling Pathways,MAPK Signaling,HSPB1 
Signaling Pathways,MAPK Signaling,IGF1 
Signaling Pathways,MAPK Signaling,IGF1R 
Signaling Pathways,MAPK Signaling,IKBKB 
Signaling Pathways,MAPK Signaling,IKBKG 
Signaling Pathways,MAPK Signaling,IL1A 
Signaling Pathways,MAPK Signaling,IL1B 
Signaling Pathways,MAPK Signaling,IL1R1 
Signaling Pathways,MAPK Signaling,IL1RAP 
Signaling Pathways,MAPK Signaling,IL2 
Signaling Pathways,MAPK Signaling,IL2RA 
Signaling Pathways,MAPK Signaling,IL2RB 
Signaling Pathways,MAPK Signaling,IL2RG 
Signaling Pathways,MAPK Signaling,IL3 
Signaling Pathways,MAPK Signaling,IL3RA 
Signaling Pathways,MAPK Signaling,IL5 
Signaling Pathways,MAPK Signaling,IL5RA 
Signaling Pathways,MAPK Signaling,IL6 
Signaling Pathways,MAPK Signaling,IL6R 
Signaling Pathways,MAPK Signaling,IRAK1 
Signaling Pathways,MAPK Signaling,IRAK4 
Signaling Pathways,MAPK Signaling,IRS1 
Signaling Pathways,MAPK Signaling,ITGA2B 
Signaling Pathways,MAPK Signaling,ITGB3 
Signaling Pathways,MAPK Signaling,JAK1 
Signaling Pathways,MAPK Signaling,JAK2 
Signaling Pathways,MAPK Signaling,JAK3 
Signaling Pathways,MAPK Signaling,JUN 
Signaling Pathways,MAPK Signaling,KDR 
Signaling Pathways,MAPK Signaling,KIT 
Signaling Pathways,MAPK Signaling,KITLG 
Signaling Pathways,MAPK Signaling,KRAS 
Signaling Pathways,MAPK Signaling,MAP2K1 
Signaling Pathways,MAPK Signaling,MAP2K2 
Signaling Pathways,MAPK Signaling,MAP2K4 
Signaling Pathways,MAPK Signaling,MAP2K6 
Signaling Pathways,MAPK Signaling,MAP3K1 
Signaling Pathways,MAPK Signaling,MAP3K12 
Signaling Pathways,MAPK Signaling,MAP3K13 
Signaling Pathways,MAPK Signaling,MAP3K14 
Signaling Pathways,MAPK Signaling,MAP3K20 
Signaling Pathways,MAPK Signaling,MAP3K5 
Signaling Pathways,MAPK Signaling,MAP3K7 
Signaling Pathways,MAPK Signaling,MAP3K8 
Signaling Pathways,MAPK Signaling,MAP4K2 
Signaling Pathways,MAPK Signaling,MAPK1 
Signaling Pathways,MAPK Signaling,MAPK10 
Signaling Pathways,MAPK Signaling,MAPK11 
Signaling Pathways,MAPK Signaling,MAPK12 
Signaling Pathways,MAPK Signaling,MAPK14 
Signaling Pathways,MAPK Signaling,MAPK3 
Signaling Pathways,MAPK Signaling,MAPK8 
Signaling Pathways,MAPK Signaling,MAPK8IP1 
Signaling Pathways,MAPK Signaling,MAPK8IP2 
Signaling Pathways,MAPK Signaling,MAPK9 
Signaling Pathways,MAPK Signaling,MAPKAPK2 
Signaling Pathways,MAPK Signaling,MAPT 
Signaling Pathways,MAPK Signaling,MECOM 
Signaling Pathways,MAPK Signaling,MEF2C 
Signaling Pathways,MAPK Signaling,MET 
Signaling Pathways,MAPK Signaling,MYC 
Signaling Pathways,MAPK Signaling,MYD88 
Signaling Pathways,MAPK Signaling,NCAM1 
Signaling Pathways,MAPK Signaling,NEFL 
Signaling Pathways,MAPK Signaling,NF1 
Signaling Pathways,MAPK Signaling,NFATC1 
Signaling Pathways,MAPK Signaling,NFATC3 
Signaling Pathways,MAPK Signaling,NFKB1 
Signaling Pathways,MAPK Signaling,NFKB2 
Signaling Pathways,MAPK Signaling,NGF 
Signaling Pathways,MAPK Signaling,NGFR 
Signaling Pathways,MAPK Signaling,NR4A1 
Signaling Pathways,MAPK Signaling,NRAS 
Signaling Pathways,MAPK Signaling,NTF3 
Signaling Pathways,MAPK Signaling,NTRK1 
Signaling Pathways,MAPK Signaling,NTRK2 
Signaling Pathways,MAPK Signaling,PAK3 
Signaling Pathways,MAPK Signaling,PDGFA 
Signaling Pathways,MAPK Signaling,PDGFB 
Signaling Pathways,MAPK Signaling,PDGFC 
Signaling Pathways,MAPK Signaling,PDGFD 
Signaling Pathways,MAPK Signaling,PDGFRA 
Signaling Pathways,MAPK Signaling,PDGFRB 
Signaling Pathways,MAPK Signaling,PEBP1 
Signaling Pathways,MAPK Signaling,PGF 
Signaling Pathways,MAPK Signaling,PLA2G4A 
Signaling Pathways,MAPK Signaling,PLA2G4C 
Signaling Pathways,MAPK Signaling,PLA2G4E 
Signaling Pathways,MAPK Signaling,PLA2G4F 
Signaling Pathways,MAPK Signaling,PPP2CB 
Signaling Pathways,MAPK Signaling,PPP2R1A 
Signaling Pathways,MAPK Signaling,PPP3CA 
Signaling Pathways,MAPK Signaling,PPP3CB 
Signaling Pathways,MAPK Signaling,PPP3CC 
Signaling Pathways,MAPK Signaling,PPP3R1 
Signaling Pathways,MAPK Signaling,PPP3R2 
Signaling Pathways,MAPK Signaling,PRKACA 
Signaling Pathways,MAPK Signaling,PRKACB 
Signaling Pathways,MAPK Signaling,PRKACG 
Signaling Pathways,MAPK Signaling,PRKCA 
Signaling Pathways,MAPK Signaling,PRKCB 
Signaling Pathways,MAPK Signaling,PRKCG 
Signaling Pathways,MAPK Signaling,PSMB10 
Signaling Pathways,MAPK Signaling,PSMB2 
Signaling Pathways,MAPK Signaling,PSMB5 
Signaling Pathways,MAPK Signaling,PSMB7 
Signaling Pathways,MAPK Signaling,PSMB8 
Signaling Pathways,MAPK Signaling,PSMB9 
Signaling Pathways,MAPK Signaling,PSMC4 
Signaling Pathways,MAPK Signaling,PSMD7 
Signaling Pathways,MAPK Signaling,PTPN11 
Signaling Pathways,MAPK Signaling,PTPN5 
Signaling Pathways,MAPK Signaling,PTPRR 
Signaling Pathways,MAPK Signaling,RAC1 
Signaling Pathways,MAPK Signaling,RAC2 
Signaling Pathways,MAPK Signaling,RAC3 
Signaling Pathways,MAPK Signaling,RAF1 
Signaling Pathways,MAPK Signaling,RAG1 
Signaling Pathways,MAPK Signaling,RASA4 
Signaling Pathways,MAPK Signaling,RASAL1 
Signaling Pathways,MAPK Signaling,RASGRF1 
Signaling Pathways,MAPK Signaling,RASGRF2 
Signaling Pathways,MAPK Signaling,RASGRP1 
Signaling Pathways,MAPK Signaling,RASGRP2 
Signaling Pathways,MAPK Signaling,RBX1 
Signaling Pathways,MAPK Signaling,RELA 
Signaling Pathways,MAPK Signaling,RELB 
Signaling Pathways,MAPK Signaling,RET 
Signaling Pathways,MAPK Signaling,RPS27A 
Signaling Pathways,MAPK Signaling,RPS6KA5 
Signaling Pathways,MAPK Signaling,RPS6KA6 
Signaling Pathways,MAPK Signaling,RRAS2 
Signaling Pathways,MAPK Signaling,SHC1 
Signaling Pathways,MAPK Signaling,SHC2 
Signaling Pathways,MAPK Signaling,SHC3 
Signaling Pathways,MAPK Signaling,SOS1 
Signaling Pathways,MAPK Signaling,SOS2 
Signaling Pathways,MAPK Signaling,SPRED1 
Signaling Pathways,MAPK Signaling,STMN1 
Signaling Pathways,MAPK Signaling,TAB1 
Signaling Pathways,MAPK Signaling,TGFB1 
Signaling Pathways,MAPK Signaling,TGFB2 
Signaling Pathways,MAPK Signaling,TGFB3 
Signaling Pathways,MAPK Signaling,TGFBR1 
Signaling Pathways,MAPK Signaling,TGFBR2 
Signaling Pathways,MAPK Signaling,TNF 
Signaling Pathways,MAPK Signaling,TNFRSF1A 
Signaling Pathways,MAPK Signaling,TP53 
Signaling Pathways,MAPK Signaling,TRAF2 
Signaling Pathways,MAPK Signaling,TRAF6 
Signaling Pathways,MAPK Signaling,TYK2 
Signaling Pathways,MAPK Signaling,UBB 
Signaling Pathways,MAPK Signaling,UBC 
Signaling Pathways,MAPK Signaling,VEGFA 
Signaling Pathways,MAPK Signaling,VEGFB 
Signaling Pathways,MAPK Signaling,VEGFC 
Signaling Pathways,MAPK Signaling,VEGFD
Signaling Pathways,MET Signaling,CBL 
Signaling Pathways,MET Signaling,COL11A1 
Signaling Pathways,MET Signaling,COL11A2 
Signaling Pathways,MET Signaling,COL1A1 
Signaling Pathways,MET Signaling,COL1A2 
Signaling Pathways,MET Signaling,COL24A1 
Signaling Pathways,MET Signaling,COL27A1 
Signaling Pathways,MET Signaling,COL2A1 
Signaling Pathways,MET Signaling,COL3A1 
Signaling Pathways,MET Signaling,COL5A1 
Signaling Pathways,MET Signaling,COL5A2 
Signaling Pathways,MET Signaling,FN1 
Signaling Pathways,MET Signaling,HGF 
Signaling Pathways,MET Signaling,HRAS 
Signaling Pathways,MET Signaling,ITGA2 
Signaling Pathways,MET Signaling,ITGA3 
Signaling Pathways,MET Signaling,ITGB1 
Signaling Pathways,MET Signaling,LAMA1 
Signaling Pathways,MET Signaling,LAMA3 
Signaling Pathways,MET Signaling,LAMA5 
Signaling Pathways,MET Signaling,LAMB3 
Signaling Pathways,MET Signaling,LAMC2 
Signaling Pathways,MET Signaling,LAMC3 
Signaling Pathways,MET Signaling,MET 
Signaling Pathways,MET Signaling,NRAS 
Signaling Pathways,MET Signaling,PIK3CA 
Signaling Pathways,MET Signaling,PIK3R1 
Signaling Pathways,MET Signaling,PTPN11 
Signaling Pathways,MET Signaling,RAC1 
Signaling Pathways,MET Signaling,RPS27A 
Signaling Pathways,MET Signaling,SOS1 
Signaling Pathways,MET Signaling,STAT3 
Signaling Pathways,MET Signaling,UBB 
Signaling Pathways,MET Signaling,UBC
Signaling Pathways,mTOR Signaling,AKT1 
Signaling Pathways,mTOR Signaling,AKT2 
Signaling Pathways,mTOR Signaling,AKT3 
Signaling Pathways,mTOR Signaling,BRAF 
Signaling Pathways,mTOR Signaling,CHUK 
Signaling Pathways,mTOR Signaling,DDIT4 
Signaling Pathways,mTOR Signaling,DEPTOR 
Signaling Pathways,mTOR Signaling,EIF4EBP1 
Signaling Pathways,mTOR Signaling,FZD1 
Signaling Pathways,mTOR Signaling,FZD10 
Signaling Pathways,mTOR Signaling,FZD2 
Signaling Pathways,mTOR Signaling,FZD3 
Signaling Pathways,mTOR Signaling,FZD4 
Signaling Pathways,mTOR Signaling,FZD5 
Signaling Pathways,mTOR Signaling,FZD6 
Signaling Pathways,mTOR Signaling,FZD7 
Signaling Pathways,mTOR Signaling,FZD8 
Signaling Pathways,mTOR Signaling,FZD9 
Signaling Pathways,mTOR Signaling,GRB2 
Signaling Pathways,mTOR Signaling,GSK3B 
Signaling Pathways,mTOR Signaling,HRAS 
Signaling Pathways,mTOR Signaling,IGF1 
Signaling Pathways,mTOR Signaling,IGF1R 
Signaling Pathways,mTOR Signaling,IKBKB 
Signaling Pathways,mTOR Signaling,IRS1 
Signaling Pathways,mTOR Signaling,KRAS 
Signaling Pathways,mTOR Signaling,LRP5 
Signaling Pathways,mTOR Signaling,LRP6 
Signaling Pathways,mTOR Signaling,MAP2K1 
Signaling Pathways,mTOR Signaling,MAP2K2 
Signaling Pathways,mTOR Signaling,MAPK1 
Signaling Pathways,mTOR Signaling,MAPK3 
Signaling Pathways,mTOR Signaling,MTOR 
Signaling Pathways,mTOR Signaling,NRAS 
Signaling Pathways,mTOR Signaling,PIK3CA 
Signaling Pathways,mTOR Signaling,PIK3CB 
Signaling Pathways,mTOR Signaling,PIK3CD 
Signaling Pathways,mTOR Signaling,PIK3R1 
Signaling Pathways,mTOR Signaling,PIK3R2 
Signaling Pathways,mTOR Signaling,PIK3R3 
Signaling Pathways,mTOR Signaling,PRKAA2 
Signaling Pathways,mTOR Signaling,PRKCA 
Signaling Pathways,mTOR Signaling,PRKCB 
Signaling Pathways,mTOR Signaling,PRKCG 
Signaling Pathways,mTOR Signaling,PRR5 
Signaling Pathways,mTOR Signaling,PTEN 
Signaling Pathways,mTOR Signaling,RAF1 
Signaling Pathways,mTOR Signaling,RHOA 
Signaling Pathways,mTOR Signaling,RICTOR 
Signaling Pathways,mTOR Signaling,RPS6 
Signaling Pathways,mTOR Signaling,RPS6KA6 
Signaling Pathways,mTOR Signaling,RPS6KB1 
Signaling Pathways,mTOR Signaling,RPTOR 
Signaling Pathways,mTOR Signaling,SGK1 
Signaling Pathways,mTOR Signaling,SKP2 
Signaling Pathways,mTOR Signaling,SLC7A5 
Signaling Pathways,mTOR Signaling,SOS1 
Signaling Pathways,mTOR Signaling,SOS2 
Signaling Pathways,mTOR Signaling,STK11 
Signaling Pathways,mTOR Signaling,TNF 
Signaling Pathways,mTOR Signaling,TNFRSF1A 
Signaling Pathways,mTOR Signaling,TSC1 
Signaling Pathways,mTOR Signaling,WNT10A 
Signaling Pathways,mTOR Signaling,WNT10B 
Signaling Pathways,mTOR Signaling,WNT11 
Signaling Pathways,mTOR Signaling,WNT16 
Signaling Pathways,mTOR Signaling,WNT2 
Signaling Pathways,mTOR Signaling,WNT2B 
Signaling Pathways,mTOR Signaling,WNT3 
Signaling Pathways,mTOR Signaling,WNT3A 
Signaling Pathways,mTOR Signaling,WNT4 
Signaling Pathways,mTOR Signaling,WNT5A 
Signaling Pathways,mTOR Signaling,WNT5B 
Signaling Pathways,mTOR Signaling,WNT6 
Signaling Pathways,mTOR Signaling,WNT7A 
Signaling Pathways,mTOR Signaling,WNT7B
Signaling Pathways,Myc,CCNA2 
Signaling Pathways,Myc,CCND2 
Signaling Pathways,Myc,CCNE1 
Signaling Pathways,Myc,CDK4 
Signaling Pathways,Myc,CDKN1A 
Signaling Pathways,Myc,CDKN2B 
Signaling Pathways,Myc,DUSP1 
Signaling Pathways,Myc,DUSP2 
Signaling Pathways,Myc,ENO1 
Signaling Pathways,Myc,FASLG 
Signaling Pathways,Myc,FN1 
Signaling Pathways,Myc,GADD45A 
Signaling Pathways,Myc,HK2 
Signaling Pathways,Myc,LDHA 
Signaling Pathways,Myc,MCM4 
Signaling Pathways,Myc,MCM5 
Signaling Pathways,Myc,MXI1 
Signaling Pathways,Myc,MYC 
Signaling Pathways,Myc,NPM1 
Signaling Pathways,Myc,PLK1 
Signaling Pathways,Myc,RPL23 
Signaling Pathways,Myc,TERT 
Signaling Pathways,Myc,TFRC 
Signaling Pathways,Myc,THBS1 
Signaling Pathways,Myc,TP53 
Signaling Pathways,Myc,TPM1
Signaling Pathways,Neuroendocrine Function,NKX2-1 
Signaling Pathways,NO Signaling,APOE 
Signaling Pathways,NO Signaling,CD36 
Signaling Pathways,NO Signaling,EGFR 
Signaling Pathways,NO Signaling,FPR1 
Signaling Pathways,NO Signaling,NOS1 
Signaling Pathways,NO Signaling,NOS2 
Signaling Pathways,NO Signaling,NOS3 
Signaling Pathways,NO Signaling,SPINK1 
Signaling Pathways,NO Signaling,THBS1 
Signaling Pathways,NO Signaling,VEGFA
Signaling Pathways,Notch Signaling,ACTA2 
Signaling Pathways,Notch Signaling,AKT1 
Signaling Pathways,Notch Signaling,APH1B 
Signaling Pathways,Notch Signaling,ATP2A2 
Signaling Pathways,Notch Signaling,CCND1 
Signaling Pathways,Notch Signaling,CREB1 
Signaling Pathways,Notch Signaling,CREBBP 
Signaling Pathways,Notch Signaling,CUL1 
Signaling Pathways,Notch Signaling,DLL1 
Signaling Pathways,Notch Signaling,DLL3 
Signaling Pathways,Notch Signaling,DLL4 
Signaling Pathways,Notch Signaling,DTX1 
Signaling Pathways,Notch Signaling,DTX3 
Signaling Pathways,Notch Signaling,DTX3L 
Signaling Pathways,Notch Signaling,DTX4 
Signaling Pathways,Notch Signaling,E2F1 
Signaling Pathways,Notch Signaling,E2F3 
Signaling Pathways,Notch Signaling,EGF 
Signaling Pathways,Notch Signaling,EGFR 
Signaling Pathways,Notch Signaling,EP300 
Signaling Pathways,Notch Signaling,FCER2 
Signaling Pathways,Notch Signaling,GZMB 
Signaling Pathways,Notch Signaling,H2AX 
Signaling Pathways,Notch Signaling,H3-3A 
Signaling Pathways,Notch Signaling,HDAC1 
Signaling Pathways,Notch Signaling,HDAC10 
Signaling Pathways,Notch Signaling,HDAC11 
Signaling Pathways,Notch Signaling,HDAC2 
Signaling Pathways,Notch Signaling,HDAC3 
Signaling Pathways,Notch Signaling,HDAC4 
Signaling Pathways,Notch Signaling,HDAC5 
Signaling Pathways,Notch Signaling,HDAC6 
Signaling Pathways,Notch Signaling,HES1 
Signaling Pathways,Notch Signaling,HES5 
Signaling Pathways,Notch Signaling,HEY1 
Signaling Pathways,Notch Signaling,HIF1A 
Signaling Pathways,Notch Signaling,ITCH 
Signaling Pathways,Notch Signaling,JAG1 
Signaling Pathways,Notch Signaling,JAG2 
Signaling Pathways,Notch Signaling,JUN 
Signaling Pathways,Notch Signaling,KAT2B 
Signaling Pathways,Notch Signaling,LFNG 
Signaling Pathways,Notch Signaling,MAML2 
Signaling Pathways,Notch Signaling,MFNG 
Signaling Pathways,Notch Signaling,MIB1 
Signaling Pathways,Notch Signaling,MYC 
Signaling Pathways,Notch Signaling,NCOR1 
Signaling Pathways,Notch Signaling,NOTCH1 
Signaling Pathways,Notch Signaling,NOTCH2 
Signaling Pathways,Notch Signaling,NOTCH3 
Signaling Pathways,Notch Signaling,NUMBL 
Signaling Pathways,Notch Signaling,PBX1 
Signaling Pathways,Notch Signaling,PSEN1 
Signaling Pathways,Notch Signaling,PSEN2 
Signaling Pathways,Notch Signaling,PSMB10 
Signaling Pathways,Notch Signaling,PSMB2 
Signaling Pathways,Notch Signaling,PSMB5 
Signaling Pathways,Notch Signaling,PSMB7 
Signaling Pathways,Notch Signaling,PSMB8 
Signaling Pathways,Notch Signaling,PSMB9 
Signaling Pathways,Notch Signaling,PSMC4 
Signaling Pathways,Notch Signaling,PSMD7 
Signaling Pathways,Notch Signaling,PTCRA 
Signaling Pathways,Notch Signaling,RBX1 
Signaling Pathways,Notch Signaling,RPS27A 
Signaling Pathways,Notch Signaling,RUNX1 
Signaling Pathways,Notch Signaling,SKP1 
Signaling Pathways,Notch Signaling,SMAD3 
Signaling Pathways,Notch Signaling,STAT1 
Signaling Pathways,Notch Signaling,TBL1XR1 
Signaling Pathways,Notch Signaling,TFDP1 
Signaling Pathways,Notch Signaling,TP53 
Signaling Pathways,Notch Signaling,UBB 
Signaling Pathways,Notch Signaling,UBC
Signaling Pathways,p53 Signaling,AKT1 
Signaling Pathways,p53 Signaling,AKT2 
Signaling Pathways,p53 Signaling,AKT3 
Signaling Pathways,p53 Signaling,ATF2 
Signaling Pathways,p53 Signaling,ATM 
Signaling Pathways,p53 Signaling,ATR 
Signaling Pathways,p53 Signaling,BAX 
Signaling Pathways,p53 Signaling,BBC3 
Signaling Pathways,p53 Signaling,BCL2 
Signaling Pathways,p53 Signaling,BCL2L1 
Signaling Pathways,p53 Signaling,BID 
Signaling Pathways,p53 Signaling,BRCA1 
Signaling Pathways,p53 Signaling,CASP3 
Signaling Pathways,p53 Signaling,CASP8 
Signaling Pathways,p53 Signaling,CASP9 
Signaling Pathways,p53 Signaling,CCNB1 
Signaling Pathways,p53 Signaling,CCND1 
Signaling Pathways,p53 Signaling,CCND2 
Signaling Pathways,p53 Signaling,CCND3 
Signaling Pathways,p53 Signaling,CCNE1 
Signaling Pathways,p53 Signaling,CCNE2 
Signaling Pathways,p53 Signaling,CDK1 
Signaling Pathways,p53 Signaling,CDK2 
Signaling Pathways,p53 Signaling,CDK4 
Signaling Pathways,p53 Signaling,CDK6 
Signaling Pathways,p53 Signaling,CDKN1A 
Signaling Pathways,p53 Signaling,CDKN2A 
Signaling Pathways,p53 Signaling,CHEK1 
Signaling Pathways,p53 Signaling,CHEK2 
Signaling Pathways,p53 Signaling,COX4I1 
Signaling Pathways,p53 Signaling,COX5B 
Signaling Pathways,p53 Signaling,COX6A1 
Signaling Pathways,p53 Signaling,COX6B1 
Signaling Pathways,p53 Signaling,DDB2 
Signaling Pathways,p53 Signaling,DDIT4 
Signaling Pathways,p53 Signaling,ELOB 
Signaling Pathways,p53 Signaling,ERCC2 
Signaling Pathways,p53 Signaling,ERCC3 
Signaling Pathways,p53 Signaling,FANCC 
Signaling Pathways,p53 Signaling,FAS 
Signaling Pathways,p53 Signaling,FOS 
Signaling Pathways,p53 Signaling,G6PD 
Signaling Pathways,p53 Signaling,GADD45A 
Signaling Pathways,p53 Signaling,GADD45B 
Signaling Pathways,p53 Signaling,GADD45G 
Signaling Pathways,p53 Signaling,GLS 
Signaling Pathways,p53 Signaling,GPI 
Signaling Pathways,p53 Signaling,GTF2H3 
Signaling Pathways,p53 Signaling,IGF1 
Signaling Pathways,p53 Signaling,IGFBP3 
Signaling Pathways,p53 Signaling,JUN 
Signaling Pathways,p53 Signaling,MDC1 
Signaling Pathways,p53 Signaling,MDM2 
Signaling Pathways,p53 Signaling,MDM4 
Signaling Pathways,p53 Signaling,MLH1 
Signaling Pathways,p53 Signaling,MNAT1 
Signaling Pathways,p53 Signaling,MSH2 
Signaling Pathways,p53 Signaling,MTOR 
Signaling Pathways,p53 Signaling,PMAIP1 
Signaling Pathways,p53 Signaling,PML 
Signaling Pathways,p53 Signaling,PMS2 
Signaling Pathways,p53 Signaling,POLR2A 
Signaling Pathways,p53 Signaling,POLR2D 
Signaling Pathways,p53 Signaling,POLR2H 
Signaling Pathways,p53 Signaling,POLR2J 
Signaling Pathways,p53 Signaling,PRKAA2 
Signaling Pathways,p53 Signaling,PTEN 
Signaling Pathways,p53 Signaling,RPTOR 
Signaling Pathways,p53 Signaling,RRM2 
Signaling Pathways,p53 Signaling,SERPINB5 
Signaling Pathways,p53 Signaling,SFN 
Signaling Pathways,p53 Signaling,THBS1 
Signaling Pathways,p53 Signaling,TNFRSF10B 
Signaling Pathways,p53 Signaling,TP53 
Signaling Pathways,p53 Signaling,TP73 
Signaling Pathways,p53 Signaling,TSC1
Signaling Pathways,PDGF Signaling,COL2A1 
Signaling Pathways,PDGF Signaling,COL3A1 
Signaling Pathways,PDGF Signaling,COL4A3 
Signaling Pathways,PDGF Signaling,COL4A4 
Signaling Pathways,PDGF Signaling,COL4A5 
Signaling Pathways,PDGF Signaling,COL5A1 
Signaling Pathways,PDGF Signaling,COL5A2 
Signaling Pathways,PDGF Signaling,COL6A3 
Signaling Pathways,PDGF Signaling,COL6A6 
Signaling Pathways,PDGF Signaling,GRB7 
Signaling Pathways,PDGF Signaling,HRAS 
Signaling Pathways,PDGF Signaling,NRAS 
Signaling Pathways,PDGF Signaling,PDGFB 
Signaling Pathways,PDGF Signaling,PDGFD 
Signaling Pathways,PDGF Signaling,PDGFRA 
Signaling Pathways,PDGF Signaling,PDGFRB 
Signaling Pathways,PDGF Signaling,PIK3CA 
Signaling Pathways,PDGF Signaling,PIK3CB 
Signaling Pathways,PDGF Signaling,PIK3R1 
Signaling Pathways,PDGF Signaling,PIK3R2 
Signaling Pathways,PDGF Signaling,PLAT 
Signaling Pathways,PDGF Signaling,PTPN11 
Signaling Pathways,PDGF Signaling,SOS1 
Signaling Pathways,PDGF Signaling,SPP1 
Signaling Pathways,PDGF Signaling,STAT1 
Signaling Pathways,PDGF Signaling,STAT3 
Signaling Pathways,PDGF Signaling,STAT5B 
Signaling Pathways,PDGF Signaling,STAT6 
Signaling Pathways,PDGF Signaling,THBS1 
Signaling Pathways,PDGF Signaling,THBS4
Signaling Pathways,PI3K-Akt Signaling,AKT1 
Signaling Pathways,PI3K-Akt Signaling,AKT2 
Signaling Pathways,PI3K-Akt Signaling,AKT3 
Signaling Pathways,PI3K-Akt Signaling,ANGPT1 
Signaling Pathways,PI3K-Akt Signaling,ANGPT2 
Signaling Pathways,PI3K-Akt Signaling,AREG 
Signaling Pathways,PI3K-Akt Signaling,ATF2 
Signaling Pathways,PI3K-Akt Signaling,BAD 
Signaling Pathways,PI3K-Akt Signaling,BCL2 
Signaling Pathways,PI3K-Akt Signaling,BCL2L1 
Signaling Pathways,PI3K-Akt Signaling,BDNF 
Signaling Pathways,PI3K-Akt Signaling,BRCA1 
Signaling Pathways,PI3K-Akt Signaling,CASP9 
Signaling Pathways,PI3K-Akt Signaling,CCND1 
Signaling Pathways,PI3K-Akt Signaling,CCND2 
Signaling Pathways,PI3K-Akt Signaling,CCND3 
Signaling Pathways,PI3K-Akt Signaling,CCNE1 
Signaling Pathways,PI3K-Akt Signaling,CCNE2 
Signaling Pathways,PI3K-Akt Signaling,CD19 
Signaling Pathways,PI3K-Akt Signaling,CD28 
Signaling Pathways,PI3K-Akt Signaling,CD80 
Signaling Pathways,PI3K-Akt Signaling,CD86 
Signaling Pathways,PI3K-Akt Signaling,CDK2 
Signaling Pathways,PI3K-Akt Signaling,CDK4 
Signaling Pathways,PI3K-Akt Signaling,CDK6 
Signaling Pathways,PI3K-Akt Signaling,CDKN1A 
Signaling Pathways,PI3K-Akt Signaling,CDKN1B 
Signaling Pathways,PI3K-Akt Signaling,CHAD 
Signaling Pathways,PI3K-Akt Signaling,CHUK 
Signaling Pathways,PI3K-Akt Signaling,COL1A1 
Signaling Pathways,PI3K-Akt Signaling,COL1A2 
Signaling Pathways,PI3K-Akt Signaling,COL2A1 
Signaling Pathways,PI3K-Akt Signaling,COL4A3 
Signaling Pathways,PI3K-Akt Signaling,COL4A4 
Signaling Pathways,PI3K-Akt Signaling,COL4A5 
Signaling Pathways,PI3K-Akt Signaling,COL4A6 
Signaling Pathways,PI3K-Akt Signaling,COL6A3 
Signaling Pathways,PI3K-Akt Signaling,COL6A6 
Signaling Pathways,PI3K-Akt Signaling,COMP 
Signaling Pathways,PI3K-Akt Signaling,CREB1 
Signaling Pathways,PI3K-Akt Signaling,CREB3L1 
Signaling Pathways,PI3K-Akt Signaling,CREB3L3 
Signaling Pathways,PI3K-Akt Signaling,CREB3L4 
Signaling Pathways,PI3K-Akt Signaling,CREB5 
Signaling Pathways,PI3K-Akt Signaling,CSF1 
Signaling Pathways,PI3K-Akt Signaling,CSF1R 
Signaling Pathways,PI3K-Akt Signaling,CSF3 
Signaling Pathways,PI3K-Akt Signaling,CSF3R 
Signaling Pathways,PI3K-Akt Signaling,DDIT4 
Signaling Pathways,PI3K-Akt Signaling,EFNA1 
Signaling Pathways,PI3K-Akt Signaling,EFNA2 
Signaling Pathways,PI3K-Akt Signaling,EFNA3 
Signaling Pathways,PI3K-Akt Signaling,EFNA5 
Signaling Pathways,PI3K-Akt Signaling,EGF 
Signaling Pathways,PI3K-Akt Signaling,EGFR 
Signaling Pathways,PI3K-Akt Signaling,EIF4EBP1 
Signaling Pathways,PI3K-Akt Signaling,EPHA2 
Signaling Pathways,PI3K-Akt Signaling,EPO 
Signaling Pathways,PI3K-Akt Signaling,EPOR 
Signaling Pathways,PI3K-Akt Signaling,ERBB2 
Signaling Pathways,PI3K-Akt Signaling,ESR1 
Signaling Pathways,PI3K-Akt Signaling,ESR2 
Signaling Pathways,PI3K-Akt Signaling,FASLG 
Signaling Pathways,PI3K-Akt Signaling,FGF1 
Signaling Pathways,PI3K-Akt Signaling,FGF10 
Signaling Pathways,PI3K-Akt Signaling,FGF16 
Signaling Pathways,PI3K-Akt Signaling,FGF17 
Signaling Pathways,PI3K-Akt Signaling,FGF18 
Signaling Pathways,PI3K-Akt Signaling,FGF19 
Signaling Pathways,PI3K-Akt Signaling,FGF2 
Signaling Pathways,PI3K-Akt Signaling,FGF20 
Signaling Pathways,PI3K-Akt Signaling,FGF21 
Signaling Pathways,PI3K-Akt Signaling,FGF22 
Signaling Pathways,PI3K-Akt Signaling,FGF23 
Signaling Pathways,PI3K-Akt Signaling,FGF3 
Signaling Pathways,PI3K-Akt Signaling,FGF4 
Signaling Pathways,PI3K-Akt Signaling,FGF5 
Signaling Pathways,PI3K-Akt Signaling,FGF6 
Signaling Pathways,PI3K-Akt Signaling,FGF7 
Signaling Pathways,PI3K-Akt Signaling,FGF8 
Signaling Pathways,PI3K-Akt Signaling,FGF9 
Signaling Pathways,PI3K-Akt Signaling,FGFR1 
Signaling Pathways,PI3K-Akt Signaling,FGFR2 
Signaling Pathways,PI3K-Akt Signaling,FGFR3 
Signaling Pathways,PI3K-Akt Signaling,FGFR4 
Signaling Pathways,PI3K-Akt Signaling,FLT1 
Signaling Pathways,PI3K-Akt Signaling,FLT3 
Signaling Pathways,PI3K-Akt Signaling,FLT3LG 
Signaling Pathways,PI3K-Akt Signaling,FN1 
Signaling Pathways,PI3K-Akt Signaling,FOXO4 
Signaling Pathways,PI3K-Akt Signaling,FYN 
Signaling Pathways,PI3K-Akt Signaling,GHR 
Signaling Pathways,PI3K-Akt Signaling,GNG12 
Signaling Pathways,PI3K-Akt Signaling,GNG4 
Signaling Pathways,PI3K-Akt Signaling,GNG7 
Signaling Pathways,PI3K-Akt Signaling,GNGT1 
Signaling Pathways,PI3K-Akt Signaling,GRB2 
Signaling Pathways,PI3K-Akt Signaling,GSK3B 
Signaling Pathways,PI3K-Akt Signaling,HGF 
Signaling Pathways,PI3K-Akt Signaling,HRAS 
Signaling Pathways,PI3K-Akt Signaling,HSP90B1 
Signaling Pathways,PI3K-Akt Signaling,IBSP 
Signaling Pathways,PI3K-Akt Signaling,IFNA1 
Signaling Pathways,PI3K-Akt Signaling,IFNA2 
Signaling Pathways,PI3K-Akt Signaling,IFNA7/17
Signaling Pathways,PI3K-Akt Signaling,IFNA8 
Signaling Pathways,PI3K-Akt Signaling,IFNAR1 
Signaling Pathways,PI3K-Akt Signaling,IFNAR2 
Signaling Pathways,PI3K-Akt Signaling,IFNB1 
Signaling Pathways,PI3K-Akt Signaling,IGF1 
Signaling Pathways,PI3K-Akt Signaling,IGF1R 
Signaling Pathways,PI3K-Akt Signaling,IKBKB 
Signaling Pathways,PI3K-Akt Signaling,IKBKG 
Signaling Pathways,PI3K-Akt Signaling,IL2 
Signaling Pathways,PI3K-Akt Signaling,IL2RA 
Signaling Pathways,PI3K-Akt Signaling,IL2RB 
Signaling Pathways,PI3K-Akt Signaling,IL2RG 
Signaling Pathways,PI3K-Akt Signaling,IL3 
Signaling Pathways,PI3K-Akt Signaling,IL3RA 
Signaling Pathways,PI3K-Akt Signaling,IL4 
Signaling Pathways,PI3K-Akt Signaling,IL4R 
Signaling Pathways,PI3K-Akt Signaling,IL6 
Signaling Pathways,PI3K-Akt Signaling,IL6R 
Signaling Pathways,PI3K-Akt Signaling,IL7 
Signaling Pathways,PI3K-Akt Signaling,IL7R 
Signaling Pathways,PI3K-Akt Signaling,IRS1 
Signaling Pathways,PI3K-Akt Signaling,ITGA1 
Signaling Pathways,PI3K-Akt Signaling,ITGA2 
Signaling Pathways,PI3K-Akt Signaling,ITGA2B 
Signaling Pathways,PI3K-Akt Signaling,ITGA3 
Signaling Pathways,PI3K-Akt Signaling,ITGA4 
Signaling Pathways,PI3K-Akt Signaling,ITGA5 
Signaling Pathways,PI3K-Akt Signaling,ITGA6 
Signaling Pathways,PI3K-Akt Signaling,ITGA7 
Signaling Pathways,PI3K-Akt Signaling,ITGA8 
Signaling Pathways,PI3K-Akt Signaling,ITGA9 
Signaling Pathways,PI3K-Akt Signaling,ITGAV 
Signaling Pathways,PI3K-Akt Signaling,ITGB1 
Signaling Pathways,PI3K-Akt Signaling,ITGB3 
Signaling Pathways,PI3K-Akt Signaling,ITGB4 
Signaling Pathways,PI3K-Akt Signaling,ITGB6 
Signaling Pathways,PI3K-Akt Signaling,ITGB7 
Signaling Pathways,PI3K-Akt Signaling,ITGB8 
Signaling Pathways,PI3K-Akt Signaling,JAK1 
Signaling Pathways,PI3K-Akt Signaling,JAK2 
Signaling Pathways,PI3K-Akt Signaling,JAK3 
Signaling Pathways,PI3K-Akt Signaling,KDR 
Signaling Pathways,PI3K-Akt Signaling,KIT 
Signaling Pathways,PI3K-Akt Signaling,KITLG 
Signaling Pathways,PI3K-Akt Signaling,KRAS 
Signaling Pathways,PI3K-Akt Signaling,LAMA1 
Signaling Pathways,PI3K-Akt Signaling,LAMA3 
Signaling Pathways,PI3K-Akt Signaling,LAMA5 
Signaling Pathways,PI3K-Akt Signaling,LAMB3 
Signaling Pathways,PI3K-Akt Signaling,LAMB4 
Signaling Pathways,PI3K-Akt Signaling,LAMC2 
Signaling Pathways,PI3K-Akt Signaling,LAMC3 
Signaling Pathways,PI3K-Akt Signaling,LCK 
Signaling Pathways,PI3K-Akt Signaling,MAP2K1 
Signaling Pathways,PI3K-Akt Signaling,MAP2K2 
Signaling Pathways,PI3K-Akt Signaling,MAPK1 
Signaling Pathways,PI3K-Akt Signaling,MAPK3 
Signaling Pathways,PI3K-Akt Signaling,MCL1 
Signaling Pathways,PI3K-Akt Signaling,MDM2 
Signaling Pathways,PI3K-Akt Signaling,MET 
Signaling Pathways,PI3K-Akt Signaling,MTOR 
Signaling Pathways,PI3K-Akt Signaling,MYB 
Signaling Pathways,PI3K-Akt Signaling,MYC 
Signaling Pathways,PI3K-Akt Signaling,NFKB1 
Signaling Pathways,PI3K-Akt Signaling,NGF 
Signaling Pathways,PI3K-Akt Signaling,NGFR 
Signaling Pathways,PI3K-Akt Signaling,NOS3 
Signaling Pathways,PI3K-Akt Signaling,NR4A1 
Signaling Pathways,PI3K-Akt Signaling,NRAS 
Signaling Pathways,PI3K-Akt Signaling,NTF3 
Signaling Pathways,PI3K-Akt Signaling,NTRK1 
Signaling Pathways,PI3K-Akt Signaling,NTRK2 
Signaling Pathways,PI3K-Akt Signaling,OSM 
Signaling Pathways,PI3K-Akt Signaling,PCK1 
Signaling Pathways,PI3K-Akt Signaling,PCK2 
Signaling Pathways,PI3K-Akt Signaling,PDGFA 
Signaling Pathways,PI3K-Akt Signaling,PDGFB 
Signaling Pathways,PI3K-Akt Signaling,PDGFC 
Signaling Pathways,PI3K-Akt Signaling,PDGFD 
Signaling Pathways,PI3K-Akt Signaling,PDGFRA 
Signaling Pathways,PI3K-Akt Signaling,PDGFRB 
Signaling Pathways,PI3K-Akt Signaling,PGF 
Signaling Pathways,PI3K-Akt Signaling,PIK3CA 
Signaling Pathways,PI3K-Akt Signaling,PIK3CB 
Signaling Pathways,PI3K-Akt Signaling,PIK3CD 
Signaling Pathways,PI3K-Akt Signaling,PIK3CG 
Signaling Pathways,PI3K-Akt Signaling,PIK3R1 
Signaling Pathways,PI3K-Akt Signaling,PIK3R2 
Signaling Pathways,PI3K-Akt Signaling,PIK3R3 
Signaling Pathways,PI3K-Akt Signaling,PIK3R5 
Signaling Pathways,PI3K-Akt Signaling,PPP2CB 
Signaling Pathways,PI3K-Akt Signaling,PPP2R1A 
Signaling Pathways,PI3K-Akt Signaling,PPP2R2B 
Signaling Pathways,PI3K-Akt Signaling,PPP2R2C 
Signaling Pathways,PI3K-Akt Signaling,PPP2R3A 
Signaling Pathways,PI3K-Akt Signaling,PRKAA2 
Signaling Pathways,PI3K-Akt Signaling,PRKCA 
Signaling Pathways,PI3K-Akt Signaling,PRL 
Signaling Pathways,PI3K-Akt Signaling,PRLR 
Signaling Pathways,PI3K-Akt Signaling,PRR5 
Signaling Pathways,PI3K-Akt Signaling,PTEN 
Signaling Pathways,PI3K-Akt Signaling,PTPN11 
Signaling Pathways,PI3K-Akt Signaling,RAC1 
Signaling Pathways,PI3K-Akt Signaling,RAC2 
Signaling Pathways,PI3K-Akt Signaling,RAF1 
Signaling Pathways,PI3K-Akt Signaling,RBL2 
Signaling Pathways,PI3K-Akt Signaling,RELA 
Signaling Pathways,PI3K-Akt Signaling,RELN 
Signaling Pathways,PI3K-Akt Signaling,RICTOR 
Signaling Pathways,PI3K-Akt Signaling,RPS6 
Signaling Pathways,PI3K-Akt Signaling,RPS6KB1 
Signaling Pathways,PI3K-Akt Signaling,RPTOR 
Signaling Pathways,PI3K-Akt Signaling,SGK1 
Signaling Pathways,PI3K-Akt Signaling,SGK2 
Signaling Pathways,PI3K-Akt Signaling,SOS1 
Signaling Pathways,PI3K-Akt Signaling,SOS2 
Signaling Pathways,PI3K-Akt Signaling,SPP1 
Signaling Pathways,PI3K-Akt Signaling,STK11 
Signaling Pathways,PI3K-Akt Signaling,SYK 
Signaling Pathways,PI3K-Akt Signaling,TCL1A 
Signaling Pathways,PI3K-Akt Signaling,TCL1B 
Signaling Pathways,PI3K-Akt Signaling,THBS1 
Signaling Pathways,PI3K-Akt Signaling,THBS4 
Signaling Pathways,PI3K-Akt Signaling,THEM4 
Signaling Pathways,PI3K-Akt Signaling,TLR2 
Signaling Pathways,PI3K-Akt Signaling,TLR4 
Signaling Pathways,PI3K-Akt Signaling,TNC 
Signaling Pathways,PI3K-Akt Signaling,TNN 
Signaling Pathways,PI3K-Akt Signaling,TNR 
Signaling Pathways,PI3K-Akt Signaling,TP53 
Signaling Pathways,PI3K-Akt Signaling,TPTE 
Signaling Pathways,PI3K-Akt Signaling,TRAT1 
Signaling Pathways,PI3K-Akt Signaling,TSC1 
Signaling Pathways,PI3K-Akt Signaling,VEGFA 
Signaling Pathways,PI3K-Akt Signaling,VEGFB 
Signaling Pathways,PI3K-Akt Signaling,VEGFC 
Signaling Pathways,PI3K-Akt Signaling,VEGFD
Signaling Pathways,PPAR Signaling,ANGPTL4 
Signaling Pathways,PPAR Signaling,APOA1 
Signaling Pathways,PPAR Signaling,APOA2 
Signaling Pathways,PPAR Signaling,APOC3 
Signaling Pathways,PPAR Signaling,CD36 
Signaling Pathways,PPAR Signaling,CYP4A11/22
Signaling Pathways,PPAR Signaling,CYP8B1 
Signaling Pathways,PPAR Signaling,EHHADH 
Signaling Pathways,PPAR Signaling,MMP1 
Signaling Pathways,PPAR Signaling,OLR1 
Signaling Pathways,PPAR Signaling,PCK1 
Signaling Pathways,PPAR Signaling,PCK2 
Signaling Pathways,PPAR Signaling,PPARG 
Signaling Pathways,PPAR Signaling,RXRG 
Signaling Pathways,PPAR Signaling,UBC
Signaling Pathways,Purinergic Signaling,ADORA2A 
Signaling Pathways,Purinergic Signaling,GNAS 
Signaling Pathways,Purinergic Signaling,P2RY13
Signaling Pathways,Retinoic Acid Signaling,ADH1A/B/C 
Signaling Pathways,Retinoic Acid Signaling,ADH4 
Signaling Pathways,Retinoic Acid Signaling,CRABP2 
Signaling Pathways,Retinoic Acid Signaling,PDK1 
Signaling Pathways,Retinoic Acid Signaling,RXRG
Signaling Pathways,TGF-beta Signaling,ACVR1B 
Signaling Pathways,TGF-beta Signaling,ACVR1C 
Signaling Pathways,TGF-beta Signaling,ACVR2A 
Signaling Pathways,TGF-beta Signaling,AMH 
Signaling Pathways,TGF-beta Signaling,BAMBI 
Signaling Pathways,TGF-beta Signaling,BMP2 
Signaling Pathways,TGF-beta Signaling,BMP4 
Signaling Pathways,TGF-beta Signaling,BMP5 
Signaling Pathways,TGF-beta Signaling,BMP6 
Signaling Pathways,TGF-beta Signaling,BMP7 
Signaling Pathways,TGF-beta Signaling,BMP8A 
Signaling Pathways,TGF-beta Signaling,BMPR1B 
Signaling Pathways,TGF-beta Signaling,CBL 
Signaling Pathways,TGF-beta Signaling,CDKN2B 
Signaling Pathways,TGF-beta Signaling,CREBBP 
Signaling Pathways,TGF-beta Signaling,CUL1 
Signaling Pathways,TGF-beta Signaling,E2F4 
Signaling Pathways,TGF-beta Signaling,E2F5 
Signaling Pathways,TGF-beta Signaling,EP300 
Signaling Pathways,TGF-beta Signaling,FST 
Signaling Pathways,TGF-beta Signaling,FSTL3 
Signaling Pathways,TGF-beta Signaling,GDF6 
Signaling Pathways,TGF-beta Signaling,HAMP 
Signaling Pathways,TGF-beta Signaling,HDAC1 
Signaling Pathways,TGF-beta Signaling,ID1 
Signaling Pathways,TGF-beta Signaling,ID2 
Signaling Pathways,TGF-beta Signaling,ID4 
Signaling Pathways,TGF-beta Signaling,IFNG 
Signaling Pathways,TGF-beta Signaling,INHBA 
Signaling Pathways,TGF-beta Signaling,INHBB 
Signaling Pathways,TGF-beta Signaling,JUNB 
Signaling Pathways,TGF-beta Signaling,LEFTY1 
Signaling Pathways,TGF-beta Signaling,LEFTY2 
Signaling Pathways,TGF-beta Signaling,LRRC32 
Signaling Pathways,TGF-beta Signaling,LTBP1 
Signaling Pathways,TGF-beta Signaling,MAPK1 
Signaling Pathways,TGF-beta Signaling,MAPK3 
Signaling Pathways,TGF-beta Signaling,MEN1 
Signaling Pathways,TGF-beta Signaling,MYC 
Signaling Pathways,TGF-beta Signaling,NCOR1 
Signaling Pathways,TGF-beta Signaling,NODAL 
Signaling Pathways,TGF-beta Signaling,NOG 
Signaling Pathways,TGF-beta Signaling,PDZK1IP1 
Signaling Pathways,TGF-beta Signaling,PITX2 
Signaling Pathways,TGF-beta Signaling,PPP2CB 
Signaling Pathways,TGF-beta Signaling,PPP2R1A 
Signaling Pathways,TGF-beta Signaling,RBX1 
Signaling Pathways,TGF-beta Signaling,RGMB 
Signaling Pathways,TGF-beta Signaling,RHOA 
Signaling Pathways,TGF-beta Signaling,ROCK1 
Signaling Pathways,TGF-beta Signaling,RPS27A 
Signaling Pathways,TGF-beta Signaling,RPS6KB1 
Signaling Pathways,TGF-beta Signaling,SKP1 
Signaling Pathways,TGF-beta Signaling,SMAD2 
Signaling Pathways,TGF-beta Signaling,SMAD3 
Signaling Pathways,TGF-beta Signaling,SMAD4 
Signaling Pathways,TGF-beta Signaling,SMAD5 
Signaling Pathways,TGF-beta Signaling,SMAD9 
Signaling Pathways,TGF-beta Signaling,SP1 
Signaling Pathways,TGF-beta Signaling,TFDP1 
Signaling Pathways,TGF-beta Signaling,TGFB1 
Signaling Pathways,TGF-beta Signaling,TGFB2 
Signaling Pathways,TGF-beta Signaling,TGFB3 
Signaling Pathways,TGF-beta Signaling,TGFBR1 
Signaling Pathways,TGF-beta Signaling,TGFBR2 
Signaling Pathways,TGF-beta Signaling,THBS1 
Signaling Pathways,TGF-beta Signaling,TNF 
Signaling Pathways,TGF-beta Signaling,UBB 
Signaling Pathways,TGF-beta Signaling,UBC
Signaling Pathways,VEGF Signaling,ACTB 
Signaling Pathways,VEGF Signaling,AKT1 
Signaling Pathways,VEGF Signaling,AKT2 
Signaling Pathways,VEGF Signaling,AKT3 
Signaling Pathways,VEGF Signaling,AXL 
Signaling Pathways,VEGF Signaling,BAD 
Signaling Pathways,VEGF Signaling,CASP9 
Signaling Pathways,VEGF Signaling,CDH5 
Signaling Pathways,VEGF Signaling,CTNNB1 
Signaling Pathways,VEGF Signaling,CYBB 
Signaling Pathways,VEGF Signaling,CYFIP2 
Signaling Pathways,VEGF Signaling,ELMO1 
Signaling Pathways,VEGF Signaling,FYN 
Signaling Pathways,VEGF Signaling,HRAS 
Signaling Pathways,VEGF Signaling,HSPB1 
Signaling Pathways,VEGF Signaling,ITGAV 
Signaling Pathways,VEGF Signaling,ITGB3 
Signaling Pathways,VEGF Signaling,JUP 
Signaling Pathways,VEGF Signaling,KDR 
Signaling Pathways,VEGF Signaling,KRAS 
Signaling Pathways,VEGF Signaling,MAP2K1 
Signaling Pathways,VEGF Signaling,MAP2K2 
Signaling Pathways,VEGF Signaling,MAPK1 
Signaling Pathways,VEGF Signaling,MAPK11 
Signaling Pathways,VEGF Signaling,MAPK12 
Signaling Pathways,VEGF Signaling,MAPK14 
Signaling Pathways,VEGF Signaling,MAPK3 
Signaling Pathways,VEGF Signaling,MAPKAPK2 
Signaling Pathways,VEGF Signaling,MTOR 
Signaling Pathways,VEGF Signaling,NCF4 
Signaling Pathways,VEGF Signaling,NFATC2 
Signaling Pathways,VEGF Signaling,NOS3 
Signaling Pathways,VEGF Signaling,NRAS 
Signaling Pathways,VEGF Signaling,PAK3 
Signaling Pathways,VEGF Signaling,PIK3CA 
Signaling Pathways,VEGF Signaling,PIK3CB 
Signaling Pathways,VEGF Signaling,PIK3CD 
Signaling Pathways,VEGF Signaling,PIK3R1 
Signaling Pathways,VEGF Signaling,PIK3R2 
Signaling Pathways,VEGF Signaling,PIK3R3 
Signaling Pathways,VEGF Signaling,PLA2G4A 
Signaling Pathways,VEGF Signaling,PLA2G4C 
Signaling Pathways,VEGF Signaling,PLA2G4E 
Signaling Pathways,VEGF Signaling,PLA2G4F 
Signaling Pathways,VEGF Signaling,PLCG2 
Signaling Pathways,VEGF Signaling,PPP3CA 
Signaling Pathways,VEGF Signaling,PPP3CB 
Signaling Pathways,VEGF Signaling,PPP3CC 
Signaling Pathways,VEGF Signaling,PPP3R1 
Signaling Pathways,VEGF Signaling,PPP3R2 
Signaling Pathways,VEGF Signaling,PRKACA 
Signaling Pathways,VEGF Signaling,PRKACB 
Signaling Pathways,VEGF Signaling,PRKACG 
Signaling Pathways,VEGF Signaling,PRKCA 
Signaling Pathways,VEGF Signaling,PRKCB 
Signaling Pathways,VEGF Signaling,PRKCD 
Signaling Pathways,VEGF Signaling,PRKCG 
Signaling Pathways,VEGF Signaling,PRR5 
Signaling Pathways,VEGF Signaling,PTGS2 
Signaling Pathways,VEGF Signaling,RAC1 
Signaling Pathways,VEGF Signaling,RAC2 
Signaling Pathways,VEGF Signaling,RAC3 
Signaling Pathways,VEGF Signaling,RAF1 
Signaling Pathways,VEGF Signaling,RHOA 
Signaling Pathways,VEGF Signaling,RICTOR 
Signaling Pathways,VEGF Signaling,ROCK1 
Signaling Pathways,VEGF Signaling,SHC2 
Signaling Pathways,VEGF Signaling,THEM4 
Signaling Pathways,VEGF Signaling,VEGFA
Signaling Pathways,Wnt Signaling,AKT1 
Signaling Pathways,Wnt Signaling,AKT2 
Signaling Pathways,Wnt Signaling,AMER1 
Signaling Pathways,Wnt Signaling,APC 
Signaling Pathways,Wnt Signaling,AXIN1 
Signaling Pathways,Wnt Signaling,AXIN2 
Signaling Pathways,Wnt Signaling,BAMBI 
Signaling Pathways,Wnt Signaling,CAMK2B 
Signaling Pathways,Wnt Signaling,CCND1 
Signaling Pathways,Wnt Signaling,CCND2 
Signaling Pathways,Wnt Signaling,CCND3 
Signaling Pathways,Wnt Signaling,CREBBP 
Signaling Pathways,Wnt Signaling,CTNNB1 
Signaling Pathways,Wnt Signaling,CUL1 
Signaling Pathways,Wnt Signaling,CXXC4 
Signaling Pathways,Wnt Signaling,DKK1 
Signaling Pathways,Wnt Signaling,DKK2 
Signaling Pathways,Wnt Signaling,DKK4 
Signaling Pathways,Wnt Signaling,EP300 
Signaling Pathways,Wnt Signaling,FOSL1 
Signaling Pathways,Wnt Signaling,FZD1 
Signaling Pathways,Wnt Signaling,FZD10 
Signaling Pathways,Wnt Signaling,FZD2 
Signaling Pathways,Wnt Signaling,FZD3 
Signaling Pathways,Wnt Signaling,FZD4 
Signaling Pathways,Wnt Signaling,FZD5 
Signaling Pathways,Wnt Signaling,FZD6 
Signaling Pathways,Wnt Signaling,FZD7 
Signaling Pathways,Wnt Signaling,FZD8 
Signaling Pathways,Wnt Signaling,FZD9 
Signaling Pathways,Wnt Signaling,GNG12 
Signaling Pathways,Wnt Signaling,GNG4 
Signaling Pathways,Wnt Signaling,GNG7 
Signaling Pathways,Wnt Signaling,GNGT1 
Signaling Pathways,Wnt Signaling,GPC4 
Signaling Pathways,Wnt Signaling,GSK3B 
Signaling Pathways,Wnt Signaling,H2AX 
Signaling Pathways,Wnt Signaling,H3-3A 
Signaling Pathways,Wnt Signaling,HDAC1 
Signaling Pathways,Wnt Signaling,JUN 
Signaling Pathways,Wnt Signaling,KMT2D 
Signaling Pathways,Wnt Signaling,LEF1 
Signaling Pathways,Wnt Signaling,LGR5 
Signaling Pathways,Wnt Signaling,LRP5 
Signaling Pathways,Wnt Signaling,LRP6 
Signaling Pathways,Wnt Signaling,MAP3K7 
Signaling Pathways,Wnt Signaling,MAPK10 
Signaling Pathways,Wnt Signaling,MAPK8 
Signaling Pathways,Wnt Signaling,MAPK9 
Signaling Pathways,Wnt Signaling,MEN1 
Signaling Pathways,Wnt Signaling,MMP7 
Signaling Pathways,Wnt Signaling,MYC 
Signaling Pathways,Wnt Signaling,NFATC1 
Signaling Pathways,Wnt Signaling,NFATC2 
Signaling Pathways,Wnt Signaling,NFATC3 
Signaling Pathways,Wnt Signaling,NFATC4 
Signaling Pathways,Wnt Signaling,NKD1 
Signaling Pathways,Wnt Signaling,PLCB1 
Signaling Pathways,Wnt Signaling,PLCB4 
Signaling Pathways,Wnt Signaling,PPP2CB 
Signaling Pathways,Wnt Signaling,PPP2R1A 
Signaling Pathways,Wnt Signaling,PPP3CA 
Signaling Pathways,Wnt Signaling,PPP3CB 
Signaling Pathways,Wnt Signaling,PPP3CC 
Signaling Pathways,Wnt Signaling,PPP3R1 
Signaling Pathways,Wnt Signaling,PPP3R2 
Signaling Pathways,Wnt Signaling,PRKACA 
Signaling Pathways,Wnt Signaling,PRKACB 
Signaling Pathways,Wnt Signaling,PRKACG 
Signaling Pathways,Wnt Signaling,PRKCA 
Signaling Pathways,Wnt Signaling,PRKCB 
Signaling Pathways,Wnt Signaling,PRKCG 
Signaling Pathways,Wnt Signaling,PSEN1 
Signaling Pathways,Wnt Signaling,PSMB10 
Signaling Pathways,Wnt Signaling,PSMB2 
Signaling Pathways,Wnt Signaling,PSMB5 
Signaling Pathways,Wnt Signaling,PSMB7 
Signaling Pathways,Wnt Signaling,PSMB8 
Signaling Pathways,Wnt Signaling,PSMB9 
Signaling Pathways,Wnt Signaling,PSMC4 
Signaling Pathways,Wnt Signaling,PSMD7 
Signaling Pathways,Wnt Signaling,RAC1 
Signaling Pathways,Wnt Signaling,RAC2 
Signaling Pathways,Wnt Signaling,RAC3 
Signaling Pathways,Wnt Signaling,RBX1 
Signaling Pathways,Wnt Signaling,RHOA 
Signaling Pathways,Wnt Signaling,RNF43 
Signaling Pathways,Wnt Signaling,ROR2 
Signaling Pathways,Wnt Signaling,RPS27A 
Signaling Pathways,Wnt Signaling,RUNX3 
Signaling Pathways,Wnt Signaling,SFRP1 
Signaling Pathways,Wnt Signaling,SFRP2 
Signaling Pathways,Wnt Signaling,SFRP4 
Signaling Pathways,Wnt Signaling,SKP1 
Signaling Pathways,Wnt Signaling,SMAD3 
Signaling Pathways,Wnt Signaling,SMAD4 
Signaling Pathways,Wnt Signaling,SMARCA4 
Signaling Pathways,Wnt Signaling,SOST 
Signaling Pathways,Wnt Signaling,SOX17 
Signaling Pathways,Wnt Signaling,SOX2 
Signaling Pathways,Wnt Signaling,SOX9 
Signaling Pathways,Wnt Signaling,TBL1XR1 
Signaling Pathways,Wnt Signaling,TCF7 
Signaling Pathways,Wnt Signaling,TCF7L1 
Signaling Pathways,Wnt Signaling,TERT 
Signaling Pathways,Wnt Signaling,TNKS 
Signaling Pathways,Wnt Signaling,TP53 
Signaling Pathways,Wnt Signaling,UBB 
Signaling Pathways,Wnt Signaling,UBC 
Signaling Pathways,Wnt Signaling,WIF1 
Signaling Pathways,Wnt Signaling,WNT10A 
Signaling Pathways,Wnt Signaling,WNT10B 
Signaling Pathways,Wnt Signaling,WNT11 
Signaling Pathways,Wnt Signaling,WNT16 
Signaling Pathways,Wnt Signaling,WNT2 
Signaling Pathways,Wnt Signaling,WNT2B 
Signaling Pathways,Wnt Signaling,WNT3 
Signaling Pathways,Wnt Signaling,WNT3A 
Signaling Pathways,Wnt Signaling,WNT4 
Signaling Pathways,Wnt Signaling,WNT5A 
Signaling Pathways,Wnt Signaling,WNT5B 
Signaling Pathways,Wnt Signaling,WNT6 
Signaling Pathways,Wnt Signaling,WNT7A 
Signaling Pathways,Wnt Signaling,WNT7B